code,name,mkt,close,chg,foreign,trust,dealer,total,foreign_amt,trust_amt,dealer_amt,total_amt
00403A,主動統一升級50,上市,,,64496136.0,0,127820386.0,192316522.0,,,,
00981A,主動統一台股增長,上市,,,36446643.0,0,46032153.0,82478796.0,,,,
00407A,主動凱基台灣,上市,,,-3082000.0,0,36110250.0,33028250.0,,,,
00991A,主動復華未來50,上市,,,9670354.0,0,17629666.0,27300020.0,,,,
00405A,主動富邦台灣龍耀,上市,,,-3160199.0,0,29367293.0,26207094.0,,,,
00632R,元大台灣50反1,上市,,,1665000.0,0,16888025.0,18553025.0,,,,
00409A,主動復華全球50,上市,,,13347000.0,0,1577161.0,14924161.0,,,,
1303,南亞,上市,,,17802257.0,-5067000.0,1504545.0,14239802.0,,,,
8150,南茂,上市,,,14649145.0,10000.0,-773958.0,13885187.0,,,,
00992A,主動群益科技創新,上市,,,6093250.0,0,6947590.0,13040840.0,,,,
009828,中信台日韓PCB,上市,,,6291000.0,0,4856311.0,11147311.0,,,,
3016,嘉晶,上市,,,8256099.0,0,307378.0,8563477.0,,,,
3189,景碩,上市,,,6834210.0,984001.0,517243.0,8335454.0,,,,
3231,緯創,上市,,,7873084.0,-954000.0,661588.0,7580672.0,,,,
009820,元大納斯達克精選,上市,,,671000.0,0,5902481.0,6573481.0,,,,
00982A,主動群益台灣強棒,上市,,,3450650.0,0,3056274.0,6506924.0,,,,
00988A,主動統一全球創新,上市,,,2412020.0,-132000.0,3371000.0,5651020.0,,,,
00400A,主動國泰動能高息,上市,,,4863100.0,0,575144.0,5438244.0,,,,
00402A,主動安聯美國科技,上市,,,6335166.0,0,-947037.0,5388129.0,,,,
9105,泰金寶-DR,上市,,,4314000.0,0,141035.0,4455035.0,,,,
00990A,主動元大AI新經濟,上市,,,1919860.0,0,2113059.0,4032919.0,,,,
2027,大成鋼,上市,,,2145473.0,455000.0,930169.0,3530642.0,,,,
3702,大聯大,上市,,,2858239.0,414000.0,179238.0,3451477.0,,,,
2492,華新科,上市,,,3144533.0,1000.0,251770.0,3397303.0,,,,
00993A,主動安聯台灣,上市,,,399000.0,0,2875765.0,3274765.0,,,,
3026,禾伸堂,上市,,,2929696.0,164000.0,3050.0,3096746.0,,,,
6672,騰輝電子-KY,上市,,,2855913.0,-3000.0,87834.0,2940747.0,,,,
4566,時碩工業,上市,,,2891414.0,0,6847.0,2898261.0,,,,
00997A,主動群益美國增長,上市,,,2349000.0,0,458785.0,2807785.0,,,,
009824,群益美國科技巨頭,上市,,,976000.0,0,1830563.0,2806563.0,,,,
2412,中華電,上市,,,2862663.0,79000.0,-194020.0,2747643.0,,,,
2030,彰源,上市,,,2496645.0,0,54197.0,2550842.0,,,,
2034,允強,上市,,,2434639.0,0,13248.0,2447887.0,,,,
2892,第一金,上市,,,1571309.0,643000.0,147909.0,2362218.0,,,,
2327,國巨*,上市,,,2132480.0,-266000.0,472468.0,2338948.0,,,,
00940,元大台灣價值高息,上市,,,23002.0,0,2213605.0,2236607.0,,,,
1301,台塑,上市,,,1468187.0,0,485588.0,1953775.0,,,,
8028,昇陽半導體,上市,,,-549327.0,2309000.0,174445.0,1934118.0,,,,
2014,中鴻,上市,,,1927000.0,0,7000.0,1934000.0,,,,
00949,復華日本龍頭,上市,,,-16856.0,0,1909061.0,1892205.0,,,,
00996A,主動兆豐台灣豐收,上市,,,-77000.0,0,1963125.0,1886125.0,,,,
3037,欣興,上市,,,1807376.0,121999.0,-115700.0,1813675.0,,,,
6213,聯茂,上市,,,833221.0,600000.0,367657.0,1800878.0,,,,
6168,宏齊,上市,,,1744169.0,0,21000.0,1765169.0,,,,
2351,順德,上市,,,1755034.0,0,-72748.0,1682286.0,,,,
1708,東鹼,上市,,,1637247.0,0,32424.0,1669671.0,,,,
6285,啟碁,上市,,,1219953.0,2000.0,433048.0,1655001.0,,,,
00994A,主動第一金台股優,上市,,,406000.0,0,1179422.0,1585422.0,,,,
8046,南電,上市,,,1331474.0,156000.0,38195.0,1525669.0,,,,
00999A,主動野村臺灣高息,上市,,,715000.0,0,746924.0,1461924.0,,,,
2884,玉山金,上市,,,-2037031.0,3052000.0,338871.0,1353840.0,,,,
2353,宏碁,上市,,,869719.0,94000.0,376620.0,1340339.0,,,,
6533,晶心科,上市,,,1265827.0,0,63400.0,1329227.0,,,,
009802,富邦旗艦50,上市,,,248000.0,0,1015617.0,1263617.0,,,,
2615,萬海,上市,,,1240906.0,-66000.0,82384.0,1257290.0,,,,
3035,智原,上市,,,1184310.0,20000.0,46617.0,1250927.0,,,,
00641R,富邦日本反1,上市,,,0,0,1244000.0,1244000.0,,,,
00671R,富邦NASDAQ反1,上市,,,0,0,1228000.0,1228000.0,,,,
00900,富邦特選高股息30,上市,,,436000.0,0,769389.0,1205389.0,,,,
1714,和桐,上市,,,1193281.0,0,7653.0,1200934.0,,,,
00882,中信中國高股息,上市,,,25000.0,0,1124527.0,1149527.0,,,,
1409,新纖,上市,,,1326973.0,0,-193302.0,1133671.0,,,,
00987A,主動台新優勢成長,上市,,,282883.0,0,781390.0,1064273.0,,,,
6526,達發,上市,,,915517.0,92000.0,28588.0,1036105.0,,,,
2436,偉詮電,上市,,,756886.0,20000.0,250757.0,1027643.0,,,,
2890,永豐金,上市,,,-1288836.0,2057000.0,253801.0,1021965.0,,,,
6153,嘉聯益,上市,,,954883.0,0,51099.0,1005982.0,,,,
00410A,主動永豐科技趨勢,上市,,,-55000.0,0,1026220.0,971220.0,,,,
3045,台灣大,上市,,,1434392.0,-233000.0,-234870.0,966522.0,,,,
3518,柏騰,上市,,,921047.0,0,1968.0,923015.0,,,,
3167,大量,上市,,,943524.0,0,-23196.0,920328.0,,,,
1727,中華化,上市,,,581384.0,0,314396.0,895780.0,,,,
3605,宏致,上市,,,-16131.0,974000.0,-76596.0,881273.0,,,,
00953B,群益優選非投等債,上市,,,-923000.0,0,1794477.0,871477.0,,,,
1402,遠東新,上市,,,747234.0,113000.0,-6525.0,853709.0,,,,
00980A,主動野村臺灣優選,上市,,,68804.0,0,683437.0,752241.0,,,,
2449,京元電子,上市,,,1133544.0,-177710.0,-218231.0,737603.0,,,,
00408A,主動第一金優股息,上市,,,67000.0,0,653703.0,720703.0,,,,
3576,聯合再生,上市,,,698713.0,0,-2000.0,696713.0,,,,
2454,聯發科,上市,,,826547.0,-288900.0,133111.0,670758.0,,,,
00676R,富邦臺灣加權反1,上市,,,17000.0,0,652456.0,669456.0,,,,
2466,冠西電,上市,,,667573.0,0,0,667573.0,,,,
2006,東和鋼鐵,上市,,,466720.0,198742.0,1741.0,667203.0,,,,
2855,統一證,上市,,,680563.0,-20187.0,0,660376.0,,,,
00881,國泰台灣科技龍頭,上市,,,-401585.0,0,1045646.0,644061.0,,,,
1809,中釉,上市,,,556850.0,0,62992.0,619842.0,,,,
4770,上品,上市,,,-122318.0,730000.0,-10425.0,597257.0,,,,
1513,中興電,上市,,,546624.0,0,30721.0,577345.0,,,,
2395,研華,上市,,,547901.0,-36000.0,64594.0,576495.0,,,,
2542,興富發,上市,,,-1220106.0,1799000.0,-31556.0,547338.0,,,,
6155,鈞寶,上市,,,536794.0,0,-15545.0,521249.0,,,,
2455,全新,上市,,,201116.0,-8000.0,321656.0,514772.0,,,,
6166,凌華,上市,,,284885.0,0,228811.0,513696.0,,,,
2360,致茂,上市,,,680963.0,-237000.0,68809.0,512772.0,,,,
3029,零壹,上市,,,496553.0,-661.0,-1923.0,493969.0,,,,
5608,四維航,上市,,,491230.0,0,585.0,491815.0,,,,
1312,國喬,上市,,,619129.0,0,-134656.0,484473.0,,,,
00985A,主動野村台灣50,上市,,,51271.0,0,426908.0,478179.0,,,,
6214,精誠,上市,,,494515.0,-23000.0,2070.0,473585.0,,,,
00954,中信日本半導體,上市,,,0,0,473034.0,473034.0,,,,
2377,微星,上市,,,482500.0,-15000.0,2757.0,470257.0,,,,
2636,台驊控股,上市,,,478240.0,0,-10000.0,468240.0,,,,
00951,台新日本半導體,上市,,,-203000.0,0,668376.0,465376.0,,,,
2367,燿華,上市,,,495201.0,0,-30240.0,464961.0,,,,
1310,台苯,上市,,,472000.0,0,-8000.0,464000.0,,,,
3031,佰鴻,上市,,,459783.0,0,316.0,460099.0,,,,
6209,今國光,上市,,,445917.0,0,9959.0,455876.0,,,,
1560,中砂,上市,,,671057.0,-195000.0,-20943.0,455114.0,,,,
2031,新光鋼,上市,,,453627.0,-3898.0,-644.0,449085.0,,,,
00983A,主動中信ARK創新,上市,,,9000.0,0,435849.0,444849.0,,,,
1326,台化,上市,,,-35610.0,0,476751.0,441141.0,,,,
3022,威強電,上市,,,468685.0,0,-27614.0,441071.0,,,,
8926,台汽電,上市,,,260950.0,181000.0,-1728.0,440222.0,,,,
009804,聯邦台精彩50,上市,,,290020.0,0,138790.0,428810.0,,,,
1304,台聚,上市,,,601884.0,0,-177532.0,424352.0,,,,
6269,台郡,上市,,,407000.0,0,9380.0,416380.0,,,,
4915,致伸,上市,,,167937.0,237815.0,7386.0,413138.0,,,,
6505,台塑化,上市,,,274621.0,97000.0,34452.0,406073.0,,,,
2404,漢唐,上市,,,-195737.0,613000.0,-14632.0,402631.0,,,,
1802,台玻,上市,,,507542.0,0,-109739.0,397803.0,,,,
4906,正文,上市,,,423770.0,0,-27516.0,396254.0,,,,
2305,全友,上市,,,393050.0,0,3000.0,396050.0,,,,
1904,正隆,上市,,,402975.0,0,-15628.0,387347.0,,,,
00693U,期街口S&P黃豆,上市,,,0,0,371562.0,371562.0,,,,
1308,亞聚,上市,,,380362.0,0,-10774.0,369588.0,,,,
2883B,凱基金乙特,上市,,,485827.0,0,-120000.0,365827.0,,,,
2010,春源,上市,,,419000.0,0,-54000.0,365000.0,,,,
2421,建準,上市,,,369763.0,-78000.0,66067.0,357830.0,,,,
2032,新鋼,上市,,,355164.0,0,-3952.0,351212.0,,,,
00946,群益科技高息成長,上市,,,-209000.0,0,558871.0,349871.0,,,,
00733,富邦臺灣中小,上市,,,392000.0,0,-42387.0,349613.0,,,,
4532,瑞智,上市,,,353921.0,-6563.0,0,347358.0,,,,
8103,瀚荃,上市,,,375744.0,0,-44355.0,331389.0,,,,
2312,金寶,上市,,,338083.0,0,-11209.0,326874.0,,,,
6108,競國,上市,,,330816.0,0,-8000.0,322816.0,,,,
00715L,期街口布蘭特正2,上市,,,378000.0,0,-56748.0,321252.0,,,,
2393,億光,上市,,,654175.0,-331252.0,-6726.0,316197.0,,,,
1229,聯華,上市,,,304933.0,-1000.0,0,303933.0,,,,
00896,中信綠能及電動車,上市,,,323450.0,0,-20460.0,302990.0,,,,
4904,遠傳,上市,,,40821.0,61000.0,199640.0,301461.0,,,,
2476,鉅祥,上市,,,203868.0,0,95827.0,299695.0,,,,
2727,王品,上市,,,370978.0,-49000.0,-23000.0,298978.0,,,,
4927,泰鼎-KY,上市,,,262073.0,0,24000.0,286073.0,,,,
00984A,主動安聯台灣高息,上市,,,522000.0,0,-237919.0,284081.0,,,,
2478,大毅,上市,,,315871.0,-29000.0,-7001.0,279870.0,,,,
2444,兆勁,上市,,,275764.0,0,0,275764.0,,,,
1434,福懋,上市,,,272453.0,0,0,272453.0,,,,
2915,潤泰全,上市,,,272246.0,0,-911.0,271335.0,,,,
2301,光寶科,上市,,,265223.0,-134000.0,139879.0,271102.0,,,,
00989A,主動摩根美國科技,上市,,,1131000.0,0,-864937.0,266063.0,,,,
00830,國泰費城半導體,上市,,,-384716.0,0,650426.0,265710.0,,,,
00941,中信上游半導體,上市,,,-39030.0,0,295290.0,256260.0,,,,
00911,兆豐洲際半導體,上市,,,12132.0,0,243317.0,255449.0,,,,
2880,華南金,上市,,,-422640.0,55000.0,618290.0,250650.0,,,,
3149,正達,上市,,,248431.0,0,481.0,248912.0,,,,
3021,鴻名,上市,,,250000.0,0,-1292.0,248708.0,,,,
6885,全福生技,上市,,,248604.0,0,0,248604.0,,,,
8021,尖點,上市,,,176951.0,0,70000.0,246951.0,,,,
1319,東陽,上市,,,258264.0,-1051.0,-12000.0,245213.0,,,,
3673,TPK-KY,上市,,,282897.0,0,-44054.0,238843.0,,,,
2308,台達電,上市,,,-327170.0,420000.0,141673.0,234503.0,,,,
3003,健和興,上市,,,236346.0,0,-6750.0,229596.0,,,,
2850,新產,上市,,,224245.0,0,-1401.0,222844.0,,,,
2069,運錩,上市,,,233675.0,0,-11000.0,222675.0,,,,
2020,美亞,上市,,,227000.0,0,-6000.0,221000.0,,,,
3017,奇鋐,上市,,,165864.0,10999.0,42977.0,219840.0,,,,
5471,松翰,上市,,,221173.0,0,-2326.0,218847.0,,,,
2369,菱生,上市,,,224099.0,0,-5529.0,218570.0,,,,
2385,群光,上市,,,216559.0,-9286.0,9625.0,216898.0,,,,
2025,千興,上市,,,217099.0,0,-1000.0,216099.0,,,,
4540,全球傳動,上市,,,211404.0,0,0,211404.0,,,,
00735,國泰臺韓科技,上市,,,-150100.0,0,355000.0,204900.0,,,,
009817,國泰日本不動產,上市,,,16000.0,0,186060.0,202060.0,,,,
1810,和成,上市,,,197050.0,0,1000.0,198050.0,,,,
2520,冠德,上市,,,190603.0,0,7046.0,197649.0,,,,
6691,洋基工程,上市,,,201413.0,0,-5103.0,196310.0,,,,
2355,敬鵬,上市,,,200000.0,0,-5053.0,194947.0,,,,
020039,元大加權N,上市,,,0,0,194000.0,194000.0,,,,
6202,盛群,上市,,,215199.0,20000.0,-42981.0,192218.0,,,,
1536,和大,上市,,,191080.0,0,-312.0,190768.0,,,,
2347,聯強,上市,,,-26664.0,161039.0,55131.0,189506.0,,,,
9940,信義,上市,,,202000.0,0,-14522.0,187478.0,,,,
3550,聯穎,上市,,,183525.0,0,0,183525.0,,,,
3030,德律,上市,,,183299.0,0,-694.0,182605.0,,,,
2851,中再保,上市,,,233896.0,0,-51653.0,182243.0,,,,
3543,州巧,上市,,,182000.0,0,0,182000.0,,,,
00909,國泰數位支付服務,上市,,,56000.0,0,126000.0,182000.0,,,,
2402,毅嘉,上市,,,191325.0,0,-13801.0,177524.0,,,,
9921,巨大,上市,,,185503.0,0,-9301.0,176202.0,,,,
00692,富邦公司治理,上市,,,-60988.0,0,234507.0,173519.0,,,,
4764,雙鍵,上市,,,286150.0,-110000.0,-4061.0,172089.0,,,,
9958,世紀鋼,上市,,,-35021.0,210000.0,-5985.0,168994.0,,,,
6271,同欣電,上市,,,174833.0,-37000.0,29980.0,167813.0,,,,
3036,文曄,上市,,,102119.0,-2000.0,67663.0,167782.0,,,,
1609,大亞,上市,,,163711.0,0,1234.0,164945.0,,,,
8163,達方,上市,,,167408.0,0,-3228.0,164180.0,,,,
00965,元大航太防衛科技,上市,,,-3000.0,0,166146.0,163146.0,,,,
6197,佳必琪,上市,,,160008.0,0,1475.0,161483.0,,,,
2340,台亞,上市,,,166695.0,0,-7742.0,158953.0,,,,
3028,增你強,上市,,,158185.0,0,323.0,158508.0,,,,
2405,輔信,上市,,,157000.0,0,0,157000.0,,,,
6196,帆宣,上市,,,188537.0,0,-32333.0,156204.0,,,,
4142,國光生,上市,,,155000.0,0,700.0,155700.0,,,,
6438,迅得,上市,,,141813.0,0,12951.0,154764.0,,,,
00932,兆豐永續高息等權,上市,,,-143000.0,0,297504.0,154504.0,,,,
8072,陞泰,上市,,,151143.0,0,0,151143.0,,,,
1522,堤維西,上市,,,144214.0,0,0,144214.0,,,,
2413,環科,上市,,,144195.0,0,-701.0,143494.0,,,,
1736,喬山,上市,,,143688.0,0,-1192.0,142496.0,,,,
6944,兆聯實業,上市,,,131760.0,0,7125.0,138885.0,,,,
00898,國泰基因免疫革命,上市,,,197000.0,0,-61122.0,135878.0,,,,
2516,新建,上市,,,129969.0,0,4000.0,133969.0,,,,
5876,上海商銀,上市,,,-931042.0,757000.0,304576.0,130534.0,,,,
2439,美律,上市,,,211000.0,-1000.0,-85259.0,124741.0,,,,
00893,國泰智能電動車,上市,,,21000.0,0,102973.0,123973.0,,,,
00404A,主動聯博動能50,上市,,,974000.0,0,-850320.0,123680.0,,,,
00936,台新永續高息中小,上市,,,45000.0,0,78106.0,123106.0,,,,
00763U,期街口道瓊銅,上市,,,-3000.0,0,125557.0,122557.0,,,,
00648R,元大S&P500反1,上市,,,0,0,120240.0,120240.0,,,,
8476,台境*,上市,,,138000.0,0,-18000.0,120000.0,,,,
3024,憶聲,上市,,,123000.0,0,-3000.0,120000.0,,,,
00401A,主動摩根台灣鑫收,上市,,,348000.0,0,-229320.0,118680.0,,,,
2017,官田鋼,上市,,,118475.0,0,0,118475.0,,,,
5515,建國,上市,,,135139.0,0,-17000.0,118139.0,,,,
3413,京鼎,上市,,,120019.0,0,-2697.0,117322.0,,,,
3050,鈺德,上市,,,112000.0,0,0,112000.0,,,,
00895,富邦未來車,上市,,,-1000.0,0,111243.0,110243.0,,,,
2471,資通,上市,,,109000.0,0,-1000.0,108000.0,,,,
5607,遠雄港,上市,,,111277.0,0,-4000.0,107277.0,,,,
6426,統新,上市,,,115306.0,0,-10367.0,104939.0,,,,
2461,光群雷,上市,,,112998.0,0,-14000.0,98998.0,,,,
4916,事欣科,上市,,,58771.0,0,40153.0,98924.0,,,,
6937,天虹,上市,,,83462.0,0,15294.0,98756.0,,,,
8081,致新,上市,,,75155.0,20000.0,-21.0,95134.0,,,,
1515,力山,上市,,,93800.0,0,277.0,94077.0,,,,
2316,楠梓電,上市,,,86866.0,0,5933.0,92799.0,,,,
3209,全科,上市,,,92944.0,0,-729.0,92215.0,,,,
3041,揚智,上市,,,92000.0,0,0,92000.0,,,,
2059,川湖,上市,,,109319.0,-42000.0,24003.0,91322.0,,,,
5469,瀚宇博,上市,,,96000.0,0,-5000.0,91000.0,,,,
00850,元大臺灣ESG永續,上市,,,-4000.0,-10000.0,103576.0,89576.0,,,,
1449,佳和,上市,,,89040.0,0,0,89040.0,,,,
4526,東台,上市,,,90000.0,0,-1096.0,88904.0,,,,
2236,百達-KY,上市,,,94348.0,0,-5583.0,88765.0,,,,
2495,普安,上市,,,93713.0,0,-5110.0,88603.0,,,,
2617,台航,上市,,,85000.0,0,577.0,85577.0,,,,
3051,力特,上市,,,84263.0,0,0,84263.0,,,,
4536,拓凱,上市,,,84000.0,0,0,84000.0,,,,
7822,倍利科,上市,,,41320.0,36000.0,5687.0,83007.0,,,,
8473,山林水,上市,,,82026.0,0,0,82026.0,,,,
1612,宏泰,上市,,,122382.0,-4561.0,-36590.0,81231.0,,,,
7610,聯友金屬-創,上市,,,79791.0,0,663.0,80454.0,,,,
00901,永豐智能車供應鏈,上市,,,-104071.0,0,184425.0,80354.0,,,,
6142,友勁,上市,,,79000.0,0,0,79000.0,,,,
6225,天瀚,上市,,,79000.0,0,0,79000.0,,,,
4564,元翎,上市,,,75000.0,0,0,75000.0,,,,
2419,仲琦,上市,,,70993.0,0,900.0,71893.0,,,,
3311,閎暉,上市,,,70869.0,0,0,70869.0,,,,
4961,天鈺,上市,,,53878.0,19000.0,-2176.0,70702.0,,,,
6491,晶碩,上市,,,64500.0,0,1812.0,66312.0,,,,
2392,正崴,上市,,,72000.0,0,-5925.0,66075.0,,,,
6224,聚鼎,上市,,,66680.0,0,-1000.0,65680.0,,,,
2603,長榮,上市,,,-852117.0,941196.0,-24677.0,64402.0,,,,
2486,一詮,上市,,,65717.0,0,-2314.0,63403.0,,,,
3694,海華,上市,,,63000.0,0,0,63000.0,,,,
00923,群益台ESG低碳50,上市,,,-387972.0,0,450529.0,62557.0,,,,
1563,巧新,上市,,,70350.0,0,-9700.0,60650.0,,,,
1721,國慶科技,上市,,,59993.0,0,0,59993.0,,,,
6658,聯策,上市,,,60062.0,0,-107.0,59955.0,,,,
00700,富邦恒生國企,上市,,,50000.0,0,8664.0,58664.0,,,,
00894,中信小資高價30,上市,,,-54000.0,0,112202.0,58202.0,,,,
2607,榮運,上市,,,71031.0,0,-13000.0,58031.0,,,,
3617,碩天,上市,,,54991.0,0,3.0,54994.0,,,,
2427,三商電,上市,,,54042.0,0,0,54042.0,,,,
4155,訊映,上市,,,69000.0,0,-15000.0,54000.0,,,,
2543,皇昌,上市,,,53842.0,0,0,53842.0,,,,
8162,微矽電子-創,上市,,,104000.0,0,-50664.0,53336.0,,,,
1219,福壽,上市,,,53000.0,0,0,53000.0,,,,
6152,百一,上市,,,53439.0,0,-1000.0,52439.0,,,,
8114,振樺電,上市,,,54000.0,-1000.0,-801.0,52199.0,,,,
00690,兆豐藍籌30,上市,,,0,0,51668.0,51668.0,,,,
2467,志聖,上市,,,45129.0,0,5661.0,50790.0,,,,
6139,亞翔,上市,,,99558.0,-51000.0,1924.0,50482.0,,,,
7768,頌勝科技,上市,,,49000.0,0,0,49000.0,,,,
2468,華經,上市,,,49000.0,0,0,49000.0,,,,
3015,全漢,上市,,,48754.0,0,-1706.0,47048.0,,,,
00903,富邦元宇宙,上市,,,14000.0,0,32868.0,46868.0,,,,
2254,巨鎧精密-創,上市,,,47000.0,0,-230.0,46770.0,,,,
1305,華夏,上市,,,64761.0,0,-18000.0,46761.0,,,,
3056,富華新,上市,,,48000.0,0,-1280.0,46720.0,,,,
6743,安普新,上市,,,46241.0,0,0,46241.0,,,,
4590,富田-創,上市,,,41548.0,0,4508.0,46056.0,,,,
4968,立積,上市,,,16315.0,30000.0,-866.0,45449.0,,,,
3588,通嘉,上市,,,44000.0,0,1314.0,45314.0,,,,
3011,今皓,上市,,,45000.0,0,0,45000.0,,,,
2357,華碩,上市,,,-23139.0,25722.0,41985.0,44568.0,,,,
2233,宇隆,上市,,,45000.0,0,-679.0,44321.0,,,,
8105,凌巨,上市,,,43974.0,0,0,43974.0,,,,
2106,建大,上市,,,43394.0,0,0,43394.0,,,,
6668,中揚光,上市,,,43323.0,0,0,43323.0,,,,
00876,元大全球5G,上市,,,0,0,42659.0,42659.0,,,,
00921,兆豐龍頭等權重,上市,,,12042.0,0,30045.0,42087.0,,,,
6416,瑞祺電通,上市,,,37192.0,0,4892.0,42084.0,,,,
3419,譁裕,上市,,,43000.0,0,-1000.0,42000.0,,,,
2108,南帝,上市,,,32782.0,0,8000.0,40782.0,,,,
3059,華晶科,上市,,,44026.0,0,-3642.0,40384.0,,,,
7740,熙特爾-創,上市,,,40290.0,0,-77.0,40213.0,,,,
6909,創控,上市,,,40000.0,0,0,40000.0,,,,
6189,豐藝,上市,,,46464.0,-3436.0,-3410.0,39618.0,,,,
00897,富邦基因免疫生技,上市,,,-8000.0,0,47380.0,39380.0,,,,
6719,力智,上市,,,27074.0,20000.0,-7784.0,39290.0,,,,
6605,帝寶,上市,,,38844.0,0,-281.0,38563.0,,,,
00971,野村美國研發龍頭,上市,,,0,0,38555.0,38555.0,,,,
00634R,富邦上証反1,上市,,,0,0,38200.0,38200.0,,,,
1227,佳格,上市,,,36751.0,0,0,36751.0,,,,
4766,南寶,上市,,,36201.0,0,0,36201.0,,,,
1463,強盛新,上市,,,35000.0,0,1000.0,36000.0,,,,
8213,志超,上市,,,35000.0,0,787.0,35787.0,,,,
00944,野村趨勢動能高息,上市,,,27044.0,0,8638.0,35682.0,,,,
3528,安馳,上市,,,38040.0,0,-3000.0,35040.0,,,,
4560,強信-KY,上市,,,45000.0,0,-10000.0,35000.0,,,,
1442,名軒,上市,,,35380.0,0,-398.0,34982.0,,,,
2480,敦陽科,上市,,,32992.0,-1161.0,0,31831.0,,,,
00638R,元大滬深300反1,上市,,,1000.0,0,30022.0,31022.0,,,,
2425,承啟,上市,,,31000.0,0,0,31000.0,,,,
2328,廣宇,上市,,,80520.0,0,-50000.0,30520.0,,,,
2612,中航,上市,,,30000.0,0,437.0,30437.0,,,,
6776,展碁國際,上市,,,30000.0,0,0,30000.0,,,,
1808,潤隆,上市,,,523600.0,-329000.0,-165000.0,29600.0,,,,
3447,展達,上市,,,29000.0,0,0,29000.0,,,,
2397,友通,上市,,,32000.0,0,-3000.0,29000.0,,,,
5285,界霖,上市,,,28732.0,0,18.0,28750.0,,,,
1217,愛之味,上市,,,28000.0,0,0,28000.0,,,,
020030,統一智慧電動車N,上市,,,0,0,28000.0,28000.0,,,,
3535,晶彩科,上市,,,-18958.0,0,46526.0,27568.0,,,,
7711,永擎,上市,,,35112.0,0,-7687.0,27425.0,,,,
5258,虹堡,上市,,,26000.0,0,644.0,26644.0,,,,
6206,飛捷,上市,,,30361.0,-2576.0,-2626.0,25159.0,,,,
4545,銘鈺,上市,,,25000.0,0,0,25000.0,,,,
00737,國泰AI機器人,上市,,,16000.0,0,9000.0,25000.0,,,,
2365,昆盈,上市,,,25000.0,0,0,25000.0,,,,
6670,復盛應用,上市,,,25348.0,18390.0,-19000.0,24738.0,,,,
00701,國泰股利精選30,上市,,,-58500.0,0,83063.0,24563.0,,,,
1524,耿鼎,上市,,,24301.0,0,0,24301.0,,,,
6957,裕慶-KY,上市,,,22132.0,0,1983.0,24115.0,,,,
00916,國泰全球品牌50,上市,,,-2000.0,0,25488.0,23488.0,,,,
1231,聯華食,上市,,,23000.0,0,237.0,23237.0,,,,
1786,科妍,上市,,,23000.0,0,133.0,23133.0,,,,
3025,星通,上市,,,23000.0,0,0,23000.0,,,,
8464,億豐,上市,,,24982.0,0,-2001.0,22981.0,,,,
3338,泰碩,上市,,,22900.0,0,0,22900.0,,,,
009818,華南永昌NASDAQxT,上市,,,-1000.0,0,23712.0,22712.0,,,,
006207,復華滬深,上市,,,-1000.0,0,23556.0,22556.0,,,,
00861,元大全球未來通訊,上市,,,2000.0,0,20456.0,22456.0,,,,
1568,倉佑,上市,,,29165.0,0,-7000.0,22165.0,,,,
6674,鋐寶科技,上市,,,22000.0,0,0,22000.0,,,,
5288,豐祥-KY,上市,,,22040.0,0,-950.0,21090.0,,,,
4133,亞諾法,上市,,,21000.0,0,0,21000.0,,,,
3305,昇貿,上市,,,12671.0,0,7927.0,20598.0,,,,
3038,全台,上市,,,20246.0,0,0,20246.0,,,,
00645,富邦日本,上市,,,100.0,103000.0,-83035.0,20065.0,,,,
3092,鴻碩,上市,,,20000.0,0,0,20000.0,,,,
6579,研揚,上市,,,4767.0,0,15229.0,19996.0,,,,
6715,嘉基,上市,,,44000.0,0,-24544.0,19456.0,,,,
2028,威致,上市,,,17000.0,0,2000.0,19000.0,,,,
6834,天二科技,上市,,,-3660.0,0,22439.0,18779.0,,,,
00762,元大全球AI,上市,,,-45000.0,0,63133.0,18133.0,,,,
5225,東科-KY,上市,,,18000.0,0,0,18000.0,,,,
00875,國泰網路資安,上市,,,2.0,0,17989.0,17991.0,,,,
6552,易華電,上市,,,18000.0,0,-1000.0,17000.0,,,,
8104,錸寶,上市,,,17000.0,0,0,17000.0,,,,
1537,廣隆,上市,,,17000.0,0,-161.0,16839.0,,,,
00710B,復華彭博非投等債,上市,,,-5000.0,0,21242.0,16242.0,,,,
4722,國精化,上市,,,21035.0,0,-5567.0,15468.0,,,,
2546,根基,上市,,,20563.0,0,-5173.0,15390.0,,,,
7827,漢康-KY創,上市,,,13005.0,0,2074.0,15079.0,,,,
5203,訊連,上市,,,15000.0,0,0,15000.0,,,,
6534,正瀚-創,上市,,,15000.0,0,0,15000.0,,,,
00717,富邦美國特別股,上市,,,0,0,15000.0,15000.0,,,,
2611,志信,上市,,,11000.0,0,4000.0,15000.0,,,,
2434,統懋,上市,,,15000.0,0,0,15000.0,,,,
00656R,國泰中國A50反1,上市,,,0,0,14986.0,14986.0,,,,
1702,南僑,上市,,,14000.0,0,688.0,14688.0,,,,
2613,中櫃,上市,,,14058.0,0,0,14058.0,,,,
00757,統一FANG+,上市,,,234130.0,0,-220494.0,13636.0,,,,
2540,愛山林,上市,,,14142.0,0,-1000.0,13142.0,,,,
6272,驊陞,上市,,,13020.0,0,0,13020.0,,,,
2887E,台新新光戊特一,上市,,,13000.0,0,0,13000.0,,,,
2431,聯昌,上市,,,13000.0,0,0,13000.0,,,,
4441,振大環球,上市,,,13000.0,0,0,13000.0,,,,
2887H,台新新光庚特二,上市,,,13000.0,0,0,13000.0,,,,
4576,大銀微系統,上市,,,20919.0,0,-7966.0,12953.0,,,,
009808,華南永昌優選50,上市,,,-2000.0,0,14190.0,12190.0,,,,
5269,祥碩,上市,,,7428.0,10000.0,-5246.0,12182.0,,,,
1731,美吾華,上市,,,12000.0,0,0,12000.0,,,,
2072,世紀風電,上市,,,12000.0,0,0,12000.0,,,,
2401,凌陽,上市,,,-5215.0,30000.0,-13137.0,11648.0,,,,
7823,奧義賽博-KY創,上市,,,11000.0,0,557.0,11557.0,,,,
1735,日勝化,上市,,,11000.0,0,400.0,11400.0,,,,
2362,藍天,上市,,,13130.0,0,-2000.0,11130.0,,,,
0051,元大中型100,上市,,,-1000.0,0,12120.0,11120.0,,,,
8016,矽創,上市,,,-6991.0,18202.0,-170.0,11041.0,,,,
8222,寶一,上市,,,11000.0,0,0,11000.0,,,,
6906,現觀科,上市,,,11000.0,0,0,11000.0,,,,
6698,旭暉應材,上市,,,11000.0,0,0,11000.0,,,,
1466,聚隆,上市,,,10943.0,0,0,10943.0,,,,
2534,宏盛,上市,,,11000.0,0,-355.0,10645.0,,,,
2204,中華,上市,,,14115.0,-2929.0,-550.0,10636.0,,,,
00666R,富邦恒生國企反1,上市,,,-17000.0,0,27142.0,10142.0,,,,
1423,利華,上市,,,10000.0,0,0,10000.0,,,,
1615,大山,上市,,,10000.0,0,0,10000.0,,,,
6136,富爾特,上市,,,10000.0,0,0,10000.0,,,,
2881B,富邦金乙特,上市,,,0,0,10000.0,10000.0,,,,
6962,奕力-KY,上市,,,-10000.0,20000.0,-201.0,9799.0,,,,
3004,豐達科,上市,,,9100.0,0,203.0,9303.0,,,,
7786,東方風能,上市,,,9179.0,0,0,9179.0,,,,
00908,富邦入息REITs+,上市,,,-2000.0,0,11118.0,9118.0,,,,
020036,元大金融配息N,上市,,,0,0,9000.0,9000.0,,,,
2428,興勤,上市,,,27573.0,-17000.0,-1612.0,8961.0,,,,
8045,達運光電,上市,,,8773.0,0,144.0,8917.0,,,,
6753,龍德造船,上市,,,16763.0,0,-8303.0,8460.0,,,,
00652,富邦印度,上市,,,-19000.0,0,27284.0,8284.0,,,,
3708,上緯投控,上市,,,11100.0,0,-2923.0,8177.0,,,,
3054,立萬利,上市,,,7000.0,0,1000.0,8000.0,,,,
3437,榮創,上市,,,10000.0,0,-2000.0,8000.0,,,,
8499,鼎炫-KY,上市,,,8000.0,0,0,8000.0,,,,
020031,統一IC設計臺灣N,上市,,,0,0,8000.0,8000.0,,,,
8070,長華*,上市,,,-12000.0,-4371.0,23997.0,7626.0,,,,
4952,凌通,上市,,,5589.0,0,2000.0,7589.0,,,,
00683L,期元大美元指正2,上市,,,0,0,7260.0,7260.0,,,,
00674R,期元大S&P黃金反1,上市,,,0,0,7229.0,7229.0,,,,
6165,浪凡,上市,,,7000.0,0,0,7000.0,,,,
1516,川飛,上市,,,7000.0,0,0,7000.0,,,,
2723,美食-KY,上市,,,6808.0,0,0,6808.0,,,,
1342,八貫,上市,,,6100.0,0,0,6100.0,,,,
2387,精元,上市,,,6000.0,0,0,6000.0,,,,
4426,利勤,上市,,,6000.0,0,0,6000.0,,,,
6934,心誠鎂,上市,,,6000.0,0,0,6000.0,,,,
2477,美隆電,上市,,,6000.0,0,0,6000.0,,,,
2415,錩新,上市,,,7000.0,0,-1015.0,5985.0,,,,
2630,亞航,上市,,,91894.0,0,-86266.0,5628.0,,,,
1597,直得,上市,,,-5721.0,0,11010.0,5289.0,,,,
7631,聚賢研發-創,上市,,,6000.0,0,-828.0,5172.0,,,,
6606,建德工業,上市,,,5000.0,0,0,5000.0,,,,
1340,勝悅-KY,上市,,,5000.0,0,0,5000.0,,,,
6928,攸泰科技,上市,,,5000.0,0,0,5000.0,,,,
6794,向榮生技,上市,,,5000.0,0,0,5000.0,,,,
7689,大鵬科CLMX,上市,,,5000.0,0,0,5000.0,,,,
6921,嘉雨思-創,上市,,,5000.0,0,-100.0,4900.0,,,,
1558,伸興,上市,,,6319.0,0,-2000.0,4319.0,,,,
8249,菱光,上市,,,4100.0,0,0,4100.0,,,,
3607,谷崧,上市,,,4000.0,0,0,4000.0,,,,
3040,遠見,上市,,,4000.0,0,0,4000.0,,,,
1783,和康生,上市,,,4000.0,0,0,4000.0,,,,
1806,冠軍,上市,,,4000.0,0,0,4000.0,,,,
00654R,富邦印度反1,上市,,,0,0,3938.0,3938.0,,,,
2906,高林,上市,,,-18000.0,0,21844.0,3844.0,,,,
6278,台表科,上市,,,-273807.0,-55000.0,332375.0,3568.0,,,,
00681R,元大美債20反1,上市,,,59000.0,0,-55980.0,3020.0,,,,
1438,三地開發,上市,,,6000.0,0,-3000.0,3000.0,,,,
2545,皇翔,上市,,,3000.0,0,0,3000.0,,,,
6936,永鴻生技,上市,,,3000.0,0,0,3000.0,,,,
7791,皇家可口,上市,,,3000.0,0,0,3000.0,,,,
2939,永邑-KY,上市,,,3000.0,0,0,3000.0,,,,
3557,嘉威,上市,,,3000.0,0,0,3000.0,,,,
4104,佳醫,上市,,,3000.0,0,0,3000.0,,,,
00739,元大MSCI A股,上市,,,0,0,2950.0,2950.0,,,,
9942,茂順,上市,,,2769.0,0,0,2769.0,,,,
4571,鈞興-KY,上市,,,2559.0,0,0,2559.0,,,,
0057,富邦摩台,上市,,,1000.0,0,1326.0,2326.0,,,,
7730,暉盛-創,上市,,,2302.0,0,0,2302.0,,,,
7818,溢泰實業,上市,,,2024.0,0,0,2024.0,,,,
4949,有成精密,上市,,,2028.0,0,-9.0,2019.0,,,,
3679,新至陞,上市,,,2000.0,0,0,2000.0,,,,
8463,潤泰材,上市,,,2000.0,0,0,2000.0,,,,
6431,光麗-KY,上市,,,2000.0,0,0,2000.0,,,,
1539,巨庭,上市,,,2000.0,0,0,2000.0,,,,
1521,大億,上市,,,2000.0,0,0,2000.0,,,,
00707R,期元大S&P日圓反1,上市,,,0,0,2000.0,2000.0,,,,
2250,IKKA-KY,上市,,,2000.0,0,0,2000.0,,,,
1587,吉茂,上市,,,2000.0,0,-1.0,1999.0,,,,
2015,豐興,上市,,,962.0,0,1000.0,1962.0,,,,
00731,復華富時高息低波,上市,,,1000.0,0,886.0,1886.0,,,,
2707,晶華,上市,,,989.0,0,515.0,1504.0,,,,
2609,陽明,上市,,,128704.0,50000.0,-177279.0,1425.0,,,,
6585,鼎基,上市,,,1160.0,0,0,1160.0,,,,
006203,元大MSCI台灣,上市,,,0,0,1124.0,1124.0,,,,
2482,連宇,上市,,,1000.0,0,68.0,1068.0,,,,
00730,富邦臺灣優質高息,上市,,,-23000.0,0,24052.0,1052.0,,,,
2538,基泰,上市,,,1000.0,0,0,1000.0,,,,
2114,鑫永銓,上市,,,1000.0,0,0,1000.0,,,,
1527,鑽全,上市,,,1000.0,0,0,1000.0,,,,
6201,亞弘電,上市,,,1000.0,0,0,1000.0,,,,
6914,阜爾運通,上市,,,1000.0,0,0,1000.0,,,,
6754,匯僑設計,上市,,,1000.0,0,0,1000.0,,,,
6666,羅麗芬-KY,上市,,,1000.0,0,0,1000.0,,,,
7803,雲象科技-創,上市,,,2000.0,0,-1000.0,1000.0,,,,
9944,新麗,上市,,,1000.0,0,0,1000.0,,,,
8482,商億-KY,上市,,,1000.0,0,0,1000.0,,,,
9110,越南控-DR,上市,,,1000.0,0,0,1000.0,,,,
4439,冠星-KY,上市,,,1000.0,0,0,1000.0,,,,
2929,淘帝-KY,上市,,,1000.0,0,0,1000.0,,,,
1457,宜進,上市,,,1000.0,0,0,1000.0,,,,
2380,虹光,上市,,,1000.0,0,0,1000.0,,,,
2891C,中信金丙特,上市,,,0,0,1000.0,1000.0,,,,
6955,邦睿生技-創,上市,,,1000.0,0,-11.0,989.0,,,,
8487,愛爾達-創,上市,,,0,0,723.0,723.0,,,,
5236,凌陽創新,上市,,,-17574.0,20000.0,-2000.0,426.0,,,,
3592,瑞鼎,上市,,,-17934.0,18301.0,0,367.0,,,,
1446,宏和,上市,,,-756.0,0,1000.0,244.0,,,,
6862,三集瑞-KY,上市,,,189.0,0,0,189.0,,,,
00736,國泰新興市場,上市,,,6000.0,0,-5950.0,50.0,,,,
00689R,國泰20年美債反1,上市,,,0,0,0,0,,,,
020020,元大台股領航N,上市,,,0,0,0,0,,,,
00668K,國泰美國道瓊+U,上市,,,0,0,0,0,,,,
1453,大將,上市,,,0,0,0,0,,,,
1454,台富,上市,,,0,0,0,0,,,,
1432,大魯閣,上市,,,0,0,0,0,,,,
1225,福懋油,上市,,,0,0,0,0,,,,
00636K,國泰中國A50+U,上市,,,0,0,0,0,,,,
00657K,國泰日經225+U,上市,,,0,0,0,0,,,,
00775B,台新投等債15+,上市,,,0,0,0,0,,,,
1472,三洋實業,上市,,,0,0,0,0,,,,
1475,業旺,上市,,,0,0,0,0,,,,
1732,毛寶,上市,,,0,0,0,0,,,,
6835,圓裕,上市,,,0,0,0,0,,,,
6641,基士德-KY,上市,,,1000.0,0,-1000.0,0,,,,
6671,三能-KY,上市,,,0,0,0,0,,,,
6464,台數科,上市,,,0,0,0,0,,,,
6283,淳安,上市,,,0,0,0,0,,,,
1470,大統新創,上市,,,-1000.0,0,1000.0,0,,,,
8341,日友,上市,,,0,0,0,0,,,,
8201,無敵,上市,,,0,0,0,0,,,,
3593,力銘,上市,,,0,0,0,0,,,,
5484,慧友,上市,,,0,0,0,0,,,,
2722,夏都,上市,,,0,0,0,0,,,,
2438,翔耀,上市,,,0,0,0,0,,,,
3257,虹冠電,上市,,,0,0,0,0,,,,
1614,三洋電,上市,,,0,0,0,0,,,,
4999,鑫禾,上市,,,0,0,-28.0,-28.0,,,,
1418,東華,上市,,,-65.0,0,0,-65.0,,,,
3135,凌航,上市,,,847.0,0,-945.0,-98.0,,,,
006204,永豐臺灣加權,上市,,,0,0,-98.0,-98.0,,,,
2062,橋椿,上市,,,-214.0,0,0,-214.0,,,,
4588,玖鼎電力,上市,,,0,0,-288.0,-288.0,,,,
00920,富邦ESG綠色電力,上市,,,-1002.0,0,661.0,-341.0,,,,
1339,昭輝,上市,,,-1000.0,0,484.0,-516.0,,,,
1232,大統益,上市,,,-869.0,0,0,-869.0,,,,
00647L,元大S&P500正2,上市,,,0,0,-932.0,-932.0,,,,
2514,龍邦,上市,,,-1000.0,0,0,-1000.0,,,,
2702,華園,上市,,,-1000.0,0,0,-1000.0,,,,
2705,六福,上市,,,-1000.0,0,0,-1000.0,,,,
9929,秋雨,上市,,,-1000.0,0,0,-1000.0,,,,
1338,廣華-KY,上市,,,-1000.0,0,0,-1000.0,,,,
1435,中福,上市,,,-1000.0,0,0,-1000.0,,,,
1451,年興,上市,,,-1000.0,0,0,-1000.0,,,,
1439,雋揚,上市,,,-1000.0,0,0,-1000.0,,,,
00660,元大歐洲50,上市,,,0,0,-1000.0,-1000.0,,,,
01009T,王道圓滿R1,上市,,,-1000.0,0,0,-1000.0,,,,
01010T,京城樂富R1,上市,,,-1000.0,0,0,-1000.0,,,,
02001L,富邦蘋果正二N,上市,,,0,0,-1000.0,-1000.0,,,,
00711B,復華彭博新興債,上市,,,0,0,-1000.0,-1000.0,,,,
00684R,期元大美元指反1,上市,,,0,0,-1000.0,-1000.0,,,,
2024,志聯,上市,,,-1000.0,0,0,-1000.0,,,,
2008,高興昌,上市,,,-1000.0,0,0,-1000.0,,,,
1535,中宇,上市,,,-1000.0,0,0,-1000.0,,,,
2373,震旦行,上市,,,-1000.0,0,0,-1000.0,,,,
2433,互盛電,上市,,,-1000.0,0,0,-1000.0,,,,
3164,景岳,上市,,,-1000.0,0,0,-1000.0,,,,
3494,誠研,上市,,,-1000.0,0,0,-1000.0,,,,
2904,匯僑,上市,,,-1000.0,0,0,-1000.0,,,,
4148,全宇生技-KY,上市,,,0,0,-1000.0,-1000.0,,,,
4572,駐龍,上市,,,-1000.0,0,0,-1000.0,,,,
4569,六方科-KY,上市,,,-1000.0,0,0,-1000.0,,,,
9946,三發地產,上市,,,13000.0,0,-14000.0,-1000.0,,,,
9918,欣天然,上市,,,-1000.0,0,0,-1000.0,,,,
9926,新海,上市,,,-1000.0,0,0,-1000.0,,,,
9931,欣高,上市,,,-1000.0,0,0,-1000.0,,,,
8367,建新國際,上市,,,-1000.0,0,0,-1000.0,,,,
8467,波力-KY,上市,,,-1000.0,0,0,-1000.0,,,,
7732,金興精密,上市,,,-1000.0,0,0,-1000.0,,,,
7705,三商餐飲,上市,,,-1000.0,0,0,-1000.0,,,,
6722,輝創,上市,,,-1000.0,0,0,-1000.0,,,,
6792,詠業,上市,,,-1000.0,0,0,-1000.0,,,,
6887,寶綠特-KY,上市,,,-1000.0,0,0,-1000.0,,,,
6918,愛派司,上市,,,-1000.0,0,0,-1000.0,,,,
00682U,期元大美元指數,上市,,,0,0,-1001.0,-1001.0,,,,
6916,華凌,上市,,,-1100.0,0,0,-1100.0,,,,
6625,必應,上市,,,3000.0,0,-4178.0,-1178.0,,,,
006206,元大上證50,上市,,,-1000.0,0,-262.0,-1262.0,,,,
00714,群益道瓊美國地產,上市,,,0,0,-1411.0,-1411.0,,,,
2497,怡利電,上市,,,-1000.0,0,-789.0,-1789.0,,,,
2450,神腦,上市,,,-2000.0,0,0,-2000.0,,,,
2424,隴華,上市,,,-2000.0,0,0,-2000.0,,,,
2414,精技,上市,,,-2000.0,0,0,-2000.0,,,,
1533,車王電,上市,,,-4000.0,0,2000.0,-2000.0,,,,
1525,江申,上市,,,-2000.0,0,0,-2000.0,,,,
1512,瑞利,上市,,,-2000.0,0,0,-2000.0,,,,
1583,程泰,上市,,,-2000.0,0,0,-2000.0,,,,
1459,聯發,上市,,,-2000.0,0,0,-2000.0,,,,
1410,南染,上市,,,-1000.0,0,-1000.0,-2000.0,,,,
6614,資拓宏宇,上市,,,-2000.0,0,0,-2000.0,,,,
7736,虎山,上市,,,-2000.0,0,0,-2000.0,,,,
8481,政伸,上市,,,-2000.0,0,0,-2000.0,,,,
9912,偉聯,上市,,,-2000.0,0,0,-2000.0,,,,
9902,台火,上市,,,-2000.0,0,0,-2000.0,,,,
1730,花仙子,上市,,,-2000.0,0,0,-2000.0,,,,
4583,台灣精銳,上市,,,-2000.0,0,0,-2000.0,,,,
3712,永崴投控,上市,,,-2000.0,0,0,-2000.0,,,,
4994,傳奇,上市,,,-2000.0,0,0,-2000.0,,,,
5215,科嘉-KY,上市,,,-2000.0,0,0,-2000.0,,,,
2910,統領,上市,,,-2000.0,0,0,-2000.0,,,,
6952,大武山,上市,,,-2000.0,0,0,-2000.0,,,,
1315,達新,上市,,,-2000.0,0,0,-2000.0,,,,
6645,金萬林-創,上市,,,-2000.0,0,-99.0,-2099.0,,,,
1903,士紙,上市,,,0,0,-2119.0,-2119.0,,,,
6768,志強-KY,上市,,,-210.0,-1983.0,0,-2193.0,,,,
1220,台榮,上市,,,-2430.0,0,-1.0,-2431.0,,,,
00851,台新全球AI,上市,,,0,0,-3000.0,-3000.0,,,,
1776,展宇,上市,,,-3000.0,0,0,-3000.0,,,,
1762,中化生,上市,,,-3000.0,0,0,-3000.0,,,,
1465,偉全,上市,,,-3000.0,0,0,-3000.0,,,,
1530,亞崴,上市,,,-3000.0,0,0,-3000.0,,,,
6796,晉弘,上市,,,-3000.0,0,0,-3000.0,,,,
6183,關貿,上市,,,-3000.0,0,0,-3000.0,,,,
6281,全國電,上市,,,-3000.0,0,0,-3000.0,,,,
9924,福興,上市,,,-3000.0,0,0,-3000.0,,,,
7721,微程式,上市,,,-3000.0,0,0,-3000.0,,,,
7760,享溫馨,上市,,,-3000.0,0,0,-3000.0,,,,
2712,遠雄來,上市,,,-3000.0,0,0,-3000.0,,,,
4557,永新-KY,上市,,,-2000.0,0,-1000.0,-3000.0,,,,
5546,永固-KY,上市,,,-2000.0,0,-1000.0,-3000.0,,,,
4190,佐登-KY,上市,,,-3000.0,0,0,-3000.0,,,,
6581,鋼聯,上市,,,-3000.0,0,0,-3000.0,,,,
1443,立益物流,上市,,,-3000.0,0,0,-3000.0,,,,
4930,燦星網,上市,,,-3000.0,0,0,-3000.0,,,,
3266,昇陽,上市,,,-3000.0,0,0,-3000.0,,,,
009810,玉山全球藍籌100,上市,,,0,0,-3025.0,-3025.0,,,,
00926,凱基全球菁英55,上市,,,50.0,0,-3092.0,-3042.0,,,,
9930,中聯資源,上市,,,-3000.0,0,-147.0,-3147.0,,,,
1817,凱撒衛,上市,,,-3000.0,0,-165.0,-3165.0,,,,
8462,柏文,上市,,,-3210.0,0,-17.0,-3227.0,,,,
6924,榮惠-KY創,上市,,,-3000.0,0,-230.0,-3230.0,,,,
00702,國泰標普低波高息,上市,,,0,0,-3316.0,-3316.0,,,,
2231,為升,上市,,,-3780.0,0,208.0,-3572.0,,,,
00661,元大日經225,上市,,,10000.0,0,-13638.0,-3638.0,,,,
6790,永豐實,上市,,,-4000.0,0,350.0,-3650.0,,,,
3716,中化控股,上市,,,-3720.0,0,0,-3720.0,,,,
7750,新代,上市,,,-9745.0,0,5925.0,-3820.0,,,,
00657,國泰日經225,上市,,,0,0,-3913.0,-3913.0,,,,
4169,泰宗,上市,,,-4000.0,0,0,-4000.0,,,,
2748,雲品,上市,,,-4000.0,0,0,-4000.0,,,,
2642,宅配通,上市,,,-4000.0,0,0,-4000.0,,,,
3150,鈺寶-創,上市,,,-1000.0,0,-3000.0,-4000.0,,,,
3308,聯德,上市,,,-2000.0,0,-2000.0,-4000.0,,,,
6931,青松健康,上市,,,-4000.0,0,0,-4000.0,,,,
6965,中傑-KY,上市,,,-4000.0,0,0,-4000.0,,,,
3043,科風,上市,,,-5000.0,0,1000.0,-4000.0,,,,
2239,英利-KY,上市,,,-4000.0,0,0,-4000.0,,,,
1725,元禎,上市,,,-4000.0,0,0,-4000.0,,,,
020029,元大ESG高股息N,上市,,,0,0,-4000.0,-4000.0,,,,
1324,地球,上市,,,-4000.0,0,0,-4000.0,,,,
6277,宏正,上市,,,-1040.0,0,-3000.0,-4040.0,,,,
00982T,平衡兆豐台美動能,上市,,,0,0,-4049.0,-4049.0,,,,
6908,宏碁遊戲-創,上市,,,-2000.0,0,-2062.0,-4062.0,,,,
3027,盛達,上市,,,-4000.0,0,-102.0,-4102.0,,,,
0053,元大電子,上市,,,-999.0,0,-3439.0,-4438.0,,,,
2901,欣欣,上市,,,-1000.0,0,-3474.0,-4474.0,,,,
3010,華立,上市,,,2414.0,-1000.0,-6000.0,-4586.0,,,,
2753,八方雲集,上市,,,-3916.0,-925.0,0,-4841.0,,,,
2488,漢平,上市,,,-5000.0,0,15.0,-4985.0,,,,
2483,百容,上市,,,-4995.0,0,0,-4995.0,,,,
1468,昶和,上市,,,-2000.0,0,-3000.0,-5000.0,,,,
00771,元大US高息特別股,上市,,,0,0,-5000.0,-5000.0,,,,
1419,新紡,上市,,,-5000.0,0,0,-5000.0,,,,
1233,天仁,上市,,,-5000.0,0,0,-5000.0,,,,
01007T,兆豐國泰R2,上市,,,-5000.0,0,0,-5000.0,,,,
2945,三商家購,上市,,,-5000.0,0,0,-5000.0,,,,
6128,上福,上市,,,-5000.0,0,0,-5000.0,,,,
6115,鎰勝,上市,,,-5000.0,0,0,-5000.0,,,,
4942,嘉彰,上市,,,-3000.0,0,-2000.0,-5000.0,,,,
1413,宏洲,上市,,,-5000.0,0,0,-5000.0,,,,
009801,中信美國創新科技,上市,,,129000.0,0,-134687.0,-5687.0,,,,
3296,勝德,上市,,,-5754.0,0,0,-5754.0,,,,
00972,野村日本動能高息,上市,,,-900.0,0,-4952.0,-5852.0,,,,
1203,味王,上市,,,-7000.0,0,1000.0,-6000.0,,,,
1445,大宇,上市,,,-6000.0,0,0,-6000.0,,,,
2430,燦坤,上市,,,-5000.0,0,-1000.0,-6000.0,,,,
2248,華勝-KY,上市,,,-5000.0,0,-1000.0,-6000.0,,,,
6117,迎廣,上市,,,-6000.0,0,0,-6000.0,,,,
6504,南六,上市,,,-6000.0,0,0,-6000.0,,,,
9937,全國,上市,,,-6000.0,0,0,-6000.0,,,,
7821,神數,上市,,,-6000.0,0,0,-6000.0,,,,
020037,元大金融高股息N,上市,,,0,0,-6000.0,-6000.0,,,,
9943,好樂迪,上市,,,-6000.0,0,0,-6000.0,,,,
3018,隆銘綠能,上市,,,-6000.0,0,0,-6000.0,,,,
1414,東和,上市,,,3997.0,0,-10000.0,-6003.0,,,,
1618,合機,上市,,,-5000.0,0,-1058.0,-6058.0,,,,
2022,聚亨,上市,,,-6195.0,0,0,-6195.0,,,,
00728,第一金工業30,上市,,,-13000.0,0,6527.0,-6473.0,,,,
5306,桂盟,上市,,,-6533.0,0,0,-6533.0,,,,
00703,台新MSCI中國,上市,,,0,0,-6555.0,-6555.0,,,,
4912,聯德控股-KY,上市,,,-6816.0,0,0,-6816.0,,,,
6216,居易,上市,,,-7000.0,0,115.0,-6885.0,,,,
1467,南緯,上市,,,-7000.0,0,0,-7000.0,,,,
2115,六暉-KY,上市,,,-7000.0,0,0,-7000.0,,,,
2509,全坤建,上市,,,-7000.0,0,0,-7000.0,,,,
4582,聚恆-創,上市,,,-5000.0,0,-2000.0,-7000.0,,,,
6771,平和環保-創,上市,,,-1000.0,0,-6000.0,-7000.0,,,,
6958,日盛台駿,上市,,,-7000.0,0,0,-7000.0,,,,
00709,富邦歐洲,上市,,,0,0,-7348.0,-7348.0,,,,
1325,恆大,上市,,,-8000.0,0,0,-8000.0,,,,
1752,南光,上市,,,-8000.0,0,0,-8000.0,,,,
1805,寶徠,上市,,,-8000.0,0,0,-8000.0,,,,
1526,日馳,上市,,,-8000.0,0,0,-8000.0,,,,
1626,艾美特-KY,上市,,,-9000.0,0,1000.0,-8000.0,,,,
6184,大豐電,上市,,,-8000.0,0,0,-8000.0,,,,
9919,康那香,上市,,,-8000.0,0,0,-8000.0,,,,
6951,青新-創,上市,,,-8000.0,0,0,-8000.0,,,,
00943,兆豐電子高息等權,上市,,,0,0,-8083.0,-8083.0,,,,
5222,全訊,上市,,,-8105.0,0,-44.0,-8149.0,,,,
4551,智伸科,上市,,,-13253.0,0,5043.0,-8210.0,,,,
00899,FT潔淨能源,上市,,,-1000.0,0,-7249.0,-8249.0,,,,
2537,聯上發,上市,,,-8580.0,0,0,-8580.0,,,,
4585,達明,上市,,,-10000.0,0,1101.0,-8899.0,,,,
5244,弘凱,上市,,,-9000.0,0,0,-9000.0,,,,
2911,麗嬰房,上市,,,-9000.0,0,0,-9000.0,,,,
2882B,國泰金乙特,上市,,,0,0,-9000.0,-9000.0,,,,
9906,欣巴巴,上市,,,-9000.0,0,0,-9000.0,,,,
1323,永裕,上市,,,-7000.0,0,-2000.0,-9000.0,,,,
2432,倚天酷碁-創,上市,,,-2000.0,0,-7000.0,-9000.0,,,,
1234,黑松,上市,,,-9000.0,0,-1.0,-9001.0,,,,
2227,裕日車,上市,,,-9044.0,0,0,-9044.0,,,,
2390,云辰,上市,,,-9394.0,0,0,-9394.0,,,,
2440,太空梭,上市,,,-10000.0,0,0,-10000.0,,,,
1474,弘裕,上市,,,-10000.0,0,0,-10000.0,,,,
6230,尼得科超眾,上市,,,-10000.0,0,0,-10000.0,,,,
3432,台端,上市,,,-10000.0,0,0,-10000.0,,,,
4807,日成-KY,上市,,,-13000.0,0,3000.0,-10000.0,,,,
4552,力達-KY,上市,,,-10000.0,0,0,-10000.0,,,,
4440,宜新實業,上市,,,-6000.0,0,-4000.0,-10000.0,,,,
6582,申豐,上市,,,-7000.0,0,-3000.0,-10000.0,,,,
3652,精聯,上市,,,-7000.0,0,-4000.0,-11000.0,,,,
6947,台鎔科技,上市,,,-11000.0,0,0,-11000.0,,,,
1906,寶隆,上市,,,-9000.0,0,-2000.0,-11000.0,,,,
1236,宏亞,上市,,,-11000.0,0,0,-11000.0,,,,
4562,穎漢,上市,,,-11000.0,0,-238.0,-11238.0,,,,
5007,三星,上市,,,-12000.0,0,0,-12000.0,,,,
5292,華懋,上市,,,-4000.0,0,-8000.0,-12000.0,,,,
5533,皇鼎,上市,,,-12000.0,0,0,-12000.0,,,,
2704,國賓,上市,,,-12000.0,0,0,-12000.0,,,,
2706,第一店,上市,,,-12000.0,0,0,-12000.0,,,,
8488,吉源-KY,上市,,,-16000.0,0,4000.0,-12000.0,,,,
1517,利奇,上市,,,-12000.0,0,-18.0,-12018.0,,,,
1603,華電,上市,,,-13000.0,0,0,-13000.0,,,,
2228,劍麟,上市,,,-13000.0,0,0,-13000.0,,,,
2616,山隆,上市,,,-13000.0,0,0,-13000.0,,,,
1256,鮮活果汁-KY,上市,,,-8000.0,0,-5000.0,-13000.0,,,,
4178,永笙-KY,上市,,,-10000.0,0,-3000.0,-13000.0,,,,
8478,東哥遊艇,上市,,,-13006.0,0,0,-13006.0,,,,
4720,德淵,上市,,,-14000.0,0,0,-14000.0,,,,
5538,東明-KY,上市,,,-14000.0,0,0,-14000.0,,,,
3002,歐格,上市,,,-14000.0,0,0,-14000.0,,,,
3057,喬鼎,上市,,,-15000.0,0,1000.0,-14000.0,,,,
4555,氣立,上市,,,-14000.0,0,-236.0,-14236.0,,,,
4108,懷特,上市,,,-15000.0,0,0,-15000.0,,,,
6923,中台,上市,,,-15000.0,0,0,-15000.0,,,,
2524,京城,上市,,,-15000.0,0,0,-15000.0,,,,
2012,春雨,上市,,,-13000.0,0,-2000.0,-15000.0,,,,
4106,雃博,上市,,,-15000.0,0,0,-15000.0,,,,
00668,國泰美國道瓊,上市,,,39.0,0,-15043.0,-15004.0,,,,
4438,廣越,上市,,,-15000.0,0,-61.0,-15061.0,,,,
2484,希華,上市,,,12310.0,0,-28179.0,-15869.0,,,,
6591,動力-KY,上市,,,-16000.0,0,0,-16000.0,,,,
7812,稜研科技*-創,上市,,,-16000.0,0,0,-16000.0,,,,
6573,虹揚-KY,上市,,,-16000.0,0,0,-16000.0,,,,
020034,元大IC設計N,上市,,,0,0,-16000.0,-16000.0,,,,
1540,喬福,上市,,,-16000.0,0,0,-16000.0,,,,
1452,宏益,上市,,,-16003.0,0,0,-16003.0,,,,
2102,泰豐,上市,,,-16180.0,0,0,-16180.0,,,,
2429,銘旺科,上市,,,-17000.0,0,0,-17000.0,,,,
1218,泰山,上市,,,-17000.0,0,0,-17000.0,,,,
3130,一零四,上市,,,-17000.0,0,0,-17000.0,,,,
6902,GOGOLOOK,上市,,,-19000.0,0,2000.0,-17000.0,,,,
6657,華安,上市,,,-17000.0,0,0,-17000.0,,,,
5525,順天,上市,,,-17000.0,0,0,-17000.0,,,,
4935,茂林-KY,上市,,,-17000.0,0,-4.0,-17004.0,,,,
2247,汎德永業,上市,,,-17070.0,0,0,-17070.0,,,,
6442,光聖,上市,,,148707.0,-179000.0,12565.0,-17728.0,,,,
6782,視陽,上市,,,-15096.0,0,-2855.0,-17951.0,,,,
9910,豐泰,上市,,,-73062.0,55000.0,108.0,-17954.0,,,,
9905,大華,上市,,,-18000.0,0,0,-18000.0,,,,
2237,華德動能-創,上市,,,-18000.0,0,0,-18000.0,,,,
6695,芯鼎,上市,,,-18000.0,0,-1.0,-18001.0,,,,
8374,羅昇,上市,,,-16000.0,0,-2063.0,-18063.0,,,,
00678,群益那斯達克生技,上市,,,-2000.0,0,-16224.0,-18224.0,,,,
8429,金麗-KY,上市,,,-19000.0,0,0,-19000.0,,,,
4737,華廣,上市,,,-19000.0,0,0,-19000.0,,,,
2886,兆豐金,上市,,,-1019173.0,359000.0,640769.0,-19404.0,,,,
2364,倫飛,上市,,,-19959.0,0,0,-19959.0,,,,
1720,生達,上市,,,-20004.0,0,0,-20004.0,,,,
3406,玉晶光,上市,,,9722.0,-84000.0,54127.0,-20151.0,,,,
3530,晶相光,上市,,,-21000.0,0,0,-21000.0,,,,
3046,建碁,上市,,,-4070.0,0,-17000.0,-21070.0,,,,
1416,廣豐,上市,,,-21321.0,0,0,-21321.0,,,,
3545,敦泰,上市,,,-41450.0,20000.0,-108.0,-21558.0,,,,
3058,立德,上市,,,-22000.0,0,0,-22000.0,,,,
1109,信大,上市,,,-22000.0,0,0,-22000.0,,,,
2459,敦吉,上市,,,-22000.0,0,0,-22000.0,,,,
5283,禾聯碩,上市,,,-22000.0,0,0,-22000.0,,,,
4414,如興,上市,,,-9000.0,0,-13000.0,-22000.0,,,,
2451,創見,上市,,,-6903.0,0,-15778.0,-22681.0,,,,
00956,中信日經高股息,上市,,,2000.0,0,-24979.0,-22979.0,,,,
2908,特力,上市,,,-22990.0,0,0,-22990.0,,,,
3034,聯詠,上市,,,-105044.0,39592.0,42457.0,-22995.0,,,,
1598,岱宇,上市,,,-23000.0,0,0,-23000.0,,,,
2013,中鋼構,上市,,,-24000.0,0,873.0,-23127.0,,,,
1455,集盛,上市,,,10297.0,0,-34090.0,-23793.0,,,,
1456,怡華,上市,,,-21000.0,0,-3000.0,-24000.0,,,,
8466,美吉吉-KY,上市,,,-24000.0,0,0,-24000.0,,,,
7722,LINEPAY,上市,,,-24000.0,0,0,-24000.0,,,,
5907,大洋-KY,上市,,,-24000.0,0,0,-24000.0,,,,
2453,凌群,上市,,,-24013.0,0,0,-24013.0,,,,
6756,威鋒電子,上市,,,-24000.0,0,-54.0,-24054.0,,,,
6799,來頡,上市,,,-24717.0,0,372.0,-24345.0,,,,
6525,捷敏-KY,上市,,,-26753.0,-1887.0,3976.0,-24664.0,,,,
3701,大眾控,上市,,,-21774.0,0,-2915.0,-24689.0,,,,
00783,富邦中証500,上市,,,-28000.0,0,3087.0,-24913.0,,,,
2462,良得電,上市,,,-23000.0,0,-2000.0,-25000.0,,,,
2887Z1,台新新光己特,上市,,,-25000.0,0,0,-25000.0,,,,
7788,松川精密,上市,,,-18000.0,0,-7318.0,-25318.0,,,,
6830,汎銓,上市,,,-20526.0,0,-5091.0,-25617.0,,,,
8442,威宏-KY,上市,,,-23000.0,0,-3000.0,-26000.0,,,,
3686,達能,上市,,,-26000.0,0,0,-26000.0,,,,
1733,五鼎,上市,,,-26000.0,0,0,-26000.0,,,,
1471,首利,上市,,,-24000.0,0,-2000.0,-26000.0,,,,
9136,巨騰-DR,上市,,,-26000.0,0,0,-26000.0,,,,
8271,宇瞻,上市,,,-22814.0,0,-3386.0,-26200.0,,,,
6164,華興,上市,,,-26263.0,0,0,-26263.0,,,,
2608,嘉里大榮,上市,,,-17000.0,0,-10000.0,-27000.0,,,,
2417,圓剛,上市,,,-27000.0,0,0,-27000.0,,,,
6414,樺漢,上市,,,-28499.0,1000.0,384.0,-27115.0,,,,
6192,巨路,上市,,,-25000.0,0,-2200.0,-27200.0,,,,
6781,AES-KY,上市,,,-23991.0,0,-3419.0,-27410.0,,,,
00904,台新臺灣半導體30,上市,,,2000.0,0,-30031.0,-28031.0,,,,
1623,大東電,上市,,,-28060.0,0,0,-28060.0,,,,
4739,康普,上市,,,-27920.0,0,-146.0,-28066.0,,,,
2038,海光,上市,,,-27473.0,0,-1000.0,-28473.0,,,,
2023,燁輝,上市,,,-28577.0,0,0,-28577.0,,,,
009809,富邦淨零ESG50,上市,,,-2000.0,0,-26687.0,-28687.0,,,,
3416,融程電,上市,,,-27000.0,0,-2017.0,-29017.0,,,,
2376,技嘉,上市,,,238536.0,-210000.0,-57620.0,-29084.0,,,,
4137,麗豐-KY,上市,,,-29000.0,0,-149.0,-29149.0,,,,
2107,厚生,上市,,,-28441.0,0,-1000.0,-29441.0,,,,
2762,世界健身-KY,上市,,,-30000.0,0,0,-30000.0,,,,
4755,三福化,上市,,,-33000.0,0,3000.0,-30000.0,,,,
8011,台通,上市,,,-30000.0,0,0,-30000.0,,,,
6282,康舒,上市,,,-38360.0,0,7442.0,-30918.0,,,,
1108,幸福,上市,,,-31000.0,0,0,-31000.0,,,,
2007,燁興,上市,,,-31000.0,0,0,-31000.0,,,,
1321,大洋,上市,,,-31000.0,0,0,-31000.0,,,,
2832,台產,上市,,,-25096.0,0,-6123.0,-31219.0,,,,
3705,永信,上市,,,-31987.0,0,0,-31987.0,,,,
9925,新保,上市,,,-30242.0,0,-2000.0,-32242.0,,,,
9908,大台北,上市,,,-32415.0,0,-107.0,-32522.0,,,,
3321,同泰,上市,,,-33000.0,0,0,-33000.0,,,,
00912,中信臺灣智慧50,上市,,,-10970.0,0,-22054.0,-33024.0,,,,
912000,晨訊科-DR,上市,,,-34000.0,0,0,-34000.0,,,,
2243,宏旭-KY,上市,,,-34021.0,0,-426.0,-34447.0,,,,
7765,中華資安,上市,,,-34963.0,0,0,-34963.0,,,,
1235,興泰,上市,,,-35000.0,0,0,-35000.0,,,,
5706,鳳凰,上市,,,-26000.0,0,-9576.0,-35576.0,,,,
006205,富邦上証,上市,,,-2000.0,99000.0,-132686.0,-35686.0,,,,
8404,百和興業-KY,上市,,,-32000.0,0,-4000.0,-36000.0,,,,
2420,新巨,上市,,,-24000.0,0,-12210.0,-36210.0,,,,
5234,達興材料,上市,,,-33000.0,0,-3273.0,-36273.0,,,,
1464,得力,上市,,,-36316.0,0,0,-36316.0,,,,
6412,群電,上市,,,-23000.0,0,-13602.0,-36602.0,,,,
1604,聲寶,上市,,,-36997.0,0,0,-36997.0,,,,
6863,永道-KY,上市,,,-40000.0,0,3000.0,-37000.0,,,,
3669,圓展,上市,,,-37000.0,0,0,-37000.0,,,,
9935,慶豐富,上市,,,-37010.0,0,0,-37010.0,,,,
9917,中保科,上市,,,-36446.0,-1000.0,0,-37446.0,,,,
4977,眾達-KY,上市,,,-22628.0,0,-15291.0,-37919.0,,,,
1760,寶齡富錦,上市,,,-37946.0,0,0,-37946.0,,,,
6988,威力暘-創,上市,,,-33000.0,0,-5000.0,-38000.0,,,,
1713,國化,上市,,,-38000.0,0,0,-38000.0,,,,
3052,夆典,上市,,,-39000.0,0,0,-39000.0,,,,
1307,三芳,上市,,,-19000.0,-5001.0,-15000.0,-39001.0,,,,
2460,建通,上市,,,-38093.0,0,-1000.0,-39093.0,,,,
00675L,富邦臺灣加權正2,上市,,,38000.0,0,-77454.0,-39454.0,,,,
6226,光鼎,上市,,,-39824.0,0,0,-39824.0,,,,
1436,華友聯,上市,,,-40000.0,0,0,-40000.0,,,,
2539,櫻花建,上市,,,-40976.0,0,-21.0,-40997.0,,,,
2816,旺旺保,上市,,,-41093.0,0,0,-41093.0,,,,
3443,創意,上市,,,117214.0,-252000.0,93677.0,-41109.0,,,,
6120,達運,上市,,,-40585.0,0,-1099.0,-41684.0,,,,
1582,信錦,上市,,,-39872.0,0,-2001.0,-41873.0,,,,
1337,再生-KY,上市,,,-42187.0,0,0,-42187.0,,,,
00640L,富邦日本正2,上市,,,-1000.0,0,-41638.0,-42638.0,,,,
6409,旭隼,上市,,,-38672.0,-1000.0,-3063.0,-42735.0,,,,
9911,櫻花,上市,,,-44000.0,1000.0,0,-43000.0,,,,
1616,億泰,上市,,,-44000.0,0,97.0,-43903.0,,,,
1460,宏遠,上市,,,-44137.0,0,0,-44137.0,,,,
00752,中信中國50,上市,,,104000.0,0,-148191.0,-44191.0,,,,
5243,乙盛-KY,上市,,,-31996.0,0,-12208.0,-44204.0,,,,
6598,ABC-KY,上市,,,-42000.0,0,-3000.0,-45000.0,,,,
3346,麗清,上市,,,-45000.0,0,-1.0,-45001.0,,,,
009813,貝萊德標普卓越50,上市,,,401420.0,0,-446999.0,-45579.0,,,,
6994,富威電力,上市,,,-46000.0,0,0,-46000.0,,,,
6890,來億-KY,上市,,,-45640.0,0,-644.0,-46284.0,,,,
2731,雄獅,上市,,,-47409.0,0,-39.0,-47448.0,,,,
2739,寒舍,上市,,,-50000.0,0,2000.0,-48000.0,,,,
4119,旭富,上市,,,-48610.0,0,218.0,-48392.0,,,,
4736,泰博,上市,,,-43398.0,0,-6000.0,-49398.0,,,,
6141,柏承,上市,,,-49480.0,0,-1000.0,-50480.0,,,,
5434,崇越,上市,,,-41710.0,0,-9156.0,-50866.0,,,,
2349,錸德,上市,,,-50902.0,0,0,-50902.0,,,,
7749,意騰-KY,上市,,,-69960.0,20000.0,-994.0,-50954.0,,,,
00653L,富邦印度正2,上市,,,4000.0,0,-55079.0,-51079.0,,,,
00706L,期元大S&P日圓正2,上市,,,1000.0,0,-52359.0,-51359.0,,,,
3005,神基,上市,,,-54586.0,-2632.0,5605.0,-51613.0,,,,
1437,勤益控,上市,,,-51994.0,0,0,-51994.0,,,,
6024,群益期,上市,,,-52170.0,0,0,-52170.0,,,,
2701,萬企,上市,,,-53000.0,0,0,-53000.0,,,,
00770,國泰北美科技,上市,,,12064.0,0,-65126.0,-53062.0,,,,
2206,三陽工業,上市,,,-54041.0,0,0,-54041.0,,,,
4195,基米-創,上市,,,50000.0,0,-104725.0,-54725.0,,,,
9934,成霖,上市,,,-55000.0,0,0,-55000.0,,,,
3583,辛耘,上市,,,-51805.0,0,-3742.0,-55547.0,,,,
2597,潤弘,上市,,,-52415.0,0,-3198.0,-55613.0,,,,
3533,嘉澤,上市,,,-72537.0,0,16704.0,-55833.0,,,,
9955,佳龍,上市,,,-56000.0,0,0,-56000.0,,,,
2506,太設,上市,,,-56000.0,0,0,-56000.0,,,,
2530,華建,上市,,,-56508.0,0,0,-56508.0,,,,
9939,宏全,上市,,,-58042.0,-1448.0,2299.0,-57191.0,,,,
3515,華擎,上市,,,-51859.0,0,-6117.0,-57976.0,,,,
1737,臺鹽,上市,,,-59000.0,0,0,-59000.0,,,,
1309,台達化,上市,,,-17492.0,0,-43478.0,-60970.0,,,,
6531,愛普*,上市,,,-112308.0,66000.0,-14784.0,-61092.0,,,,
1104,環泥,上市,,,-61171.0,0,0,-61171.0,,,,
1773,勝一,上市,,,-59100.0,0,-3102.0,-62202.0,,,,
2535,達欣工,上市,,,-56377.0,0,-6018.0,-62395.0,,,,
6969,成信實業*-創,上市,,,-68000.0,0,4885.0,-63115.0,,,,
2637,慧洋-KY,上市,,,-64832.0,-2281.0,3154.0,-63959.0,,,,
6215,和椿,上市,,,-64576.0,0,-257.0,-64833.0,,,,
6415,矽力*-KY,上市,,,-72004.0,10000.0,-2842.0,-64846.0,,,,
00991B,貝萊德A級公司債,上市,,,299000.0,0,-364085.0,-65085.0,,,,
00669R,國泰美國道瓊反1,上市,,,0,0,-65088.0,-65088.0,,,,
1532,勤美,上市,,,-65451.0,0,0,-65451.0,,,,
9103,美德醫療-DR,上市,,,-65000.0,0,-1091.0,-66091.0,,,,
1707,葡萄王,上市,,,-66205.0,0,-278.0,-66483.0,,,,
00651R,復華香港反1,上市,,,-26000.0,0,-40600.0,-66600.0,,,,
4989,榮科,上市,,,-50995.0,0,-15870.0,-66865.0,,,,
3060,銘異,上市,,,-67884.0,0,-1.0,-67885.0,,,,
3501,維熹,上市,,,-68000.0,0,0,-68000.0,,,,
1110,東泥,上市,,,-69000.0,0,0,-69000.0,,,,
2614,東森,上市,,,-69000.0,0,0,-69000.0,,,,
1726,永記,上市,,,-70000.0,0,0,-70000.0,,,,
1734,杏輝,上市,,,-70080.0,0,0,-70080.0,,,,
2033,佳大,上市,,,-70804.0,0,0,-70804.0,,,,
2399,映泰,上市,,,-68980.0,0,-1919.0,-70899.0,,,,
9914,美利達,上市,,,-71000.0,0,-478.0,-71478.0,,,,
00960,野村全球航運龍頭,上市,,,-1489.0,0,-70457.0,-71946.0,,,,
2485,兆赫,上市,,,-59710.0,0,-12576.0,-72286.0,,,,
6854,錼創科技-KY創,上市,,,-77000.0,0,3574.0,-73426.0,,,,
2029,盛餘,上市,,,-73770.0,0,0,-73770.0,,,,
2423,固緯,上市,,,-73915.0,0,0,-73915.0,,,,
1210,大成,上市,,,-74058.0,0,0,-74058.0,,,,
2465,麗臺,上市,,,-73312.0,0,-1000.0,-74312.0,,,,
3504,揚明光,上市,,,-72697.0,0,-2002.0,-74699.0,,,,
5284,jpp-KY,上市,,,-87041.0,0,11733.0,-75308.0,,,,
1907,永豐餘,上市,,,-81070.0,0,4000.0,-77070.0,,,,
00986A,主動台新龍頭成長,上市,,,-1000.0,0,-76781.0,-77781.0,,,,
3704,合勤控,上市,,,-81000.0,0,2034.0,-78966.0,,,,
3622,洋華,上市,,,-21000.0,0,-58000.0,-79000.0,,,,
1531,高林股,上市,,,-80000.0,0,0,-80000.0,,,,
1503,士電,上市,,,-77549.0,-1000.0,-2024.0,-80573.0,,,,
0061,元大寶滬深,上市,,,-12000.0,0,-68780.0,-80780.0,,,,
1590,亞德客-KY,上市,,,-75676.0,2000.0,-7539.0,-81215.0,,,,
2348,海悅,上市,,,-82950.0,0,-990.0,-83940.0,,,,
00983D,主動富邦複合收益,上市,,,-72000.0,0,-12618.0,-84618.0,,,,
6558,興能高,上市,,,-85000.0,0,0,-85000.0,,,,
3013,晟銘電,上市,,,-83531.0,0,-2162.0,-85693.0,,,,
00939,統一台灣高息動能,上市,,,29000.0,0,-116841.0,-87841.0,,,,
9927,泰銘,上市,,,-88000.0,0,0,-88000.0,,,,
1711,永光,上市,,,-20193.0,0,-68125.0,-88318.0,,,,
2109,華豐,上市,,,-90000.0,0,0,-90000.0,,,,
3044,健鼎,上市,,,-71527.0,-4000.0,-14594.0,-90121.0,,,,
2505,國揚,上市,,,-66688.0,0,-24000.0,-90688.0,,,,
4771,望隼,上市,,,-90630.0,0,-1001.0,-91631.0,,,,
7855,和運租車,上市,,,-92000.0,0,0,-92000.0,,,,
2258,鴻華先進-創,上市,,,-88000.0,0,-6000.0,-94000.0,,,,
3023,信邦,上市,,,-78820.0,-2000.0,-14403.0,-95223.0,,,,
00952,凱基台灣AI50,上市,,,-97825.0,0,2086.0,-95739.0,,,,
2528,皇普,上市,,,-97000.0,0,0,-97000.0,,,,
6449,鈺邦,上市,,,-95664.0,0,-1582.0,-97246.0,,,,
2049,上銀,上市,,,-115364.0,0,15172.0,-100192.0,,,,
2923,鼎固-KY,上市,,,-103000.0,0,2000.0,-101000.0,,,,
2849,安泰銀,上市,,,-102000.0,0,0,-102000.0,,,,
2852,第一保,上市,,,-103090.0,0,0,-103090.0,,,,
8454,富邦媒,上市,,,-104080.0,0,987.0,-103093.0,,,,
1723,中碳,上市,,,-103000.0,0,-1119.0,-104119.0,,,,
1473,台南,上市,,,-106000.0,0,0,-106000.0,,,,
3653,健策,上市,,,-338146.0,247000.0,-16813.0,-107959.0,,,,
2645,長榮航太,上市,,,114000.0,0,-224773.0,-110773.0,,,,
6451,訊芯-KY,上市,,,-103850.0,0,-8563.0,-112413.0,,,,
006208,富邦台50,上市,,,123370.0,0,-235875.0,-112505.0,,,,
1103,嘉泥,上市,,,-112916.0,0,0,-112916.0,,,,
2903,遠百,上市,,,-299026.0,185000.0,0,-114026.0,,,,
2634,漢翔,上市,,,-149047.0,0,33537.0,-115510.0,,,,
5388,中磊,上市,,,-446835.0,0,331189.0,-115646.0,,,,
8411,福貞-KY,上市,,,-17000.0,0,-100000.0,-117000.0,,,,
2359,所羅門,上市,,,-91000.0,0,-27957.0,-118957.0,,,,
1789,神隆,上市,,,-119000.0,0,-65.0,-119065.0,,,,
8131,福懋科,上市,,,-118501.0,-1000.0,432.0,-119069.0,,,,
1440,南紡,上市,,,-136488.0,0,16000.0,-120488.0,,,,
5534,長虹,上市,,,-33027.0,-86000.0,-1883.0,-120910.0,,,,
4164,承業醫,上市,,,-122000.0,0,928.0,-121072.0,,,,
8210,勤誠,上市,,,-101913.0,-20000.0,-879.0,-122792.0,,,,
2331,精英,上市,,,-123000.0,0,0,-123000.0,,,,
6405,悅城,上市,,,-123000.0,0,-34.0,-123034.0,,,,
6689,伊雲谷,上市,,,-124000.0,0,0,-124000.0,,,,
2374,佳能,上市,,,-114973.0,0,-9536.0,-124509.0,,,,
6472,保瑞,上市,,,-47844.0,-1000.0,-75765.0,-124609.0,,,,
00636,國泰中國A50,上市,,,4000.0,0,-129112.0,-125112.0,,,,
1444,力麗,上市,,,38777.0,0,-164000.0,-125223.0,,,,
2606,裕民,上市,,,-209753.0,52000.0,31236.0,-126517.0,,,,
3563,牧德,上市,,,-149010.0,0,21458.0,-127552.0,,,,
6838,台新藥,上市,,,-129000.0,0,-1000.0,-130000.0,,,,
009812,野村日本東證,上市,,,-5000.0,0,-126775.0,-131775.0,,,,
2105,正新,上市,,,-398376.0,111045.0,153993.0,-133338.0,,,,
6805,富世達,上市,,,7131.0,-121000.0,-23302.0,-137171.0,,,,
9933,中鼎,上市,,,-147555.0,0,9870.0,-137685.0,,,,
1529,樂事綠能,上市,,,-137939.0,0,0,-137939.0,,,,
2323,中環,上市,,,-73821.0,0,-65000.0,-138821.0,,,,
6133,金橋,上市,,,-142000.0,0,3000.0,-139000.0,,,,
009800,中信NASDAQ,上市,,,49000.0,0,-188281.0,-139281.0,,,,
1476,儒鴻,上市,,,-129898.0,-9000.0,-1712.0,-140610.0,,,,
1519,華城,上市,,,-136685.0,-1000.0,-3156.0,-140841.0,,,,
00915,凱基優選高股息30,上市,,,74000.0,0,-215577.0,-141577.0,,,,
8033,雷虎,上市,,,-141676.0,0,-843.0,-142519.0,,,,
2472,立隆電,上市,,,18453.0,-174000.0,10745.0,-144802.0,,,,
7795,長廣,上市,,,-145800.0,0,-391.0,-146191.0,,,,
1795,美時,上市,,,-121000.0,0,-25618.0,-146618.0,,,,
2457,飛宏,上市,,,-142215.0,0,-4827.0,-147042.0,,,,
3048,益登,上市,,,-133921.0,0,-15004.0,-148925.0,,,,
00670L,富邦NASDAQ正2,上市,,,-3000.0,0,-148501.0,-151501.0,,,,
00930,永豐ESG低碳高息,上市,,,7000.0,0,-158915.0,-151915.0,,,,
1201,味全,上市,,,-109000.0,0,-43000.0,-152000.0,,,,
2207,和泰車,上市,,,-162545.0,6000.0,2864.0,-153681.0,,,,
1712,興農,上市,,,-154000.0,0,0,-154000.0,,,,
3661,世芯-KY,上市,,,-130598.0,-19000.0,-5239.0,-154837.0,,,,
1417,嘉裕,上市,,,-155000.0,0,0,-155000.0,,,,
6515,穎崴,上市,,,-115889.0,-36001.0,-5528.0,-157418.0,,,,
3047,訊舟,上市,,,-159000.0,0,0,-159000.0,,,,
6789,采鈺,上市,,,-148874.0,-2000.0,-8160.0,-159034.0,,,,
2009,第一銅,上市,,,-166000.0,0,6198.0,-159802.0,,,,
4976,佳凌,上市,,,-164000.0,0,382.0,-163618.0,,,,
2527,宏璟,上市,,,-158000.0,0,-5891.0,-163891.0,,,,
6869,雲豹能源,上市,,,-159000.0,0,-5290.0,-164290.0,,,,
3312,弘憶股,上市,,,-140000.0,0,-25000.0,-165000.0,,,,
2511,太子,上市,,,-165620.0,0,0,-165620.0,,,,
00852L,國泰美國道瓊正2,上市,,,0,0,-165648.0,-165648.0,,,,
6873,泓德能源,上市,,,-163000.0,0,-3031.0,-166031.0,,,,
2548,華固,上市,,,-162671.0,0,-3860.0,-166531.0,,,,
00910,第一金太空衛星,上市,,,-190000.0,0,22000.0,-168000.0,,,,
00905,FT臺灣Smart,上市,,,-73927.0,0,-94508.0,-168435.0,,,,
6861,睿生光電,上市,,,-159063.0,0,-10748.0,-169811.0,,,,
8215,明基材,上市,,,-167928.0,0,-3011.0,-170939.0,,,,
00642U,期元大S&P石油,上市,,,7000.0,0,-181024.0,-174024.0,,,,
1313,聯成,上市,,,-157972.0,0,-16939.0,-174911.0,,,,
6901,鑽石投資,上市,,,-175000.0,0,0,-175000.0,,,,
2375,凱美,上市,,,-175276.0,0,-203.0,-175479.0,,,,
1447,力鵬,上市,,,-176366.0,0,0,-176366.0,,,,
4934,太極,上市,,,-179279.0,0,0,-179279.0,,,,
1905,華紙,上市,,,-194697.0,0,12445.0,-182252.0,,,,
6831,邁科,上市,,,-79780.0,-97000.0,-6198.0,-182978.0,,,,
3356,奇偶,上市,,,-187197.0,0,3000.0,-184197.0,,,,
5531,鄉林,上市,,,-185000.0,0,0,-185000.0,,,,
3665,貿聯-KY,上市,,,-184890.0,2118.0,-4307.0,-187079.0,,,,
9802,鈺齊-KY,上市,,,91000.0,-60000.0,-218134.0,-187134.0,,,,
00938,凱基優選30,上市,,,13000.0,0,-202090.0,-189090.0,,,,
2836,高雄銀,上市,,,-189000.0,0,-5045.0,-194045.0,,,,
4746,台耀,上市,,,-28869.0,-166000.0,0,-194869.0,,,,
6191,精成科,上市,,,-122203.0,-67000.0,-6385.0,-195588.0,,,,
1477,聚陽,上市,,,-430879.0,225254.0,7960.0,-197665.0,,,,
1611,中電,上市,,,-194032.0,0,-4000.0,-198032.0,,,,
2491,吉祥全,上市,,,-201801.0,0,2000.0,-199801.0,,,,
1506,正道,上市,,,-203000.0,0,0,-203000.0,,,,
1617,榮星,上市,,,-204948.0,0,-1296.0,-206244.0,,,,
1316,上曜,上市,,,-208000.0,0,-102.0,-208102.0,,,,
00982D,主動富邦動態入息,上市,,,-2005.0,0,-208850.0,-210855.0,,,,
6592,和潤企業,上市,,,-212020.0,0,963.0,-211057.0,,,,
3591,艾笛森,上市,,,-216392.0,0,1707.0,-214685.0,,,,
5521,工信,上市,,,-215000.0,0,0,-215000.0,,,,
3596,智易,上市,,,-214070.0,0,-1415.0,-215485.0,,,,
00981T,平衡凱基雙核收息,上市,,,1000.0,0,-222608.0,-221608.0,,,,
009827,玉山未來全球算力,上市,,,8000.0,0,-231007.0,-223007.0,,,,
9907,統一實,上市,,,-215000.0,-8908.0,-410.0,-224318.0,,,,
2458,義隆,上市,,,-287246.0,40805.0,17289.0,-229152.0,,,,
1215,卜蜂,上市,,,-237379.0,0,3244.0,-234135.0,,,,
7780,大研生醫*,上市,,,-232569.0,0,-1756.0,-234325.0,,,,
4967,十銓,上市,,,-206968.0,0,-30923.0,-237891.0,,,,
6235,華孚,上市,,,-242000.0,0,-105.0,-242105.0,,,,
5522,遠雄,上市,,,-322196.0,0,80000.0,-242196.0,,,,
4938,和碩,上市,,,-653019.0,22939.0,387053.0,-243027.0,,,,
009811,統一美國50,上市,,,-9000.0,0,-236079.0,-245079.0,,,,
3711,日月光投控,上市,,,1906308.0,-2167000.0,15519.0,-245173.0,,,,
3703,欣陸,上市,,,-246000.0,0,0,-246000.0,,,,
8438,昶昕,上市,,,-254099.0,0,-406.0,-254505.0,,,,
9941,裕融,上市,,,7920.0,-252184.0,-10590.0,-254854.0,,,,
5519,隆大,上市,,,-262000.0,0,363.0,-261637.0,,,,
6541,泰福-KY,上市,,,-262999.0,0,93.0,-262906.0,,,,
00902,中信電池及儲能,上市,,,-174000.0,0,-89120.0,-263120.0,,,,
2536,宏普,上市,,,-264000.0,0,0,-264000.0,,,,
4306,炎洲,上市,,,-236112.0,0,-28000.0,-264112.0,,,,
6757,台灣虎航,上市,,,-275000.0,0,0,-275000.0,,,,
3380,明泰,上市,,,-271039.0,0,-7214.0,-278253.0,,,,
3008,大立光,上市,,,-192162.0,-106000.0,18596.0,-279566.0,,,,
2406,國碩,上市,,,-283950.0,0,4086.0,-279864.0,,,,
3532,台勝科,上市,,,-278414.0,10000.0,-17093.0,-285507.0,,,,
2442,新美齊,上市,,,-286000.0,0,0,-286000.0,,,,
6933,AMAX-KY,上市,,,-246211.0,0,-40930.0,-287141.0,,,,
00643,群益深証中小,上市,,,-80000.0,0,-207815.0,-287815.0,,,,
3714,富采,上市,,,-307402.0,0,17899.0,-289503.0,,,,
1514,亞力,上市,,,-278414.0,0,-12921.0,-291335.0,,,,
00947,台新臺灣IC設計,上市,,,-372301.0,0,72887.0,-299414.0,,,,
2383,台光電,上市,,,27808.0,-405000.0,76991.0,-300201.0,,,,
2441,超豐,上市,,,179743.0,-474000.0,-10486.0,-304743.0,,,,
00650L,復華香港正2,上市,,,-145000.0,0,-160867.0,-305867.0,,,,
8039,台虹,上市,,,-217024.0,0,-98787.0,-315811.0,,,,
2498,宏達電,上市,,,-613130.0,0,295793.0,-317337.0,,,,
9938,百和,上市,,,-315000.0,-3565.0,-300.0,-318865.0,,,,
3062,建漢,上市,,,-317000.0,0,-3642.0,-320642.0,,,,
3032,偉訓,上市,,,-320946.0,0,-1000.0,-321946.0,,,,
2352,佳世達,上市,,,-260973.0,0,-61000.0,-321973.0,,,,
8110,華東,上市,,,-379000.0,0,52754.0,-326246.0,,,,
3049,精金,上市,,,-341000.0,0,6022.0,-334978.0,,,,
2379,瑞昱,上市,,,-937777.0,461000.0,141757.0,-335020.0,,,,
1718,中纖,上市,,,-340513.0,0,3209.0,-337304.0,,,,
6477,安集,上市,,,-338214.0,0,-142.0,-338356.0,,,,
3033,威健,上市,,,-271003.0,-4688.0,-62966.0,-338657.0,,,,
1909,榮成,上市,,,-337435.0,0,-5000.0,-342435.0,,,,
2103,台橡,上市,,,-324032.0,0,-19034.0,-343066.0,,,,
3229,晟鈦,上市,,,-351547.0,0,0,-351547.0,,,,
00924,復華S&P500成長,上市,,,14148.0,0,-366606.0,-352458.0,,,,
3138,耀登,上市,,,-360169.0,0,-5294.0,-365463.0,,,,
009819,中信數據及電力,上市,,,-37000.0,0,-333520.0,-370520.0,,,,
3715,定穎投控,上市,,,-332094.0,0,-38604.0,-370698.0,,,,
3090,日電貿,上市,,,-356906.0,-22000.0,2054.0,-376852.0,,,,
8996,高力,上市,,,-330877.0,-54000.0,6625.0,-378252.0,,,,
6919,康霈*,上市,,,-362354.0,0,-18232.0,-380586.0,,,,
2101,南港,上市,,,-378862.0,0,-8409.0,-387271.0,,,,
2493,揚博,上市,,,-369145.0,0,-29746.0,-398891.0,,,,
2820,華票,上市,,,-472400.0,0,71343.0,-401057.0,,,,
4960,誠美材,上市,,,-349000.0,0,-53695.0,-402695.0,,,,
0055,元大MSCI金融,上市,,,-10928.0,0,-393246.0,-404174.0,,,,
00934,中信成長高股息,上市,,,679000.0,0,-1083475.0,-404475.0,,,,
1710,東聯,上市,,,-407934.0,0,782.0,-407152.0,,,,
2302,麗正,上市,,,-484475.0,0,76520.0,-407955.0,,,,
2838,聯邦銀,上市,,,-415906.0,-5000.0,11871.0,-409035.0,,,,
9904,寶成,上市,,,-234445.0,46258.0,-233019.0,-421206.0,,,,
6112,邁達特,上市,,,-503306.0,0,79285.0,-424021.0,,,,
00907,永豐優息存股,上市,,,-53000.0,0,-375608.0,-428608.0,,,,
00655L,國泰中國A50正2,上市,,,-12000.0,0,-418292.0,-430292.0,,,,
8261,富鼎,上市,,,-485400.0,20000.0,30336.0,-435064.0,,,,
6446,藥華藥,上市,,,-421602.0,-16000.0,515.0,-437087.0,,,,
8112,至上,上市,,,-773585.0,359000.0,-23094.0,-437679.0,,,,
2241,艾姆勒,上市,,,-446511.0,0,70.0,-446441.0,,,,
2646,星宇航空,上市,,,-442480.0,0,-6071.0,-448551.0,,,,
2501,國建,上市,,,-449000.0,0,185.0,-448815.0,,,,
2338,光罩,上市,,,-450910.0,0,-2976.0,-453886.0,,,,
00964,中信亞太高股息,上市,,,-32000.0,0,-429175.0,-461175.0,,,,
2913,農林,上市,,,-344000.0,0,-122000.0,-466000.0,,,,
2208,台船,上市,,,-466299.0,0,0,-466299.0,,,,
3376,新日興,上市,,,-462086.0,0,-7910.0,-469996.0,,,,
6589,台康生技,上市,,,-472681.0,0,25.0,-472656.0,,,,
6177,達麗,上市,,,-468045.0,0,-5602.0,-473647.0,,,,
6456,GIS-KY,上市,,,-661230.0,0,185139.0,-476091.0,,,,
2345,智邦,上市,,,-4585.0,-485001.0,9003.0,-480583.0,,,,
7799,禾榮科,上市,,,-444596.0,0,-37562.0,-482158.0,,,,
4956,光鋐,上市,,,-392569.0,0,-93315.0,-485884.0,,,,
6742,澤米,上市,,,-491000.0,0,450.0,-490550.0,,,,
2211,長榮鋼,上市,,,-495000.0,-1613.0,-268.0,-496881.0,,,,
1608,華榮,上市,,,-497862.0,-4940.0,-8425.0,-511227.0,,,,
2515,中工,上市,,,-530650.0,0,1998.0,-528652.0,,,,
2912,統一超,上市,,,-640006.0,84000.0,25000.0,-531006.0,,,,
6669,緯穎,上市,,,45539.0,-536001.0,-46587.0,-537049.0,,,,
7769,鴻勁,上市,,,-253183.0,-277552.0,-6938.0,-537673.0,,,,
2801,彰銀,上市,,,-361961.0,-128000.0,-61596.0,-551557.0,,,,
1504,東元,上市,,,196882.0,-740000.0,-17570.0,-560688.0,,,,
009803,玉山市值動能50,上市,,,235050.0,0,-796898.0,-561848.0,,,,
00686R,群益臺灣加權反1,上市,,,10000.0,0,-577400.0,-567400.0,,,,
6243,迅杰,上市,,,-574385.0,0,219.0,-574166.0,,,,
2329,華泰,上市,,,-586000.0,0,-2415.0,-588415.0,,,,
2905,三商,上市,,,-598000.0,0,-1847.0,-599847.0,,,,
00945B,凱基美國非投等債,上市,,,5000.0,0,-611185.0,-606185.0,,,,
00646,元大S&P500,上市,,,-9848.0,204000.0,-815954.0,-621802.0,,,,
6706,惠特,上市,,,-638806.0,0,-3192.0,-641998.0,,,,
00917,中信特選金融,上市,,,-4000.0,0,-642155.0,-646155.0,,,,
0052,富邦科技,上市,,,-938832.0,0,281081.0,-657751.0,,,,
2354,鴻準,上市,,,-445328.0,0,-219976.0,-665304.0,,,,
00639,富邦深100,上市,,,-13900.0,0,-665637.0,-679537.0,,,,
2201,裕隆,上市,,,-681522.0,0,-5638.0,-687160.0,,,,
6239,力成,上市,,,-652322.0,0,-46522.0,-698844.0,,,,
00885,富邦越南,上市,,,-193970.0,0,-521099.0,-715069.0,,,,
00865B,國泰US短期公債,上市,,,-593999.0,0,-124448.0,-718447.0,,,,
6949,沛爾生醫*-創,上市,,,-620401.0,0,-99143.0,-719544.0,,,,
2887I,台新新光辛特,上市,,,-728810.0,0,0,-728810.0,,,,
3055,蔚華科,上市,,,-681602.0,0,-75418.0,-757020.0,,,,
2474,可成,上市,,,-791083.0,15000.0,5665.0,-770418.0,,,,
3014,聯陽,上市,,,-792621.0,17649.0,-264.0,-775236.0,,,,
3706,神達,上市,,,77406.0,-927000.0,37098.0,-812496.0,,,,
6176,瑞儀,上市,,,-808641.0,-17000.0,-399.0,-826040.0,,,,
2547,日勝生,上市,,,-886000.0,0,0,-886000.0,,,,
1528,恩德,上市,,,-907733.0,0,996.0,-906737.0,,,,
009805,台新美國電力基建,上市,,,-25000.0,0,-886084.0,-911084.0,,,,
00663L,國泰臺灣加權正2,上市,,,-277000.0,0,-641414.0,-918414.0,,,,
5880,合庫金,上市,,,-2072029.0,338000.0,781030.0,-952999.0,,,,
2504,國產,上市,,,-985000.0,0,-496.0,-985496.0,,,,
3042,晶技,上市,,,-2802910.0,1179000.0,633994.0,-989916.0,,,,
00891,中信關鍵半導體,上市,,,-440000.0,0,-558555.0,-998555.0,,,,
9945,潤泰新,上市,,,-917495.0,0,-83572.0,-1001067.0,,,,
00995A,主動中信台灣卓越,上市,,,603000.0,0,-1639248.0,-1036248.0,,,,
00892,富邦台灣半導體,上市,,,-89000.0,0,-952452.0,-1041452.0,,,,
3450,聯鈞,上市,,,-796016.0,-274000.0,5832.0,-1064184.0,,,,
1717,長興,上市,,,-1037059.0,0,-73360.0,-1110419.0,,,,
1102,亞泥,上市,,,-1329809.0,120477.0,95043.0,-1114289.0,,,,
8422,可寧衛*,上市,,,-1088330.0,0,-35000.0,-1123330.0,,,,
00665L,富邦恒生國企正2,上市,,,-965000.0,0,-174746.0,-1139746.0,,,,
2388,威盛,上市,,,-1184388.0,40000.0,-42358.0,-1186746.0,,,,
00985B,群益ESG投等債0-5,上市,,,884001.0,0,-2129550.0,-1245549.0,,,,
00913,兆豐台灣晶圓製造,上市,,,-318900.0,0,-930442.0,-1249342.0,,,,
2371,大同,上市,,,-1040508.0,0,-212363.0,-1252871.0,,,,
3645,達邁,上市,,,-1258000.0,0,1265.0,-1256735.0,,,,
00935,野村臺灣新科技50,上市,,,-698393.0,-597000.0,21263.0,-1274130.0,,,,
2845,遠東銀,上市,,,-822000.0,728000.0,-1284000.0,-1378000.0,,,,
1605,華新,上市,,,-1311504.0,0,-79146.0,-1390650.0,,,,
2332,友訊,上市,,,-1284120.0,0,-170854.0,-1454974.0,,,,
00963,中信全球高股息,上市,,,-259000.0,0,-1208799.0,-1467799.0,,,,
00962,台新AI優息動能,上市,,,19000.0,0,-1496936.0,-1477936.0,,,,
1722,台肥,上市,,,-1509048.0,0,-1000.0,-1510048.0,,,,
6205,詮欣,上市,,,-1532954.0,0,449.0,-1532505.0,,,,
2897,王道銀行,上市,,,-1501363.0,0,-33000.0,-1534363.0,,,,
3006,晶豪科,上市,,,-1549976.0,-20000.0,34310.0,-1535666.0,,,,
2313,華通,上市,,,-1419130.0,2000.0,-128178.0,-1545308.0,,,,
00662,富邦NASDAQ,上市,,,-159017.0,95000.0,-1589949.0,-1653966.0,,,,
5871,中租-KY,上市,,,-1735994.0,2509.0,77834.0,-1655651.0,,,,
3717,聯嘉投控,上市,,,-1659543.0,0,-5292.0,-1664835.0,,,,
00635U,期元大S&P黃金,上市,,,-63000.0,0,-1662924.0,-1725924.0,,,,
00738U,期元大道瓊白銀,上市,,,-165482.0,0,-1564343.0,-1729825.0,,,,
2368,金像電,上市,,,-2643797.0,659999.0,203936.0,-1779862.0,,,,
00633L,富邦上証正2,上市,,,60000.0,0,-1854615.0,-1794615.0,,,,
2481,強茂,上市,,,-1624542.0,0,-173602.0,-1798144.0,,,,
4919,新唐,上市,,,-1994559.0,20000.0,109441.0,-1865118.0,,,,
00922,國泰台灣領袖50,上市,,,-278000.0,0,-1637197.0,-1915197.0,,,,
4763,材料*-KY,上市,,,-1789922.0,1000.0,-138051.0,-1926973.0,,,,
2464,盟立,上市,,,-2057889.0,0,6346.0,-2051543.0,,,,
2883,凱基金,上市,,,-2679288.0,-41000.0,640525.0,-2079763.0,,,,
2426,鼎元,上市,,,-2084746.0,0,-15695.0,-2100441.0,,,,
2363,矽統,上市,,,-2047189.0,20000.0,-133485.0,-2160674.0,,,,
1216,統一,上市,,,-2559976.0,103000.0,262906.0,-2194070.0,,,,
2633,台灣高鐵,上市,,,-2711011.0,466000.0,0,-2245011.0,,,,
2891,中信金,上市,,,-4929287.0,1768000.0,909673.0,-2251614.0,,,,
2605,新興,上市,,,-2115337.0,0,-142437.0,-2257774.0,,,,
2489,瑞軒,上市,,,-1530393.0,0,-748983.0,-2279376.0,,,,
00708L,期元大S&P黃金正2,上市,,,28000.0,0,-2527346.0,-2499346.0,,,,
2882,國泰金,上市,,,-3351138.0,1604000.0,-780203.0,-2527341.0,,,,
2382,廣達,上市,,,-3653591.0,762000.0,148968.0,-2742623.0,,,,
3094,聯傑,上市,,,-2869512.0,0,-10000.0,-2879512.0,,,,
2887,台新新光金,上市,,,-3763596.0,-168000.0,1009483.0,-2922113.0,,,,
00713,元大台灣高息低波,上市,,,-206952.0,-150000.0,-2641678.0,-2998630.0,,,,
6443,元晶,上市,,,-3032400.0,0,-156.0,-3032556.0,,,,
2104,國際中橡,上市,,,-3083980.0,0,35309.0,-3048671.0,,,,
009821,野村稀土關鍵資源,上市,,,-152000.0,0,-2967979.0,-3119979.0,,,,
2881,富邦金,上市,,,-2939406.0,-326000.0,130196.0,-3135210.0,,,,
009829,大華韓國KOSPI50,上市,,,-3446700.0,0,287943.0,-3158757.0,,,,
2885,元大金,上市,,,-1502680.0,-1998000.0,335524.0,-3165156.0,,,,
3019,亞光,上市,,,-3134015.0,0,-34361.0,-3168376.0,,,,
6257,矽格,上市,,,-3686044.0,0,-249122.0,-3935166.0,,,,
2002,中鋼,上市,,,-4156707.0,-8000.0,75495.0,-4089212.0,,,,
6005,群益證,上市,,,-4357856.0,-3000.0,0,-4360856.0,,,,
2356,英業達,上市,,,-4407950.0,21000.0,-102784.0,-4489734.0,,,,
00664R,國泰臺灣加權反1,上市,,,0,0,-4590000.0,-4590000.0,,,,
3481,群創,上市,,,-1969313.0,0,-2653402.0,-4622715.0,,,,
2889,國票金,上市,,,-4869983.0,-3000.0,-59414.0,-4932397.0,,,,
2834,臺企銀,上市,,,-5091889.0,-7000.0,-63700.0,-5162589.0,,,,
4958,臻鼎-KY,上市,,,-5333479.0,-275000.0,74853.0,-5533626.0,,,,
2330,台積電,上市,,,-4667832.0,-1287718.0,242701.0,-5712849.0,,,,
2324,仁寶,上市,,,-6316129.0,108000.0,153952.0,-6054177.0,,,,
2342,茂矽,上市,,,-6140842.0,0,-16512.0,-6157354.0,,,,
009826,貝萊德世界股票,上市,,,-75956.0,0,-6426716.0,-6502672.0,,,,
6116,彩晶,上市,,,-7763602.0,0,293529.0,-7470073.0,,,,
00688L,國泰20年美債正2,上市,,,-1471000.0,0,-6051419.0,-7522419.0,,,,
2618,長榮航,上市,,,-11904982.0,4165419.0,95719.0,-7643844.0,,,,
00929,復華台灣科技優息,上市,,,-4812675.0,1000000.0,-3866056.0,-7678731.0,,,,
00673R,期元大S&P原油反1,上市,,,-554000.0,0,-7283027.0,-7837027.0,,,,
2610,華航,上市,,,-14209150.0,5571000.0,-118883.0,-8757033.0,,,,
00753L,中信中國50正2,上市,,,-364000.0,0,-8535119.0,-8899119.0,,,,
00927,群益半導體收益,上市,,,-7358050.0,0,-1590348.0,-8948398.0,,,,
2812,台中銀,上市,,,-9018717.0,-2000.0,-36679.0,-9057396.0,,,,
2337,旺宏,上市,,,-9082640.0,67000.0,-105645.0,-9121285.0,,,,
00984D,主動聯博全球非投,上市,,,6000.0,0,-10080096.0,-10074096.0,,,,
1314,中石化,上市,,,-11481917.0,0,-308129.0,-11790046.0,,,,
00637L,元大滬深300正2,上市,,,-790000.0,0,-11768670.0,-12558670.0,,,,
1101,台泥,上市,,,-12698600.0,-12000.0,-450135.0,-13160735.0,,,,
00961,FT臺灣永續高息,上市,,,528050.0,0,-14233943.0,-13705893.0,,,,
0056,元大高股息,上市,,,-5370568.0,150000.0,-9632676.0,-14853244.0,,,,
00680L,元大美債20正2,上市,,,-2985000.0,0,-13120300.0,-16105300.0,,,,
2344,華邦電,上市,,,-17824356.0,-162001.0,-8643.0,-17995000.0,,,,
1709,和益,上市,,,-19295908.0,0,-90028.0,-19385936.0,,,,
0050,元大台灣50,上市,,,-31362347.0,0,10477294.0,-20885053.0,,,,
00918,大華優利高填息30,上市,,,1406330.0,0,-23745434.0,-22339104.0,,,,
2408,南亞科,上市,,,-19952717.0,-2388001.0,-337246.0,-22677964.0,,,,
2317,鴻海,上市,,,-23872588.0,-263000.0,-95985.0,-24231573.0,,,,
00878,國泰永續高股息,上市,,,-3122021.0,0,-22290039.0,-25412060.0,,,,
00631L,元大台灣50正2,上市,,,-5520740.0,0,-27653094.0,-33173834.0,,,,
009816,凱基台灣TOP50,上市,,,-3972783.0,0,-33613410.0,-37586193.0,,,,
2303,聯電,上市,,,-35153207.0,-9471000.0,443284.0,-44180923.0,,,,
6770,力積電,上市,,,-42587441.0,-4000.0,-2225365.0,-44816806.0,,,,
00685L,群益臺灣加權正2,上市,,,-8007500.0,0,-50455306.0,-58462806.0,,,,
00919,群益台灣精選高息,上市,,,-7009630.0,0,-55819890.0,-62829520.0,,,,
2409,友達,上市,,,-79998614.0,-6000.0,2103828.0,-77900786.0,,,,
00712,復華富時不動產,上市,,,-4380000.0,0,-74205949.0,-78585949.0,,,,
00406A,主動中信台灣收益,上市,,,-35897100.0,0,-49846663.0,-85743763.0,,,,
00411A,主動統一前沿科技,上櫃,10.47,-0.2857142857142857,1169000.0,0,1441820.0,2610820.0,12239430.0,0.0,15095855.4,27335285.400000002
006201,元大富櫃50,上櫃,46.17,-0.23768366464995677,-2000.0,0,2385.0,385.0,-92340.0,0.0,110115.45,17775.45
00679B,元大美債20年,上櫃,25.28,-1.5576323987538943,2462200.0,0,-14655285.0,-12193085.0,62244416.0,0.0,-370485604.8,-308241188.8
00687B,國泰20年美債,上櫃,26.28,-1.4253563390847712,11307000.0,0,-17455690.0,-6148690.0,297147960.0,0.0,-458735533.20000005,-161587573.20000002
00687C,國泰20年美債+櫃U,上櫃,8.9,-1.8743109151047408,0,0,0,0,0.0,0.0,0.0,0.0
00694B,富邦美債1-3,上櫃,41.64,0.21660649819494585,-29000.0,0,-455756.0,-484756.0,-1207560.0,0.0,-18977679.84,-20185239.84
00695B,富邦美債7-10,上櫃,33.94,-0.7021650087770626,-37000.0,0,8486.0,-28514.0,-1255780.0,0.0,288014.83999999997,-967765.1599999999
00696B,富邦美債20年,上櫃,27.54,-1.537361458705756,5419000.0,0,-5845023.0,-426023.0,149239260.0,0.0,-160971933.42,-11732673.42
00697B,元大美債7-10,上櫃,34.16,-0.8130081300813009,6000.0,0,-382536.0,-376536.0,204959.99999999997,0.0,-13067429.759999998,-12862469.759999998
00719B,元大美債1-3,上櫃,30.95,0.19423761735189382,455030.0,0,-1031574.0,-576544.0,14083178.5,0.0,-31927215.3,-17844036.8
00720B,元大投資級公司債,上櫃,31.53,-1.3762902721301218,-1681000.0,0,-1072870.0,-2753870.0,-53001930.0,0.0,-33827591.1,-86829521.10000001
00722B,群益投資級電信債,上櫃,33.84,-1.3698630136986298,-547000.0,0,-164140.0,-711140.0,-18510480.000000004,0.0,-5554497.600000001,-24064977.6
00723B,群益投資級科技債,上櫃,29.0,-1.4276002719238612,0,0,-11020.0,-11020.0,0.0,0.0,-319580.0,-319580.0
00724B,群益投資級金融債,上櫃,32.22,-1.165644171779141,-467000.0,0,151667.0,-315333.0,-15046740.0,0.0,4886710.74,-10160029.26
00725B,國泰投資級公司債,上櫃,33.59,-1.2058823529411764,-503000.0,0,15848.0,-487152.0,-16895770.0,0.0,532334.3200000001,-16363435.680000002
00726B,國泰新興投等債,上櫃,31.72,-0.5642633228840126,-405000.0,0,422406.0,17406.0,-12846600.0,0.0,13398718.32,552118.32
00727B,國泰優選非投等債,上櫃,39.09,-0.10222335803731153,8000.0,0,9054.0,17054.0,312720.0,0.0,353920.86000000004,666640.8600000001
00734B,台新JPM新興債,上櫃,15.23,-0.6523157208088716,-119000.0,0,119000.0,0,-1812370.0,0.0,1812370.0,0.0
00740B,富邦全球投等債,上櫃,36.67,-1.3451708366962605,-300000.0,1083000.0,-1569323.0,-786323.0,-11001000.0,39713610.0,-57547074.410000004,-28834464.41
00741B,富邦全球非投等債,上櫃,36.94,-0.08114687584527995,0,0,-4214.0,-4214.0,0.0,0.0,-155665.16,-155665.16
00746B,富邦A級公司債,上櫃,33.88,-1.2532789274264062,-77000.0,0,61997.0,-15003.0,-2608760.0,0.0,2100458.3600000003,-508301.64
00749B,凱基新興債10+,上櫃,30.47,-0.6844850065189048,-1000.0,0,0,-1000.0,-30470.0,0.0,0.0,-30470.0
00750B,凱基科技債10+,上櫃,31.29,-1.3867002836432398,-1000.0,0,0,-1000.0,-31290.0,0.0,0.0,-31290.0
00751B,元大AAA至A公司債,上櫃,29.56,-1.4338112704234744,-2611950.0,0,-3262145.0,-5874095.0,-77209242.0,0.0,-96429006.2,-173638248.2
00754B,群益AAA-AA公司債,上櫃,31.02,-1.3044861597200126,-6000.0,0,-3148.0,-9148.0,-186120.0,0.0,-97650.95999999999,-283770.96
00755B,群益投資級公用債,上櫃,31.12,-1.174976182915211,-2000.0,0,-165.0,-2165.0,-62240.0,0.0,-5134.8,-67374.8
00756B,群益投等新興公債,上櫃,29.73,-1.097804391217565,-81000.0,0,9500.0,-71500.0,-2408130.0,0.0,282435.0,-2125695.0
00758B,復華能源債,上櫃,49.56,-0.88,0,0,0,0,0.0,0.0,0.0,0.0
00759B,復華製藥債,上櫃,51.95,-1.5165876777251186,0,0,0,0,0.0,0.0,0.0,0.0
00760B,復華新興企業債,上櫃,51.5,-0.4830917874396135,0,0,-223.0,-223.0,0.0,0.0,-11484.5,-11484.5
00761B,國泰A級公司債,上櫃,32.52,-1.4545454545454546,-16000.0,0,-39723.0,-55723.0,-520320.00000000006,0.0,-1291791.9600000002,-1812111.9600000002
00764B,群益25年美債,上櫃,26.24,-1.3904547162720782,-24000.0,0,-107270.0,-131270.0,-629760.0,0.0,-2814764.8,-3444524.8
00768B,復華20年美債,上櫃,47.1,-1.402553904123927,-18000.0,0,-137614.0,-155614.0,-847800.0,0.0,-6481619.4,-7329419.4
00772B,中信高評級公司債,上櫃,31.84,-1.3325069724202043,-328000.0,0,-1467291.0,-1795291.0,-10443520.0,0.0,-46718545.44,-57162065.44
00773B,中信優先金融債,上櫃,33.99,-1.4211136890951275,85000.0,0,182495.0,267495.0,2889150.0,0.0,6203005.050000001,9092155.05
00777B,凱基AAA至A公司債,上櫃,30.73,-1.28493414712496,2000.0,0,-8000.0,-6000.0,61460.0,0.0,-245840.0,-184380.0
00778B,凱基金融債20+,上櫃,32.56,-1.3333333333333335,7000.0,0,3000.0,10000.0,227920.00000000003,0.0,97680.0,325600.0
00779B,凱基美債25+,上櫃,26.47,-1.4886490509862302,37000.0,0,-60000.0,-23000.0,979390.0,0.0,-1588200.0,-608810.0
00780B,國泰A級金融債,上櫃,35.74,-0.6946373992775771,0,0,-6056.0,-6056.0,0.0,0.0,-216441.44,-216441.44
00781B,國泰A級科技債,上櫃,26.29,-1.4248218972628421,-7000.0,0,-56398.0,-63398.0,-184030.0,0.0,-1482703.42,-1666733.42
00782B,國泰A級公用債,上櫃,28.98,-1.260647359454855,0,0,-79743.0,-79743.0,0.0,0.0,-2310952.14,-2310952.14
00785B,富邦金融投等債,上櫃,33.4,-1.1541876294761766,19000.0,0,-21000.0,-2000.0,634600.0,0.0,-701400.0,-66800.0
00786B,元大10年IG銀行債,上櫃,31.26,-0.667302192564347,-29000.0,0,29300.0,300.0,-906540.0,0.0,915918.0,9378.0
00787B,元大10年IG醫療債,上櫃,30.9,-0.8980115458627326,-15000.0,0,29931.0,14931.0,-463500.0,0.0,924867.8999999999,461367.89999999997
00788B,元大10年IG電能債,上櫃,28.7,-1.4423076923076923,0,0,-1200.0,-1200.0,0.0,0.0,-34440.0,-34440.0
00789B,復華公司債A3,上櫃,45.53,-1.5993084071752754,-1000.0,0,-75.0,-1075.0,-45530.0,0.0,-3414.75,-48944.75
00791B,復華信用債1-5,上櫃,56.45,0.1774622892635315,-4000.0,0,4000.0,0,-225800.0,0.0,225800.0,0.0
00792B,群益A級公司債,上櫃,29.85,-1.2896825396825395,-1000.0,0,-4882.0,-5882.0,-29850.0,0.0,-145727.7,-175577.7
00795B,中信美國公債20年,上櫃,25.41,-1.4352211016291698,3761000.0,0,-7409823.0,-3648823.0,95567010.0,0.0,-188283602.43,-92716592.43
00799B,國泰A級醫療債,上櫃,28.11,-1.4030164854437042,-23000.0,0,-17927.0,-40927.0,-646530.0,0.0,-503927.97,-1150457.97
00834B,第一金金融債10+,上櫃,32.69,-1.2983091787439613,0,0,0,0,0.0,0.0,0.0,0.0
00836B,永豐10年A公司債,上櫃,27.15,-1.3803123864874682,-57000.0,0,39911.0,-17089.0,-1547550.0,0.0,1083583.65,-463966.35
00840B,凱基IG精選15+,上櫃,28.27,-1.188395665851101,0,0,0,0,0.0,0.0,0.0,0.0
00841B,凱基AAA-AA公司債,上櫃,27.06,-1.0241404535479153,0,0,0,0,0.0,0.0,0.0,0.0
00842B,台新美元銀行債,上櫃,28.89,-0.9598902982516285,-56000.0,0,-327087.0,-383087.0,-1617840.0,0.0,-9449543.43,-11067383.43
00844B,台新15年IG金融債,上櫃,29.96,-1.4149391247120762,0,0,0,0,0.0,0.0,0.0,0.0
00845B,富邦新興投等債,上櫃,32.03,-0.5279503105590062,-10000.0,0,10000.0,0,-320300.0,0.0,320300.0,0.0
00846B,富邦歐洲銀行債,上櫃,34.53,-0.718803910293272,0,0,-2332.0,-2332.0,0.0,0.0,-80523.96,-80523.96
00847B,中信美國市政債,上櫃,23.9,-1.3212221304706855,17000.0,0,14000.0,31000.0,406300.0,0.0,334600.0,740900.0
00848B,中信新興亞洲債,上櫃,32.98,-0.5128205128205129,-29000.0,0,29000.0,0,-956419.9999999999,0.0,956419.9999999999,0.0
00849B,中信EM主權債0-5,上櫃,37.24,0.2692514808831449,-9000.0,0,-41045.0,-50045.0,-335160.0,0.0,-1528515.8,-1863675.8
00853B,統一美債10年Aa-A,上櫃,26.07,-1.399394856278366,-55000.0,0,1168.0,-53832.0,-1433850.0,0.0,30449.760000000002,-1403400.24
00856B,永豐1-3年美公債,上櫃,37.08,0.24330900243309003,12000.0,0,438.0,12438.0,444960.0,0.0,16241.039999999999,461201.04
00857B,永豐20年美公債,上櫃,21.86,-1.442741208295762,366000.0,0,-740947.0,-374947.0,8000760.0,0.0,-16197101.42,-8196341.42
00858,永豐美國500大,上櫃,36.12,-0.5780346820809248,-6000.0,0,-3162.0,-9162.0,-216719.99999999997,0.0,-114211.43999999999,-330931.44
00859B,群益0-1年美債,上櫃,40.63,0.42016806722689076,158000.0,0,-99600.0,58400.0,6419540.0,0.0,-4046748.0000000005,2372792.0
00860B,群益1-5Y投資級債,上櫃,37.74,0.3456527519276788,0,0,-5402.0,-5402.0,0.0,0.0,-203871.48,-203871.48
00862B,中信投資級公司債,上櫃,29.92,-1.351796900758325,27000.0,0,-44983.0,-17983.0,807840.0,0.0,-1345891.36,-538051.36
00863B,中信全球電信債,上櫃,30.05,-1.1187890753537348,-7000.0,0,-5270.0,-12270.0,-210350.0,0.0,-158363.5,-368713.5
00864B,中信美國公債0-1,上櫃,46.17,0.4132231404958678,456000.0,0,19000.0,475000.0,21053520.0,0.0,877230.0,21930750.0
00867B,台新A-BBB電信債,上櫃,29.06,-1.2907608695652175,-3000.0,0,2000.0,-1000.0,-87180.0,0.0,58120.0,-29060.0
00870B,元大15年EM主權債,上櫃,26.94,-1.5350877192982453,-73000.0,0,68000.0,-5000.0,-1966620.0,0.0,1831920.0,-134700.0
00877,復華中國5G,上櫃,37.93,-1.9643318686999225,-217000.0,0,-399316.0,-616316.0,-8230810.0,0.0,-15146055.879999999,-23376865.88
00884B,中信低碳新興債,上櫃,28.28,-1.0150507525376269,0,0,-428.0,-428.0,0.0,0.0,-12103.84,-12103.84
00886,永豐美國科技,上櫃,49.66,0.40436716538617073,0,0,-4.0,-4.0,0.0,0.0,-198.64,-198.64
00887,永豐中國科技50大,上櫃,15.89,-1.4267990074441688,-182000.0,0,-156209.0,-338209.0,-2891980.0,0.0,-2482161.0100000002,-5374141.01
00888,永豐台灣ESG,上櫃,36.0,-0.4149377593360996,-116874.0,0,-1757245.0,-1874119.0,-4207464.0,0.0,-63260820.0,-67468284.0
00890B,凱基ESG BBB債15+,上櫃,30.68,-1.3187520102926986,-15000.0,0,0,-15000.0,-460200.0,0.0,0.0,-460200.0
00928,中信上櫃ESG 30,上櫃,33.33,-0.2991325157044571,-20000.0,0,-10067.0,-30067.0,-666600.0,0.0,-335533.11,-1002133.11
00931B,統一美債20年,上櫃,12.78,-1.4649190439475714,5000.0,0,-453418.0,-448418.0,63900.0,0.0,-5794682.04,-5730782.04
00933B,國泰10Y+金融債,上櫃,15.24,-1.0389610389610389,-1552000.0,0,-12493063.0,-14045063.0,-23652480.0,0.0,-190394280.12,-214046760.12
00937B,群益ESG投等債20+,上櫃,14.11,-1.2596221133659902,-26975629.0,0,-21230732.0,-48206361.0,-380626125.19,0.0,-299565628.52,-680191753.7099999
00942B,台新美A公司債20+,上櫃,13.53,-1.3848396501457727,-875000.0,0,758539.0,-116461.0,-11838750.0,0.0,10263032.67,-1575717.3299999998
00948B,中信優息投資級債,上櫃,9.01,-1.206140350877193,-75000.0,0,-1340781.0,-1415781.0,-675750.0,0.0,-12080436.81,-12756186.81
00950B,凱基A級公司債,上櫃,13.42,-1.105379513633014,-312000.0,0,-860725.0,-1172725.0,-4187040.0,0.0,-11550929.5,-15737969.5
00955,中信日本商社,上櫃,16.08,-1.7715332926084304,-404000.0,0,125558.0,-278442.0,-6496319.999999999,0.0,2018972.64,-4477347.359999999
00957B,兆豐US優選投等債,上櫃,12.78,-1.2364760432766617,-8000.0,0,-50915.0,-58915.0,-102240.0,0.0,-650693.7,-752933.7
00958B,永豐ESG銀行債15+,上櫃,8.83,-1.2304250559284116,19000.0,0,77166.0,96166.0,167770.0,0.0,681375.78,849145.78
00959B,大華投等美債15Y+,上櫃,8.98,-1.1013215859030838,-821000.0,0,-868833.0,-1689833.0,-7372580.0,0.0,-7802120.340000001,-15174700.34
00966B,統一ESG投等債15+,上櫃,13.32,-1.2601927353595257,-431000.0,0,355589.0,-75411.0,-5740920.0,0.0,4736445.48,-1004474.52
00967B,元大優息美債,上櫃,8.68,-1.3636363636363638,-13000.0,0,-93180.0,-106180.0,-112840.0,0.0,-808802.4,-921642.4
00968B,元大優息投等債,上櫃,8.83,-1.3407821229050279,-540000.0,0,-2141300.0,-2681300.0,-4768200.0,0.0,-18907679.0,-23675879.0
00969B,元大零息超長美債,上櫃,7.83,-2.247191011235955,-5000.0,0,-260590.0,-265590.0,-39150.0,0.0,-2040419.7,-2079569.7
00970B,台新BBB投等債20+,上櫃,8.92,-1.2181616832779625,-286000.0,0,-1417776.0,-1703776.0,-2551120.0,0.0,-12646561.92,-15197681.92
009806,台新標普500,上櫃,13.74,-0.7942238267148014,0,0,-6057.0,-6057.0,0.0,0.0,-83223.18000000001,-83223.18000000001
009807,台新標普科技精選,上櫃,17.81,0.0,0,0,6660.0,6660.0,0.0,0.0,118614.59999999999,118614.59999999999
00980B,台新特選IG債10+,上櫃,9.04,-1.0940919037199126,-1000.0,0,-44000.0,-45000.0,-9040.0,0.0,-397759.99999999994,-406799.99999999994
00980D,主動聯博投等入息,上櫃,19.73,-0.5042864346949066,-3000.0,0,-230700.0,-233700.0,-59190.0,0.0,-4551711.0,-4610901.0
00980T,平衡凱基美國TOP,上櫃,12.03,-0.9876543209876545,0,0,253.0,253.0,0.0,0.0,3043.5899999999997,3043.5899999999997
009814,富邦標普500,上櫃,11.41,-0.6097560975609756,-1000.0,0,-36873.0,-37873.0,-11410.0,0.0,-420720.93,-432130.93
009815,大華美國MAG7+,上櫃,11.93,-0.8312551953449709,373000.0,0,-280483.0,92517.0,4449890.0,0.0,-3346162.19,1103727.81
00981B,第一金優選非投債,上櫃,9.02,-0.22123893805309738,-62000.0,0,-4583000.0,-4645000.0,-559240.0,0.0,-41338660.0,-41897900.0
00981D,主動中信非投等債,上櫃,10.16,-0.09832841691248771,2000.0,0,869203.0,871203.0,20320.0,0.0,8831102.48,8851422.48
009822,華南永昌未來金融,上櫃,9.88,-1.2987012987012987,-2000.0,0,186000.0,184000.0,-19760.0,0.0,1837680.0000000002,1817920.0000000002
009823,群益S&P500,上櫃,10.46,-0.47573739295908657,0,0,212667.0,212667.0,0.0,0.0,2224496.8200000003,2224496.8200000003
009825,聯邦美國金融創新,上櫃,9.92,-1.0967098703888336,-5000.0,0,484406.0,479406.0,-49600.0,0.0,4805307.52,4755707.52
00982B,FT投資級債20+,上櫃,9.31,-1.1677282377919322,-9000.0,0,-1399.0,-10399.0,-83790.0,0.0,-13024.69,-96814.69
00983B,大華優利美公債20,上櫃,14.82,-1.4627659574468084,50000.0,0,-131316.0,-81316.0,741000.0,0.0,-1946103.12,-1205103.12
00984B,大華優利美A債15,上櫃,15.59,-1.2040557667934093,8000.0,0,-266792.0,-258792.0,124720.0,0.0,-4159287.28,-4034567.28
00985D,主動貝萊德優投等,上櫃,9.65,-0.9240246406570842,418000.0,0,-813122.0,-395122.0,4033700.0,0.0,-7846627.300000001,-3812927.3000000003
00986B,FT金融債10+,上櫃,9.36,-1.783840503672613,-49000.0,0,9080.0,-39920.0,-458640.0,0.0,84988.79999999999,-373651.19999999995
00986D,主動復華金融債息,上櫃,14.08,-0.6351446718419195,-56000.0,0,38445.0,-17555.0,-788480.0,0.0,541305.6,-247174.4
00987B,野村10+澳洲公債,上櫃,15.44,-1.3418530351437699,0,0,-853394.0,-853394.0,0.0,0.0,-13176403.36,-13176403.36
00987D,主動統一美債量化,上櫃,9.71,-2.0181634712411705,1000.0,0,-272448.0,-271448.0,9710.0,0.0,-2645470.08,-2635760.08
00988B,玉山嚴選非投債,上櫃,19.31,-0.1034661148473875,-616000.0,0,569557.0,-46443.0,-11894960.0,0.0,10998145.67,-896814.33
00989B,台新美國非投等債,上櫃,9.93,-0.20100502512562815,2000.0,0,-589775.0,-587775.0,19860.0,0.0,-5856465.75,-5836605.75
00990B,國泰收益非投等債,上櫃,9.88,0.0,-1000.0,0,141872.0,140872.0,-9880.0,0.0,1401695.36,1391815.36
00998A,主動復華金融股息,上櫃,16.63,-1.2470308788598574,-425800.0,0,-5617233.0,-6043033.0,-7081054.0,0.0,-93414584.78999999,-100495638.78999999
020025,統一亞洲半導體N,上櫃,40.33,0.07444168734491315,0,0,17000.0,17000.0,0.0,0.0,685610.0,685610.0
020033,統一恒生科期N,上櫃,3.47,-0.8571428571428572,0,0,-89000.0,-89000.0,0.0,0.0,-308830.0,-308830.0
020041,兆豐半導體氣候N,上櫃,20.95,-0.6638217164532955,0,0,-96000.0,-96000.0,0.0,0.0,-2011200.0,-2011200.0
1240,茂生農經,上櫃,55.2,0.9140767824497258,1000.0,0,1598.0,2598.0,55200.0,0.0,88209.6,143409.6
1259,安心,上櫃,68.0,0.44313146233382567,0,0,0,0,0.0,0.0,0.0,0.0
1264,德麥,上櫃,244.5,0.0,0,0,-472.0,-472.0,0.0,0.0,-115404.0,-115404.0
1268,漢來美食,上櫃,174.5,0.0,-80.0,0,0,-80.0,-13960.0,0.0,0.0,-13960.0
1294,漢田生技,上櫃,50.3,-0.7889546351084813,2000.0,0,-123.0,1877.0,100600.0,0.0,-6186.9,94413.09999999999
1295,生合,上櫃,47.1,3.973509933774834,2000.0,0,0,2000.0,94200.0,0.0,0.0,94200.0
1336,台翰,上櫃,17.1,0.8849557522123892,19000.0,0,0,19000.0,324900.0,0.0,0.0,324900.0
1565,精華,上櫃,95.5,-0.5208333333333333,6000.0,0,147.0,6147.0,573000.0,0.0,14038.5,587038.5
1569,濱川,上櫃,64.7,2.2116903633491307,104264.0,0,7345.0,111609.0,6745880.800000001,0.0,475221.5,7221102.300000001
1570,力肯,上櫃,32.85,1.0769230769230769,-2000.0,0,-2.0,-2002.0,-65700.0,0.0,-65.7,-65765.7
1580,新麥,上櫃,97.0,0.5181347150259068,11000.0,0,-76.0,10924.0,1067000.0,0.0,-7372.0,1059628.0
1584,精剛,上櫃,18.0,-0.5524861878453038,91888.0,0,299.0,92187.0,1653984.0,0.0,5382.0,1659366.0
1586,和勤,上櫃,18.0,0.27855153203342625,26000.0,0,0,26000.0,468000.0,0.0,0.0,468000.0
1591,駿吉-KY,上櫃,40.4,-2.8846153846153846,-81349.0,0,0,-81349.0,-3286499.6,0.0,0.0,-3286499.6
1593,祺驊,上櫃,31.8,-0.4694835680751174,9000.0,0,0,9000.0,286200.0,0.0,0.0,286200.0
1595,川寶,上櫃,77.4,-1.4012738853503186,-111960.0,0,-7152.0,-119112.0,-8665704.0,0.0,-553564.8,-9219268.8
1599,宏佳騰,上櫃,23.05,-0.21645021645021645,0,0,0,0,0.0,0.0,0.0,0.0
1777,生泰,上櫃,74.3,0.26990553306342785,-1000.0,0,0,-1000.0,-74300.0,0.0,0.0,-74300.0
1780,立弘,上櫃,24.7,-0.6036217303822938,-16000.0,0,0,-16000.0,-395200.0,0.0,0.0,-395200.0
1781,合世,上櫃,10.05,0.0,0,0,0,0,0.0,0.0,0.0,0.0
1784,訊聯,上櫃,61.3,-1.92,5000.0,0,-80.0,4920.0,306500.0,0.0,-4904.0,301596.0
1785,光洋科,上櫃,95.8,-0.7253886010362693,-98156.0,0,-596.0,-98752.0,-9403344.799999999,0.0,-57096.799999999996,-9460441.6
1788,杏昌,上櫃,128.0,0.39215686274509803,-1000.0,0,0,-1000.0,-128000.0,0.0,0.0,-128000.0
1796,金穎生技,上櫃,29.5,-1.6666666666666667,-2000.0,0,-5.0,-2005.0,-59000.0,0.0,-147.5,-59147.5
1799,易威,上櫃,28.9,0.34722222222222227,3000.0,0,0,3000.0,86700.0,0.0,0.0,86700.0
1813,寶利徠,上櫃,11.3,-0.44052863436123346,1000.0,0,614.0,1614.0,11300.0,0.0,6938.200000000001,18238.2
1815,富喬,上櫃,116.0,-3.3333333333333335,-9055072.0,-265000.0,-624074.0,-9944146.0,-1050388352.0,-30740000.0,-72392584.0,-1153520936.0
2061,風青,上櫃,54.0,-3.225806451612903,-276941.0,0,5606.0,-271335.0,-14954814.0,0.0,302724.0,-14652090.0
2063,世鎧,上櫃,23.6,0.0,7000.0,0,-47.0,6953.0,165200.0,0.0,-1109.2,164090.80000000002
2065,世豐,上櫃,35.2,0.2849002849002849,7000.0,0,-100.0,6900.0,246400.00000000003,0.0,-3520.0000000000005,242880.00000000003
2066,世德,上櫃,52.9,0.18939393939393942,-2000.0,0,0,-2000.0,-105800.0,0.0,0.0,-105800.0
2070,精湛,上櫃,61.0,0.32894736842105265,-254.0,0,-18.0,-272.0,-15494.0,0.0,-1098.0,-16592.0
2221,大甲,上櫃,164.0,3.4700315457413247,-89199.0,0,-1000.0,-90199.0,-14628636.0,0.0,-164000.0,-14792636.0
2230,泰茂,上櫃,22.45,5.647058823529411,31000.0,0,299.0,31299.0,695950.0,0.0,6712.55,702662.5499999999
2596,綠意,上櫃,35.45,1.2857142857142856,8044.0,0,0,8044.0,285159.80000000005,0.0,0.0,285159.80000000005
2640,大車隊,上櫃,157.0,-0.31746031746031744,10000.0,0,0,10000.0,1570000.0,0.0,0.0,1570000.0
2641,正德,上櫃,17.55,0.2857142857142857,-46913.0,0,-2.0,-46915.0,-823323.15,0.0,-35.1,-823358.25
2643,捷迅,上櫃,62.7,-0.3179650238473768,0,0,0,0,0.0,0.0,0.0,0.0
2718,全心投控,上櫃,40.8,0.36900369003690037,-4000.0,0,0,-4000.0,-163200.0,0.0,0.0,-163200.0
2719,燦星旅,上櫃,19.55,0.0,1000.0,0,0,1000.0,19550.0,0.0,0.0,19550.0
2729,瓦城,上櫃,157.5,0.0,-5016.0,0,0,-5016.0,-790020.0,0.0,0.0,-790020.0
2732,六角,上櫃,63.2,-2.769230769230769,2000.0,0,0,2000.0,126400.0,0.0,0.0,126400.0
2734,易飛網,上櫃,14.5,0.0,-7000.0,0,-40.0,-7040.0,-101500.0,0.0,-580.0,-102080.0
2736,富野,上櫃,11.25,0.0,-1000.0,0,-102.0,-1102.0,-11250.0,0.0,-1147.5,-12397.5
2743,山富,上櫃,54.3,0.5555555555555556,5000.0,0,-2000.0,3000.0,271500.0,0.0,-108600.0,162900.0
2745,五福,上櫃,84.6,-0.35335689045936397,-47000.0,0,-13205.0,-60205.0,-3976199.9999999995,0.0,-1117143.0,-5093343.0
2751,王座,上櫃,54.3,-0.18382352941176472,-1000.0,0,0,-1000.0,-54300.0,0.0,0.0,-54300.0
2754,亞洲藏壽司,上櫃,68.3,-0.43731778425655976,8000.0,0,0,8000.0,546400.0,0.0,0.0,546400.0
2755,揚秦,上櫃,98.7,-0.8040201005025126,-5000.0,0,493.0,-4507.0,-493500.0,0.0,48659.1,-444840.9
2756,聯發國際,上櫃,63.0,0.1589825119236884,0,0,0,0,0.0,0.0,0.0,0.0
2916,滿心,上櫃,40.6,0.6195786864931846,0,0,0,0,0.0,0.0,0.0,0.0
3066,李洲,上櫃,27.4,0.5504587155963302,-130586.0,0,-654.0,-131240.0,-3578056.4,0.0,-17919.6,-3595976.0
3071,協禧,上櫃,23.0,-0.21691973969631237,-20000.0,0,736.0,-19264.0,-460000.0,0.0,16928.0,-443072.0
3073,天方能源,上櫃,20.3,0.0,0,0,0,0,0.0,0.0,0.0,0.0
3078,僑威,上櫃,45.45,0.5530973451327433,124000.0,0,-71004.0,52996.0,5635800.0,0.0,-3227131.8000000003,2408668.2
3081,聯亞,上櫃,2700.0,0.7462686567164178,197887.0,-140272.0,30839.0,88454.0,534294900.0,-378734400.0,83265300.0,238825800.0
3083,網龍,上櫃,22.85,0.0,19000.0,0,0,19000.0,434150.0,0.0,0.0,434150.0
3086,華義*,上櫃,28.3,-0.8756567425569177,-6000.0,0,-521.0,-6521.0,-169800.0,0.0,-14744.300000000001,-184544.30000000002
3088,艾訊,上櫃,129.5,1.968503937007874,150341.0,0,1772.0,152113.0,19469159.5,0.0,229474.0,19698633.5
3093,港建*,上櫃,44.8,0.5611672278338945,50905.0,0,-128.0,50777.0,2280544.0,0.0,-5734.4,2274809.5999999996
3095,及成,上櫃,34.0,2.2556390977443606,-2000.0,0,277.0,-1723.0,-68000.0,0.0,9418.0,-58582.0
3105,穩懋,上櫃,502.0,1.0060362173038229,3000536.0,434000.0,39995.0,3474531.0,1506269072.0,217868000.0,20077490.0,1744214562.0
3114,好德,上櫃,34.25,9.951845906902088,295000.0,0,4596.0,299596.0,10103750.0,0.0,157413.0,10261163.0
3115,富榮綱,上櫃,7.98,-0.4987531172069826,20000.0,0,0,20000.0,159600.0,0.0,0.0,159600.0
3118,進階,上櫃,30.85,-1.7515923566878981,5000.0,0,-125.0,4875.0,154250.0,0.0,-3856.25,150393.75
3122,笙泉,上櫃,24.0,-1.0309278350515463,-7000.0,0,-280.0,-7280.0,-168000.0,0.0,-6720.0,-174720.0
3128,昇銳,上櫃,20.35,0.49382716049382713,4000.0,0,0,4000.0,81400.0,0.0,0.0,81400.0
3131,弘塑,上櫃,2410.0,1.9027484143763214,77041.0,-13000.0,2126.0,66167.0,185668810.0,-31330000.0,5123660.0,159462470.0
3141,晶宏,上櫃,83.9,-2.893518518518518,-83931.0,0,-33833.0,-117764.0,-7041810.9,0.0,-2838588.7,-9880399.600000001
3147,大綜,上櫃,243.0,3.624733475479744,-38285.0,0,21828.0,-16457.0,-9303255.0,0.0,5304204.0,-3999051.0
3152,璟德,上櫃,231.5,4.988662131519274,-109049.0,0,5893.0,-103156.0,-25244843.5,0.0,1364229.5,-23880614.0
3162,精確,上櫃,73.6,-1.4725568942436416,24271.0,0,-169.0,24102.0,1786345.5999999999,0.0,-12438.4,1773907.2
3163,波若威,上櫃,653.0,-1.5082956259426847,-75212.0,0,1105.0,-74107.0,-49113436.0,0.0,721565.0,-48391871.0
3169,亞信,上櫃,114.5,3.153153153153153,-3389.0,0,1768.0,-1621.0,-388040.5,0.0,202436.0,-185604.5
3171,炎洲流通,上櫃,59.0,0.16977928692699493,-1000.0,0,0,-1000.0,-59000.0,0.0,0.0,-59000.0
3176,基亞,上櫃,37.75,-2.0752269779507135,-82980.0,0,479.0,-82501.0,-3132495.0,0.0,18082.25,-3114412.75
3178,公準,上櫃,68.9,-1.5714285714285716,-78000.0,0,996.0,-77004.0,-5374200.0,0.0,68624.40000000001,-5305575.600000001
3188,鑫龍騰,上櫃,23.5,0.0,-4000.0,0,0,-4000.0,-94000.0,0.0,0.0,-94000.0
3205,佰研,上櫃,46.95,0.6430868167202571,4000.0,0,0,4000.0,187800.0,0.0,0.0,187800.0
3206,志豐,上櫃,34.6,-1.0014306151645205,3000.0,0,0,3000.0,103800.0,0.0,0.0,103800.0
3207,耀勝,上櫃,37.95,-0.39370078740157477,-4000.0,0,-233.0,-4233.0,-151800.0,0.0,-8842.35,-160642.35
3211,順達,上櫃,378.5,-0.39473684210526316,-181682.0,0,-14770.0,-196452.0,-68766637.0,0.0,-5590445.0,-74357082.0
3213,茂訊,上櫃,124.5,0.4032258064516129,39000.0,0,2077.0,41077.0,4855500.0,0.0,258586.5,5114086.5
3217,優群,上櫃,129.5,-0.38461538461538464,2000.0,0,243.0,2243.0,259000.0,0.0,31468.5,290468.5
3218,大學光,上櫃,134.5,0.7490636704119851,-59740.0,-1242.0,87.0,-60895.0,-8035030.0,-167049.0,11701.5,-8190377.5
3219,倚強科,上櫃,114.5,9.569377990430622,-179818.0,0,107761.0,-72057.0,-20589161.0,0.0,12338634.5,-8250526.5
3221,台嘉碩,上櫃,49.1,-1.996007984031936,-550540.0,0,-18687.0,-569227.0,-27031514.0,0.0,-917531.7000000001,-27949045.7
3224,三顧,上櫃,31.9,-0.1564945226917058,0,0,0,0,0.0,0.0,0.0,0.0
3226,龍鋒,上櫃,58.5,0.5154639175257731,1000.0,0,0,1000.0,58500.0,0.0,0.0,58500.0
3227,原相,上櫃,183.5,-1.078167115902965,-81000.0,-71000.0,-7100.0,-159100.0,-14863500.0,-13028500.0,-1302850.0,-29194850.0
3228,金麗科,上櫃,174.0,4.191616766467066,5643.0,30000.0,5964.0,41607.0,981882.0,5220000.0,1037736.0,7239618.0
3230,錦明,上櫃,40.2,-2.3086269744835963,-68000.0,0,40.0,-67960.0,-2733600.0,0.0,1608.0,-2731992.0
3232,昱捷,上櫃,21.1,-0.4716981132075472,0,0,0,0,0.0,0.0,0.0,0.0
3234,光環,上櫃,178.0,4.705882352941177,-298373.0,0,-2163.0,-300536.0,-53110394.0,0.0,-385014.0,-53495408.0
3236,千如,上櫃,43.85,0.34324942791762014,359051.0,0,4661.0,363712.0,15744386.35,0.0,204384.85,15948771.200000001
3260,威剛,上櫃,378.0,-1.3054830287206265,-2090178.0,-64000.0,-53473.0,-2207651.0,-790087284.0,-24192000.0,-20212794.0,-834492078.0
3264,欣銓,上櫃,246.0,-2.380952380952381,2730401.0,-7612000.0,414076.0,-4467523.0,671678646.0,-1872552000.0,101862696.0,-1099010658.0
3265,台星科,上櫃,183.0,1.6666666666666667,7851.0,-24000.0,19588.0,3439.0,1436733.0,-4392000.0,3584604.0,629337.0
3268,海德威,上櫃,19.95,1.785714285714286,22000.0,0,0,22000.0,438900.0,0.0,0.0,438900.0
3272,東碩,上櫃,13.95,-0.35714285714285715,2000.0,0,-705.0,1295.0,27900.0,0.0,-9834.75,18065.25
3276,宇環,上櫃,13.8,-0.3610108303249097,4000.0,0,-43.0,3957.0,55200.0,0.0,-593.4,54606.600000000006
3284,太普高,上櫃,19.75,0.0,-10000.0,0,-49.0,-10049.0,-197500.0,0.0,-967.75,-198467.75
3285,微端,上櫃,41.45,-2.125147579693034,-3000.0,0,1000.0,-2000.0,-124350.00000000001,0.0,41450.0,-82900.0
3287,廣寰科,上櫃,41.05,-0.7255139056831924,115070.0,0,-15000.0,100070.0,4723623.5,0.0,-615750.0,4107873.4999999995
3288,點晶,上櫃,21.0,-2.3255813953488373,0,0,22.0,22.0,0.0,0.0,462.0,462.0
3289,宜特,上櫃,140.0,2.564102564102564,228468.0,0,3254.0,231722.0,31985520.0,0.0,455560.0,32441080.0
3290,東浦,上櫃,46.25,1.092896174863388,63004.0,0,-17688.0,45316.0,2913935.0,0.0,-818070.0,2095865.0
3293,鈊象,上櫃,761.0,4.38957475994513,3148536.0,39000.0,76678.0,3264214.0,2396035896.0,29679000.0,58351958.0,2484066854.0
3294,英濟,上櫃,33.65,-0.1483679525222552,-1605000.0,0,-2658.0,-1607658.0,-54008250.0,0.0,-89441.7,-54097691.699999996
3297,杭特,上櫃,34.35,1.9287833827893175,9000.0,0,51.0,9051.0,309150.0,0.0,1751.8500000000001,310901.85000000003
3303,岱稜,上櫃,48.2,-0.10362694300518134,-5000.0,0,-50.0,-5050.0,-241000.0,0.0,-2410.0,-243410.0
3306,鼎天,上櫃,45.65,-0.5446623093681917,3000.0,0,0,3000.0,136950.0,0.0,0.0,136950.0
3313,斐成,上櫃,10.5,0.47846889952153115,1000.0,0,174.0,1174.0,10500.0,0.0,1827.0,12327.0
3317,尼克森,上櫃,68.3,2.706766917293233,1009834.0,0,151458.0,1161292.0,68971662.2,0.0,10344581.4,79316243.6
3322,建舜電,上櫃,11.1,-1.3333333333333333,22000.0,0,-290.0,21710.0,244200.0,0.0,-3219.0,240981.0
3323,加百裕,上櫃,27.85,-0.35778175313059035,-13733.0,0,0,-13733.0,-382464.05000000005,0.0,0.0,-382464.05000000005
3324,雙鴻,上櫃,1710.0,7.210031347962382,-48477.0,333000.0,-8986.0,275537.0,-82895670.0,569430000.0,-15366060.0,471168270.0
3325,旭品,上櫃,11.95,0.8438818565400845,-3000.0,0,42.0,-2958.0,-35850.0,0.0,501.9,-35348.1
3332,幸康,上櫃,61.5,2.1594684385382057,-1000.0,0,0,-1000.0,-61500.0,0.0,0.0,-61500.0
3339,泰谷,上櫃,47.2,0.5324813631522897,-507343.0,0,97.0,-507246.0,-23946589.6,0.0,4578.400000000001,-23942011.200000003
3349,寶德,上櫃,19.9,3.6458333333333335,-5000.0,0,-99.0,-5099.0,-99500.0,0.0,-1970.1,-101470.09999999999
3354,律勝,上櫃,30.0,6.571936056838366,-10460.0,0,337.0,-10123.0,-313800.0,0.0,10110.0,-303690.0
3357,臺慶科,上櫃,206.0,0.0,219303.0,-262000.0,-1467.0,-44164.0,45176418.0,-53972000.0,-302202.0,-9097784.0
3360,尚立,上櫃,15.05,0.0,46000.0,0,-792.0,45208.0,692300.0,0.0,-11919.6,680380.4
3362,先進光,上櫃,173.0,1.7647058823529411,210005.0,0,2128.0,212133.0,36330865.0,0.0,368144.0,36699009.0
3363,上詮,上櫃,652.0,1.3996889580093312,98676.0,0,-3123.0,95553.0,64336752.0,0.0,-2036196.0,62300556.0
3372,典範,上櫃,15.8,-0.628930817610063,30000.0,0,0,30000.0,474000.0,0.0,0.0,474000.0
3373,熱映,上櫃,16.0,0.0,-1000.0,0,0,-1000.0,-16000.0,0.0,0.0,-16000.0
3374,精材,上櫃,449.0,-4.872881355932203,-3082536.0,0,-198433.0,-3280969.0,-1384058664.0,0.0,-89096417.0,-1473155081.0
3379,彬台,上櫃,27.25,-0.9090909090909091,1000.0,0,0,1000.0,27250.0,0.0,0.0,27250.0
3388,崇越電,上櫃,82.0,1.1097410604192357,-13980.0,0,-358.0,-14338.0,-1146360.0,0.0,-29356.0,-1175716.0
3390,旭軟,上櫃,21.85,-0.228310502283105,2000.0,0,-876.0,1124.0,43700.0,0.0,-19140.600000000002,24559.4
3402,漢科,上櫃,129.5,0.3875968992248062,13320.0,0,-426.0,12894.0,1724940.0,0.0,-55167.0,1669773.0
3430,奇鈦科,上櫃,112.5,5.633802816901409,10000.0,0,815.0,10815.0,1125000.0,0.0,91687.5,1216687.5
3434,哲固,上櫃,31.6,-0.31545741324921134,-16000.0,0,-134.0,-16134.0,-505600.0,0.0,-4234.400000000001,-509834.4
3438,類比科,上櫃,61.1,-0.8116883116883116,10000.0,0,525.0,10525.0,611000.0,0.0,32077.5,643077.5
3441,聯一光,上櫃,181.0,1.971830985915493,49100.0,0,-2000.0,47100.0,8887100.0,0.0,-362000.0,8525100.0
3444,利機,上櫃,80.3,0.12468827930174563,16787.0,0,-224.0,16563.0,1347996.0999999999,0.0,-17987.2,1330008.9
3455,由田,上櫃,258.0,5.737704918032787,432573.0,0,23377.0,455950.0,111603834.0,0.0,6031266.0,117635100.0
3466,德晉,上櫃,23.9,-1.443298969072165,-16000.0,0,-1.0,-16001.0,-382400.0,0.0,-23.9,-382423.89999999997
3467,台灣精材,上櫃,81.5,-5.780346820809249,12000.0,0,0,12000.0,978000.0,0.0,0.0,978000.0
3479,安勤,上櫃,136.0,4.21455938697318,552979.0,0,4191.0,557170.0,75205144.0,0.0,569976.0,75775120.0
3483,力致,上櫃,77.5,1.174934725848564,68923.0,0,-427.0,68496.0,5341532.5,0.0,-33092.5,5308440.0
3484,崧騰,上櫃,46.25,0.7625272331154684,38433.0,0,1362.0,39795.0,1777526.25,0.0,62992.5,1840518.75
3485,敘豐,上櫃,200.0,1.0101010101010102,20000.0,0,-139.0,19861.0,4000000.0,0.0,-27800.0,3972200.0
3489,森寶,上櫃,22.65,-0.43956043956043955,-10000.0,0,0,-10000.0,-226500.0,0.0,0.0,-226500.0
3490,單井,上櫃,45.05,2.0385050962627407,699300.0,0,112.0,699412.0,31503464.999999996,0.0,5045.599999999999,31508510.599999998
3491,昇達科,上櫃,1555.0,-0.6389776357827476,-185992.0,1000.0,-2423.0,-187415.0,-289217560.0,1555000.0,-3767765.0,-291430325.0
3492,長盛,上櫃,19.15,-0.2604166666666667,-1000.0,0,-134.0,-1134.0,-19150.0,0.0,-2566.1,-21716.1
3498,陽程,上櫃,214.0,7.537688442211055,269642.0,0,110210.0,379852.0,57703388.0,0.0,23584940.0,81288328.0
3499,環天科,上櫃,13.7,3.007518796992482,-1000.0,0,44.0,-956.0,-13700.0,0.0,602.8,-13097.199999999999
3508,位速,上櫃,26.2,5.01002004008016,-112000.0,0,0,-112000.0,-2934400.0,0.0,0.0,-2934400.0
3511,矽瑪,上櫃,19.4,0.5181347150259068,20000.0,0,0,20000.0,388000.0,0.0,0.0,388000.0
3512,皇龍,上櫃,19.25,0.0,-1000.0,0,0,-1000.0,-19250.0,0.0,0.0,-19250.0
3516,亞帝歐,上櫃,25.1,-1.3752455795677796,4000.0,0,1000.0,5000.0,100400.0,0.0,25100.0,125500.0
3520,華盈,上櫃,17.2,0.0,1000.0,0,0,1000.0,17200.0,0.0,0.0,17200.0
3521,台鋼建設,上櫃,11.8,0.0,-2000.0,0,-1.0,-2001.0,-23600.0,0.0,-11.8,-23611.800000000003
3522,御嵿,上櫃,12.65,-1.1718749999999998,-1000.0,0,160.0,-840.0,-12650.0,0.0,2024.0,-10626.0
3526,凡甲,上櫃,270.0,0.37174721189591076,3569.0,-552.0,-5038.0,-2021.0,963630.0,-149040.0,-1360260.0,-545670.0
3527,聚積,上櫃,51.0,-0.390625,1930.0,0,437.0,2367.0,98430.0,0.0,22287.0,120717.0
3529,力旺,上櫃,3230.0,-2.26928895612708,-585299.0,416000.0,15500.0,-153799.0,-1890515770.0,1343680000.0,50065000.0,-496770770.0
3531,先益,上櫃,21.25,1.674641148325359,0,0,0,0,0.0,0.0,0.0,0.0
3537,堡達,上櫃,53.2,0.5671077504725898,28000.0,0,9.0,28009.0,1489600.0,0.0,478.8,1490078.8
3540,曜越,上櫃,22.75,-1.3015184381778742,19030.0,0,-30.0,19000.0,432932.5,0.0,-682.5,432250.0
3541,西柏,上櫃,24.5,-0.40650406504065034,-8000.0,0,-1039.0,-9039.0,-196000.0,0.0,-25455.5,-221455.5
3546,宇峻,上櫃,73.1,1.1065006915629323,8738.0,0,734.0,9472.0,638747.7999999999,0.0,53655.399999999994,692403.2
3548,兆利,上櫃,77.1,-0.7722007722007723,47000.0,0,-409.0,46591.0,3623699.9999999995,0.0,-31533.899999999998,3592166.0999999996
3551,世禾,上櫃,182.5,-0.544959128065395,26000.0,0,-1987.0,24013.0,4745000.0,0.0,-362627.5,4382372.5
3552,同致,上櫃,45.4,5.45876887340302,-365000.0,0,-63290.0,-428290.0,-16571000.0,0.0,-2873366.0,-19444366.0
3555,博士旺,上櫃,166.0,-3.206997084548105,-5000.0,0,-22053.0,-27053.0,-830000.0,0.0,-3660798.0,-4490798.0
3556,禾瑞亞,上櫃,57.5,1.5901060070671376,10627.0,0,-582.0,10045.0,611052.5,0.0,-33465.0,577587.5
3558,神準,上櫃,122.0,-0.40816326530612246,16921.0,0,-3205.0,13716.0,2064362.0,0.0,-391010.0,1673352.0
3564,其陽,上櫃,49.45,2.806652806652807,78000.0,0,-395.0,77605.0,3857100.0,0.0,-19532.75,3837567.25
3567,逸昌,上櫃,25.6,-0.1949317738791423,-9000.0,0,-85.0,-9085.0,-230400.0,0.0,-2176.0,-232576.0
3570,大塚,上櫃,168.0,0.2985074626865672,-61.0,0,0,-61.0,-10248.0,0.0,0.0,-10248.0
3577,泓格,上櫃,114.0,0.0,27044.0,0,-388.0,26656.0,3083016.0,0.0,-44232.0,3038784.0
3580,友威科,上櫃,102.0,2.30692076228686,-9139.0,0,619.0,-8520.0,-932178.0,0.0,63138.0,-869040.0
3581,博磊,上櫃,104.0,-0.9523809523809524,9000.0,0,6809.0,15809.0,936000.0,0.0,708136.0,1644136.0
3587,閎康,上櫃,238.5,1.059322033898305,42681.0,0,-6957.0,35724.0,10179418.5,0.0,-1659244.5,8520174.0
3594,磐儀,上櫃,46.7,0.2145922746781116,2000.0,0,-2.0,1998.0,93400.0,0.0,-93.4,93306.6
3597,映興,上櫃,27.7,-2.292768959435626,-11000.0,0,160.0,-10840.0,-304700.0,0.0,4432.0,-300268.0
3609,三一東林,上櫃,23.05,-2.1231422505307855,0,0,0,0,0.0,0.0,0.0,0.0
3611,鼎翰,上櫃,183.0,0.0,-2913.0,0,0,-2913.0,-533079.0,0.0,0.0,-533079.0
3615,安可,上櫃,37.9,-1.0443864229765014,-226706.0,0,-311.0,-227017.0,-8592157.4,0.0,-11786.9,-8603944.299999999
3623,富晶通,上櫃,28.3,2.166064981949458,2090.0,0,-493.0,1597.0,59147.0,0.0,-13951.9,45195.1
3624,光頡,上櫃,140.0,4.477611940298507,-2082020.0,0,11763.0,-2070257.0,-291482800.0,0.0,1646820.0,-289835980.0
3625,西勝,上櫃,11.5,-2.127659574468085,15000.0,0,673.0,15673.0,172500.0,0.0,7739.5,180239.5
3628,盈正,上櫃,74.3,0.0,45.0,0,320.0,365.0,3343.5,0.0,23776.0,27119.5
3630,新鉅科,上櫃,27.0,-0.18484288354898337,-138000.0,0,-1681.0,-139681.0,-3726000.0,0.0,-45387.0,-3771387.0
3631,晟楠,上櫃,40.15,-0.37220843672456577,-12000.0,0,0,-12000.0,-481800.0,0.0,0.0,-481800.0
3663,鑫科,上櫃,61.5,1.3179571663920924,58000.0,0,302.0,58302.0,3567000.0,0.0,18573.0,3585573.0
3666,光耀,上櫃,25.2,0.0,3000.0,0,1.0,3001.0,75600.0,0.0,25.2,75625.2
3672,康聯訊,上櫃,12.6,5.439330543933055,0,0,0,0,0.0,0.0,0.0,0.0
3675,德微,上櫃,335.0,0.9036144578313252,-369966.0,143000.0,66572.0,-160394.0,-123938610.0,47905000.0,22301620.0,-53731990.0
3680,家登,上櫃,542.0,2.6515151515151514,163620.0,0,13318.0,176938.0,88682040.0,0.0,7218356.0,95900396.0
3684,榮昌,上櫃,53.2,-1.4814814814814816,0,0,171.0,171.0,0.0,0.0,9097.2,9097.2
3685,元創精密,上櫃,35.2,0.2849002849002849,-33000.0,0,444.0,-32556.0,-1161600.0,0.0,15628.800000000001,-1145971.2000000002
3687,歐買尬,上櫃,60.3,-0.49504950495049505,5000.0,0,996.0,5996.0,301500.0,0.0,60058.799999999996,361558.8
3689,湧德,上櫃,110.5,0.91324200913242,-7050.0,0,-83.0,-7133.0,-779025.0,0.0,-9171.5,-788196.5
3691,碩禾,上櫃,121.0,-0.411522633744856,-469025.0,0,227328.0,-241697.0,-56752025.0,0.0,27506688.0,-29245337.0
3693,營邦,上櫃,729.0,-0.4098360655737705,-294398.0,0,-19911.0,-314309.0,-214616142.0,0.0,-14515119.0,-229131261.0
3707,漢磊,上櫃,72.8,3.7037037037037033,413520.0,0,-115977.0,297543.0,30104256.0,0.0,-8443125.6,21661130.4
3709,鑫聯大投控,上櫃,63.1,-0.315955766192733,28350.0,0,-3168.0,25182.0,1788885.0,0.0,-199900.80000000002,1588984.2
3710,連展投控,上櫃,7.82,0.903225806451613,-8000.0,0,0,-8000.0,-62560.0,0.0,0.0,-62560.0
3713,新晶投控,上櫃,14.0,-0.7092198581560284,0,0,-1.0,-1.0,0.0,0.0,-14.0,-14.0
3718,中光電投控,上櫃,65.1,0.618238021638331,161105.0,0,-24998.0,136107.0,10487935.5,0.0,-1627369.7999999998,8860565.7
4102,永日,上櫃,18.5,-1.0695187165775402,2000.0,0,60.0,2060.0,37000.0,0.0,1110.0,38110.0
4105,東洋,上櫃,78.3,-0.5082592121982211,-73031.0,0,0,-73031.0,-5718327.3,0.0,0.0,-5718327.3
4107,邦特,上櫃,110.0,-0.4524886877828055,1000.0,0,480.0,1480.0,110000.0,0.0,52800.0,162800.0
4109,加捷生醫,上櫃,11.05,0.0,-4000.0,0,-73.0,-4073.0,-44200.0,0.0,-806.6500000000001,-45006.65
4111,濟生,上櫃,28.7,-0.34722222222222227,0,0,-277.0,-277.0,0.0,0.0,-7949.9,-7949.9
4113,聯上,上櫃,15.55,-0.6389776357827477,-30000.0,0,-800.0,-30800.0,-466500.0,0.0,-12440.0,-478940.0
4114,健喬,上櫃,29.4,-0.6756756756756758,-186000.0,0,-1634.0,-187634.0,-5468400.0,0.0,-48039.6,-5516439.6
4116,明基醫,上櫃,39.3,-0.2538071065989848,-4000.0,0,0,-4000.0,-157200.0,0.0,0.0,-157200.0
4120,友華,上櫃,46.0,-0.21691973969631237,-2000.0,0,0,-2000.0,-92000.0,0.0,0.0,-92000.0
4121,優盛,上櫃,12.8,1.5873015873015872,-1000.0,0,679.0,-321.0,-12800.0,0.0,8691.2,-4108.8
4123,晟德,上櫃,30.95,-1.746031746031746,-521582.0,0,-90540.0,-612122.0,-16142962.9,0.0,-2802213.0,-18945175.9
4127,天良,上櫃,48.7,-1.8145161290322582,5000.0,0,-883.0,4117.0,243500.0,0.0,-43002.100000000006,200497.90000000002
4128,中天,上櫃,14.85,0.0,-129808.0,0,5857.0,-123951.0,-1927648.8,0.0,86976.45,-1840672.3499999999
4129,聯合,上櫃,82.3,-0.7237635705669482,-28000.0,0,-305.0,-28305.0,-2304400.0,0.0,-25101.5,-2329501.5
4131,浩泰,上櫃,32.0,-0.9287925696594427,1000.0,0,0,1000.0,32000.0,0.0,0.0,32000.0
4138,曜亞,上櫃,56.3,0.7155635062611808,-3000.0,0,0,-3000.0,-168900.0,0.0,0.0,-168900.0
4139,馬光-KY,上櫃,41.55,0.12048192771084339,2000.0,0,0,2000.0,83100.0,0.0,0.0,83100.0
4147,中裕,上櫃,62.1,-4.314329738058551,-412000.0,0,-2833.0,-414833.0,-25585200.0,0.0,-175929.30000000002,-25761129.3
4153,鈺緯,上櫃,31.6,-1.557632398753894,-1000.0,0,0,-1000.0,-31600.0,0.0,0.0,-31600.0
4157,太景*-KY,上櫃,8.85,-0.22547914317925596,-167000.0,0,-261.0,-167261.0,-1477950.0,0.0,-2309.85,-1480259.8499999999
4160,訊聯基因,上櫃,39.45,-0.7547169811320755,-1000.0,0,-280.0,-1280.0,-39450.0,0.0,-11046.0,-50496.0
4161,聿新科,上櫃,22.25,0.22522522522522523,-1000.0,0,0,-1000.0,-22250.0,0.0,0.0,-22250.0
4162,智擎,上櫃,55.5,-1.2455516014234873,-75880.0,0,0,-75880.0,-4211340.0,0.0,0.0,-4211340.0
4163,鐿鈦,上櫃,134.0,0.7518796992481203,-2000.0,0,715.0,-1285.0,-268000.0,0.0,95810.0,-172190.0
4166,友霖,上櫃,24.0,-0.8264462809917356,-39000.0,0,0,-39000.0,-936000.0,0.0,0.0,-936000.0
4167,松瑞藥,上櫃,19.4,-1.5228426395939088,-28469.0,0,-153.0,-28622.0,-552298.6,0.0,-2968.2,-555266.7999999999
4168,醣聯,上櫃,21.95,2.331002331002331,1000.0,0,15.0,1015.0,21950.0,0.0,329.25,22279.25
4171,瑞基,上櫃,16.25,-0.6116207951070336,-2000.0,0,-15.0,-2015.0,-32500.0,0.0,-243.75,-32743.75
4173,久裕,上櫃,17.1,-0.5813953488372092,-10000.0,0,299.0,-9701.0,-171000.0,0.0,5112.900000000001,-165887.1
4174,浩鼎,上櫃,32.45,-0.460122699386503,-1135800.0,0,480.0,-1135320.0,-36856710.0,0.0,15576.000000000002,-36841134.0
4188,安克,上櫃,14.2,-4.377104377104377,-18000.0,0,-837.0,-18837.0,-255600.0,0.0,-11885.4,-267485.39999999997
4205,中華食,上櫃,68.5,-0.5805515239477503,0,0,-124.0,-124.0,0.0,0.0,-8494.0,-8494.0
4207,環泰,上櫃,19.55,-0.7614213197969544,5000.0,0,-4000.0,1000.0,97750.0,0.0,-78200.0,19550.0
4303,信立,上櫃,34.05,-1.7316017316017316,149530.0,0,882.0,150412.0,5091496.5,0.0,30032.1,5121528.6
4304,勝昱,上櫃,18.0,-4.0,19000.0,0,0,19000.0,342000.0,0.0,0.0,342000.0
4305,世坤,上櫃,41.95,-0.47449584816132856,4000.0,0,0,4000.0,167800.0,0.0,0.0,167800.0
4401,東隆興,上櫃,13.65,-1.444043321299639,22000.0,0,450.0,22450.0,300300.0,0.0,6142.5,306442.5
4402,郡都開發,上櫃,14.1,1.4388489208633095,3000.0,0,995.0,3995.0,42300.0,0.0,14029.5,56329.5
4413,飛寶企業,上櫃,21.15,1.682692307692308,-1000.0,0,-346.0,-1346.0,-21150.0,0.0,-7317.9,-28467.899999999998
4416,三圓,上櫃,13.7,-2.8368794326241136,-166425.0,0,25000.0,-141425.0,-2280022.5,0.0,342500.0,-1937522.5
4417,金洲,上櫃,49.8,0.5045408678102926,13000.0,0,0,13000.0,647400.0,0.0,0.0,647400.0
4419,皇家美食,上櫃,47.0,0.6423982869379014,1000.0,0,0,1000.0,47000.0,0.0,0.0,47000.0
4420,光明,上櫃,35.8,0.28011204481792723,-6000.0,0,0,-6000.0,-214799.99999999997,0.0,0.0,-214799.99999999997
4432,銘旺實,上櫃,15.5,-0.3215434083601286,1000.0,0,0,1000.0,15500.0,0.0,0.0,15500.0
4433,興采,上櫃,18.3,0.0,1000.0,0,-251.0,749.0,18300.0,0.0,-4593.3,13706.7
4442,竣邦-KY,上櫃,54.0,-0.18484288354898337,3000.0,0,214.0,3214.0,162000.0,0.0,11556.0,173556.0
4502,健信,上櫃,15.7,0.0,1000.0,0,0,1000.0,15700.0,0.0,0.0,15700.0
4503,金雨,上櫃,24.1,0.2079002079002079,-18000.0,0,1320.0,-16680.0,-433800.0,0.0,31812.000000000004,-401988.0
4506,崇友,上櫃,118.5,0.423728813559322,9717.0,0,0,9717.0,1151464.5,0.0,0.0,1151464.5
4510,高鋒,上櫃,43.1,-0.9195402298850575,85000.0,0,724.0,85724.0,3663500.0,0.0,31204.4,3694704.4
4513,福裕,上櫃,16.45,0.0,47000.0,0,0,47000.0,773150.0,0.0,0.0,773150.0
4523,永彰,上櫃,23.6,-0.42194092827004215,3000.0,0,-8.0,2992.0,70800.0,0.0,-188.8,70611.2
4527,方土霖,上櫃,40.85,-0.12224938875305626,0,0,0,0,0.0,0.0,0.0,0.0
4528,江興鍛,上櫃,14.95,-0.33333333333333337,-2000.0,0,0,-2000.0,-29900.0,0.0,0.0,-29900.0
4530,天意能創,上櫃,24.1,-3.6000000000000005,-1000.0,0,0,-1000.0,-24100.0,0.0,0.0,-24100.0
4533,協易機,上櫃,25.15,0.0,-136992.0,0,0,-136992.0,-3445348.8,0.0,0.0,-3445348.8
4534,慶騰,上櫃,31.6,0.31746031746031744,-64000.0,0,-19.0,-64019.0,-2022400.0,0.0,-600.4,-2023000.4000000001
4535,至興,上櫃,26.8,-1.107011070110701,2000.0,0,0,2000.0,53600.0,0.0,0.0,53600.0
4538,大詠城,上櫃,17.5,0.0,1000.0,0,0,1000.0,17500.0,0.0,0.0,17500.0
4541,晟田,上櫃,59.3,0.0,9644.0,0,818.0,10462.0,571889.2,0.0,48507.399999999994,620396.6
4542,科嶠,上櫃,328.0,-1.0558069381598794,-340002.0,0,6353.0,-333649.0,-111520656.0,0.0,2083784.0,-109436872.0
4543,萬在,上櫃,28.45,0.3527336860670195,1000.0,0,567.0,1567.0,28450.0,0.0,16131.15,44581.15
4549,桓達,上櫃,97.1,0.10309278350515465,-7000.0,0,0,-7000.0,-679700.0,0.0,0.0,-679700.0
4554,橙的,上櫃,28.25,0.5338078291814946,-1000.0,0,700.0,-300.0,-28250.0,0.0,19775.0,-8475.0
4556,旭然,上櫃,92.1,-1.6025641025641029,-150030.0,0,-1869.0,-151899.0,-13817763.0,0.0,-172134.9,-13989897.899999999
4558,寶緯,上櫃,17.1,0.0,1000.0,0,0,1000.0,17100.0,0.0,0.0,17100.0
4561,健椿,上櫃,42.3,0.7142857142857143,5000.0,0,-806.0,4194.0,211500.0,0.0,-34093.799999999996,177406.19999999998
4563,百德,上櫃,51.2,4.276985743380855,25000.0,0,-408.0,24592.0,1280000.0,0.0,-20889.600000000002,1259110.4000000001
4577,達航科技,上櫃,83.8,-0.9456264775413713,-13030.0,0,-2525.0,-15555.0,-1091914.0,0.0,-211595.0,-1303509.0
4580,捷流閥業,上櫃,80.8,-0.7371007371007371,27000.0,0,0,27000.0,2181600.0,0.0,0.0,2181600.0
4702,中美實,上櫃,9.34,0.10718113612004287,-7000.0,0,186.0,-6814.0,-65380.0,0.0,1737.24,-63642.76
4707,磐亞,上櫃,30.0,2.7397260273972606,613500.0,0,47421.0,660921.0,18405000.0,0.0,1422630.0,19827630.0
4711,永純,上櫃,16.35,0.3067484662576687,-1000.0,0,0,-1000.0,-16350.000000000002,0.0,0.0,-16350.000000000002
4714,永捷,上櫃,11.9,-1.2448132780082988,-157253.0,0,-74.0,-157327.0,-1871310.7,0.0,-880.6,-1872191.3
4716,大立,上櫃,17.05,0.8875739644970413,76047.0,0,-1.0,76046.0,1296601.35,0.0,-17.05,1296584.3
4721,美琪瑪,上櫃,77.4,2.788844621513944,148439.0,0,-1385.0,147054.0,11489178.600000001,0.0,-107199.00000000001,11381979.600000001
4726,永昕,上櫃,22.35,0.0,-33000.0,0,-13.0,-33013.0,-737550.0,0.0,-290.55,-737840.55
4728,雙美,上櫃,395.0,-1.25,-2000.0,0,0,-2000.0,-790000.0,0.0,0.0,-790000.0
4729,熒茂,上櫃,18.8,0.0,10000.0,0,-771.0,9229.0,188000.0,0.0,-14494.800000000001,173505.2
4735,豪展,上櫃,35.8,-0.13947001394700143,-1000.0,0,0,-1000.0,-35800.0,0.0,0.0,-35800.0
4741,泓瀚,上櫃,37.8,0.6657789613848203,-3000.0,0,491.0,-2509.0,-113399.99999999999,0.0,18559.8,-94840.2
4743,合一,上櫃,44.75,-0.8859357696567001,-143000.0,0,-3857.0,-146857.0,-6399250.0,0.0,-172600.75,-6571850.75
4744,皇將,上櫃,28.05,0.5376344086021505,8000.0,0,0,8000.0,224400.0,0.0,0.0,224400.0
4745,合富-KY,上櫃,11.95,0.4201680672268908,2000.0,0,-16.0,1984.0,23900.0,0.0,-191.2,23708.8
4747,強生*,上櫃,23.8,0.0,-1000.0,0,-152.0,-1152.0,-23800.0,0.0,-3617.6,-27417.600000000002
4749,新應材,上櫃,728.0,0.27548209366391185,104237.0,-7000.0,-35912.0,61325.0,75884536.0,-5096000.0,-26143936.0,44644600.0
4760,勤凱,上櫃,268.5,1.3207547169811322,5.0,0,1466.0,1471.0,1342.5,0.0,393621.0,394963.5
4768,晶呈科技,上櫃,325.0,-1.21580547112462,-222956.0,0,-36666.0,-259622.0,-72460700.0,0.0,-11916450.0,-84377150.0
4772,台特化,上櫃,248.5,1.4285714285714286,81000.0,0,1290.0,82290.0,20128500.0,0.0,320565.0,20449065.0
4903,聯光通,上櫃,43.0,2.0166073546856467,201082.0,0,0,201082.0,8646526.0,0.0,0.0,8646526.0
4905,台聯電,上櫃,77.6,-0.6402048655569783,1000.0,0,0,1000.0,77600.0,0.0,0.0,77600.0
4907,富宇,上櫃,45.25,1.1173184357541899,-8000.0,0,120.0,-7880.0,-362000.0,0.0,5430.0,-356570.0
4908,前鼎,上櫃,210.0,0.0,-18539.0,0,-52681.0,-71220.0,-3893190.0,0.0,-11063010.0,-14956200.0
4909,新復興,上櫃,34.35,-0.5788712011577424,-30000.0,0,-705.0,-30705.0,-1030500.0,0.0,-24216.75,-1054716.75
4923,力士,上櫃,64.0,-4.047976011994003,-526817.0,0,1889.0,-524928.0,-33716288.0,0.0,120896.0,-33595392.0
4924,欣厚-KY,上櫃,16.1,-4.733727810650888,31209.0,0,-57.0,31152.0,502464.9,0.0,-917.7,501547.20000000007
4931,新盛力,上櫃,241.5,1.257861635220126,187000.0,0,17107.0,204107.0,45160500.0,0.0,4131340.5,49291840.5
4933,友輝,上櫃,53.3,0.37664783427495296,-6000.0,0,-222.0,-6222.0,-319800.0,0.0,-11832.599999999999,-331632.6
4939,亞電,上櫃,73.7,-1.3386880856760375,482546.0,0,-30670.0,451876.0,35563640.2,0.0,-2260379.0,33303261.200000003
4946,辣椒,上櫃,98.0,0.0,3000.0,0,0,3000.0,294000.0,0.0,0.0,294000.0
4951,精拓科,上櫃,88.2,-5.970149253731343,-110150.0,0,-26594.0,-136744.0,-9715230.0,0.0,-2345590.8000000003,-12060820.8
4953,緯致,上櫃,117.5,0.4273504273504274,-54971.0,0,205.0,-54766.0,-6459092.5,0.0,24087.5,-6435005.0
4966,譜瑞-KY,上櫃,572.0,1.4184397163120568,26004.0,20000.0,947.0,46951.0,14874288.0,11440000.0,541684.0,26855972.0
4971,IET-KY,上櫃,552.0,1.2844036697247707,-36948.0,0,-1018.0,-37966.0,-20395296.0,0.0,-561936.0,-20957232.0
4972,湯石照明,上櫃,16.35,0.9259259259259257,2000.0,0,0,2000.0,32700.000000000004,0.0,0.0,32700.000000000004
4973,廣穎,上櫃,134.0,-0.7407407407407408,132015.0,0,-5151.0,126864.0,17690010.0,0.0,-690234.0,16999776.0
4974,亞泰,上櫃,70.5,-0.423728813559322,13000.0,0,0,13000.0,916500.0,0.0,0.0,916500.0
4979,華星光,上櫃,563.0,-4.576271186440678,307078.0,-1985000.0,-2612.0,-1680534.0,172884914.0,-1117555000.0,-1470556.0,-946140642.0
4991,環宇-KY,上櫃,463.5,3.5754189944134076,-54584.0,2000.0,1135.0,-51449.0,-25299684.0,927000.0,526072.5,-23846611.5
4995,晶達,上櫃,49.8,0.3021148036253776,-1000.0,0,0,-1000.0,-49800.0,0.0,0.0,-49800.0
5009,榮剛,上櫃,32.0,-0.3115264797507788,131104.0,0,-15962.0,115142.0,4195328.0,0.0,-510784.0,3684544.0
5011,久陽,上櫃,18.3,0.5494505494505495,7000.0,0,-17.0,6983.0,128100.0,0.0,-311.1,127788.90000000001
5013,強新,上櫃,32.05,-1.3846153846153846,-1000.0,0,0,-1000.0,-32049.999999999996,0.0,0.0,-32049.999999999996
5014,建錩,上櫃,9.91,-0.7014028056112225,4000.0,0,0,4000.0,39640.0,0.0,0.0,39640.0
5015,華祺,上櫃,21.5,0.2331002331002331,-2000.0,0,0,-2000.0,-43000.0,0.0,0.0,-43000.0
5201,凱衛,上櫃,29.3,0.34246575342465757,0,0,0,0,0.0,0.0,0.0,0.0
5202,力新,上櫃,14.6,3.180212014134275,-126000.0,0,67.0,-125933.0,-1839600.0,0.0,978.1999999999999,-1838621.8
5206,坤悅,上櫃,22.85,-0.43572984749455335,-3690.0,0,0,-3690.0,-84316.5,0.0,0.0,-84316.5
5209,新鼎,上櫃,166.5,-0.5970149253731344,6000.0,0,-585.0,5415.0,999000.0,0.0,-97402.5,901597.5
5210,寶碩,上櫃,29.95,0.5033557046979865,-914.0,0,0,-914.0,-27374.3,0.0,0.0,-27374.3
5211,蒙恬,上櫃,20.1,-0.9852216748768473,-1000.0,0,-231.0,-1231.0,-20100.0,0.0,-4643.1,-24743.100000000002
5212,凌網,上櫃,48.0,0.20876826722338207,1000.0,0,0,1000.0,48000.0,0.0,0.0,48000.0
5213,亞昕,上櫃,20.8,-0.2398081534772182,72130.0,0,0,72130.0,1500304.0,0.0,0.0,1500304.0
5220,萬達光電,上櫃,20.0,1.0101010101010102,1000.0,0,-30.0,970.0,20000.0,0.0,-600.0,19400.0
5223,安力-KY,上櫃,22.65,-0.6578947368421053,2000.0,0,-2.0,1998.0,45300.0,0.0,-45.3,45254.7
5227,立凱-KY,上櫃,30.1,-0.4958677685950413,-16258.0,0,-114.0,-16372.0,-489365.80000000005,0.0,-3431.4,-492797.2
5228,鈺鎧,上櫃,39.75,0.2522068095838588,9000.0,0,-420.0,8580.0,357750.0,0.0,-16695.0,341055.0
5230,雷笛克光學,上櫃,23.3,6.392694063926941,321654.0,0,-5.0,321649.0,7494538.2,0.0,-116.5,7494421.7
5245,智晶,上櫃,21.0,2.4390243902439024,20000.0,0,527.0,20527.0,420000.0,0.0,11067.0,431067.0
5251,天鉞電,上櫃,30.55,-0.3262642740619902,-13767.0,0,-553.0,-14320.0,-420581.85000000003,0.0,-16894.15,-437476.0
5263,智崴,上櫃,90.1,-0.7709251101321586,-56000.0,0,-259.0,-56259.0,-5045600.0,0.0,-23335.899999999998,-5068935.899999999
5272,笙科,上櫃,17.2,-0.2898550724637681,1000.0,0,0,1000.0,17200.0,0.0,0.0,17200.0
5274,信驊,上櫃,19835.0,-2.1942800788954635,38325.0,-51967.0,946.0,-12696.0,760176375.0,-1030765445.0,18763910.0,-251825160.0
5276,達輝-KY,上櫃,18.45,-0.2702702702702703,-1000.0,0,0,-1000.0,-18450.0,0.0,0.0,-18450.0
5278,尚凡*,上櫃,23.5,-2.083333333333333,-2000.0,0,-315.0,-2315.0,-47000.0,0.0,-7402.5,-54402.5
5287,數字,上櫃,137.0,0.0,-19089.0,0,0,-19089.0,-2615193.0,0.0,0.0,-2615193.0
5289,宜鼎,上櫃,1305.0,0.0,-34268.0,0,-17621.0,-51889.0,-44719740.0,0.0,-22995405.0,-67715145.0
5291,邑昇,上櫃,57.3,-0.34782608695652173,164000.0,0,649.0,164649.0,9397200.0,0.0,37187.7,9434387.7
5299,杰力,上櫃,101.5,0.9950248756218906,47159.0,0,-3542.0,43617.0,4786638.5,0.0,-359513.0,4427125.5
5301,寶得利,上櫃,4.96,2.05761316872428,1000.0,0,0,1000.0,4960.0,0.0,0.0,4960.0
5302,太欣,上櫃,9.8,0.3070624360286591,-8000.0,0,0,-8000.0,-78400.0,0.0,0.0,-78400.0
5309,系統電,上櫃,53.8,4.466019417475728,463350.0,0,39133.0,502483.0,24928230.0,0.0,2105355.4,27033585.4
5310,天剛,上櫃,27.95,9.82318271119843,24000.0,0,-415.0,23585.0,670800.0,0.0,-11599.25,659200.75
5312,寶島科,上櫃,90.5,0.4439511653718092,0,0,840.0,840.0,0.0,0.0,76020.0,76020.0
5314,世紀*,上櫃,26.4,1.5384615384615385,-1487048.0,0,1863.0,-1485185.0,-39258067.199999996,0.0,49183.2,-39208884.0
5315,光聯,上櫃,18.85,-0.5277044854881267,-35000.0,0,0,-35000.0,-659750.0,0.0,0.0,-659750.0
5321,美而快,上櫃,69.7,-1.1347517730496455,-26024.0,0,0,-26024.0,-1813872.8,0.0,0.0,-1813872.8
5324,士開,上櫃,12.45,-0.4,9000.0,0,0,9000.0,112050.0,0.0,0.0,112050.0
5328,華容,上櫃,52.5,0.5747126436781608,219003.0,0,-25.0,218978.0,11497657.5,0.0,-1312.5,11496345.0
5340,建榮,上櫃,81.3,-0.8536585365853657,12340.0,0,-231.0,12109.0,1003242.0,0.0,-18780.3,984461.7
5344,立衛,上櫃,13.6,-2.5089605734767026,-6000.0,0,58.0,-5942.0,-81600.0,0.0,788.8,-80811.2
5347,世界,上櫃,170.5,-1.4450867052023122,-191272.0,149000.0,-142096.0,-184368.0,-32611876.0,25404500.0,-24227368.0,-31434744.0
5351,鈺創,上櫃,108.0,-1.36986301369863,-2154369.0,-60000.0,27789.0,-2186580.0,-232671852.0,-6480000.0,3001212.0,-236150640.0
5353,台林,上櫃,28.15,0.17793594306049823,3000.0,0,0,3000.0,84450.0,0.0,0.0,84450.0
5356,協益,上櫃,25.85,0.0,2000.0,0,0,2000.0,51700.0,0.0,0.0,51700.0
5364,力麗店,上櫃,8.33,0.1201923076923077,-4000.0,0,0,-4000.0,-33320.0,0.0,0.0,-33320.0
5381,光譜,上櫃,23.25,-1.2738853503184713,63090.0,0,0,63090.0,1466842.5,0.0,0.0,1466842.5
5386,青雲,上櫃,285.0,1.0638297872340425,59764.0,0,3866.0,63630.0,17032740.0,0.0,1101810.0,18134550.0
5392,能率,上櫃,39.35,-0.37974683544303794,-49000.0,0,-3791.0,-52791.0,-1928150.0,0.0,-149175.85,-2077325.85
5398,慕康生醫,上櫃,13.9,-0.35842293906810035,-3000.0,0,-2.0,-3002.0,-41700.0,0.0,-27.8,-41727.8
5403,中菲,上櫃,93.0,0.0,-1000.0,0,0,-1000.0,-93000.0,0.0,0.0,-93000.0
5410,國眾,上櫃,33.0,0.30395136778115506,8000.0,0,-76.0,7924.0,264000.0,0.0,-2508.0,261492.0
5425,台半,上櫃,94.5,-1.2539184952978055,-1862147.0,-21000.0,-40836.0,-1923983.0,-175972891.5,-1984500.0,-3859002.0,-181816393.5
5426,振發,上櫃,27.9,-0.7117437722419929,13000.0,0,54.0,13054.0,362700.0,0.0,1506.6,364206.6
5432,新門,上櫃,167.5,2.4464831804281344,-55000.0,0,3280.0,-51720.0,-9212500.0,0.0,549400.0,-8663100.0
5438,東友,上櫃,17.1,2.08955223880597,2000.0,0,-55.0,1945.0,34200.0,0.0,-940.5000000000001,33259.5
5439,高技,上櫃,253.0,0.0,-141362.0,0,-710.0,-142072.0,-35764586.0,0.0,-179630.0,-35944216.0
5443,均豪,上櫃,107.0,0.9433962264150944,156138.0,0,11502.0,167640.0,16706766.0,0.0,1230714.0,17937480.0
5450,南良,上櫃,14.85,1.3651877133105803,2000.0,0,-865.0,1135.0,29700.0,0.0,-12845.25,16854.75
5452,佶優,上櫃,27.5,-1.4336917562724016,-20000.0,0,-2000.0,-22000.0,-550000.0,0.0,-55000.0,-605000.0
5455,昇益,上櫃,30.55,0.4934210526315789,-1000.0,0,0,-1000.0,-30550.0,0.0,0.0,-30550.0
5457,宣德,上櫃,23.85,-2.2540983606557377,-280000.0,0,767.0,-279233.0,-6678000.0,0.0,18292.95,-6659707.050000001
5460,同協,上櫃,16.85,-0.5899705014749261,-12000.0,0,234.0,-11766.0,-202200.00000000003,0.0,3942.9000000000005,-198257.1
5464,霖宏,上櫃,88.9,-2.735229759299781,-154000.0,0,4522.0,-149478.0,-13690600.0,0.0,402005.80000000005,-13288594.200000001
5465,富驊,上櫃,34.2,6.708268330733228,55021.0,0,-14737.0,40284.0,1881718.2000000002,0.0,-504005.4,1377712.8
5468,凱鈺,上櫃,24.55,-0.20325203252032517,15370.0,0,495.0,15865.0,377333.5,0.0,12152.25,389485.75
5474,聰泰,上櫃,161.0,-1.529051987767584,-14799.0,0,-3489.0,-18288.0,-2382639.0,0.0,-561729.0,-2944368.0
5475,德宏,上櫃,181.0,2.2598870056497176,61432.0,0,-586.0,60846.0,11119192.0,0.0,-106066.0,11013126.0
5478,智冠,上櫃,97.0,0.0,-12090.0,0,-87.0,-12177.0,-1172730.0,0.0,-8439.0,-1181169.0
5481,新華,上櫃,21.9,-0.904977375565611,24000.0,0,1000.0,25000.0,525600.0,0.0,21900.0,547500.0
5483,中美晶,上櫃,188.5,2.168021680216802,2501589.0,-24000.0,117249.0,2594838.0,471549526.5,-4524000.0,22101436.5,489126963.0
5487,通泰,上櫃,28.85,-0.17301038062283738,12000.0,0,1000.0,13000.0,346200.0,0.0,28850.0,375050.0
5488,松普,上櫃,11.85,-1.25,3000.0,0,-82.0,2918.0,35550.0,0.0,-971.6999999999999,34578.299999999996
5489,彩富,上櫃,44.0,2.923976608187134,23000.0,0,305.0,23305.0,1012000.0,0.0,13420.0,1025420.0
5490,同亨,上櫃,25.45,-0.19607843137254902,-22000.0,0,421.0,-21579.0,-559900.0,0.0,10714.449999999999,-549185.5499999999
5493,三聯,上櫃,92.8,0.21598272138228944,23000.0,0,979.0,23979.0,2134400.0,0.0,90851.2,2225251.1999999997
5498,凱崴,上櫃,50.1,-0.199203187250996,-61656.0,0,-3264.0,-64920.0,-3088965.6,0.0,-163526.4,-3252492.0
5508,永信建,上櫃,53.2,-0.3745318352059925,-90690.0,0,-1704.0,-92394.0,-4824708.0,0.0,-90652.8,-4915360.8
5511,德昌,上櫃,70.1,0.2861230329041488,27000.0,0,0,27000.0,1892699.9999999998,0.0,0.0,1892699.9999999998
5512,力麒,上櫃,7.71,0.26007802340702213,-33000.0,0,0,-33000.0,-254430.0,0.0,0.0,-254430.0
5514,三豐,上櫃,14.9,1.3605442176870748,-1000.0,0,-1000.0,-2000.0,-14900.0,0.0,-14900.0,-29800.0
5529,鉅陞,上櫃,26.25,0.9615384615384616,3000.0,0,0,3000.0,78750.0,0.0,0.0,78750.0
5530,龍巖,上櫃,48.85,-0.30612244897959184,-14000.0,0,0,-14000.0,-683900.0,0.0,0.0,-683900.0
5536,聖暉*,上櫃,902.0,1.007838745800672,585.0,-16300.0,8106.0,-7609.0,527670.0,-14702600.0,7311612.0,-6863318.0
5543,桓鼎-KY,上櫃,27.0,-3.225806451612903,-2.0,0,2.0,0,-54.0,0.0,54.0,0.0
5547,久舜,上櫃,19.9,-0.5,0,0,0,0,0.0,0.0,0.0,0.0
5548,安倉,上櫃,20.2,-0.9803921568627453,-1000.0,0,0,-1000.0,-20200.0,0.0,0.0,-20200.0
5603,陸海,上櫃,13.55,0.3703703703703704,-3000.0,0,689.0,-2311.0,-40650.0,0.0,9335.95,-31314.050000000003
5609,中菲行,上櫃,78.6,-0.1270648030495553,4000.0,0,-404.0,3596.0,314400.0,0.0,-31754.399999999998,282645.6
5701,劍湖山,上櫃,4.15,1.715686274509804,-75000.0,0,0,-75000.0,-311250.0,0.0,0.0,-311250.0
5704,老爺知,上櫃,22.6,-0.44052863436123346,-1000.0,0,0,-1000.0,-22600.0,0.0,0.0,-22600.0
5864,致和證,上櫃,36.8,-0.8086253369272237,-964705.0,0,0,-964705.0,-35501144.0,0.0,0.0,-35501144.0
5902,德記,上櫃,34.25,0.29282576866764276,1000.0,0,0,1000.0,34250.0,0.0,0.0,34250.0
5903,全家,上櫃,187.0,0.5376344086021506,6000.0,0,2000.0,8000.0,1122000.0,0.0,374000.0,1496000.0
5904,寶雅*,上櫃,69.3,-2.1186440677966103,-4354053.0,83000.0,-71749.0,-4342802.0,-301735872.9,5751900.0,-4972205.7,-300956178.59999996
5905,南仁湖,上櫃,7.26,0.0,-18000.0,0,72.0,-17928.0,-130680.0,0.0,522.72,-130157.28
6015,宏遠證,上櫃,17.6,-1.4005602240896358,-795052.0,0,0,-795052.0,-13992915.200000001,0.0,0.0,-13992915.200000001
6016,康和證,上櫃,23.6,-0.8403361344537815,-625284.0,0,0,-625284.0,-14756702.4,0.0,0.0,-14756702.4
6020,大展證,上櫃,20.5,-0.9661835748792271,-1000.0,0,0,-1000.0,-20500.0,0.0,0.0,-20500.0
6021,美好證,上櫃,41.8,-1.0650887573964496,-85000.0,0,0,-85000.0,-3552999.9999999995,0.0,0.0,-3552999.9999999995
6023,元大期,上櫃,86.4,-1.3698630136986298,342479.0,-57000.0,-22000.0,263479.0,29590185.6,-4924800.0,-1900800.0000000002,22764585.6
6026,福邦證,上櫃,15.85,-0.6269592476489029,-24213.0,0,0,-24213.0,-383776.05,0.0,0.0,-383776.05
6028,公勝保經,上櫃,99.2,0.0,-3000.0,0,0,-3000.0,-297600.0,0.0,0.0,-297600.0
6101,寬魚國際,上櫃,37.95,-1.1718749999999998,-8860.0,0,0,-8860.0,-336237.0,0.0,0.0,-336237.0
6103,合邦,上櫃,40.9,9.946236559139788,3000.0,0,0,3000.0,122700.0,0.0,0.0,122700.0
6104,創惟,上櫃,90.0,-0.33222591362126247,-111000.0,20000.0,-1320.0,-92320.0,-9990000.0,1800000.0,-118800.0,-8308800.0
6109,亞元,上櫃,10.45,-0.4761904761904762,-1000.0,0,-4.0,-1004.0,-10450.0,0.0,-41.8,-10491.8
6111,光聚晶電,上櫃,37.05,2.066115702479339,44185.0,0,750.0,44935.0,1637054.2499999998,0.0,27787.499999999996,1664841.7499999998
6113,亞矽,上櫃,22.2,-0.4484304932735426,-2000.0,0,0,-2000.0,-44400.0,0.0,0.0,-44400.0
6114,久威,上櫃,23.3,0.0,-2000.0,0,0,-2000.0,-46600.0,0.0,0.0,-46600.0
6118,建達,上櫃,16.0,-4.761904761904762,-40000.0,0,-286.0,-40286.0,-640000.0,0.0,-4576.0,-644576.0
6121,新普,上櫃,376.0,-0.13280212483399734,-12797.0,9542.0,-8086.0,-11341.0,-4811672.0,3587792.0,-3040336.0,-4264216.0
6122,擎邦,上櫃,58.2,5.434782608695652,697984.0,0,3165.0,701149.0,40622668.800000004,0.0,184203.0,40806871.800000004
6123,上奇,上櫃,42.85,-0.3488372093023256,0,0,-404.0,-404.0,0.0,0.0,-17311.4,-17311.4
6124,業強,上櫃,27.45,2.0446096654275094,7000.0,0,-2000.0,5000.0,192150.0,0.0,-54900.0,137250.0
6125,廣運,上櫃,48.6,0.0,105000.0,0,1945.0,106945.0,5103000.0,0.0,94527.0,5197527.0
6126,信音,上櫃,30.7,0.0,-18504.0,0,-740.0,-19244.0,-568072.7999999999,0.0,-22718.0,-590790.7999999999
6127,九豪,上櫃,47.8,-0.31282586027111575,30379.0,0,18912.0,49291.0,1452116.2,0.0,903993.6,2356109.8
6129,普誠,上櫃,14.75,-0.33783783783783783,-107989.0,0,848.0,-107141.0,-1592837.75,0.0,12508.0,-1580329.75
6130,上亞科技,上櫃,23.4,-1.2658227848101267,-2000.0,0,0,-2000.0,-46800.0,0.0,0.0,-46800.0
6134,萬旭,上櫃,29.2,1.2131715771230502,9000.0,0,-2990.0,6010.0,262800.0,0.0,-87308.0,175492.0
6138,茂達,上櫃,279.0,1.639344262295082,35367.0,20000.0,1745.0,57112.0,9867393.0,5580000.0,486855.0,15934248.0
6140,訊達,上櫃,21.2,-0.23529411764705885,-105661.0,0,-49.0,-105710.0,-2240013.1999999997,0.0,-1038.8,-2241052.0
6143,振曜,上櫃,81.5,0.3694581280788177,49000.0,0,-647.0,48353.0,3993500.0,0.0,-52730.5,3940769.5
6146,耕興,上櫃,181.0,0.0,-2959.0,0,-606.0,-3565.0,-535579.0,0.0,-109686.0,-645265.0
6147,頎邦,上櫃,213.5,-0.4662004662004662,173962.0,-1000.0,-230303.0,-57341.0,37140887.0,-213500.0,-49169690.5,-12242303.5
6148,驊宏資,上櫃,39.2,4.953145917001338,-213996.0,0,-110.0,-214106.0,-8388643.200000001,0.0,-4312.0,-8392955.200000001
6150,撼訊,上櫃,60.9,0.16447368421052633,5000.0,0,176.0,5176.0,304500.0,0.0,10718.4,315218.39999999997
6151,晉倫,上櫃,35.0,0.0,-19000.0,0,-4.0,-19004.0,-665000.0,0.0,-140.0,-665140.0
6154,順發,上櫃,14.2,0.0,1000.0,0,0,1000.0,14200.0,0.0,0.0,14200.0
6156,松上,上櫃,21.0,0.9615384615384616,74756.0,0,0,74756.0,1569876.0,0.0,0.0,1569876.0
6158,禾昌,上櫃,17.35,0.5797101449275363,4000.0,0,0,4000.0,69400.0,0.0,0.0,69400.0
6160,欣技,上櫃,13.9,-1.4184397163120568,-4000.0,0,281.0,-3719.0,-55600.0,0.0,3905.9,-51694.1
6161,捷波,上櫃,49.15,-1.5030060120240483,5000.0,0,3000.0,8000.0,245750.0,0.0,147450.0,393200.0
6163,華電網,上櫃,41.4,0.7299270072992701,140142.0,0,-1.0,140141.0,5801878.8,0.0,-41.4,5801837.399999999
6167,久正,上櫃,10.35,0.0,130000.0,0,316.0,130316.0,1345500.0,0.0,3270.6,1348770.5999999999
6169,昱泉,上櫃,12.1,0.41493775933609967,0,0,92.0,92.0,0.0,0.0,1113.2,1113.2
6170,統振,上櫃,48.4,1.1494252873563218,-16000.0,0,-4649.0,-20649.0,-774400.0,0.0,-225011.6,-999411.6
6171,大城地產,上櫃,26.4,-0.1890359168241966,3000.0,0,0,3000.0,79200.0,0.0,0.0,79200.0
6173,信昌電,上櫃,306.5,1.322314049586777,-146100.0,0,23801.0,-122299.0,-44779650.0,0.0,7295006.5,-37484643.5
6174,安碁,上櫃,44.95,0.8978675645342311,108000.0,0,-4692.0,103308.0,4854600.0,0.0,-210905.40000000002,4643694.600000001
6175,立敦,上櫃,69.7,0.28776978417266186,33200.0,0,-4999.0,28201.0,2314040.0,0.0,-348430.3,1965609.7000000002
6179,亞通,上櫃,36.6,4.273504273504273,-1123786.0,0,230150.0,-893636.0,-41130567.6,0.0,8423490.0,-32707077.6
6180,橘子,上櫃,40.6,-0.12300123001230012,-26036.0,0,-8.0,-26044.0,-1057061.6,0.0,-324.8,-1057386.4000000001
6182,合晶,上櫃,120.5,4.329004329004329,21786469.0,0,-1200344.0,20586125.0,2625269514.5,0.0,-144641452.0,2480628062.5
6185,幃翔,上櫃,12.45,-1.1904761904761905,4000.0,0,372.0,4372.0,49800.0,0.0,4631.4,54431.399999999994
6186,新潤,上櫃,29.0,-0.6849315068493151,-73000.0,0,-27.0,-73027.0,-2117000.0,0.0,-783.0,-2117783.0
6187,萬潤,上櫃,1195.0,-0.8298755186721992,136313.0,-251000.0,656.0,-114031.0,162894035.0,-299945000.0,783920.0,-136267045.0
6188,廣明,上櫃,62.0,0.486223662884927,7515.0,0,-1959.0,5556.0,465930.0,0.0,-121458.0,344472.0
6190,萬泰科,上櫃,68.6,0.7342143906020558,197005.0,0,-10074.0,186931.0,13514542.999999998,0.0,-691076.3999999999,12823466.6
6194,育富,上櫃,30.55,0.0,5000.0,0,0,5000.0,152750.0,0.0,0.0,152750.0
6195,詩肯,上櫃,28.1,0.35714285714285715,-1000.0,0,0,-1000.0,-28100.0,0.0,0.0,-28100.0
6199,天品,上櫃,124.0,1.639344262295082,-123167.0,0,32907.0,-90260.0,-15272708.0,0.0,4080468.0,-11192240.0
6203,海韻電,上櫃,59.6,-0.5008347245409015,5000.0,0,-1.0,4999.0,298000.0,0.0,-59.6,297940.4
6204,艾華,上櫃,107.5,9.693877551020408,73000.0,0,681.0,73681.0,7847500.0,0.0,73207.5,7920707.5
6207,雷科,上櫃,125.0,9.649122807017543,2424410.0,0,231505.0,2655915.0,303051250.0,0.0,28938125.0,331989375.0
6208,日揚,上櫃,74.3,-0.9333333333333332,8000.0,0,573.0,8573.0,594400.0,0.0,42573.9,636973.9
6210,慶生,上櫃,17.8,2.2988505747126435,-4000.0,0,0,-4000.0,-71200.0,0.0,0.0,-71200.0
6212,理銘,上櫃,32.1,-1.2307692307692308,-1000.0,0,0,-1000.0,-32100.0,0.0,0.0,-32100.0
6217,中探針,上櫃,170.0,1.4925373134328357,34870.0,0,-1491.0,33379.0,5927900.0,0.0,-253470.0,5674430.0
6218,豪勉,上櫃,63.6,3.7520391517128866,-94000.0,0,0,-94000.0,-5978400.0,0.0,0.0,-5978400.0
6219,富旺,上櫃,12.05,0.0,-4000.0,0,0,-4000.0,-48200.0,0.0,0.0,-48200.0
6220,岳豐,上櫃,25.25,0.597609561752988,3000.0,0,-6.0,2994.0,75750.0,0.0,-151.5,75598.5
6221,晉泰,上櫃,32.2,1.8987341772151896,15000.0,0,5000.0,20000.0,483000.00000000006,0.0,161000.0,644000.0
6222,立軒,上櫃,18.4,0.2724795640326976,0,0,0,0,0.0,0.0,0.0,0.0
6223,旺矽,上櫃,5415.0,-3.6476868327402134,-77523.0,-84201.0,-12111.0,-173835.0,-419787045.0,-455948415.0,-65581065.0,-941316525.0
6227,茂綸,上櫃,135.5,0.7434944237918215,293183.0,0,-32111.0,261072.0,39726296.5,0.0,-4351040.5,35375256.0
6229,研通,上櫃,23.7,0.0,30000.0,0,-1.0,29999.0,711000.0,0.0,-23.7,710976.2999999999
6231,系微,上櫃,235.0,4.444444444444445,-3753.0,0,38339.0,34586.0,-881955.0,0.0,9009665.0,8127710.0
6233,旺玖,上櫃,21.35,-0.23364485981308408,-18000.0,0,0,-18000.0,-384300.0,0.0,0.0,-384300.0
6234,高僑,上櫃,37.85,-0.9162303664921465,76000.0,0,-1343.0,74657.0,2876600.0,0.0,-50832.55,2825767.45
6237,驊訊,上櫃,37.0,-1.0695187165775402,-546000.0,0,39752.0,-506248.0,-20202000.0,0.0,1470824.0,-18731176.0
6240,松崗,上櫃,26.2,6.720977596741344,-4000.0,0,0,-4000.0,-104800.0,0.0,0.0,-104800.0
6241,鑫永洋,上櫃,15.45,0.0,26000.0,0,755.0,26755.0,401700.0,0.0,11664.75,413364.75
6244,茂迪,上櫃,23.55,-0.211864406779661,-812638.0,0,1751.0,-810887.0,-19137624.900000002,0.0,41236.05,-19096388.85
6245,立端,上櫃,85.7,1.3002364066193852,128963.0,0,-295.0,128668.0,11052129.1,0.0,-25281.5,11026847.6
6246,臺龍,上櫃,12.8,-1.5384615384615385,-1000.0,0,-558.0,-1558.0,-12800.0,0.0,-7142.400000000001,-19942.4
6248,沛波,上櫃,16.8,0.2985074626865672,1000.0,0,-1.0,999.0,16800.0,0.0,-16.8,16783.2
6259,百徽,上櫃,29.15,0.34423407917383825,3950.0,0,0,3950.0,115142.5,0.0,0.0,115142.5
6261,久元,上櫃,78.3,-0.2547770700636943,57914.0,0,-23806.0,34108.0,4534666.2,0.0,-1864009.8,2670656.4
6263,普萊德,上櫃,157.0,0.0,17070.0,0,-13.0,17057.0,2679990.0,0.0,-2041.0,2677949.0
6265,方土昶,上櫃,48.45,2.6483050847457625,-75866.0,0,-2960.0,-78826.0,-3675707.7,0.0,-143412.0,-3819119.7
6266,泰詠,上櫃,24.9,0.0,8000.0,0,100.0,8100.0,199200.0,0.0,2490.0,201690.0
6270,倍微,上櫃,29.7,1.7123287671232876,64000.0,0,30.0,64030.0,1900800.0,0.0,891.0,1901691.0
6274,台燿,上櫃,1495.0,2.3972602739726026,-711104.0,-61997.0,196494.0,-576607.0,-1063100480.0,-92685515.0,293758530.0,-862027465.0
6275,元山,上櫃,45.9,0.43763676148796504,22000.0,0,-51.0,21949.0,1009800.0,0.0,-2340.9,1007459.1
6276,安鈦克,上櫃,19.65,-1.0075566750629725,8000.0,0,-39.0,7961.0,157200.0,0.0,-766.3499999999999,156433.65
6279,胡連,上櫃,112.5,1.3513513513513513,34082.0,-1553.0,-6327.0,26202.0,3834225.0,-174712.5,-711787.5,2947725.0
6284,佳邦,上櫃,74.3,-0.26845637583892623,73000.0,0,658.0,73658.0,5423900.0,0.0,48889.4,5472789.399999999
6290,良維,上櫃,274.0,0.0,-74764.0,0,29619.0,-45145.0,-20485336.0,0.0,8115606.0,-12369730.0
6291,沛亨,上櫃,484.0,-1.8255578093306288,-7831.0,23000.0,8381.0,23550.0,-3790204.0,11132000.0,4056404.0,11398200.0
6292,迅德,上櫃,67.0,1.97869101978691,54169.0,0,0,54169.0,3629323.0,0.0,0.0,3629323.0
6411,晶焱,上櫃,78.1,-0.38265306122448983,8700.0,0,-985.0,7715.0,679470.0,0.0,-76928.5,602541.5
6417,韋僑,上櫃,102.0,0.0,-6000.0,0,-155.0,-6155.0,-612000.0,0.0,-15810.0,-627810.0
6418,詠昇,上櫃,34.55,-0.8608321377331422,-1000.0,0,0,-1000.0,-34550.0,0.0,0.0,-34550.0
6419,京晨科,上櫃,149.0,-1.3245033112582782,-2000.0,0,-459.0,-2459.0,-298000.0,0.0,-68391.0,-366391.0
6423,億而得,上櫃,86.8,0.5793742757821553,4000.0,0,-2000.0,2000.0,347200.0,0.0,-173600.0,173600.0
6425,易發,上櫃,71.1,-2.3351648351648353,-53701.0,0,-688.0,-54389.0,-3818141.0999999996,0.0,-48916.799999999996,-3867057.9
6432,今展科,上櫃,60.4,-0.33003300330033003,-56000.0,0,-26429.0,-82429.0,-3382400.0,0.0,-1596311.5999999999,-4978711.6
6435,大中,上櫃,253.5,1.8072289156626504,-11000.0,0,1764.0,-9236.0,-2788500.0,0.0,447174.0,-2341326.0
6441,廣錠,上櫃,24.9,1.6326530612244898,11049.0,0,700.0,11749.0,275120.1,0.0,17430.0,292550.1
6461,益得,上櫃,23.8,-0.8333333333333334,-4000.0,0,0,-4000.0,-95200.0,0.0,0.0,-95200.0
6462,神盾,上櫃,99.7,0.5040322580645161,16000.0,30000.0,-3694.0,42306.0,1595200.0,2991000.0,-368291.8,4217908.2
6465,威潤,上櫃,41.65,-0.11990407673860913,23000.0,0,-461.0,22539.0,957950.0,0.0,-19200.649999999998,938749.35
6469,大樹,上櫃,64.2,-0.7727975270479135,-27093.0,0,-625.0,-27718.0,-1739370.6,0.0,-40125.0,-1779495.6
6470,宇智,上櫃,43.0,0.0,0,0,0,0,0.0,0.0,0.0,0.0
6474,華豫寧,上櫃,35.55,0.28208744710860373,-3000.0,0,0,-3000.0,-106649.99999999999,0.0,0.0,-106649.99999999999
6482,弘煜科,上櫃,23.35,-1.4767932489451474,1000.0,0,563.0,1563.0,23350.0,0.0,13146.050000000001,36496.05
6485,點序,上櫃,70.1,3.392330383480826,-125839.0,0,656.0,-125183.0,-8821313.899999999,0.0,45985.6,-8775328.299999999
6486,互動,上櫃,80.6,-0.49382716049382713,3000.0,0,-101.0,2899.0,241799.99999999997,0.0,-8140.599999999999,233659.4
6488,環球晶,上櫃,948.0,-0.21052631578947367,-2362270.0,-11000.0,-238004.0,-2611274.0,-2239431960.0,-10428000.0,-225627792.0,-2475487752.0
6492,生華科,上櫃,34.2,-0.5813953488372092,-24000.0,0,0,-24000.0,-820800.0000000001,0.0,0.0,-820800.0000000001
6494,九齊,上櫃,51.3,-0.1945525291828794,-11000.0,0,-548.0,-11548.0,-564300.0,0.0,-28112.399999999998,-592412.4
6498,久禾光,上櫃,66.8,0.30030030030030036,745.0,0,0,745.0,49766.0,0.0,0.0,49766.0
6499,益安,上櫃,73.1,-0.27285129604365627,8000.0,0,0,8000.0,584800.0,0.0,0.0,584800.0
6506,雙邦,上櫃,18.6,2.4793388429752063,3000.0,0,25.0,3025.0,55800.00000000001,0.0,465.00000000000006,56265.00000000001
6508,惠光,上櫃,27.35,-0.36429872495446264,-4000.0,0,0,-4000.0,-109400.0,0.0,0.0,-109400.0
6509,聚和,上櫃,47.55,0.5285412262156448,98018.0,0,-2949.0,95069.0,4660755.899999999,0.0,-140224.94999999998,4520530.95
6510,精測,上櫃,3310.0,-4.748201438848921,25633.0,-131000.0,31647.0,-73720.0,84845230.0,-433610000.0,104751570.0,-244013200.0
6512,啟發電,上櫃,20.25,0.4962779156327544,0,0,-22.0,-22.0,0.0,0.0,-445.5,-445.5
6516,勤崴國際,上櫃,57.0,-0.8695652173913043,3000.0,0,-25.0,2975.0,171000.0,0.0,-1425.0,169575.0
6517,保勝光學,上櫃,63.1,-0.6299212598425198,-28000.0,0,0,-28000.0,-1766800.0,0.0,0.0,-1766800.0
6523,達爾膚,上櫃,89.6,0.0,2000.0,0,645.0,2645.0,179200.0,0.0,57791.99999999999,236991.99999999997
6527,明達醫,上櫃,75.0,1.2145748987854252,5000.0,0,0,5000.0,375000.0,0.0,0.0,375000.0
6530,創威,上櫃,100.0,1.3171225937183384,7542.0,0,97.0,7639.0,754200.0,0.0,9700.0,763900.0
6532,瑞耘,上櫃,98.5,0.6128702757916241,69726.0,0,-33620.0,36106.0,6868011.0,0.0,-3311570.0,3556441.0
6535,順藥,上櫃,80.5,-2.187120291616039,-68181.0,-40000.0,-131.0,-108312.0,-5488570.5,-3220000.0,-10545.5,-8719116.0
6538,倉和,上櫃,398.0,-3.0450669914738127,378063.0,0,-16274.0,361789.0,150469074.0,0.0,-6477052.0,143992022.0
6546,正基,上櫃,58.8,2.2608695652173916,-59960.0,0,825.0,-59135.0,-3525648.0,0.0,48510.0,-3477138.0
6547,高端疫苗,上櫃,59.8,-1.644736842105263,-751940.0,0,15810.0,-736130.0,-44966012.0,0.0,945438.0,-44020574.0
6548,長科*,上櫃,71.3,-0.9722222222222222,-63687.0,-4000.0,-112722.0,-180409.0,-4540883.1,-285200.0,-8037078.6,-12863161.7
6560,欣普羅,上櫃,32.65,-1.6566265060240968,1000.0,0,0,1000.0,32650.0,0.0,0.0,32650.0
6561,是方,上櫃,308.0,-0.6451612903225806,-16000.0,0,4505.0,-11495.0,-4928000.0,0.0,1387540.0,-3540460.0
6568,宏觀,上櫃,143.0,2.142857142857143,14060.0,0,556.0,14616.0,2010580.0,0.0,79508.0,2090088.0
6569,醫揚,上櫃,92.3,0.32608695652173914,-8000.0,0,0,-8000.0,-738400.0,0.0,0.0,-738400.0
6570,維田,上櫃,46.65,0.2148227712137487,-8000.0,0,0,-8000.0,-373200.0,0.0,0.0,-373200.0
6574,霈方,上櫃,118.5,-1.25,-2000.0,0,895.0,-1105.0,-237000.0,0.0,106057.5,-130942.5
6576,逸達,上櫃,80.2,-0.865265760197775,-20000.0,0,0,-20000.0,-1604000.0,0.0,0.0,-1604000.0
6577,勁豐,上櫃,79.8,0.0,-1000.0,0,0,-1000.0,-79800.0,0.0,0.0,-79800.0
6578,達邦蛋白,上櫃,16.65,-0.892857142857143,-19000.0,0,-170.0,-19170.0,-316350.0,0.0,-2830.4999999999995,-319180.5
6584,南俊國際,上櫃,544.0,0.36900369003690037,-27722.0,0,-2269.0,-29991.0,-15080768.0,0.0,-1234336.0,-16315104.0
6588,東典光電,上櫃,112.0,-0.4444444444444444,-10128.0,0,-827.0,-10955.0,-1134336.0,0.0,-92624.0,-1226960.0
6590,普鴻,上櫃,66.9,-1.327433628318584,-1000.0,0,0,-1000.0,-66900.0,0.0,0.0,-66900.0
6593,台灣銘板,上櫃,32.05,-0.7739938080495357,-1000.0,0,0,-1000.0,-32049.999999999996,0.0,0.0,-32049.999999999996
6596,寬宏藝術,上櫃,96.8,-0.2061855670103093,-3000.0,0,0,-3000.0,-290400.0,0.0,0.0,-290400.0
6597,立誠,上櫃,68.7,1.0294117647058822,-340.0,0,0,-340.0,-23358.0,0.0,0.0,-23358.0
6603,富強鑫,上櫃,27.3,0.36764705882352944,69356.0,0,-267.0,69089.0,1893418.8,0.0,-7289.1,1886129.7
6609,瀧澤科,上櫃,39.8,-0.1254705144291092,7000.0,0,0,7000.0,278600.0,0.0,0.0,278600.0
6612,奈米醫材,上櫃,71.9,0.2789400278940028,3100.0,0,982.0,4082.0,222890.00000000003,0.0,70605.8,293495.80000000005
6613,朋億*,上櫃,270.5,0.5576208178438662,52010.0,0,-3521.0,48489.0,14068705.0,0.0,-952430.5,13116274.5
6616,特昇-KY,上櫃,8.17,1.4906832298136643,-1000.0,0,0,-1000.0,-8170.0,0.0,0.0,-8170.0
6617,共信-KY,上櫃,137.0,-3.5211267605633805,-92650.0,0,-1.0,-92651.0,-12693050.0,0.0,-137.0,-12693187.0
6620,漢達,上櫃,124.0,-4.615384615384616,92386.0,0,105884.0,198270.0,11455864.0,0.0,13129616.0,24585480.0
6629,泰金-KY,上櫃,103.0,-0.9615384615384616,-4000.0,0,-9.0,-4009.0,-412000.0,0.0,-927.0,-412927.0
6637,醫影,上櫃,54.4,0.7407407407407408,0,0,-4.0,-4.0,0.0,0.0,-217.6,-217.6
6640,均華,上櫃,1010.0,-3.8095238095238098,-48140.0,0,-4118.0,-52258.0,-48621400.0,0.0,-4159180.0,-52780580.0
6642,富致,上櫃,78.4,-0.2544529262086514,-14000.0,0,0,-14000.0,-1097600.0,0.0,0.0,-1097600.0
6643,M31,上櫃,515.0,8.0797481636936,220592.0,10000.0,79396.0,309988.0,113604880.0,5150000.0,40888940.0,159643820.0
6649,台生材,上櫃,37.8,6.629055007052187,3000.0,0,0,3000.0,113399.99999999999,0.0,0.0,113399.99999999999
6651,全宇昕,上櫃,149.5,-1.644736842105263,89866.0,0,-1963.0,87903.0,13434967.0,0.0,-293468.5,13141498.5
6654,天正國際,上櫃,192.0,-1.2853470437017995,2000.0,0,-223.0,1777.0,384000.0,0.0,-42816.0,341184.0
6664,群翊,上櫃,358.5,3.6127167630057806,103368.0,0,8648.0,112016.0,37057428.0,0.0,3100308.0,40157736.0
6667,信紘科,上櫃,261.5,0.0,68010.0,0,-13896.0,54114.0,17784615.0,0.0,-3633804.0,14150811.0
6679,鈺太,上櫃,202.5,0.49627791563275436,-28786.0,30000.0,-335.0,879.0,-5829165.0,6075000.0,-67837.5,177997.5
6680,鑫創電子,上櫃,52.8,-3.825136612021858,0,0,0,0,0.0,0.0,0.0,0.0
6683,雍智科技,上櫃,1520.0,-2.2508038585209005,106211.0,-4000.0,2631.0,104842.0,161440720.0,-6080000.0,3999120.0,159359840.0
6684,安格,上櫃,48.85,-0.7113821138211381,-1000.0,0,0,-1000.0,-48850.0,0.0,0.0,-48850.0
6690,安碁資訊,上櫃,179.0,0.2801120448179272,-21000.0,0,-636.0,-21636.0,-3759000.0,0.0,-113844.0,-3872844.0
6692,進能服,上櫃,22.65,0.22123893805309738,1000.0,0,30.0,1030.0,22650.0,0.0,679.5,23329.5
6693,廣閎科,上櫃,209.5,6.345177664974619,-1693988.0,0,167292.0,-1526696.0,-354890486.0,0.0,35047674.0,-319842812.0
6697,東捷資訊,上櫃,41.2,0.12150668286755771,-1000.0,0,857.0,-143.0,-41200.0,0.0,35308.4,-5891.6
6703,軒郁,上櫃,100.5,0.5,2000.0,0,0,2000.0,201000.0,0.0,0.0,201000.0
6708,天擎,上櫃,42.8,9.88446726572529,20000.0,0,3574.0,23574.0,856000.0,0.0,152967.19999999998,1008967.2
6712,長聖,上櫃,159.5,-1.5432098765432098,-47645.0,0,-2232.0,-49877.0,-7599377.5,0.0,-356004.0,-7955381.5
6716,應廣,上櫃,115.0,-2.127659574468085,-72000.0,0,262.0,-71738.0,-8280000.0,0.0,30130.0,-8249870.0
6720,久昌,上櫃,127.0,-1.9305019305019304,0,0,-65.0,-65.0,0.0,0.0,-8255.0,-8255.0
6725,矽科宏晟,上櫃,214.0,-1.834862385321101,-4000.0,0,-1151.0,-5151.0,-856000.0,0.0,-246314.0,-1102314.0
6727,亞泰金屬,上櫃,505.0,8.60215053763441,177348.0,0,14076.0,191424.0,89560740.0,0.0,7108380.0,96669120.0
6728,上洋,上櫃,108.5,0.0,-1000.0,0,0,-1000.0,-108500.0,0.0,0.0,-108500.0
6732,昇佳電子,上櫃,149.0,0.0,2100.0,0,-58.0,2042.0,312900.0,0.0,-8642.0,304258.0
6733,博晟生醫,上櫃,24.95,-1.5779092702169626,-19000.0,0,-52.0,-19052.0,-474050.0,0.0,-1297.3999999999999,-475347.39999999997
6735,美達科技,上櫃,63.8,0.0,-9000.0,0,9.0,-8991.0,-574200.0,0.0,574.1999999999999,-573625.7999999999
6739,竹陞科技,上櫃,1110.0,4.716981132075472,-28935.0,0,12000.0,-16935.0,-32117850.0,0.0,13320000.0,-18797850.0
6741,91APP*-KY,上櫃,55.2,-0.8976660682226212,-89990.0,0,-239.0,-90229.0,-4967448.0,0.0,-13192.800000000001,-4980640.8
6751,智聯服務,上櫃,43.9,0.22831050228310507,0,0,0,0,0.0,0.0,0.0,0.0
6752,叡揚,上櫃,96.4,0.3121748178980228,-2000.0,0,0,-2000.0,-192800.0,0.0,0.0,-192800.0
6761,穩得,上櫃,162.0,-1.2195121951219512,17000.0,0,182.0,17182.0,2754000.0,0.0,29484.0,2783484.0
6763,綠界科技*,上櫃,41.4,-1.075268817204301,-27000.0,0,-233.0,-27233.0,-1117800.0,0.0,-9646.199999999999,-1127446.2
6785,昱展新藥,上櫃,98.8,-0.10111223458038424,-4000.0,0,650.0,-3350.0,-395200.0,0.0,64220.0,-330980.0
6788,華景電,上櫃,339.0,0.8928571428571428,15030.0,0,521.0,15551.0,5095170.0,0.0,176619.0,5271789.0
6803,崑鼎,上櫃,266.0,0.0,-3000.0,0,709.0,-2291.0,-798000.0,0.0,188594.0,-609406.0
6804,明係,上櫃,18.25,0.0,1000.0,0,0,1000.0,18250.0,0.0,0.0,18250.0
6811,宏碁資訊,上櫃,244.5,-1.6096579476861168,44738.0,0,-13812.0,30926.0,10938441.0,0.0,-3377034.0,7561407.0
6821,聯寶,上櫃,40.6,0.24691358024691357,11000.0,0,0,11000.0,446600.0,0.0,0.0,446600.0
6823,濾能,上櫃,60.1,-0.16611295681063123,20000.0,0,154.0,20154.0,1202000.0,0.0,9255.4,1211255.4000000001
6829,千附精密,上櫃,209.5,1.2077294685990339,-3980.0,0,-6711.0,-10691.0,-833810.0,0.0,-1405954.5,-2239764.5
6840,東研信超,上櫃,103.0,-1.4354066985645932,-8050.0,0,-5260.0,-13310.0,-829150.0,0.0,-541780.0,-1370930.0
6841,長佳智能,上櫃,53.7,0.3738317757009346,55000.0,0,500.0,55500.0,2953500.0,0.0,26850.0,2980350.0
6843,進典,上櫃,38.6,-0.2583979328165375,-1000.0,0,0,-1000.0,-38600.0,0.0,0.0,-38600.0
6859,伯特光,上櫃,121.0,0.4149377593360996,12370.0,0,-347.0,12023.0,1496770.0,0.0,-41987.0,1454783.0
6865,偉康科技,上櫃,28.05,-0.5319148936170213,2000.0,0,401.0,2401.0,56100.0,0.0,11248.050000000001,67348.05
6870,騰雲,上櫃,336.5,2.43531202435312,22208.0,0,1055.0,23263.0,7472992.0,0.0,355007.5,7827999.5
6872,浩宇生醫,上櫃,22.35,-3.6637931034482754,2000.0,0,-3.0,1997.0,44700.0,0.0,-67.05000000000001,44632.950000000004
6874,倍力,上櫃,69.9,0.7204610951008645,-1000.0,0,0,-1000.0,-69900.0,0.0,0.0,-69900.0
6875,國邑*,上櫃,31.85,0.0,-101000.0,0,0,-101000.0,-3216850.0,0.0,0.0,-3216850.0
6877,鏵友益,上櫃,122.5,-3.1620553359683794,2000.0,0,-50.0,1950.0,245000.0,0.0,-6125.0,238875.0
6884,海柏特,上櫃,32.2,2.222222222222222,-1000.0,0,0,-1000.0,-32200.000000000004,0.0,0.0,-32200.000000000004
6894,衛司特,上櫃,367.0,-1.476510067114094,-14434.0,0,-264.0,-14698.0,-5297278.0,0.0,-96888.0,-5394166.0
6895,宏碩系統,上櫃,145.0,1.3986013986013985,7000.0,0,-207.0,6793.0,1015000.0,0.0,-30015.0,984985.0
6899,創為精密,上櫃,49.4,0.20283975659229214,-2000.0,0,0,-2000.0,-98800.0,0.0,0.0,-98800.0
6903,巨漢,上櫃,309.0,0.1620745542949757,11029.0,0,-6617.0,4412.0,3407961.0,0.0,-2044653.0,1363308.0
6907,雅特力-KY,上櫃,182.0,-1.3550135501355014,-13805.0,20000.0,-6499.0,-304.0,-2512510.0,3640000.0,-1182818.0,-55328.0
6910,德鴻,上櫃,26.0,1.9607843137254901,0,0,0,0,0.0,0.0,0.0,0.0
6913,鴻呈,上櫃,127.5,-0.390625,-32992.0,0,-6329.0,-39321.0,-4206480.0,0.0,-806947.5,-5013427.5
6922,宸曜,上櫃,212.0,3.6674816625916873,90010.0,0,1903.0,91913.0,19082120.0,0.0,403436.0,19485556.0
6925,意藍,上櫃,68.2,10.0,68000.0,0,6754.0,74754.0,4637600.0,0.0,460622.80000000005,5098222.8
6945,圓祥生技,上櫃,138.0,0.7299270072992701,16000.0,0,0,16000.0,2208000.0,0.0,0.0,2208000.0
6953,家碩,上櫃,236.0,0.21231422505307856,0,0,1000.0,1000.0,0.0,0.0,236000.0,236000.0
6967,汎瑋材料,上櫃,65.7,-1.0542168674698795,15000.0,0,601.0,15601.0,985500.0,0.0,39485.700000000004,1024985.7000000001
6968,萬達寵物,上櫃,41.55,0.0,0,0,-221.0,-221.0,0.0,0.0,-9182.55,-9182.55
6982,大井泵浦,上櫃,43.5,-0.22935779816513763,0,0,-6.0,-6.0,0.0,0.0,-261.0,-261.0
6983,華洋精機,上櫃,348.5,0.14367816091954022,-1000.0,0,-2971.0,-3971.0,-348500.0,0.0,-1035393.5,-1383893.5
6986,和迅,上櫃,44.3,-2.6373626373626373,-1000.0,0,0,-1000.0,-44300.0,0.0,0.0,-44300.0
6996,力領科技,上櫃,171.0,0.5882352941176471,-6000.0,0,0,-6000.0,-1026000.0,0.0,0.0,-1026000.0
6997,博弘,上櫃,66.8,0.14992503748125938,1000.0,0,0,1000.0,66800.0,0.0,0.0,66800.0
7402,邑錡,上櫃,99.8,-0.2,17000.0,0,-448.0,16552.0,1696600.0,0.0,-44710.4,1651889.5999999999
7547,碩網,上櫃,59.4,10.0,13000.0,0,0,13000.0,772200.0,0.0,0.0,772200.0
7556,意德士,上櫃,264.5,0.9541984732824428,12000.0,0,186.0,12186.0,3174000.0,0.0,49197.0,3223197.0
7584,樂意,上櫃,27.2,0.3690036900369004,0,0,100.0,100.0,0.0,0.0,2720.0,2720.0
7642,昶瑞機電,上櫃,70.8,3.2069970845481057,-3000.0,0,-18.0,-3018.0,-212400.0,0.0,-1274.3999999999999,-213674.4
7703,銳澤,上櫃,203.0,0.9950248756218906,33000.0,0,1185.0,34185.0,6699000.0,0.0,240555.0,6939555.0
7704,明遠精密,上櫃,62.0,0.16155088852988692,-1000.0,0,0,-1000.0,-62000.0,0.0,0.0,-62000.0
7709,榮田,上櫃,87.7,2.5730994152046787,6000.0,0,705.0,6705.0,526200.0,0.0,61828.5,588028.5
7712,博盛半導體,上櫃,163.0,-1.8072289156626504,9492.0,0,-17829.0,-8337.0,1547196.0,0.0,-2906127.0,-1358931.0
7713,威力德生醫,上櫃,73.8,-0.2702702702702703,-1000.0,0,0,-1000.0,-73800.0,0.0,0.0,-73800.0
7714,創泓科技,上櫃,166.0,2.4691358024691357,17062.0,0,430.0,17492.0,2832292.0,0.0,71380.0,2903672.0
7715,裕山,上櫃,27.5,1.1029411764705883,-11000.0,0,0,-11000.0,-302500.0,0.0,0.0,-302500.0
7717,萊德光電-KY,上櫃,594.0,-2.302631578947368,-42744.0,0,-19701.0,-62445.0,-25389936.0,0.0,-11702394.0,-37092330.0
7718,友鋮,上櫃,45.8,-0.43478260869565216,-7000.0,0,0,-7000.0,-320600.0,0.0,0.0,-320600.0
7723,築間,上櫃,18.3,-0.2724795640326975,1000.0,0,0,1000.0,18300.0,0.0,0.0,18300.0
7728,光焱科技,上櫃,595.0,1.0186757215619695,13000.0,0,644.0,13644.0,7735000.0,0.0,383180.0,8118180.0
7734,印能科技,上櫃,2750.0,6.5891472868217065,64271.0,-8000.0,10524.0,66795.0,176745250.0,-22000000.0,28941000.0,183686250.0
7738,東聯互動,上櫃,157.0,0.641025641025641,-1000.0,0,0,-1000.0,-157000.0,0.0,0.0,-157000.0
7743,金利食安,上櫃,25.4,1.6,6000.0,0,0,6000.0,152400.0,0.0,0.0,152400.0
7744,崴寶,上櫃,543.0,1.6853932584269662,57000.0,0,-740.0,56260.0,30951000.0,0.0,-401820.0,30549180.0
7751,竑騰,上櫃,1515.0,5.574912891986063,-8000.0,3000.0,3302.0,-1698.0,-12120000.0,4545000.0,5002530.0,-2572470.0
7753,星亞,上櫃,35.3,-0.5633802816901409,-1000.0,0,0,-1000.0,-35300.0,0.0,0.0,-35300.0
7757,金色三麥,上櫃,91.0,2.0179372197309418,1000.0,0,3000.0,4000.0,91000.0,0.0,273000.0,364000.0
7767,仁大資訊,上櫃,46.65,0.0,1000.0,0,0,1000.0,46650.0,0.0,0.0,46650.0
7770,君曜,上櫃,39.5,0.0,0,0,-1000.0,-1000.0,0.0,0.0,-39500.0,-39500.0
7772,耀穎,上櫃,180.0,3.7463976945244957,-8000.0,0,2000.0,-6000.0,-1440000.0,0.0,360000.0,-1080000.0
7777,能率亞洲,上櫃,35.55,0.14084507042253522,-37800.0,0,-206.0,-38006.0,-1343790.0,0.0,-7323.299999999999,-1351113.2999999998
7792,安葆,上櫃,435.5,4.813477737665464,530053.0,0,-25171.0,504882.0,230838081.5,0.0,-10961970.5,219876111.0
7805,威聯通,上櫃,498.0,-0.4,-5200.0,0,-73.0,-5273.0,-2589600.0,0.0,-36354.0,-2625954.0
7810,捷創科技,上櫃,222.5,-5.11727078891258,-46275.0,0,-17534.0,-63809.0,-10296187.5,0.0,-3901315.0,-14197502.5
7814,海昌生技,上櫃,28.5,1.0638297872340425,0,0,-4000.0,-4000.0,0.0,0.0,-114000.0,-114000.0
7820,立盈,上櫃,108.0,1.4084507042253522,-1000.0,0,0,-1000.0,-108000.0,0.0,0.0,-108000.0
7825,和亞智慧,上櫃,82.2,9.893048128342247,95000.0,0,2512.0,97512.0,7809000.0,0.0,206486.4,8015486.4
7828,創新服務,上櫃,1970.0,0.0,-35169.0,0,-1233.0,-36402.0,-69282930.0,0.0,-2429010.0,-71711940.0
7839,達人網,上櫃,43.15,0.3488372093023256,2000.0,0,-6000.0,-4000.0,86300.0,0.0,-258900.0,-172600.0
7856,漢測,上櫃,4605.0,-2.6427061310782243,44014.0,47000.0,-1276.0,89738.0,202684470.0,216435000.0,-5875980.0,413243490.0
8024,佑華,上櫃,12.6,0.3984063745019921,-1000.0,0,0,-1000.0,-12600.0,0.0,0.0,-12600.0
8027,鈦昇,上櫃,184.0,4.2492917847025495,701020.0,0,-109.0,700911.0,128987680.0,0.0,-20056.0,128967624.0
8032,光菱,上櫃,36.0,0.0,1000.0,0,796.0,1796.0,36000.0,0.0,28656.0,64656.0
8034,榮群,上櫃,20.45,-0.48661800486618007,29000.0,0,0,29000.0,593050.0,0.0,0.0,593050.0
8038,長園科,上櫃,32.6,0.15360983102918585,-15000.0,0,0,-15000.0,-489000.0,0.0,0.0,-489000.0
8040,九暘,上櫃,94.5,3.7321624588364437,-1056492.0,0,13672.0,-1042820.0,-99838494.0,0.0,1292004.0,-98546490.0
8042,金山電,上櫃,114.0,2.242152466367713,691135.0,0,-17565.0,673570.0,78789390.0,0.0,-2002410.0,76786980.0
8043,蜜望實,上櫃,133.0,1.1406844106463878,138989.0,0,9652.0,148641.0,18485537.0,0.0,1283716.0,19769253.0
8044,網家,上櫃,23.85,-0.625,-5215.0,0,-2.0,-5217.0,-124377.75000000001,0.0,-47.7,-124425.45000000001
8047,星雲,上櫃,49.2,7.540983606557377,4000.0,0,182.0,4182.0,196800.0,0.0,8954.4,205754.40000000002
8048,德勝,上櫃,50.1,0.2,-6576.0,0,-1435.0,-8011.0,-329457.60000000003,0.0,-71893.5,-401351.10000000003
8050,廣積,上櫃,61.2,3.204047217537942,1092000.0,0,14243.0,1106243.0,66830400.0,0.0,871671.6000000001,67702071.60000001
8054,安國,上櫃,84.6,0.1183431952662722,-18597.0,30000.0,-3746.0,7657.0,-1573306.2,2538000.0,-316911.6,647782.2
8059,凱碩,上櫃,17.7,0.5681818181818182,17599.0,0,654.0,18253.0,311502.3,0.0,11575.8,323078.1
8064,東捷,上櫃,139.0,4.511278195488721,-879717.0,0,122204.0,-757513.0,-122280663.0,0.0,16986356.0,-105294307.0
8066,來思達,上櫃,14.8,-2.31023102310231,-1000.0,0,56.0,-944.0,-14800.0,0.0,828.8000000000001,-13971.2
8068,全達,上櫃,17.85,-3.5135135135135136,-63000.0,0,283.0,-62717.0,-1124550.0,0.0,5051.55,-1119498.4500000002
8069,元太,上櫃,146.0,1.3888888888888888,130700.0,294000.0,18437.0,443137.0,19082200.0,42924000.0,2691802.0,64698002.0
8071,能率網通,上櫃,21.9,0.45871559633027537,62385.0,0,-2.0,62383.0,1366231.5,0.0,-43.8,1366187.7
8074,鉅橡,上櫃,51.0,0.7905138339920948,1000.0,0,-3945.0,-2945.0,51000.0,0.0,-201195.0,-150195.0
8076,伍豐,上櫃,21.7,0.9302325581395349,-197648.0,0,-2.0,-197650.0,-4288961.6,0.0,-43.4,-4289005.0
8083,瑞穎,上櫃,155.5,0.3225806451612903,6000.0,0,-10.0,5990.0,933000.0,0.0,-1555.0,931445.0
8084,巨虹,上櫃,33.1,-9.931972789115646,15000.0,0,0,15000.0,496500.0,0.0,0.0,496500.0
8085,福華,上櫃,14.2,0.0,-13000.0,0,238.0,-12762.0,-184600.0,0.0,3379.6,-181220.4
8086,宏捷科,上櫃,110.5,1.3761467889908259,-78818.0,0,116019.0,37201.0,-8709389.0,0.0,12820099.5,4110710.5
8087,麗升能源,上櫃,23.25,-4.9079754601226995,-3000.0,0,-329.0,-3329.0,-69750.0,0.0,-7649.25,-77399.25
8088,品安,上櫃,41.85,-0.8293838862559241,-13000.0,0,-132.0,-13132.0,-544050.0,0.0,-5524.2,-549574.2000000001
8089,康全電訊,上櫃,19.25,-1.282051282051282,-23000.0,0,-27.0,-23027.0,-442750.0,0.0,-519.75,-443269.75
8091,翔名,上櫃,216.5,0.23148148148148145,19000.0,0,-6000.0,13000.0,4113500.0,0.0,-1299000.0,2814500.0
8092,建暐,上櫃,12.9,-0.3861003861003861,-4000.0,0,-2.0,-4002.0,-51600.0,0.0,-25.8,-51625.8
8093,保銳,上櫃,23.25,-2.5157232704402515,2000.0,0,0,2000.0,46500.0,0.0,0.0,46500.0
8096,擎亞,上櫃,84.6,0.834326579261025,424525.0,0,-80048.0,344477.0,35914815.0,0.0,-6772060.8,29142754.2
8097,常珵,上櫃,48.15,-1.129363449691992,-13000.0,0,-15000.0,-28000.0,-625950.0,0.0,-722250.0,-1348200.0
8099,大世科,上櫃,60.5,0.0,6000.0,0,0,6000.0,363000.0,0.0,0.0,363000.0
8102,傑霖科技,上櫃,59.5,-0.9983361064891847,1000.0,0,0,1000.0,59500.0,0.0,0.0,59500.0
8107,大億金茂,上櫃,12.15,-0.4098360655737705,-1000.0,0,-472.0,-1472.0,-12150.0,0.0,-5734.8,-17884.8
8109,博大,上櫃,132.0,0.0,79935.0,0,-5000.0,74935.0,10551420.0,0.0,-660000.0,9891420.0
8111,立碁,上櫃,76.4,3.1039136302294192,-635150.0,0,75560.0,-559590.0,-48525460.0,0.0,5772784.0,-42752676.0
8121,越峰,上櫃,30.65,9.85663082437276,163449.0,0,26072.0,189521.0,5009711.85,0.0,799106.7999999999,5808818.649999999
8147,正淩,上櫃,136.5,-0.7272727272727273,-26160.0,0,-2093.0,-28253.0,-3570840.0,0.0,-285694.5,-3856534.5
8155,博智,上櫃,336.0,-3.170028818443804,-334800.0,-16000.0,42659.0,-308141.0,-112492800.0,-5376000.0,14333424.0,-103535376.0
8171,天宇,上櫃,20.45,-0.9685230024213075,16000.0,0,0,16000.0,327200.0,0.0,0.0,327200.0
8176,智捷,上櫃,9.78,0.0,-1000.0,0,-1001.0,-2001.0,-9780.0,0.0,-9789.779999999999,-19569.78
8182,加高,上櫃,40.45,0.0,52037.0,0,-12817.0,39220.0,2104896.6500000004,0.0,-518447.65,1586449.0
8227,巨有科技,上櫃,306.5,-1.129032258064516,84000.0,0,-3514.0,80486.0,25746000.0,0.0,-1077041.0,24668959.0
8234,新漢,上櫃,61.2,0.8237232289950577,-42277.0,0,-1690.0,-43967.0,-2587352.4,0.0,-103428.0,-2690780.4
8240,華宏,上櫃,52.0,0.0,-261000.0,0,-2128.0,-263128.0,-13572000.0,0.0,-110656.0,-13682656.0
8255,朋程,上櫃,142.5,1.0638297872340425,21394.0,0,4996.0,26390.0,3048645.0,0.0,711930.0,3760575.0
8272,全景軟體,上櫃,63.5,-2.006172839506173,-1000.0,0,0,-1000.0,-63500.0,0.0,0.0,-63500.0
8277,商丞,上櫃,15.75,0.0,344.0,0,0,344.0,5418.0,0.0,0.0,5418.0
8279,生展,上櫃,78.2,0.12804097311139565,0,0,0,0,0.0,0.0,0.0,0.0
8284,三竹,上櫃,68.0,-0.43923865300146414,1000.0,0,-285.0,715.0,68000.0,0.0,-19380.0,48620.0
8289,泰藝,上櫃,44.75,0.6749156355455567,121620.0,0,1152.0,122772.0,5442495.0,0.0,51552.0,5494047.0
8299,群聯,上櫃,2125.0,-4.063205417607223,-1420449.0,-9000.0,-158220.0,-1587669.0,-3018454125.0,-19125000.0,-336217500.0,-3373796625.0
8349,恒耀,上櫃,39.6,2.9908972691807536,30000.0,0,114.0,30114.0,1188000.0,0.0,4514.400000000001,1192514.4000000001
8354,冠好,上櫃,17.1,-0.5813953488372092,0,0,0,0,0.0,0.0,0.0,0.0
8358,金居,上櫃,511.0,2.8169014084507045,108263.0,-76000.0,646384.0,678647.0,55322393.0,-38836000.0,330302224.0,346788617.0
8383,千附,上櫃,67.9,2.7231467473524957,444880.0,0,17325.0,462205.0,30207352.000000004,0.0,1176367.5,31383719.500000004
8390,金益鼎,上櫃,90.0,-0.4424778761061947,-124000.0,0,-201.0,-124201.0,-11160000.0,0.0,-18090.0,-11178090.0
8401,白紗科,上櫃,22.75,0.8869179600886918,-4000.0,0,0,-4000.0,-91000.0,0.0,0.0,-91000.0
8403,盛弘,上櫃,18.95,-0.2631578947368421,-1000.0,0,0,-1000.0,-18950.0,0.0,0.0,-18950.0
8410,森田,上櫃,27.8,-1.4184397163120568,1000.0,0,-5370.0,-4370.0,27800.0,0.0,-149286.0,-121486.0
8415,大國鋼,上櫃,35.45,0.8534850640113797,-28000.0,0,0,-28000.0,-992600.0000000001,0.0,0.0,-992600.0000000001
8416,實威,上櫃,169.0,0.2967359050445104,-5700.0,0,0,-5700.0,-963300.0,0.0,0.0,-963300.0
8421,旭源,上櫃,12.8,0.0,2000.0,0,0,2000.0,25600.0,0.0,0.0,25600.0
8423,保綠-KY,上櫃,18.05,0.5571030640668525,1000.0,0,0,1000.0,18050.0,0.0,0.0,18050.0
8424,惠普,上櫃,70.8,2.9069767441860463,-1000.0,0,0,-1000.0,-70800.0,0.0,0.0,-70800.0
8426,紅木-KY,上櫃,20.6,0.4878048780487805,-1000.0,0,-2.0,-1002.0,-20600.0,0.0,-41.2,-20641.2
8431,匯鑽科,上櫃,63.3,0.15822784810126583,-27000.0,0,-4085.0,-31085.0,-1709100.0,0.0,-258580.5,-1967680.5
8432,東生華,上櫃,50.2,-0.9861932938856016,0,0,-6.0,-6.0,0.0,0.0,-301.20000000000005,-301.20000000000005
8433,弘帆,上櫃,52.7,-0.1893939393939394,1000.0,0,-81.0,919.0,52700.0,0.0,-4268.7,48431.3
8435,鉅邁,上櫃,52.9,0.18939393939393942,1000.0,0,0,1000.0,52900.0,0.0,0.0,52900.0
8436,大江,上櫃,105.0,0.0,26400.0,-1323.0,-1651.0,23426.0,2772000.0,-138915.0,-173355.0,2459730.0
8437,大地-KY,上櫃,10.65,7.90273556231003,18000.0,0,-164.0,17836.0,191700.0,0.0,-1746.6000000000001,189953.4
8440,綠電,上櫃,20.25,-0.4914004914004914,0,0,0,0,0.0,0.0,0.0,0.0
8446,華研,上櫃,84.7,0.713436385255648,1000.0,0,-30.0,970.0,84700.0,0.0,-2541.0,82159.0
8450,霹靂,上櫃,14.35,0.3496503496503497,1000.0,0,-653.0,347.0,14350.0,0.0,-9370.55,4979.45
8472,納維康,上櫃,77.0,-1.6602809706257982,-1000.0,0,0,-1000.0,-77000.0,0.0,0.0,-77000.0
8489,三貝德,上櫃,22.55,-0.44150110375275936,-7000.0,0,-1803.0,-8803.0,-157850.0,0.0,-40657.65,-198507.65
8906,花王,上櫃,29.0,-1.5280135823429541,0,0,-382.0,-382.0,0.0,0.0,-11078.0,-11078.0
8908,欣雄,上櫃,40.05,0.125,-6700.0,0,0,-6700.0,-268335.0,0.0,0.0,-268335.0
8916,光隆,上櫃,40.85,-0.12224938875305626,-12000.0,0,1705.0,-10295.0,-490200.0,0.0,69649.25,-420550.75
8924,大田,上櫃,49.3,-0.40404040404040403,9000.0,0,-106.0,8894.0,443700.0,0.0,-5225.799999999999,438474.19999999995
8927,北基,上櫃,19.0,-0.5235602094240838,12000.0,0,16.0,12016.0,228000.0,0.0,304.0,228304.0
8928,鉅明,上櫃,23.3,1.3043478260869565,-6000.0,0,0,-6000.0,-139800.0,0.0,0.0,-139800.0
8929,富堡,上櫃,12.95,1.171875,0,0,-162.0,-162.0,0.0,0.0,-2097.9,-2097.9
8931,大汽電,上櫃,43.05,0.11627906976744186,-2000.0,0,0,-2000.0,-86100.0,0.0,0.0,-86100.0
8932,智通*,上櫃,92.6,-0.6437768240343349,88054.0,0,-115138.0,-27084.0,8153800.399999999,0.0,-10661778.799999999,-2507978.4
8933,愛地雅,上櫃,4.57,1.5555555555555556,-10000.0,0,0,-10000.0,-45700.0,0.0,0.0,-45700.0
8935,邦泰,上櫃,17.55,1.4450867052023122,18000.0,0,-87.0,17913.0,315900.0,0.0,-1526.8500000000001,314373.15
8936,國統,上櫃,52.1,0.19230769230769232,-63925.0,-3209.0,-1244.0,-68378.0,-3330492.5,-167188.9,-64812.4,-3562493.8000000003
8937,合騏*,上櫃,26.6,-2.205882352941176,23000.0,0,3996.0,26996.0,611800.0,0.0,106293.6,718093.6000000001
8938,明安,上櫃,52.1,-0.3824091778202677,14000.0,0,-21.0,13979.0,729400.0,0.0,-1094.1000000000001,728305.9
8942,森鉅,上櫃,40.5,-0.24630541871921183,-22000.0,0,0,-22000.0,-891000.0,0.0,0.0,-891000.0
9949,琉園,上櫃,24.0,0.0,-2000.0,0,-29.0,-2029.0,-48000.0,0.0,-696.0,-48696.0
9951,皇田,上櫃,47.65,-0.7291666666666666,-8000.0,0,-24343.0,-32343.0,-381200.0,0.0,-1159943.95,-1541143.95
9960,邁達康,上櫃,39.35,4.654255319148936,-2000.0,0,-190.0,-2190.0,-78700.0,0.0,-7476.5,-86176.5
9962,有益,上櫃,10.1,1.0,2000.0,0,-2.0,1998.0,20200.0,0.0,-20.2,20179.8
