code,name,mkt,close,chg,foreign,trust,dealer,total,foreign_amt,trust_amt,dealer_amt,total_amt
00403A,主動統一升級50,上市,,,32000305.0,0,41553499.0,73553804.0,,,,
00961,FT臺灣永續高息,上市,,,9571000.0,0,24994917.0,34565917.0,,,,
00981A,主動統一台股增長,上市,,,19367911.0,0,10597062.0,29964973.0,,,,
00631L,元大台灣50正2,上市,,,1657505.0,0,22656486.0,24313991.0,,,,
00988A,主動統一全球創新,上市,,,10119440.0,0,14161000.0,24280440.0,,,,
2313,華通,上市,,,18381742.0,3285000.0,314906.0,21981648.0,,,,
00991A,主動復華未來50,上市,,,5195720.0,0,13687978.0,18883698.0,,,,
00673R,期元大S&P原油反1,上市,,,42000.0,0,17446776.0,17488776.0,,,,
00405A,主動富邦台灣龍耀,上市,,,-2124814.0,0,18406597.0,16281783.0,,,,
009820,元大納斯達克精選,上市,,,-499000.0,0,14339554.0,13840554.0,,,,
00409A,主動復華全球50,上市,,,-385000.0,0,14024309.0,13639309.0,,,,
1326,台化,上市,,,13370519.0,0,197072.0,13567591.0,,,,
1303,南亞,上市,,,6555053.0,3486000.0,1526255.0,11567308.0,,,,
2891,中信金,上市,,,9406803.0,1335000.0,553722.0,11295525.0,,,,
00997A,主動群益美國增長,上市,,,4674070.0,0,6337993.0,11012063.0,,,,
2605,新興,上市,,,9995332.0,0,508087.0,10503419.0,,,,
00990A,主動元大AI新經濟,上市,,,219800.0,0,10207350.0,10427150.0,,,,
00918,大華優利高填息30,上市,,,5010386.0,0,4577271.0,9587657.0,,,,
00402A,主動安聯美國科技,上市,,,-89000.0,0,9581694.0,9492694.0,,,,
6239,力成,上市,,,6903934.0,116000.0,1574382.0,8594316.0,,,,
2885,元大金,上市,,,7668834.0,143000.0,465267.0,8277101.0,,,,
8150,南茂,上市,,,7948693.0,50000.0,246175.0,8244868.0,,,,
00982A,主動群益台灣強棒,上市,,,1133200.0,0,6522690.0,7655890.0,,,,
2886,兆豐金,上市,,,12514743.0,-5472000.0,567302.0,7610045.0,,,,
6257,矽格,上市,,,5692331.0,697000.0,814797.0,7204128.0,,,,
1802,台玻,上市,,,5992847.0,42000.0,743299.0,6778146.0,,,,
9105,泰金寶-DR,上市,,,6598000.0,0,152273.0,6750273.0,,,,
2883,凱基金,上市,,,7062821.0,-1478000.0,871964.0,6456785.0,,,,
2884,玉山金,上市,,,6247532.0,-630000.0,515560.0,6133092.0,,,,
00404A,主動聯博動能50,上市,,,927000.0,0,5198257.0,6125257.0,,,,
00407A,主動凱基台灣,上市,,,496444.0,0,5473824.0,5970268.0,,,,
00632R,元大台灣50反1,上市,,,3046100.0,0,2917652.0,5963752.0,,,,
2890,永豐金,上市,,,2799993.0,2166000.0,862344.0,5828337.0,,,,
00900,富邦特選高股息30,上市,,,1700000.0,0,3958801.0,5658801.0,,,,
2609,陽明,上市,,,5172030.0,-89000.0,220705.0,5303735.0,,,,
00965,元大航太防衛科技,上市,,,48000.0,0,5107941.0,5155941.0,,,,
00940,元大台灣價值高息,上市,,,135139.0,0,4385125.0,4520264.0,,,,
1301,台塑,上市,,,4003006.0,0,505528.0,4508534.0,,,,
00881,國泰台灣科技龍頭,上市,,,271369.0,0,4127441.0,4398810.0,,,,
009802,富邦旗艦50,上市,,,484000.0,0,3856033.0,4340033.0,,,,
1314,中石化,上市,,,3980472.0,0,158866.0,4139338.0,,,,
4927,泰鼎-KY,上市,,,3912359.0,0,62766.0,3975125.0,,,,
4906,正文,上市,,,3604760.0,0,167040.0,3771800.0,,,,
2887,台新新光金,上市,,,3081217.0,-225000.0,891530.0,3747747.0,,,,
2892,第一金,上市,,,5711880.0,-2036000.0,42755.0,3718635.0,,,,
2880,華南金,上市,,,2551358.0,-15000.0,757663.0,3294021.0,,,,
00664R,國泰臺灣加權反1,上市,,,0,0,3117887.0,3117887.0,,,,
00896,中信綠能及電動車,上市,,,1328010.0,0,1751134.0,3079144.0,,,,
2412,中華電,上市,,,2945795.0,107180.0,10998.0,3063973.0,,,,
6213,聯茂,上市,,,1829683.0,1233000.0,-28540.0,3034143.0,,,,
00984D,主動聯博全球非投,上市,,,2382000.0,0,638000.0,3020000.0,,,,
1409,新纖,上市,,,3125007.0,0,-105343.0,3019664.0,,,,
00680L,元大美債20正2,上市,,,251000.0,0,2541330.0,2792330.0,,,,
00919,群益台灣精選高息,上市,,,4287787.0,0,-1641066.0,2646721.0,,,,
1605,華新,上市,,,2582848.0,-22000.0,53414.0,2614262.0,,,,
2382,廣達,上市,,,2161090.0,306304.0,135176.0,2602570.0,,,,
00999A,主動野村臺灣高息,上市,,,-936000.0,0,3489578.0,2553578.0,,,,
1504,東元,上市,,,2369595.0,6000.0,162003.0,2537598.0,,,,
6456,GIS-KY,上市,,,2329334.0,0,82296.0,2411630.0,,,,
1711,永光,上市,,,2053176.0,0,339105.0,2392281.0,,,,
2368,金像電,上市,,,-172640.0,2644500.0,-80711.0,2391149.0,,,,
009819,中信數據及電力,上市,,,1685000.0,0,463884.0,2148884.0,,,,
2436,偉詮電,上市,,,2071303.0,-44000.0,94935.0,2122238.0,,,,
6278,台表科,上市,,,2438217.0,-699000.0,309589.0,2048806.0,,,,
00994A,主動第一金台股優,上市,,,371300.0,0,1655825.0,2027125.0,,,,
1717,長興,上市,,,1963071.0,0,55087.0,2018158.0,,,,
2492,華新科,上市,,,1657742.0,-98000.0,386030.0,1945772.0,,,,
2399,映泰,上市,,,1932858.0,0,10210.0,1943068.0,,,,
6505,台塑化,上市,,,-707822.0,2265000.0,373512.0,1930690.0,,,,
009826,貝萊德世界股票,上市,,,1227132.0,0,688811.0,1915943.0,,,,
1102,亞泥,上市,,,2039207.0,-299000.0,165326.0,1905533.0,,,,
00671R,富邦NASDAQ反1,上市,,,0,0,1888029.0,1888029.0,,,,
00686R,群益臺灣加權反1,上市,,,0,0,1865000.0,1865000.0,,,,
00993A,主動安聯台灣,上市,,,972000.0,0,856066.0,1828066.0,,,,
00713,元大台灣高息低波,上市,,,52520.0,0,1670344.0,1722864.0,,,,
1312,國喬,上市,,,2428214.0,0,-746957.0,1681257.0,,,,
3094,聯傑,上市,,,1665761.0,0,-4000.0,1661761.0,,,,
2034,允強,上市,,,1633739.0,0,-1774.0,1631965.0,,,,
1714,和桐,上市,,,1462172.0,0,168746.0,1630918.0,,,,
00951,台新日本半導體,上市,,,386000.0,0,1173700.0,1559700.0,,,,
00923,群益台ESG低碳50,上市,,,248000.0,0,1306824.0,1554824.0,,,,
2882,國泰金,上市,,,-520399.0,1994000.0,73240.0,1546841.0,,,,
1609,大亞,上市,,,1511636.0,0,-1822.0,1509814.0,,,,
5521,工信,上市,,,1473665.0,0,-3845.0,1469820.0,,,,
2881,富邦金,上市,,,810832.0,580100.0,55870.0,1446802.0,,,,
1402,遠東新,上市,,,1614219.0,-191000.0,5692.0,1428911.0,,,,
00939,統一台灣高息動能,上市,,,51000.0,0,1368203.0,1419203.0,,,,
6285,啟碁,上市,,,890038.0,4000.0,507546.0,1401584.0,,,,
009813,貝萊德標普卓越50,上市,,,11100.0,0,1374000.0,1385100.0,,,,
3016,嘉晶,上市,,,1392627.0,0,-15806.0,1376821.0,,,,
00882,中信中國高股息,上市,,,10411.0,0,1310122.0,1320533.0,,,,
4956,光鋐,上市,,,1301085.0,0,373.0,1301458.0,,,,
2383,台光電,上市,,,654595.0,595000.0,-30740.0,1218855.0,,,,
2371,大同,上市,,,1130712.0,-16000.0,93562.0,1208274.0,,,,
3005,神基,上市,,,1140026.0,4742.0,44473.0,1189241.0,,,,
3044,健鼎,上市,,,1142500.0,7000.0,38598.0,1188098.0,,,,
2308,台達電,上市,,,644967.0,649409.0,-113480.0,1180896.0,,,,
4919,新唐,上市,,,1129961.0,0,35789.0,1165750.0,,,,
2385,群光,上市,,,1171703.0,-91063.0,29884.0,1110524.0,,,,
2603,長榮,上市,,,727199.0,196890.0,132703.0,1056792.0,,,,
1904,正隆,上市,,,1051471.0,0,3000.0,1054471.0,,,,
2332,友訊,上市,,,895391.0,0,122000.0,1017391.0,,,,
3037,欣興,上市,,,2956844.0,-1901010.0,-40038.0,1015796.0,,,,
1216,統一,上市,,,-943777.0,1681000.0,277280.0,1014503.0,,,,
009824,群益美國科技巨頭,上市,,,3000.0,0,992901.0,995901.0,,,,
2342,茂矽,上市,,,968834.0,0,9271.0,978105.0,,,,
1477,聚陽,上市,,,998461.0,47012.0,-71272.0,974201.0,,,,
4938,和碩,上市,,,1018908.0,-193252.0,133336.0,958992.0,,,,
009811,統一美國50,上市,,,298000.0,0,656521.0,954521.0,,,,
2401,凌陽,上市,,,922107.0,0,17749.0,939856.0,,,,
00945B,凱基美國非投等債,上市,,,3497198.0,0,-2559623.0,937575.0,,,,
2606,裕民,上市,,,930950.0,-4000.0,2009.0,928959.0,,,,
00893,國泰智能電動車,上市,,,479200.0,0,449522.0,928722.0,,,,
9945,潤泰新,上市,,,138697.0,726000.0,56679.0,921376.0,,,,
2236,百達-KY,上市,,,908000.0,0,11522.0,919522.0,,,,
00902,中信電池及儲能,上市,,,224000.0,0,695410.0,919410.0,,,,
00830,國泰費城半導體,上市,,,180134.0,0,729991.0,910125.0,,,,
2441,超豐,上市,,,642181.0,196000.0,59252.0,897433.0,,,,
2889,國票金,上市,,,896460.0,0,0,896460.0,,,,
3661,世芯-KY,上市,,,432953.0,356000.0,96632.0,885585.0,,,,
00930,永豐ESG低碳高息,上市,,,268000.0,0,611062.0,879062.0,,,,
00905,FT臺灣Smart,上市,,,162170.0,0,715784.0,877954.0,,,,
2254,巨鎧精密-創,上市,,,877570.0,0,-2461.0,875109.0,,,,
2489,瑞軒,上市,,,1059664.0,13800.0,-208888.0,864576.0,,,,
00897,富邦基因免疫生技,上市,,,893000.0,0,-39482.0,853518.0,,,,
00929,復華台灣科技優息,上市,,,276150.0,2000000.0,-1436124.0,840026.0,,,,
4960,誠美材,上市,,,830778.0,0,7203.0,837981.0,,,,
00916,國泰全球品牌50,上市,,,681000.0,0,148633.0,829633.0,,,,
00688L,國泰20年美債正2,上市,,,74000.0,0,750833.0,824833.0,,,,
00735,國泰臺韓科技,上市,,,155000.0,0,645000.0,800000.0,,,,
5876,上海商銀,上市,,,366400.0,141000.0,281182.0,788582.0,,,,
3035,智原,上市,,,822720.0,0,-42710.0,780010.0,,,,
00663L,國泰臺灣加權正2,上市,,,-132000.0,0,911135.0,779135.0,,,,
2637,慧洋-KY,上市,,,731476.0,-29000.0,73324.0,775800.0,,,,
00898,國泰基因免疫革命,上市,,,998000.0,0,-234517.0,763483.0,,,,
6153,嘉聯益,上市,,,764239.0,0,-3000.0,761239.0,,,,
2369,菱生,上市,,,745498.0,0,13661.0,759159.0,,,,
7788,松川精密,上市,,,622119.0,0,109098.0,731217.0,,,,
4142,國光生,上市,,,727001.0,0,-198.0,726803.0,,,,
8046,南電,上市,,,260557.0,532000.0,-74481.0,718076.0,,,,
2476,鉅祥,上市,,,679029.0,0,29695.0,708724.0,,,,
2347,聯強,上市,,,828026.0,-199438.0,68418.0,697006.0,,,,
00715L,期街口布蘭特正2,上市,,,151000.0,0,538647.0,689647.0,,,,
6271,同欣電,上市,,,630714.0,0,53459.0,684173.0,,,,
1513,中興電,上市,,,597354.0,13000.0,49937.0,660291.0,,,,
2329,華泰,上市,,,652324.0,0,-3892.0,648432.0,,,,
5469,瀚宇博,上市,,,627000.0,0,16529.0,643529.0,,,,
2855,統一證,上市,,,632393.0,9600.0,0,641993.0,,,,
3045,台灣大,上市,,,277139.0,259859.0,101381.0,638379.0,,,,
00941,中信上游半導體,上市,,,214000.0,0,388129.0,602129.0,,,,
9938,百和,上市,,,605403.0,-12520.0,3574.0,596457.0,,,,
1476,儒鴻,上市,,,584297.0,-8000.0,16366.0,592663.0,,,,
2408,南亞科,上市,,,813154.0,-506000.0,285258.0,592412.0,,,,
009804,聯邦台精彩50,上市,,,176200.0,0,413040.0,589240.0,,,,
6155,鈞寶,上市,,,597020.0,0,-9564.0,587456.0,,,,
00952,凱基台灣AI50,上市,,,-8000.0,0,585611.0,577611.0,,,,
2404,漢唐,上市,,,645138.0,-33000.0,-40568.0,571570.0,,,,
2379,瑞昱,上市,,,411988.0,125000.0,29213.0,566201.0,,,,
2201,裕隆,上市,,,562000.0,0,-1258.0,560742.0,,,,
1718,中纖,上市,,,183242.0,0,372301.0,555543.0,,,,
3543,州巧,上市,,,546432.0,0,7000.0,553432.0,,,,
3090,日電貿,上市,,,538890.0,0,8453.0,547343.0,,,,
3701,大眾控,上市,,,692922.0,0,-151740.0,541182.0,,,,
2402,毅嘉,上市,,,485409.0,0,53462.0,538871.0,,,,
00989A,主動摩根美國科技,上市,,,1777000.0,0,-1239500.0,537500.0,,,,
2542,興富發,上市,,,2246315.0,-1721500.0,4862.0,529677.0,,,,
4904,遠傳,上市,,,197499.0,169000.0,162741.0,529240.0,,,,
2851,中再保,上市,,,241235.0,319000.0,-33469.0,526766.0,,,,
1434,福懋,上市,,,524104.0,0,0,524104.0,,,,
4958,臻鼎-KY,上市,,,4652526.0,-4162000.0,28697.0,519223.0,,,,
00637L,元大滬深300正2,上市,,,-30000.0,0,544549.0,514549.0,,,,
2069,運錩,上市,,,509435.0,0,-1000.0,508435.0,,,,
2104,國際中橡,上市,,,466069.0,0,32298.0,498367.0,,,,
6672,騰輝電子-KY,上市,,,495107.0,0,2248.0,497355.0,,,,
2030,彰源,上市,,,437234.0,0,59000.0,496234.0,,,,
1608,華榮,上市,,,492064.0,0,1902.0,493966.0,,,,
2421,建準,上市,,,338621.0,8000.0,145267.0,491888.0,,,,
00932,兆豐永續高息等權,上市,,,30000.0,0,459936.0,489936.0,,,,
8422,可寧衛*,上市,,,633000.0,0,-144000.0,489000.0,,,,
1563,巧新,上市,,,472779.0,0,1292.0,474071.0,,,,
2478,大毅,上市,,,469734.0,0,3957.0,473691.0,,,,
1514,亞力,上市,,,444346.0,8000.0,13566.0,465912.0,,,,
3017,奇鋐,上市,,,146705.0,258000.0,54544.0,459249.0,,,,
6108,競國,上市,,,453058.0,0,6000.0,459058.0,,,,
4720,德淵,上市,,,420000.0,0,35069.0,455069.0,,,,
9904,寶成,上市,,,237250.0,-80000.0,293243.0,450493.0,,,,
8021,尖點,上市,,,-852971.0,1226000.0,70751.0,443780.0,,,,
6197,佳必琪,上市,,,397143.0,0,42094.0,439237.0,,,,
2439,美律,上市,,,414727.0,1984.0,18516.0,435227.0,,,,
00954,中信日本半導體,上市,,,78999.0,0,355255.0,434254.0,,,,
2206,三陽工業,上市,,,421013.0,0,0,421013.0,,,,
7795,長廣,上市,,,427429.0,0,-12325.0,415104.0,,,,
2915,潤泰全,上市,,,414918.0,0,0,414918.0,,,,
00670L,富邦NASDAQ正2,上市,,,-40600.0,0,454936.0,414336.0,,,,
3019,亞光,上市,,,391500.0,0,1335.0,392835.0,,,,
1319,東陽,上市,,,382693.0,0,9856.0,392549.0,,,,
1309,台達化,上市,,,394406.0,0,-2316.0,392090.0,,,,
8110,華東,上市,,,281445.0,0,108290.0,389735.0,,,,
1617,榮星,上市,,,385567.0,0,0,385567.0,,,,
00692,富邦公司治理,上市,,,-101089.0,0,482150.0,381061.0,,,,
1310,台苯,上市,,,364508.0,0,6000.0,370508.0,,,,
009817,國泰日本不動產,上市,,,6000.0,0,359990.0,365990.0,,,,
2617,台航,上市,,,351899.0,0,12720.0,364619.0,,,,
2338,光罩,上市,,,371600.0,0,-7600.0,364000.0,,,,
1308,亞聚,上市,,,353228.0,0,3569.0,356797.0,,,,
4961,天鈺,上市,,,281049.0,75000.0,-3139.0,352910.0,,,,
3167,大量,上市,,,330982.0,0,18610.0,349592.0,,,,
2014,中鴻,上市,,,349079.0,0,0,349079.0,,,,
2375,凱美,上市,,,354202.0,0,-5511.0,348691.0,,,,
6196,帆宣,上市,,,425079.0,0,-76855.0,348224.0,,,,
1313,聯成,上市,,,369179.0,0,-31000.0,338179.0,,,,
1304,台聚,上市,,,332173.0,0,-1949.0,330224.0,,,,
00949,復華日本龍頭,上市,,,142600.0,0,187449.0,330049.0,,,,
8996,高力,上市,,,318682.0,-12000.0,19507.0,326189.0,,,,
1722,台肥,上市,,,324000.0,0,825.0,324825.0,,,,
2208,台船,上市,,,316902.0,0,6000.0,322902.0,,,,
6209,今國光,上市,,,489112.0,0,-169347.0,319765.0,,,,
1529,樂事綠能,上市,,,318528.0,0,1000.0,319528.0,,,,
00650L,復華香港正2,上市,,,-5000.0,0,324491.0,319491.0,,,,
00911,兆豐洲際半導體,上市,,,4204.0,0,314613.0,318817.0,,,,
00982D,主動富邦動態入息,上市,,,-56000.0,0,373993.0,317993.0,,,,
00733,富邦臺灣中小,上市,,,171000.0,0,138698.0,309698.0,,,,
2241,艾姆勒,上市,,,308564.0,0,0,308564.0,,,,
6269,台郡,上市,,,328317.0,0,-24117.0,304200.0,,,,
00915,凱基優選高股息30,上市,,,-265000.0,0,568177.0,303177.0,,,,
6202,盛群,上市,,,337129.0,0,-37958.0,299171.0,,,,
1305,華夏,上市,,,290472.0,0,0,290472.0,,,,
1708,東鹼,上市,,,270643.0,0,18405.0,289048.0,,,,
1316,上曜,上市,,,289000.0,0,0,289000.0,,,,
8011,台通,上市,,,281000.0,0,-1000.0,280000.0,,,,
2415,錩新,上市,,,276000.0,0,848.0,276848.0,,,,
3711,日月光投控,上市,,,1699459.0,-1526000.0,103371.0,276830.0,,,,
00971,野村美國研發龍頭,上市,,,-3000.0,0,279534.0,276534.0,,,,
009801,中信美國創新科技,上市,,,82000.0,0,193838.0,275838.0,,,,
2357,華碩,上市,,,302452.0,-8500.0,-25422.0,268530.0,,,,
2393,億光,上市,,,341467.0,-24376.0,-63479.0,253612.0,,,,
8215,明基材,上市,,,277988.0,-8000.0,-17825.0,252163.0,,,,
8926,台汽電,上市,,,257287.0,-6000.0,491.0,251778.0,,,,
3702,大聯大,上市,,,260618.0,37086.0,-48035.0,249669.0,,,,
2023,燁輝,上市,,,245692.0,0,0,245692.0,,,,
8213,志超,上市,,,243053.0,0,2358.0,245411.0,,,,
2025,千興,上市,,,243251.0,0,0,243251.0,,,,
2009,第一銅,上市,,,241165.0,0,860.0,242025.0,,,,
1773,勝一,上市,,,247472.0,0,-7579.0,239893.0,,,,
00706L,期元大S&P日圓正2,上市,,,0,0,239242.0,239242.0,,,,
2101,南港,上市,,,245974.0,0,-7000.0,238974.0,,,,
006208,富邦台50,上市,,,170028.0,-132000.0,198950.0,236978.0,,,,
4755,三福化,上市,,,227500.0,0,5528.0,233028.0,,,,
3706,神達,上市,,,257465.0,-14000.0,-10828.0,232637.0,,,,
00924,復華S&P500成長,上市,,,26030.0,0,205423.0,231453.0,,,,
4746,台耀,上市,,,382501.0,-152000.0,0,230501.0,,,,
00983D,主動富邦複合收益,上市,,,110000.0,0,120427.0,230427.0,,,,
2491,吉祥全,上市,,,228000.0,0,1000.0,229000.0,,,,
2006,東和鋼鐵,上市,,,235309.0,-18000.0,10670.0,227979.0,,,,
3010,華立,上市,,,217999.0,1421.0,6997.0,226417.0,,,,
1909,榮成,上市,,,228000.0,0,-4000.0,224000.0,,,,
7855,和運租車,上市,,,191000.0,0,29000.0,220000.0,,,,
8131,福懋科,上市,,,208925.0,1000.0,7599.0,217524.0,,,,
00770,國泰北美科技,上市,,,7000.0,0,203863.0,210863.0,,,,
6668,中揚光,上市,,,210129.0,0,0,210129.0,,,,
9919,康那香,上市,,,210000.0,0,0,210000.0,,,,
6117,迎廣,上市,,,312258.0,0,-105873.0,206385.0,,,,
1536,和大,上市,,,206129.0,0,173.0,206302.0,,,,
00986A,主動台新龍頭成長,上市,,,6000.0,0,197763.0,203763.0,,,,
00653L,富邦印度正2,上市,,,12000.0,0,189488.0,201488.0,,,,
2612,中航,上市,,,197491.0,0,3000.0,200491.0,,,,
2634,漢翔,上市,,,223665.0,-4000.0,-23934.0,195731.0,,,,
009812,野村日本東證,上市,,,-4000.0,0,196104.0,192104.0,,,,
2820,華票,上市,,,167737.0,0,20000.0,187737.0,,,,
00693U,期街口S&P黃豆,上市,,,1000.0,0,185128.0,186128.0,,,,
2607,榮運,上市,,,182013.0,0,3270.0,185283.0,,,,
00983A,主動中信ARK創新,上市,,,309000.0,0,-125160.0,183840.0,,,,
00921,兆豐龍頭等權重,上市,,,8041.0,0,174712.0,182753.0,,,,
2033,佳大,上市,,,170121.0,0,8000.0,178121.0,,,,
2363,矽統,上市,,,400509.0,0,-223600.0,176909.0,,,,
6141,柏承,上市,,,171150.0,0,3000.0,174150.0,,,,
2912,統一超,上市,,,160068.0,12000.0,2000.0,174068.0,,,,
6133,金橋,上市,,,169015.0,0,5000.0,174015.0,,,,
2107,厚生,上市,,,172648.0,0,0,172648.0,,,,
1612,宏泰,上市,,,171112.0,0,1146.0,172258.0,,,,
5388,中磊,上市,,,145594.0,5318.0,15300.0,166212.0,,,,
9939,宏全,上市,,,165634.0,0,-28.0,165606.0,,,,
2472,立隆電,上市,,,150524.0,0,14503.0,165027.0,,,,
2405,輔信,上市,,,164869.0,0,0,164869.0,,,,
00876,元大全球5G,上市,,,70000.0,0,92037.0,162037.0,,,,
00938,凱基優選30,上市,,,66000.0,0,92960.0,158960.0,,,,
2480,敦陽科,上市,,,163696.0,2840.0,-7907.0,158629.0,,,,
3025,星通,上市,,,154647.0,0,0,154647.0,,,,
00903,富邦元宇宙,上市,,,0,0,154006.0,154006.0,,,,
8016,矽創,上市,,,94900.0,54528.0,2960.0,152388.0,,,,
2468,華經,上市,,,148497.0,0,0,148497.0,,,,
7780,大研生醫*,上市,,,149697.0,0,-1496.0,148201.0,,,,
8081,致新,上市,,,80392.0,66088.0,891.0,147371.0,,,,
3013,晟銘電,上市,,,105010.0,0,40060.0,145070.0,,,,
2108,南帝,上市,,,161776.0,0,-19537.0,142239.0,,,,
6589,台康生技,上市,,,142230.0,0,0,142230.0,,,,
4976,佳凌,上市,,,140082.0,0,0,140082.0,,,,
7827,漢康-KY創,上市,,,138139.0,0,1536.0,139675.0,,,,
6214,精誠,上市,,,126448.0,13158.0,0,139606.0,,,,
6191,精成科,上市,,,126920.0,11000.0,367.0,138287.0,,,,
4770,上品,上市,,,138526.0,0,-3296.0,135230.0,,,,
00645,富邦日本,上市,,,-24.0,0,135047.0,135023.0,,,,
00987A,主動台新優勢成長,上市,,,188000.0,0,-53327.0,134673.0,,,,
6165,浪凡,上市,,,131000.0,0,0,131000.0,,,,
3055,蔚華科,上市,,,103000.0,0,28000.0,131000.0,,,,
00648R,元大S&P500反1,上市,,,0,0,129000.0,129000.0,,,,
00982T,平衡兆豐台美動能,上市,,,0,0,128007.0,128007.0,,,,
2032,新鋼,上市,,,129959.0,0,-2000.0,127959.0,,,,
00946,群益科技高息成長,上市,,,-65000.0,0,190840.0,125840.0,,,,
6438,迅得,上市,,,128110.0,0,-3000.0,125110.0,,,,
3406,玉晶光,上市,,,33041.0,72000.0,17377.0,122418.0,,,,
2015,豐興,上市,,,119300.0,0,-1000.0,118300.0,,,,
00920,富邦ESG綠色電力,上市,,,51000.0,0,66662.0,117662.0,,,,
1307,三芳,上市,,,117440.0,0,0,117440.0,,,,
009818,華南永昌NASDAQxT,上市,,,0,0,117057.0,117057.0,,,,
3015,全漢,上市,,,151901.0,-36682.0,692.0,115911.0,,,,
4164,承業醫,上市,,,151322.0,0,-36000.0,115322.0,,,,
2495,普安,上市,,,98071.0,20000.0,-3799.0,114272.0,,,,
3047,訊舟,上市,,,114100.0,0,0,114100.0,,,,
6944,兆聯實業,上市,,,110980.0,9000.0,-7294.0,112686.0,,,,
00960,野村全球航運龍頭,上市,,,-2378.0,0,113738.0,111360.0,,,,
1503,士電,上市,,,82877.0,14000.0,12844.0,109721.0,,,,
4766,南寶,上市,,,110414.0,0,-3470.0,106944.0,,,,
3027,盛達,上市,,,107000.0,0,-246.0,106754.0,,,,
9933,中鼎,上市,,,76062.0,-9700.0,39027.0,105389.0,,,,
00861,元大全球未來通訊,上市,,,9000.0,0,95081.0,104081.0,,,,
6799,來頡,上市,,,102194.0,0,0,102194.0,,,,
3041,揚智,上市,,,101451.0,0,1.0,101452.0,,,,
3443,創意,上市,,,-136623.0,213900.0,24168.0,101445.0,,,,
3694,海華,上市,,,100000.0,0,0,100000.0,,,,
8454,富邦媒,上市,,,99277.0,0,-680.0,98597.0,,,,
6789,采鈺,上市,,,89326.0,2000.0,7176.0,98502.0,,,,
00737,國泰AI機器人,上市,,,462000.0,0,-365312.0,96688.0,,,,
00752,中信中國50,上市,,,45000.0,0,51556.0,96556.0,,,,
3515,華擎,上市,,,83415.0,11792.0,1212.0,96419.0,,,,
6861,睿生光電,上市,,,128898.0,0,-32846.0,96052.0,,,,
5471,松翰,上市,,,102551.0,0,-7423.0,95128.0,,,,
2360,致茂,上市,,,166343.0,-48000.0,-25992.0,92351.0,,,,
009808,華南永昌優選50,上市,,,20000.0,0,71689.0,91689.0,,,,
4306,炎洲,上市,,,91460.0,0,0,91460.0,,,,
2031,新光鋼,上市,,,101554.0,0,-12138.0,89416.0,,,,
2520,冠德,上市,,,89021.0,0,-1000.0,88021.0,,,,
7769,鴻勁,上市,,,53692.0,24403.0,9523.0,87618.0,,,,
9955,佳龍,上市,,,88000.0,0,-2000.0,86000.0,,,,
3338,泰碩,上市,,,63499.0,0,22000.0,85499.0,,,,
2428,興勤,上市,,,83353.0,-1000.0,387.0,82740.0,,,,
6743,安普新,上市,,,85686.0,-3629.0,0,82057.0,,,,
4564,元翎,上市,,,80000.0,0,1000.0,81000.0,,,,
2881B,富邦金乙特,上市,,,0,80000.0,0,80000.0,,,,
1723,中碳,上市,,,131410.0,-52000.0,0,79410.0,,,,
6550,北極星藥業-KY,上市,,,79215.0,0,0,79215.0,,,,
00757,統一FANG+,上市,,,-5940.0,0,84566.0,78626.0,,,,
00926,凱基全球菁英55,上市,,,5100.0,0,73228.0,78328.0,,,,
1786,科妍,上市,,,78000.0,0,0,78000.0,,,,
1218,泰山,上市,,,77100.0,0,0,77100.0,,,,
00640L,富邦日本正2,上市,,,0,0,76388.0,76388.0,,,,
3024,憶聲,上市,,,76094.0,0,0,76094.0,,,,
2207,和泰車,上市,,,82527.0,-8000.0,-892.0,73635.0,,,,
00907,永豐優息存股,上市,,,-2000.0,0,75578.0,73578.0,,,,
2540,愛山林,上市,,,73400.0,0,0,73400.0,,,,
2027,大成鋼,上市,,,817281.0,-913000.0,167637.0,71918.0,,,,
2204,中華,上市,,,82584.0,-11584.0,28.0,71028.0,,,,
6205,詮欣,上市,,,70000.0,0,74.0,70074.0,,,,
2882A,國泰特,上市,,,0,70000.0,0,70000.0,,,,
2427,三商電,上市,,,72178.0,0,-3000.0,69178.0,,,,
00701,國泰股利精選30,上市,,,-39975.0,0,107778.0,67803.0,,,,
0061,元大寶滬深,上市,,,-10000.0,0,77167.0,67167.0,,,,
2397,友通,上市,,,65207.0,0,0,65207.0,,,,
00730,富邦臺灣優質高息,上市,,,-9000.0,0,73639.0,64639.0,,,,
1709,和益,上市,,,-1249633.0,1355000.0,-41767.0,63600.0,,,,
2425,承啟,上市,,,63381.0,0,0,63381.0,,,,
2414,精技,上市,,,62900.0,0,0,62900.0,,,,
4968,立積,上市,,,70070.0,0,-7379.0,62691.0,,,,
1560,中砂,上市,,,128066.0,-18000.0,-47778.0,62288.0,,,,
2465,麗臺,上市,,,60689.0,0,0,60689.0,,,,
9802,鈺齊-KY,上市,,,60522.0,0,0,60522.0,,,,
3545,敦泰,上市,,,66739.0,0,-6493.0,60246.0,,,,
3705,永信,上市,,,58201.0,0,0,58201.0,,,,
6579,研揚,上市,,,35104.0,0,22605.0,57709.0,,,,
4540,全球傳動,上市,,,57004.0,0,-98.0,56906.0,,,,
3312,弘憶股,上市,,,66204.0,0,-10000.0,56204.0,,,,
3056,富華新,上市,,,56000.0,0,0,56000.0,,,,
3014,聯陽,上市,,,-64804.0,129246.0,-8452.0,55990.0,,,,
0055,元大MSCI金融,上市,,,52854.0,0,2520.0,55374.0,,,,
1524,耿鼎,上市,,,55000.0,0,0,55000.0,,,,
3653,健策,上市,,,70138.0,-14500.0,-687.0,54951.0,,,,
1568,倉佑,上市,,,54943.0,0,-1.0,54942.0,,,,
2258,鴻華先進-創,上市,,,57042.0,0,-3289.0,53753.0,,,,
4562,穎漢,上市,,,53000.0,0,362.0,53362.0,,,,
6657,華安,上市,,,53000.0,0,0,53000.0,,,,
009800,中信NASDAQ,上市,,,-77000.0,0,129659.0,52659.0,,,,
6691,洋基工程,上市,,,-7020.0,79000.0,-19818.0,52162.0,,,,
2243,宏旭-KY,上市,,,52088.0,0,0,52088.0,,,,
00901,永豐智能車供應鏈,上市,,,-13000.0,0,64989.0,51989.0,,,,
5607,遠雄港,上市,,,57270.0,0,-6000.0,51270.0,,,,
3617,碩天,上市,,,90090.0,2115.0,-41097.0,51108.0,,,,
8464,億豐,上市,,,44233.0,3000.0,3000.0,50233.0,,,,
6768,志強-KY,上市,,,50000.0,0,-8.0,49992.0,,,,
00674R,期元大S&P黃金反1,上市,,,8000.0,0,41781.0,49781.0,,,,
6189,豐藝,上市,,,34260.0,8078.0,7344.0,49682.0,,,,
3712,永崴投控,上市,,,48160.0,0,0,48160.0,,,,
2471,資通,上市,,,46183.0,0,0,46183.0,,,,
2913,農林,上市,,,46000.0,0,0,46000.0,,,,
3356,奇偶,上市,,,43926.0,0,2000.0,45926.0,,,,
00875,國泰網路資安,上市,,,-19.0,0,45246.0,45227.0,,,,
3050,鈺德,上市,,,45001.0,0,0,45001.0,,,,
4912,聯德控股-KY,上市,,,44534.0,0,0,44534.0,,,,
00669R,國泰美國道瓊反1,上市,,,0,0,44100.0,44100.0,,,,
8162,微矽電子-創,上市,,,35030.0,0,7925.0,42955.0,,,,
3059,華晶科,上市,,,14025.0,30000.0,-1842.0,42183.0,,,,
3229,晟鈦,上市,,,41045.0,0,1000.0,42045.0,,,,
8404,百和興業-KY,上市,,,40108.0,0,0,40108.0,,,,
1519,華城,上市,,,54374.0,-3000.0,-11322.0,40052.0,,,,
2010,春源,上市,,,39013.0,0,0,39013.0,,,,
4736,泰博,上市,,,37000.0,2000.0,0,39000.0,,,,
8114,振樺電,上市,,,40260.0,-2000.0,0,38260.0,,,,
6534,正瀚-創,上市,,,39000.0,0,-939.0,38061.0,,,,
912000,晨訊科-DR,上市,,,37000.0,0,0,37000.0,,,,
1449,佳和,上市,,,37000.0,0,0,37000.0,,,,
1712,興農,上市,,,48000.0,-10983.0,-205.0,36812.0,,,,
1702,南僑,上市,,,36274.0,0,0,36274.0,,,,
1783,和康生,上市,,,38000.0,0,-2000.0,36000.0,,,,
2373,震旦行,上市,,,32000.0,0,4000.0,36000.0,,,,
4119,旭富,上市,,,36000.0,0,-299.0,35701.0,,,,
4545,銘鈺,上市,,,32673.0,0,3000.0,35673.0,,,,
3004,豐達科,上市,,,34323.0,0,772.0,35095.0,,,,
2348,海悅,上市,,,37000.0,0,-2000.0,35000.0,,,,
7818,溢泰實業,上市,,,35000.0,0,0,35000.0,,,,
6230,尼得科超眾,上市,,,35000.0,0,0,35000.0,,,,
1907,永豐餘,上市,,,46954.0,0,-12000.0,34954.0,,,,
2727,王品,上市,,,34924.0,0,0,34924.0,,,,
00661,元大日經225,上市,,,0,0,34402.0,34402.0,,,,
6120,達運,上市,,,124372.0,0,-90153.0,34219.0,,,,
9917,中保科,上市,,,21000.0,10000.0,3200.0,34200.0,,,,
5258,虹堡,上市,,,33450.0,0,0,33450.0,,,,
5515,建國,上市,,,40849.0,1000.0,-8522.0,33327.0,,,,
2458,義隆,上市,,,-114300.0,152805.0,-5321.0,33184.0,,,,
6558,興能高,上市,,,32002.0,0,0,32002.0,,,,
1558,伸興,上市,,,32740.0,0,-1000.0,31740.0,,,,
7835,永悅健康-創,上市,,,27000.0,0,4000.0,31000.0,,,,
6965,中傑-KY,上市,,,34000.0,0,-4000.0,30000.0,,,,
1760,寶齡富錦,上市,,,30000.0,0,0,30000.0,,,,
1321,大洋,上市,,,30000.0,0,0,30000.0,,,,
2597,潤弘,上市,,,29000.0,0,0,29000.0,,,,
7765,中華資安,上市,,,29000.0,0,0,29000.0,,,,
00638R,元大滬深300反1,上市,,,0,0,29000.0,29000.0,,,,
1530,亞崴,上市,,,28000.0,0,0,28000.0,,,,
00895,富邦未來車,上市,,,-36054.0,0,63130.0,27076.0,,,,
2535,達欣工,上市,,,24011.0,0,3000.0,27011.0,,,,
5288,豐祥-KY,上市,,,28221.0,0,-2006.0,26215.0,,,,
6277,宏正,上市,,,20000.0,0,6021.0,26021.0,,,,
8104,錸寶,上市,,,25176.0,0,0,25176.0,,,,
5706,鳳凰,上市,,,32000.0,0,-6929.0,25071.0,,,,
2438,翔耀,上市,,,24000.0,0,1000.0,25000.0,,,,
4106,雃博,上市,,,23000.0,0,0,23000.0,,,,
9946,三發地產,上市,,,23000.0,0,0,23000.0,,,,
8105,凌巨,上市,,,20000.0,0,3000.0,23000.0,,,,
2237,華德動能-創,上市,,,19000.0,0,4000.0,23000.0,,,,
2850,新產,上市,,,23000.0,0,0,23000.0,,,,
2504,國產,上市,,,-359960.0,-29465.0,412000.0,22575.0,,,,
4195,基米-創,上市,,,21000.0,0,1202.0,22202.0,,,,
2457,飛宏,上市,,,31257.0,0,-9999.0,21258.0,,,,
9918,欣天然,上市,,,21000.0,0,0,21000.0,,,,
3266,昇陽,上市,,,23000.0,0,-2000.0,21000.0,,,,
00633L,富邦上証正2,上市,,,3000.0,0,17342.0,20342.0,,,,
00647L,元大S&P500正2,上市,,,0,0,20300.0,20300.0,,,,
8367,建新國際,上市,,,20000.0,0,0,20000.0,,,,
7812,稜研科技*-創,上市,,,7000.0,0,13000.0,20000.0,,,,
6776,展碁國際,上市,,,18000.0,0,2000.0,20000.0,,,,
4169,泰宗,上市,,,20000.0,0,0,20000.0,,,,
2012,春雨,上市,,,20000.0,0,0,20000.0,,,,
00666R,富邦恒生國企反1,上市,,,0,0,19680.0,19680.0,,,,
3532,台勝科,上市,,,20698.0,-8000.0,6344.0,19042.0,,,,
2429,銘旺科,上市,,,19000.0,0,0,19000.0,,,,
1725,元禎,上市,,,19000.0,0,0,19000.0,,,,
9942,茂順,上市,,,19000.0,0,0,19000.0,,,,
00709,富邦歐洲,上市,,,182.0,0,18730.0,18912.0,,,,
3051,力特,上市,,,28000.0,0,-10000.0,18000.0,,,,
009810,玉山全球藍籌100,上市,,,0,0,17574.0,17574.0,,,,
1618,合機,上市,,,25585.0,0,-8045.0,17540.0,,,,
1440,南紡,上市,,,48400.0,0,-31000.0,17400.0,,,,
4560,強信-KY,上市,,,17000.0,0,0,17000.0,,,,
6794,向榮生技,上市,,,17000.0,0,0,17000.0,,,,
6689,伊雲谷,上市,,,17000.0,0,0,17000.0,,,,
2887E,台新新光戊特一,上市,,,17000.0,0,0,17000.0,,,,
3043,科風,上市,,,17000.0,0,0,17000.0,,,,
00944,野村趨勢動能高息,上市,,,8000.0,0,8122.0,16122.0,,,,
7740,熙特爾-創,上市,,,16430.0,0,-392.0,16038.0,,,,
4739,康普,上市,,,52000.0,0,-35983.0,16017.0,,,,
7721,微程式,上市,,,16000.0,0,0,16000.0,,,,
3296,勝德,上市,,,16000.0,0,0,16000.0,,,,
6924,榮惠-KY創,上市,,,15000.0,0,712.0,15712.0,,,,
2488,漢平,上市,,,8000.0,0,7646.0,15646.0,,,,
6541,泰福-KY,上市,,,17223.0,0,-2200.0,15023.0,,,,
6923,中台,上市,,,15003.0,0,0,15003.0,,,,
9937,全國,上市,,,15000.0,0,0,15000.0,,,,
6931,青松健康,上市,,,14000.0,0,0,14000.0,,,,
1435,中福,上市,,,14000.0,0,0,14000.0,,,,
1533,車王電,上市,,,14000.0,0,0,14000.0,,,,
6869,雲豹能源,上市,,,21000.0,0,-7376.0,13624.0,,,,
00657,國泰日經225,上市,,,-5000.0,0,18228.0,13228.0,,,,
00763U,期街口道瓊銅,上市,,,-12000.0,0,25157.0,13157.0,,,,
6887,寶綠特-KY,上市,,,13000.0,0,0,13000.0,,,,
6504,南六,上市,,,14000.0,0,-1000.0,13000.0,,,,
6958,日盛台駿,上市,,,13000.0,0,0,13000.0,,,,
2493,揚博,上市,,,50065.0,0,-37111.0,12954.0,,,,
3530,晶相光,上市,,,12120.0,0,761.0,12881.0,,,,
2611,志信,上市,,,18426.0,0,-6000.0,12426.0,,,,
3048,益登,上市,,,-50970.0,0,63000.0,12030.0,,,,
2887H,台新新光庚特二,上市,,,12000.0,0,0,12000.0,,,,
1626,艾美特-KY,上市,,,13000.0,0,-1000.0,12000.0,,,,
00736,國泰新興市場,上市,,,0,0,12000.0,12000.0,,,,
9911,櫻花,上市,,,12000.0,0,0,12000.0,,,,
1443,立益物流,上市,,,12000.0,0,0,12000.0,,,,
00972,野村日本動能高息,上市,,,-1900.0,0,13675.0,11775.0,,,,
6890,來億-KY,上市,,,11200.0,0,-175.0,11025.0,,,,
9906,欣巴巴,上市,,,11000.0,0,0,11000.0,,,,
1445,大宇,上市,,,15000.0,0,-4000.0,11000.0,,,,
2524,京城,上市,,,11000.0,0,0,11000.0,,,,
9929,秋雨,上市,,,11000.0,0,0,11000.0,,,,
2072,世紀風電,上市,,,16085.0,0,-5307.0,10778.0,,,,
8438,昶昕,上市,,,9000.0,0,1380.0,10380.0,,,,
00683L,期元大美元指正2,上市,,,0,0,10184.0,10184.0,,,,
2419,仲琦,上市,,,52255.0,0,-42206.0,10049.0,,,,
1108,幸福,上市,,,10000.0,0,0,10000.0,,,,
1726,永記,上市,,,10000.0,0,0,10000.0,,,,
00634R,富邦上証反1,上市,,,0,0,10000.0,10000.0,,,,
8463,潤泰材,上市,,,10000.0,0,0,10000.0,,,,
9926,新海,上市,,,10000.0,0,0,10000.0,,,,
5007,三星,上市,,,8000.0,0,2000.0,10000.0,,,,
6272,驊陞,上市,,,10000.0,0,0,10000.0,,,,
7803,雲象科技-創,上市,,,10000.0,0,-14.0,9986.0,,,,
2227,裕日車,上市,,,10913.0,0,-1000.0,9913.0,,,,
5269,祥碩,上市,,,10203.0,7000.0,-8026.0,9177.0,,,,
2753,八方雲集,上市,,,9180.0,-2005.0,2000.0,9175.0,,,,
1342,八貫,上市,,,9066.0,0,0,9066.0,,,,
1432,大魯閣,上市,,,9000.0,0,0,9000.0,,,,
1521,大億,上市,,,10000.0,0,-1000.0,9000.0,,,,
3557,嘉威,上市,,,9000.0,0,0,9000.0,,,,
6128,上福,上市,,,9000.0,0,0,9000.0,,,,
6183,關貿,上市,,,7000.0,0,2000.0,9000.0,,,,
6552,易華電,上市,,,9000.0,0,0,9000.0,,,,
2702,華園,上市,,,9000.0,0,0,9000.0,,,,
4588,玖鼎電力,上市,,,9000.0,0,0,9000.0,,,,
2109,華豐,上市,,,8488.0,0,0,8488.0,,,,
1436,華友聯,上市,,,8099.0,0,0,8099.0,,,,
2431,聯昌,上市,,,9000.0,0,-1000.0,8000.0,,,,
4441,振大環球,上市,,,7000.0,0,1000.0,8000.0,,,,
2910,統領,上市,,,8000.0,0,0,8000.0,,,,
6835,圓裕,上市,,,8000.0,0,0,8000.0,,,,
8478,東哥遊艇,上市,,,8000.0,0,0,8000.0,,,,
020039,元大加權N,上市,,,0,0,8000.0,8000.0,,,,
2723,美食-KY,上市,,,10000.0,0,-2701.0,7299.0,,,,
6670,復盛應用,上市,,,53200.0,-49000.0,2963.0,7163.0,,,,
6614,資拓宏宇,上市,,,7000.0,0,0,7000.0,,,,
6641,基士德-KY,上市,,,7000.0,0,0,7000.0,,,,
6281,全國電,上市,,,7000.0,0,0,7000.0,,,,
4737,華廣,上市,,,7000.0,0,0,7000.0,,,,
2712,遠雄來,上市,,,7000.0,0,0,7000.0,,,,
1475,業旺,上市,,,7000.0,0,0,7000.0,,,,
6582,申豐,上市,,,7000.0,0,0,7000.0,,,,
1614,三洋電,上市,,,7000.0,0,0,7000.0,,,,
1516,川飛,上市,,,7000.0,0,0,7000.0,,,,
2546,根基,上市,,,7361.0,-1000.0,0,6361.0,,,,
2250,IKKA-KY,上市,,,5000.0,0,1000.0,6000.0,,,,
1512,瑞利,上市,,,6000.0,0,0,6000.0,,,,
1474,弘裕,上市,,,8000.0,0,-2000.0,6000.0,,,,
2239,英利-KY,上市,,,6000.0,0,0,6000.0,,,,
2701,萬企,上市,,,6000.0,0,0,6000.0,,,,
3447,展達,上市,,,6000.0,0,0,6000.0,,,,
020028,元大特選電動車N,上市,,,0,0,6000.0,6000.0,,,,
8940,新天地,上市,,,6000.0,0,0,6000.0,,,,
8467,波力-KY,上市,,,6000.0,0,0,6000.0,,,,
006207,復華滬深,上市,,,10000.0,0,-4337.0,5663.0,,,,
3588,通嘉,上市,,,9624.0,0,-4027.0,5597.0,,,,
6782,視陽,上市,,,11225.0,0,-5744.0,5481.0,,,,
6792,詠業,上市,,,5000.0,0,0,5000.0,,,,
6909,創控,上市,,,5000.0,0,0,5000.0,,,,
7791,皇家可口,上市,,,5000.0,0,0,5000.0,,,,
5225,東科-KY,上市,,,5000.0,0,0,5000.0,,,,
5525,順天,上市,,,5000.0,0,0,5000.0,,,,
6184,大豐電,上市,,,5000.0,0,0,5000.0,,,,
3164,景岳,上市,,,5000.0,0,0,5000.0,,,,
2722,夏都,上市,,,5000.0,0,0,5000.0,,,,
2430,燦坤,上市,,,4000.0,0,1000.0,5000.0,,,,
1468,昶和,上市,,,6000.0,0,-1000.0,5000.0,,,,
1535,中宇,上市,,,6000.0,0,-1000.0,5000.0,,,,
1525,江申,上市,,,5000.0,0,0,5000.0,,,,
1541,錩泰,上市,,,5000.0,0,0,5000.0,,,,
1438,三地開發,上市,,,5000.0,0,0,5000.0,,,,
1453,大將,上市,,,5000.0,0,0,5000.0,,,,
1454,台富,上市,,,6000.0,0,-1000.0,5000.0,,,,
1456,怡華,上市,,,0,0,5000.0,5000.0,,,,
1413,宏洲,上市,,,5000.0,0,0,5000.0,,,,
9943,好樂迪,上市,,,5000.0,0,0,5000.0,,,,
6581,鋼聯,上市,,,5000.0,0,0,5000.0,,,,
1323,永裕,上市,,,6000.0,0,-1000.0,5000.0,,,,
00678,群益那斯達克生技,上市,,,-21000.0,0,25965.0,4965.0,,,,
5434,崇越,上市,,,47811.0,-4000.0,-38991.0,4820.0,,,,
2434,統懋,上市,,,4611.0,0,0,4611.0,,,,
8476,台境*,上市,,,3250.0,0,1000.0,4250.0,,,,
6862,三集瑞-KY,上市,,,4000.0,0,60.0,4060.0,,,,
9931,欣高,上市,,,4000.0,0,26.0,4026.0,,,,
8466,美吉吉-KY,上市,,,4000.0,0,0,4000.0,,,,
6916,華凌,上市,,,4000.0,0,0,4000.0,,,,
6754,匯僑設計,上市,,,4000.0,0,0,4000.0,,,,
6674,鋐寶科技,上市,,,4000.0,0,0,4000.0,,,,
7705,三商餐飲,上市,,,4000.0,0,0,4000.0,,,,
7732,金興精密,上市,,,4000.0,0,0,4000.0,,,,
5215,科嘉-KY,上市,,,4000.0,0,0,4000.0,,,,
4581,光隆精密-KY,上市,,,4000.0,0,0,4000.0,,,,
4994,傳奇,上市,,,4000.0,0,0,4000.0,,,,
6283,淳安,上市,,,4000.0,0,0,4000.0,,,,
1441,大東,上市,,,4000.0,0,0,4000.0,,,,
1233,天仁,上市,,,4000.0,0,0,4000.0,,,,
1583,程泰,上市,,,4000.0,0,0,4000.0,,,,
3168,眾福科,上市,,,4000.0,0,0,4000.0,,,,
3308,聯德,上市,,,3000.0,0,1000.0,4000.0,,,,
4569,六方科-KY,上市,,,4000.0,0,0,4000.0,,,,
4190,佐登-KY,上市,,,4000.0,0,0,4000.0,,,,
1470,大統新創,上市,,,4000.0,0,0,4000.0,,,,
2467,志聖,上市,,,6575.0,0,-2941.0,3634.0,,,,
6414,樺漢,上市,,,31951.0,-14000.0,-14330.0,3621.0,,,,
0057,富邦摩台,上市,,,0,0,3401.0,3401.0,,,,
4771,望隼,上市,,,7876.0,0,-4725.0,3151.0,,,,
6918,愛派司,上市,,,3000.0,0,0,3000.0,,,,
8482,商億-KY,上市,,,3000.0,0,0,3000.0,,,,
1603,華電,上市,,,3000.0,0,0,3000.0,,,,
1235,興泰,上市,,,2000.0,0,1000.0,3000.0,,,,
1203,味王,上市,,,3000.0,0,0,3000.0,,,,
1452,宏益,上市,,,3000.0,0,0,3000.0,,,,
2024,志聯,上市,,,3000.0,0,0,3000.0,,,,
1776,展宇,上市,,,3000.0,0,0,3000.0,,,,
6952,大武山,上市,,,3000.0,0,0,3000.0,,,,
2380,虹光,上市,,,4000.0,0,-1000.0,3000.0,,,,
3018,隆銘綠能,上市,,,3000.0,0,0,3000.0,,,,
7821,神數,上市,,,2607.0,0,0,2607.0,,,,
8499,鼎炫-KY,上市,,,3000.0,0,-509.0,2491.0,,,,
6906,現觀科,上市,,,2000.0,0,200.0,2200.0,,,,
6585,鼎基,上市,,,2260.0,0,-96.0,2164.0,,,,
1713,國化,上市,,,3142.0,0,-1000.0,2142.0,,,,
7749,意騰-KY,上市,,,2730.0,0,-621.0,2109.0,,,,
2247,汎德永業,上市,,,3000.0,-971.0,0,2029.0,,,,
2114,鑫永銓,上市,,,2000.0,0,0,2000.0,,,,
2115,六暉-KY,上市,,,2000.0,0,0,2000.0,,,,
1903,士紙,上市,,,3000.0,0,-1000.0,2000.0,,,,
2433,互盛電,上市,,,2000.0,0,0,2000.0,,,,
1539,巨庭,上市,,,2000.0,0,0,2000.0,,,,
1423,利華,上市,,,2000.0,0,0,2000.0,,,,
4572,駐龍,上市,,,2000.0,0,0,2000.0,,,,
3432,台端,上市,,,2000.0,0,0,2000.0,,,,
3150,鈺寶-創,上市,,,-3000.0,0,5000.0,2000.0,,,,
2706,第一店,上市,,,1000.0,0,1000.0,2000.0,,,,
2904,匯僑,上市,,,2000.0,0,0,2000.0,,,,
2891B,中信金乙特,上市,,,0,0,2000.0,2000.0,,,,
2642,宅配通,上市,,,2000.0,0,0,2000.0,,,,
8072,陞泰,上市,,,1000.0,0,1000.0,2000.0,,,,
6671,三能-KY,上市,,,2000.0,0,0,2000.0,,,,
6666,羅麗芬-KY,上市,,,2000.0,0,0,2000.0,,,,
8443,阿瘦,上市,,,2000.0,0,0,2000.0,,,,
020038,元大ESG配息N,上市,,,0,0,2000.0,2000.0,,,,
6771,平和環保-創,上市,,,2000.0,0,0,2000.0,,,,
2891C,中信金丙特,上市,,,0,0,2000.0,2000.0,,,,
6807,峰源-KY,上市,,,2000.0,0,0,2000.0,,,,
7823,奧義賽博-KY創,上市,,,2000.0,0,-5.0,1995.0,,,,
00783,富邦中証500,上市,,,0,0,1685.0,1685.0,,,,
3029,零壹,上市,,,-20423.0,4280.0,17637.0,1494.0,,,,
6645,金萬林-創,上市,,,-997.0,0,2383.0,1386.0,,,,
3622,洋華,上市,,,-4094.0,7867.0,-2410.0,1363.0,,,,
00675L,富邦臺灣加權正2,上市,,,-100000.0,0,101346.0,1346.0,,,,
2013,中鋼構,上市,,,1000.0,0,302.0,1302.0,,,,
6908,宏碁遊戲-創,上市,,,2000.0,0,-966.0,1034.0,,,,
00775B,台新投等債15+,上市,,,0,0,1005.0,1005.0,,,,
00851,台新全球AI,上市,,,0,0,1000.0,1000.0,,,,
020000,富邦特選蘋果N,上市,,,0,0,1000.0,1000.0,,,,
910322,康師傅-DR,上市,,,1000.0,0,0,1000.0,,,,
9944,新麗,上市,,,1000.0,0,0,1000.0,,,,
6936,永鴻生技,上市,,,1000.0,0,0,1000.0,,,,
6655,科定,上市,,,1000.0,0,0,1000.0,,,,
6201,亞弘電,上市,,,1000.0,0,0,1000.0,,,,
1439,雋揚,上市,,,1000.0,0,0,1000.0,,,,
1419,新紡,上市,,,0,0,1000.0,1000.0,,,,
1537,廣隆,上市,,,1000.0,0,0,1000.0,,,,
1732,毛寶,上市,,,1000.0,0,0,1000.0,,,,
4439,冠星-KY,上市,,,1000.0,0,0,1000.0,,,,
2496,卓越,上市,,,1000.0,0,0,1000.0,,,,
2945,三商家購,上市,,,1000.0,0,0,1000.0,,,,
1341,富林-KY,上市,,,1000.0,0,0,1000.0,,,,
8487,愛爾達-創,上市,,,1000.0,0,-20.0,980.0,,,,
6526,達發,上市,,,-7306.0,23000.0,-14755.0,939.0,,,,
6951,青新-創,上市,,,989.0,0,-50.0,939.0,,,,
3592,瑞鼎,上市,,,-59724.0,63000.0,-2450.0,826.0,,,,
1817,凱撒衛,上市,,,0,0,714.0,714.0,,,,
0053,元大電子,上市,,,-8997.0,0,9302.0,305.0,,,,
6988,威力暘-創,上市,,,2000.0,0,-1899.0,101.0,,,,
4583,台灣精銳,上市,,,250.0,0,-208.0,42.0,,,,
3528,安馳,上市,,,-983.0,0,1000.0,17.0,,,,
006203,元大MSCI台灣,上市,,,0,0,16.0,16.0,,,,
00636K,國泰中國A50+U,上市,,,0,0,0,0,,,,
00668K,國泰美國道瓊+U,上市,,,0,0,0,0,,,,
00657K,國泰日經225+U,上市,,,0,0,0,0,,,,
4999,鑫禾,上市,,,-1000.0,0,1000.0,0,,,,
7786,東方風能,上市,,,2000.0,0,-2000.0,0,,,,
6722,輝創,上市,,,0,0,0,0,,,,
3494,誠研,上市,,,0,0,0,0,,,,
4148,全宇生技-KY,上市,,,1000.0,0,-1000.0,0,,,,
2248,華勝-KY,上市,,,-1000.0,0,1000.0,0,,,,
1324,地球,上市,,,0,0,0,0,,,,
3052,夆典,上市,,,0,0,0,0,,,,
1418,東華,上市,,,0,0,0,0,,,,
8045,達運光電,上市,,,0,0,0,0,,,,
5906,台南-KY,上市,,,0,0,0,0,,,,
6921,嘉雨思-創,上市,,,-3000.0,0,2997.0,-3.0,,,,
7722,LINEPAY,上市,,,0,0,-301.0,-301.0,,,,
006204,永豐臺灣加權,上市,,,0,0,-467.0,-467.0,,,,
2432,倚天酷碁-創,上市,,,2000.0,0,-2600.0,-600.0,,,,
4571,鈞興-KY,上市,,,167.0,0,-1000.0,-833.0,,,,
2228,劍麟,上市,,,-910.0,0,0,-910.0,,,,
0051,元大中型100,上市,,,-960.0,0,0,-960.0,,,,
6902,GOGOLOOK,上市,,,-1985.0,0,1000.0,-985.0,,,,
5546,永固-KY,上市,,,-1000.0,0,0,-1000.0,,,,
00689R,國泰20年美債反1,上市,,,-1000.0,0,0,-1000.0,,,,
8481,政伸,上市,,,-1000.0,0,0,-1000.0,,,,
1466,聚隆,上市,,,-1000.0,0,0,-1000.0,,,,
2887Z1,台新新光己特,上市,,,-1000.0,0,0,-1000.0,,,,
1730,花仙子,上市,,,-1000.0,0,0,-1000.0,,,,
00702,國泰標普低波高息,上市,,,0,0,-1230.0,-1230.0,,,,
7822,倍利科,上市,,,-3920.0,1000.0,1406.0,-1514.0,,,,
2316,楠梓電,上市,,,-129901.0,0,128192.0,-1709.0,,,,
00731,復華富時高息低波,上市,,,-5000.0,0,3182.0,-1818.0,,,,
3679,新至陞,上市,,,-1000.0,-948.0,0,-1948.0,,,,
1587,吉茂,上市,,,-2000.0,0,0,-2000.0,,,,
2008,高興昌,上市,,,-2000.0,0,0,-2000.0,,,,
00684R,期元大美元指反1,上市,,,0,0,-2000.0,-2000.0,,,,
020029,元大ESG高股息N,上市,,,0,0,-2000.0,-2000.0,,,,
7736,虎山,上市,,,-2000.0,0,0,-2000.0,,,,
6955,邦睿生技-創,上市,,,0,0,-2000.0,-2000.0,,,,
1338,廣華-KY,上市,,,-2082.0,0,0,-2082.0,,,,
6192,巨路,上市,,,-2367.0,0,0,-2367.0,,,,
2453,凌群,上市,,,-2902.0,0,0,-2902.0,,,,
2901,欣欣,上市,,,-3000.0,0,0,-3000.0,,,,
2762,世界健身-KY,上市,,,-3000.0,0,0,-3000.0,,,,
4552,力達-KY,上市,,,-3000.0,0,0,-3000.0,,,,
1616,億泰,上市,,,-3000.0,0,0,-3000.0,,,,
6464,台數科,上市,,,-3000.0,0,0,-3000.0,,,,
4930,燦星網,上市,,,-3000.0,0,0,-3000.0,,,,
3092,鴻碩,上市,,,-3070.0,0,0,-3070.0,,,,
1446,宏和,上市,,,-3073.0,0,0,-3073.0,,,,
8442,威宏-KY,上市,,,-2000.0,-1182.0,0,-3182.0,,,,
00703,台新MSCI中國,上市,,,0,0,-3773.0,-3773.0,,,,
1444,力麗,上市,,,-3859.0,0,0,-3859.0,,,,
1337,再生-KY,上市,,,-4000.0,0,0,-4000.0,,,,
1752,南光,上市,,,-4000.0,0,0,-4000.0,,,,
2424,隴華,上市,,,-4000.0,0,0,-4000.0,,,,
4133,亞諾法,上市,,,-4000.0,0,0,-4000.0,,,,
01010T,京城樂富R1,上市,,,-4000.0,0,0,-4000.0,,,,
00654R,富邦印度反1,上市,,,0,0,-4000.0,-4000.0,,,,
9136,巨騰-DR,上市,,,-4000.0,0,-137.0,-4137.0,,,,
00711B,復華彭博新興債,上市,,,6000.0,0,-10421.0,-4421.0,,,,
1417,嘉裕,上市,,,-4609.0,0,0,-4609.0,,,,
1735,日勝化,上市,,,-2000.0,0,-2882.0,-4882.0,,,,
1472,三洋實業,上市,,,9000.0,0,-14000.0,-5000.0,,,,
4426,利勤,上市,,,-5000.0,0,0,-5000.0,,,,
2616,山隆,上市,,,-5000.0,0,0,-5000.0,,,,
3002,歐格,上市,,,-5000.0,0,0,-5000.0,,,,
1731,美吾華,上市,,,-5000.0,0,0,-5000.0,,,,
1414,東和,上市,,,-7000.0,0,2000.0,-5000.0,,,,
6838,台新藥,上市,,,-4041.0,0,-1000.0,-5041.0,,,,
2233,宇隆,上市,,,-6910.0,0,1520.0,-5390.0,,,,
4557,永新-KY,上市,,,-5999.0,0,0,-5999.0,,,,
4178,永笙-KY,上市,,,-7000.0,0,1000.0,-6000.0,,,,
1410,南染,上市,,,-6000.0,0,0,-6000.0,,,,
020031,統一IC設計臺灣N,上市,,,0,0,-6000.0,-6000.0,,,,
6625,必應,上市,,,-8000.0,0,2000.0,-6000.0,,,,
4935,茂林-KY,上市,,,-6382.0,0,0,-6382.0,,,,
1220,台榮,上市,,,-7350.0,0,797.0,-6553.0,,,,
00660,元大歐洲50,上市,,,372.0,0,-7000.0,-6628.0,,,,
2816,旺旺保,上市,,,-6875.0,0,0,-6875.0,,,,
1906,寶隆,上市,,,-9000.0,0,2000.0,-7000.0,,,,
2028,威致,上市,,,-7000.0,0,0,-7000.0,,,,
6863,永道-KY,上市,,,-7000.0,0,0,-7000.0,,,,
6934,心誠鎂,上市,,,-7000.0,0,0,-7000.0,,,,
00700,富邦恒生國企,上市,,,0,0,-7140.0,-7140.0,,,,
6719,力智,上市,,,6093.0,0,-13396.0,-7303.0,,,,
00771,元大US高息特別股,上市,,,0,0,-7567.0,-7567.0,,,,
1604,聲寶,上市,,,-7897.0,0,0,-7897.0,,,,
1471,首利,上市,,,-9000.0,0,1000.0,-8000.0,,,,
2461,光群雷,上市,,,-8000.0,0,0,-8000.0,,,,
6796,晉弘,上市,,,-8000.0,0,0,-8000.0,,,,
7760,享溫馨,上市,,,-8000.0,0,0,-8000.0,,,,
6216,居易,上市,,,-8000.0,0,0,-8000.0,,,,
1236,宏亞,上市,,,-8174.0,0,0,-8174.0,,,,
1515,力山,上市,,,-9000.0,0,558.0,-8442.0,,,,
1808,潤隆,上市,,,-7882.0,0,-1000.0,-8882.0,,,,
6225,天瀚,上市,,,-9000.0,0,0,-9000.0,,,,
6914,阜爾運通,上市,,,-12000.0,0,3000.0,-9000.0,,,,
00656R,國泰中國A50反1,上市,,,0,0,-9000.0,-9000.0,,,,
020034,元大IC設計N,上市,,,0,0,-9000.0,-9000.0,,,,
9912,偉聯,上市,,,-9000.0,0,0,-9000.0,,,,
01009T,王道圓滿R1,上市,,,-10000.0,0,0,-10000.0,,,,
8222,寶一,上市,,,-10000.0,0,0,-10000.0,,,,
2417,圓剛,上市,,,-10000.0,0,0,-10000.0,,,,
2739,寒舍,上市,,,-10000.0,0,0,-10000.0,,,,
2939,永邑-KY,上市,,,-10000.0,0,0,-10000.0,,,,
00956,中信日經高股息,上市,,,0,0,-10696.0,-10696.0,,,,
6431,光麗-KY,上市,,,-12000.0,0,1000.0,-11000.0,,,,
2748,雲品,上市,,,-11000.0,0,0,-11000.0,,,,
1762,中化生,上市,,,-11000.0,0,0,-11000.0,,,,
2007,燁興,上市,,,-11000.0,0,0,-11000.0,,,,
1623,大東電,上市,,,-11000.0,0,0,-11000.0,,,,
006206,元大上證50,上市,,,1000.0,0,-12247.0,-11247.0,,,,
2906,高林,上市,,,-12000.0,0,-15.0,-12015.0,,,,
3022,威強電,上市,,,-26521.0,5196.0,9308.0,-12017.0,,,,
4585,達明,上市,,,-13000.0,0,830.0,-12170.0,,,,
00936,台新永續高息中小,上市,,,-52000.0,0,39326.0,-12674.0,,,,
01007T,兆豐國泰R2,上市,,,-13000.0,0,0,-13000.0,,,,
5538,東明-KY,上市,,,-12000.0,0,-1000.0,-13000.0,,,,
4108,懷特,上市,,,-13000.0,0,0,-13000.0,,,,
3057,喬鼎,上市,,,-15000.0,0,2000.0,-13000.0,,,,
1809,中釉,上市,,,51402.0,0,-64479.0,-13077.0,,,,
1789,神隆,上市,,,-13330.0,0,0,-13330.0,,,,
00714,群益道瓊美國地產,上市,,,-2000.0,0,-11576.0,-13576.0,,,,
3046,建碁,上市,,,-16669.0,0,3000.0,-13669.0,,,,
4536,拓凱,上市,,,-14637.0,0,718.0,-13919.0,,,,
1805,寶徠,上市,,,-14000.0,0,0,-14000.0,,,,
1104,環泥,上市,,,-14000.0,0,0,-14000.0,,,,
02001L,富邦蘋果正二N,上市,,,0,0,-14000.0,-14000.0,,,,
4942,嘉彰,上市,,,-14000.0,0,0,-14000.0,,,,
1598,岱宇,上市,,,-14000.0,0,0,-14000.0,,,,
3130,一零四,上市,,,-14000.0,0,0,-14000.0,,,,
7730,暉盛-創,上市,,,-13938.0,0,-240.0,-14178.0,,,,
00668,國泰美國道瓊,上市,,,34.0,0,-14520.0,-14486.0,,,,
7631,聚賢研發-創,上市,,,-15000.0,0,240.0,-14760.0,,,,
6215,和椿,上市,,,-14831.0,0,0,-14831.0,,,,
5306,桂盟,上市,,,25000.0,-40000.0,0,-15000.0,,,,
1526,日馳,上市,,,-15000.0,0,0,-15000.0,,,,
2514,龍邦,上市,,,-15000.0,0,0,-15000.0,,,,
8462,柏文,上市,,,-15388.0,0,0,-15388.0,,,,
2029,盛餘,上市,,,-17578.0,0,2000.0,-15578.0,,,,
3346,麗清,上市,,,-21877.0,0,6000.0,-15877.0,,,,
1256,鮮活果汁-KY,上市,,,-15964.0,0,0,-15964.0,,,,
1540,喬福,上市,,,-16000.0,0,0,-16000.0,,,,
9905,大華,上市,,,-16000.0,0,0,-16000.0,,,,
9925,新保,上市,,,-20000.0,0,4000.0,-16000.0,,,,
020020,元大台股領航N,上市,,,0,0,-16000.0,-16000.0,,,,
4137,麗豐-KY,上市,,,-14233.0,-2029.0,0,-16262.0,,,,
6756,威鋒電子,上市,,,-21000.0,0,4022.0,-16978.0,,,,
009827,玉山未來全球算力,上市,,,-123000.0,0,106000.0,-17000.0,,,,
1451,年興,上市,,,-17000.0,0,0,-17000.0,,,,
2423,固緯,上市,,,-16000.0,-1000.0,0,-17000.0,,,,
3305,昇貿,上市,,,-19015.0,0,2009.0,-17006.0,,,,
1590,亞德客-KY,上市,,,-20642.0,2000.0,1280.0,-17362.0,,,,
2362,藍天,上市,,,-17000.0,0,-499.0,-17499.0,,,,
8374,羅昇,上市,,,-7000.0,0,-10500.0,-17500.0,,,,
00651R,復華香港反1,上市,,,65000.0,0,-82600.0,-17600.0,,,,
00681R,元大美債20反1,上市,,,-51000.0,0,33255.0,-17745.0,,,,
9927,泰銘,上市,,,-18000.0,0,0,-18000.0,,,,
5484,慧友,上市,,,-18000.0,0,0,-18000.0,,,,
3419,譁裕,上市,,,-18000.0,0,0,-18000.0,,,,
020030,統一智慧電動車N,上市,,,0,0,-18000.0,-18000.0,,,,
2707,晶華,上市,,,-18000.0,0,0,-18000.0,,,,
8163,達方,上市,,,-7978.0,0,-10125.0,-18103.0,,,,
1232,大統益,上市,,,-18261.0,0,0,-18261.0,,,,
3032,偉訓,上市,,,-19000.0,0,0,-19000.0,,,,
4438,廣越,上市,,,-19000.0,0,0,-19000.0,,,,
4582,聚恆-創,上市,,,-23000.0,0,3239.0,-19761.0,,,,
6695,芯鼎,上市,,,-19881.0,0,0,-19881.0,,,,
7768,頌勝科技,上市,,,-20000.0,0,0,-20000.0,,,,
3669,圓展,上市,,,-20000.0,0,0,-20000.0,,,,
1720,生達,上市,,,-28110.0,0,8000.0,-20110.0,,,,
00910,第一金太空衛星,上市,,,-28050.0,0,7441.0,-20609.0,,,,
00717,富邦美國特別股,上市,,,-18000.0,0,-2979.0,-20979.0,,,,
9902,台火,上市,,,-21000.0,0,0,-21000.0,,,,
3607,谷崧,上市,,,-21000.0,0,0,-21000.0,,,,
6753,龍德造船,上市,,,-20849.0,0,-303.0,-21152.0,,,,
009809,富邦淨零ESG50,上市,,,-50000.0,0,28551.0,-21449.0,,,,
1315,達新,上市,,,-22000.0,0,0,-22000.0,,,,
1416,廣豐,上市,,,-22000.0,0,0,-22000.0,,,,
6969,成信實業*-創,上市,,,-26000.0,0,3306.0,-22694.0,,,,
3040,遠見,上市,,,-23000.0,0,0,-23000.0,,,,
2459,敦吉,上市,,,-23000.0,0,0,-23000.0,,,,
2705,六福,上市,,,-22000.0,0,-1000.0,-23000.0,,,,
8201,無敵,上市,,,-23242.0,0,0,-23242.0,,,,
00682U,期元大美元指數,上市,,,0,0,-23854.0,-23854.0,,,,
1806,冠軍,上市,,,-24000.0,0,0,-24000.0,,,,
00899,FT潔淨能源,上市,,,-3000.0,0,-21334.0,-24334.0,,,,
9940,信義,上市,,,-18248.0,0,-6118.0,-24366.0,,,,
1506,正道,上市,,,-24763.0,0,0,-24763.0,,,,
1465,偉全,上市,,,-25000.0,0,0,-25000.0,,,,
3257,虹冠電,上市,,,-25926.0,0,0,-25926.0,,,,
1437,勤益控,上市,,,-16000.0,0,-10000.0,-26000.0,,,,
3686,達能,上市,,,-26000.0,0,0,-26000.0,,,,
1234,黑松,上市,,,-26000.0,0,-87.0,-26087.0,,,,
3504,揚明光,上市,,,-26529.0,0,-1110.0,-27639.0,,,,
2460,建通,上市,,,-27828.0,0,0,-27828.0,,,,
1109,信大,上市,,,-28000.0,0,0,-28000.0,,,,
8411,福貞-KY,上市,,,-10000.0,0,-18000.0,-28000.0,,,,
6962,奕力-KY,上市,,,-25964.0,0,-2801.0,-28765.0,,,,
2062,橋椿,上市,,,-29000.0,0,0,-29000.0,,,,
1325,恆大,上市,,,-27162.0,0,-2000.0,-29162.0,,,,
2365,昆盈,上市,,,-36950.0,0,7000.0,-29950.0,,,,
2530,華建,上市,,,-13998.0,-16301.0,0,-30299.0,,,,
00636,國泰中國A50,上市,,,7000.0,0,-37563.0,-30563.0,,,,
8488,吉源-KY,上市,,,-32000.0,0,1000.0,-31000.0,,,,
3321,同泰,上市,,,-32000.0,0,1000.0,-31000.0,,,,
3135,凌航,上市,,,-30750.0,0,-306.0,-31056.0,,,,
6409,旭隼,上市,,,-32973.0,-1507.0,3326.0,-31154.0,,,,
2022,聚亨,上市,,,-31669.0,0,0,-31669.0,,,,
2505,國揚,上市,,,-29386.0,0,-3000.0,-32386.0,,,,
6781,AES-KY,上市,,,-21303.0,0,-11638.0,-32941.0,,,,
01004T,土銀富邦R2,上市,,,-33000.0,0,0,-33000.0,,,,
9930,中聯資源,上市,,,-33000.0,0,-104.0,-33104.0,,,,
2477,美隆電,上市,,,-30000.0,-3396.0,0,-33396.0,,,,
3413,京鼎,上市,,,25873.0,0,-59344.0,-33471.0,,,,
2506,太設,上市,,,-34000.0,0,0,-34000.0,,,,
2731,雄獅,上市,,,-34000.0,0,0,-34000.0,,,,
1527,鑽全,上市,,,-34000.0,0,0,-34000.0,,,,
8249,菱光,上市,,,-34000.0,0,0,-34000.0,,,,
5292,華懋,上市,,,-22831.0,0,-11366.0,-34197.0,,,,
6790,永豐實,上市,,,-35000.0,0,789.0,-34211.0,,,,
3028,增你強,上市,,,-56920.0,11904.0,9858.0,-35158.0,,,,
6142,友勁,上市,,,-36000.0,0,0,-36000.0,,,,
3311,閎暉,上市,,,-42433.0,0,6000.0,-36433.0,,,,
2420,新巨,上市,,,-34886.0,0,-2000.0,-36886.0,,,,
3034,聯詠,上市,,,-124303.0,107000.0,-19623.0,-36926.0,,,,
2636,台驊控股,上市,,,-36950.0,0,3.0,-36947.0,,,,
4590,富田-創,上市,,,-36729.0,0,-264.0,-36993.0,,,,
6605,帝寶,上市,,,-36000.0,0,-1000.0,-37000.0,,,,
6947,台鎔科技,上市,,,-37000.0,0,0,-37000.0,,,,
6415,矽力*-KY,上市,,,-82475.0,-3000.0,47023.0,-38452.0,,,,
6477,安集,上市,,,-39013.0,0,207.0,-38806.0,,,,
2534,宏盛,上市,,,-38987.0,0,0,-38987.0,,,,
3501,維熹,上市,,,-39000.0,0,0,-39000.0,,,,
2645,長榮航太,上市,,,-46435.0,-3000.0,9608.0,-39827.0,,,,
2608,嘉里大榮,上市,,,-39998.0,0,-352.0,-40350.0,,,,
00762,元大全球AI,上市,,,4000.0,0,-45000.0,-41000.0,,,,
2364,倫飛,上市,,,-42000.0,0,0,-42000.0,,,,
4104,佳醫,上市,,,-45000.0,0,3000.0,-42000.0,,,,
00852L,國泰美國道瓊正2,上市,,,0,0,-42226.0,-42226.0,,,,
00908,富邦入息REITs+,上市,,,-5000.0,0,-38778.0,-43778.0,,,,
00850,元大臺灣ESG永續,上市,,,13500.0,18000.0,-75785.0,-44285.0,,,,
2543,皇昌,上市,,,-60560.0,0,16000.0,-44560.0,,,,
6698,旭暉應材,上市,,,-44944.0,0,0,-44944.0,,,,
9908,大台北,上市,,,-45000.0,0,0,-45000.0,,,,
1463,強盛新,上市,,,-45000.0,0,0,-45000.0,,,,
00981T,平衡凱基雙核收息,上市,,,11000.0,0,-56549.0,-45549.0,,,,
2395,研華,上市,,,-66941.0,65000.0,-44477.0,-46418.0,,,,
5243,乙盛-KY,上市,,,-435209.0,0,388281.0,-46928.0,,,,
8341,日友,上市,,,-43000.0,0,-4000.0,-47000.0,,,,
7610,聯友金屬-創,上市,,,-45013.0,0,-2245.0,-47258.0,,,,
2497,怡利電,上市,,,-56000.0,10000.0,-1651.0,-47651.0,,,,
2704,國賓,上市,,,-47900.0,0,0,-47900.0,,,,
4915,致伸,上市,,,424210.0,-462000.0,-10117.0,-47907.0,,,,
00652,富邦印度,上市,,,-10036.0,0,-37938.0,-47974.0,,,,
00991B,貝萊德A級公司債,上市,,,606000.0,0,-654107.0,-48107.0,,,,
6442,光聖,上市,,,-24654.0,0,-23865.0,-48519.0,,,,
00643,群益深証中小,上市,,,12000.0,0,-60598.0,-48598.0,,,,
1339,昭輝,上市,,,-47000.0,0,-2000.0,-49000.0,,,,
9907,統一實,上市,,,-16000.0,-33266.0,0,-49266.0,,,,
3708,上緯投控,上市,,,-47999.0,-1000.0,-1262.0,-50261.0,,,,
7689,大鵬科CLMX,上市,,,-50338.0,0,0,-50338.0,,,,
3535,晶彩科,上市,,,-90989.0,0,39874.0,-51115.0,,,,
2536,宏普,上市,,,-51729.0,0,0,-51729.0,,,,
6515,穎崴,上市,,,26545.0,-74732.0,-3632.0,-51819.0,,,,
2537,聯上發,上市,,,-51999.0,0,0,-51999.0,,,,
9958,世紀鋼,上市,,,-53000.0,0,1000.0,-52000.0,,,,
5234,達興材料,上市,,,-95980.0,0,42154.0,-53826.0,,,,
9924,福興,上市,,,-55000.0,0,0,-55000.0,,,,
3416,融程電,上市,,,87516.0,0,-142824.0,-55308.0,,,,
1810,和成,上市,,,-55839.0,0,0,-55839.0,,,,
006205,富邦上証,上市,,,0,0,-57144.0,-57144.0,,,,
3038,全台,上市,,,-56183.0,0,-1000.0,-57183.0,,,,
2905,三商,上市,,,-57470.0,0,0,-57470.0,,,,
1473,台南,上市,,,-58000.0,0,0,-58000.0,,,,
6706,惠特,上市,,,69150.0,0,-127170.0,-58020.0,,,,
1597,直得,上市,,,-89377.0,0,31307.0,-58070.0,,,,
4555,氣立,上市,,,-58212.0,0,0,-58212.0,,,,
1464,得力,上市,,,-59334.0,0,0,-59334.0,,,,
9921,巨大,上市,,,-50207.0,0,-9172.0,-59379.0,,,,
1707,葡萄王,上市,,,-58612.0,-1000.0,-110.0,-59722.0,,,,
6243,迅杰,上市,,,-59817.0,0,0,-59817.0,,,,
2231,為升,上市,,,-40000.0,0,-19869.0,-59869.0,,,,
5283,禾聯碩,上市,,,-63000.0,0,3000.0,-60000.0,,,,
1215,卜蜂,上市,,,-61000.0,0,605.0,-60395.0,,,,
1219,福壽,上市,,,-60843.0,0,0,-60843.0,,,,
3437,榮創,上市,,,-60848.0,0,0,-60848.0,,,,
6949,沛爾生醫*-創,上市,,,-57108.0,0,-4019.0,-61127.0,,,,
1460,宏遠,上市,,,-62092.0,0,0,-62092.0,,,,
4952,凌通,上市,,,-62910.0,0,0,-62910.0,,,,
3563,牧德,上市,,,-45840.0,-11000.0,-6142.0,-62982.0,,,,
3591,艾笛森,上市,,,-56889.0,0,-7000.0,-63889.0,,,,
2832,台產,上市,,,-60000.0,-4372.0,-441.0,-64813.0,,,,
2331,精英,上市,,,-65000.0,0,0,-65000.0,,,,
1103,嘉泥,上市,,,-65840.0,0,0,-65840.0,,,,
00710B,復華彭博非投等債,上市,,,1000.0,0,-66962.0,-65962.0,,,,
2509,全坤建,上市,,,-66000.0,0,0,-66000.0,,,,
6472,保瑞,上市,,,-56300.0,1000.0,-11371.0,-66671.0,,,,
6715,嘉基,上市,,,-95765.0,33000.0,-4248.0,-67013.0,,,,
6115,鎰勝,上市,,,-71000.0,0,0,-71000.0,,,,
1615,大山,上市,,,-71000.0,0,0,-71000.0,,,,
2630,亞航,上市,,,-63000.0,0,-8068.0,-71068.0,,,,
2618,長榮航,上市,,,-177411.0,-108000.0,213559.0,-71852.0,,,,
1201,味全,上市,,,-73000.0,0,0,-73000.0,,,,
00894,中信小資高價30,上市,,,-120963.0,0,47833.0,-73130.0,,,,
1532,勤美,上市,,,-73173.0,0,0,-73173.0,,,,
1447,力鵬,上市,,,-73907.0,0,0,-73907.0,,,,
6885,全福生技,上市,,,-75000.0,0,1000.0,-74000.0,,,,
00728,第一金工業30,上市,,,-55908.0,0,-18195.0,-74103.0,,,,
4934,太極,上市,,,-81134.0,0,7000.0,-74134.0,,,,
4440,宜新實業,上市,,,-75000.0,0,0,-75000.0,,,,
00655L,國泰中國A50正2,上市,,,-18650.0,0,-56370.0,-75020.0,,,,
6224,聚鼎,上市,,,-78630.0,0,3000.0,-75630.0,,,,
6928,攸泰科技,上市,,,-76000.0,0,0,-76000.0,,,,
3652,精聯,上市,,,-82000.0,0,6000.0,-76000.0,,,,
3054,立萬利,上市,,,-76000.0,0,0,-76000.0,,,,
5222,全訊,上市,,,-75781.0,-1000.0,-255.0,-77036.0,,,,
4155,訊映,上市,,,-82001.0,0,4000.0,-78001.0,,,,
5203,訊連,上市,,,-78163.0,0,0,-78163.0,,,,
6591,動力-KY,上市,,,-79000.0,0,0,-79000.0,,,,
2539,櫻花建,上市,,,-79720.0,0,-316.0,-80036.0,,,,
2387,精元,上市,,,-84890.0,3081.0,1000.0,-80809.0,,,,
3003,健和興,上市,,,-91589.0,0,10466.0,-81123.0,,,,
7750,新代,上市,,,-70921.0,-2000.0,-9803.0,-82724.0,,,,
1734,杏輝,上市,,,-83194.0,0,0,-83194.0,,,,
2897,王道銀行,上市,,,93000.0,0,-177000.0,-84000.0,,,,
7799,禾榮科,上市,,,-84500.0,0,0,-84500.0,,,,
8429,金麗-KY,上市,,,-85000.0,0,0,-85000.0,,,,
2923,鼎固-KY,上市,,,-86000.0,0,1000.0,-85000.0,,,,
6136,富爾特,上市,,,-85090.0,0,0,-85090.0,,,,
2106,建大,上市,,,-85503.0,0,-201.0,-85704.0,,,,
2038,海光,上市,,,-87943.0,0,0,-87943.0,,,,
00690,兆豐藍籌30,上市,,,-1871.0,0,-86797.0,-88668.0,,,,
4764,雙鍵,上市,,,-122000.0,0,29325.0,-92675.0,,,,
2545,皇翔,上市,,,-95556.0,0,1000.0,-94556.0,,,,
5533,皇鼎,上市,,,-95000.0,0,0,-95000.0,,,,
2349,錸德,上市,,,-103200.0,0,7000.0,-96200.0,,,,
1455,集盛,上市,,,-86817.0,0,-10000.0,-96817.0,,,,
3058,立德,上市,,,-97000.0,0,0,-97000.0,,,,
6598,ABC-KY,上市,,,-96000.0,0,-1000.0,-97000.0,,,,
2908,特力,上市,,,-99747.0,0,0,-99747.0,,,,
1733,五鼎,上市,,,-100000.0,0,0,-100000.0,,,,
2102,泰豐,上市,,,-75732.0,0,-25000.0,-100732.0,,,,
1522,堤維西,上市,,,-101000.0,0,0,-101000.0,,,,
3011,今皓,上市,,,-101000.0,0,0,-101000.0,,,,
6491,晶碩,上市,,,-148000.0,48000.0,-1872.0,-101872.0,,,,
2017,官田鋼,上市,,,-102000.0,0,0,-102000.0,,,,
6606,建德工業,上市,,,-102000.0,0,0,-102000.0,,,,
2836,高雄銀,上市,,,-102861.0,0,0,-102861.0,,,,
1217,愛之味,上市,,,-103000.0,0,0,-103000.0,,,,
6024,群益期,上市,,,-102000.0,-1000.0,0,-103000.0,,,,
4977,眾達-KY,上市,,,-96248.0,0,-7433.0,-103681.0,,,,
8271,宇瞻,上市,,,-103700.0,0,-1253.0,-104953.0,,,,
2883B,凱基金乙特,上市,,,-138000.0,0,33000.0,-105000.0,,,,
2849,安泰銀,上市,,,-106000.0,0,0,-106000.0,,,,
2059,川湖,上市,,,-112298.0,-18530.0,22264.0,-108564.0,,,,
00739,元大MSCI A股,上市,,,-756.0,0,-107969.0,-108725.0,,,,
00639,富邦深100,上市,,,-4934.0,0,-104730.0,-109664.0,,,,
1528,恩德,上市,,,-109914.0,0,0,-109914.0,,,,
1231,聯華食,上市,,,-113000.0,0,3000.0,-110000.0,,,,
3716,中化控股,上市,,,-100881.0,0,-10000.0,-110881.0,,,,
1225,福懋油,上市,,,-115004.0,0,2000.0,-113004.0,,,,
3380,明泰,上市,,,-106710.0,0,-8465.0,-115175.0,,,,
6854,錼創科技-KY創,上市,,,-116367.0,0,-128.0,-116495.0,,,,
3021,鴻名,上市,,,-118000.0,0,0,-118000.0,,,,
5244,弘凱,上市,,,-120000.0,0,0,-120000.0,,,,
2498,宏達電,上市,,,-55982.0,0,-64168.0,-120150.0,,,,
6592,和潤企業,上市,,,-121722.0,0,486.0,-121236.0,,,,
2812,台中銀,上市,,,-118093.0,-4000.0,0,-122093.0,,,,
6177,達麗,上市,,,-107599.0,-13787.0,-957.0,-122343.0,,,,
6831,邁科,上市,,,-119009.0,0,-4009.0,-123018.0,,,,
2613,中櫃,上市,,,-122062.0,0,-1000.0,-123062.0,,,,
2351,順德,上市,,,31870.0,0,-155737.0,-123867.0,,,,
6933,AMAX-KY,上市,,,-121940.0,0,-2254.0,-124194.0,,,,
2911,麗嬰房,上市,,,-125000.0,0,0,-125000.0,,,,
2482,連宇,上市,,,-126990.0,0,1000.0,-125990.0,,,,
2440,太空梭,上市,,,-127000.0,0,0,-127000.0,,,,
6416,瑞祺電通,上市,,,-129611.0,0,0,-129611.0,,,,
4807,日成-KY,上市,,,-131000.0,0,0,-131000.0,,,,
7711,永擎,上市,,,-105240.0,0,-25990.0,-131230.0,,,,
1517,利奇,上市,,,-134000.0,0,0,-134000.0,,,,
4414,如興,上市,,,-135000.0,0,0,-135000.0,,,,
1737,臺鹽,上市,,,-136000.0,0,0,-136000.0,,,,
1611,中電,上市,,,-134134.0,0,-2000.0,-136134.0,,,,
2528,皇普,上市,,,-47000.0,-10256.0,-80000.0,-137256.0,,,,
4532,瑞智,上市,,,-126080.0,-11229.0,1.0,-137308.0,,,,
1110,東泥,上市,,,-133000.0,0,-5000.0,-138000.0,,,,
4576,大銀微系統,上市,,,-99270.0,0,-40147.0,-139417.0,,,,
1340,勝悅-KY,上市,,,-140000.0,0,0,-140000.0,,,,
00408A,主動第一金優股息,上市,,,29000.0,0,-171480.0,-142480.0,,,,
2359,所羅門,上市,,,-137000.0,0,-5481.0,-142481.0,,,,
4722,國精化,上市,,,-164017.0,0,16685.0,-147332.0,,,,
2462,良得電,上市,,,-149000.0,0,-1000.0,-150000.0,,,,
3062,建漢,上市,,,-91594.0,0,-58714.0,-150308.0,,,,
3533,嘉澤,上市,,,-189606.0,37000.0,-1649.0,-154255.0,,,,
6937,天虹,上市,,,-147847.0,0,-6892.0,-154739.0,,,,
2328,廣宇,上市,,,61926.0,0,-217000.0,-155074.0,,,,
3060,銘異,上市,,,-158764.0,0,2933.0,-155831.0,,,,
1457,宜進,上市,,,-160468.0,0,2000.0,-158468.0,,,,
1442,名軒,上市,,,-105000.0,0,-55000.0,-160000.0,,,,
2450,神腦,上市,,,-161000.0,0,0,-161000.0,,,,
6446,藥華藥,上市,,,-116633.0,-2000.0,-42419.0,-161052.0,,,,
3008,大立光,上市,,,-214784.0,2000.0,50782.0,-162002.0,,,,
6830,汎銓,上市,,,-154783.0,0,-7228.0,-162011.0,,,,
6139,亞翔,上市,,,-197016.0,-4000.0,38602.0,-162414.0,,,,
1531,高林股,上市,,,-165000.0,0,1000.0,-164000.0,,,,
1795,美時,上市,,,-146599.0,-572.0,-18080.0,-165251.0,,,,
5519,隆大,上市,,,-166700.0,0,0,-166700.0,,,,
2211,長榮鋼,上市,,,-167000.0,0,-737.0,-167737.0,,,,
3023,信邦,上市,,,-180779.0,-3000.0,12113.0,-171666.0,,,,
2466,冠西電,上市,,,-135583.0,0,-39337.0,-174920.0,,,,
1582,信錦,上市,,,-187532.0,0,9973.0,-177559.0,,,,
2929,淘帝-KY,上市,,,-178000.0,0,0,-178000.0,,,,
2377,微星,上市,,,653429.0,-793763.0,-41216.0,-181550.0,,,,
6168,宏齊,上市,,,-42404.0,0,-143319.0,-185723.0,,,,
5608,四維航,上市,,,-196548.0,0,10000.0,-186548.0,,,,
00646,元大S&P500,上市,,,5268.0,150000.0,-341997.0,-186729.0,,,,
1459,聯發,上市,,,-55103.0,0,-135578.0,-190681.0,,,,
6757,台灣虎航,上市,,,-188950.0,0,-2384.0,-191334.0,,,,
5284,jpp-KY,上市,,,-118132.0,-63051.0,-10416.0,-191599.0,,,,
6873,泓德能源,上市,,,-191000.0,0,-3000.0,-194000.0,,,,
9934,成霖,上市,,,-194000.0,0,0,-194000.0,,,,
3550,聯穎,上市,,,-197453.0,0,1061.0,-196392.0,,,,
1905,華紙,上市,,,-200205.0,0,1423.0,-198782.0,,,,
1736,喬山,上市,,,-202000.0,0,205.0,-201795.0,,,,
9935,慶豐富,上市,,,-199000.0,-4178.0,0,-203178.0,,,,
2390,云辰,上市,,,-204000.0,0,0,-204000.0,,,,
1467,南緯,上市,,,-204000.0,0,-2000.0,-206000.0,,,,
8473,山林水,上市,,,-206005.0,0,0,-206005.0,,,,
6957,裕慶-KY,上市,,,-196890.0,0,-11758.0,-208648.0,,,,
5236,凌陽創新,上市,,,-206471.0,0,-3600.0,-210071.0,,,,
6405,悅城,上市,,,-210900.0,0,-49.0,-210949.0,,,,
2442,新美齊,上市,,,-212000.0,0,0,-212000.0,,,,
3714,富采,上市,,,-206590.0,0,-6092.0,-212682.0,,,,
2474,可成,上市,,,-170357.0,-39948.0,-2810.0,-213115.0,,,,
2538,基泰,上市,,,-214420.0,0,0,-214420.0,,,,
6533,晶心科,上市,,,-218612.0,0,3000.0,-215612.0,,,,
3596,智易,上市,,,-234300.0,2434.0,13763.0,-218103.0,,,,
5522,遠雄,上市,,,-213000.0,-7510.0,0,-220510.0,,,,
2838,聯邦銀,上市,,,-223120.0,-1000.0,1000.0,-223120.0,,,,
8033,雷虎,上市,,,-222629.0,0,-569.0,-223198.0,,,,
6235,華孚,上市,,,-212000.0,0,-13338.0,-225338.0,,,,
4763,材料*-KY,上市,,,425390.0,-663000.0,10196.0,-227414.0,,,,
2516,新建,上市,,,-230000.0,0,1000.0,-229000.0,,,,
2392,正崴,上市,,,-199961.0,0,-30266.0,-230227.0,,,,
6805,富世達,上市,,,527925.0,-760000.0,-8380.0,-240455.0,,,,
2903,遠百,上市,,,-312000.0,0,70000.0,-242000.0,,,,
6206,飛捷,上市,,,-117100.0,-91740.0,-40742.0,-249582.0,,,,
3583,辛耘,上市,,,-241385.0,0,-9209.0,-250594.0,,,,
6573,虹揚-KY,上市,,,-259000.0,0,0,-259000.0,,,,
6166,凌華,上市,,,-247468.0,0,-15731.0,-263199.0,,,,
5531,鄉林,上市,,,-264755.0,0,0,-264755.0,,,,
3138,耀登,上市,,,-267642.0,0,398.0,-267244.0,,,,
2301,光寶科,上市,,,-582356.0,111000.0,202416.0,-268940.0,,,,
2020,美亞,上市,,,-266000.0,0,-3000.0,-269000.0,,,,
6152,百一,上市,,,-264150.0,0,-5010.0,-269160.0,,,,
8028,昇陽半導體,上市,,,-238713.0,2000.0,-37049.0,-273762.0,,,,
00963,中信全球高股息,上市,,,-2000.0,0,-274839.0,-276839.0,,,,
2511,太子,上市,,,-270000.0,0,-11000.0,-281000.0,,,,
3376,新日興,上市,,,-223000.0,0,-59154.0,-282154.0,,,,
6176,瑞儀,上市,,,-291085.0,3689.0,-393.0,-287789.0,,,,
2352,佳世達,上市,,,-276622.0,5000.0,-19001.0,-290623.0,,,,
6451,訊芯-KY,上市,,,-290731.0,0,-3870.0,-294601.0,,,,
2345,智邦,上市,,,31110.0,-321020.0,-6452.0,-296362.0,,,,
6742,澤米,上市,,,-302592.0,0,-758.0,-303350.0,,,,
2374,佳能,上市,,,-293692.0,0,-12162.0,-305854.0,,,,
6669,緯穎,上市,,,-267526.0,-9000.0,-35055.0,-311581.0,,,,
00642U,期元大S&P石油,上市,,,-1000.0,0,-314788.0,-315788.0,,,,
5907,大洋-KY,上市,,,-320000.0,0,0,-320000.0,,,,
009805,台新美國電力基建,上市,,,-2000.0,0,-323333.0,-325333.0,,,,
00738U,期元大道瓊白銀,上市,,,-46000.0,0,-285744.0,-331744.0,,,,
00892,富邦台灣半導體,上市,,,102475.0,0,-439465.0,-336990.0,,,,
6919,康霈*,上市,,,-328993.0,0,-9436.0,-338429.0,,,,
9914,美利達,上市,,,-362000.0,0,17110.0,-344890.0,,,,
2527,宏璟,上市,,,-346387.0,0,-5455.0,-351842.0,,,,
2852,第一保,上市,,,-357000.0,0,0,-357000.0,,,,
2548,華固,上市,,,-358000.0,3300.0,-3182.0,-357882.0,,,,
00676R,富邦臺灣加權反1,上市,,,48000.0,0,-412404.0,-364404.0,,,,
3049,精金,上市,,,-356197.0,0,-12741.0,-368938.0,,,,
9941,裕融,上市,,,-4231.0,-372000.0,2765.0,-373466.0,,,,
2887I,台新新光辛特,上市,,,-376000.0,0,0,-376000.0,,,,
6112,邁達特,上市,,,-367924.0,0,-16055.0,-383979.0,,,,
1210,大成,上市,,,-386705.0,0,-616.0,-387321.0,,,,
9103,美德醫療-DR,上市,,,-399000.0,0,-1938.0,-400938.0,,,,
2355,敬鵬,上市,,,-418443.0,0,13915.0,-404528.0,,,,
2547,日勝生,上市,,,-380997.0,-25050.0,382.0,-405665.0,,,,
2049,上銀,上市,,,162293.0,-607000.0,35502.0,-409205.0,,,,
6994,富威電力,上市,,,-419962.0,0,-2.0,-419964.0,,,,
3036,文曄,上市,,,-59548.0,-203000.0,-163041.0,-425589.0,,,,
3703,欣陸,上市,,,-442000.0,-1000.0,0,-443000.0,,,,
6226,光鼎,上市,,,-446523.0,0,0,-446523.0,,,,
3704,合勤控,上市,,,-453000.0,0,-878.0,-453878.0,,,,
4949,有成精密,上市,,,-462149.0,0,1910.0,-460239.0,,,,
00913,兆豐台灣晶圓製造,上市,,,25154.0,0,-497150.0,-471996.0,,,,
1227,佳格,上市,,,-473000.0,0,0,-473000.0,,,,
6658,聯策,上市,,,-469355.0,0,-5075.0,-474430.0,,,,
3033,威健,上市,,,-435720.0,8854.0,-48336.0,-475202.0,,,,
1710,東聯,上市,,,-428938.0,0,-53938.0,-482876.0,,,,
6412,群電,上市,,,-477893.0,5079.0,-23291.0,-496105.0,,,,
6164,華興,上市,,,-497000.0,0,-11000.0,-508000.0,,,,
2444,兆勁,上市,,,-506010.0,0,-2000.0,-508010.0,,,,
6834,天二科技,上市,,,-488788.0,0,-26593.0,-515381.0,,,,
9910,豐泰,上市,,,-453118.0,-64000.0,-586.0,-517704.0,,,,
2845,遠東銀,上市,,,-519582.0,-4000.0,5000.0,-518582.0,,,,
00401A,主動摩根台灣鑫收,上市,,,1680000.0,0,-2214788.0,-534788.0,,,,
00885,富邦越南,上市,,,-215847.0,0,-349149.0,-564996.0,,,,
00917,中信特選金融,上市,,,111000.0,0,-678148.0,-567148.0,,,,
5285,界霖,上市,,,-538336.0,0,-31548.0,-569884.0,,,,
6531,愛普*,上市,,,-625005.0,72000.0,-37683.0,-590688.0,,,,
00909,國泰數位支付服務,上市,,,-156700.0,0,-444321.0,-601021.0,,,,
1229,聯華,上市,,,-635318.0,14000.0,4015.0,-617303.0,,,,
2337,旺宏,上市,,,-321098.0,-79000.0,-219615.0,-619713.0,,,,
4551,智伸科,上市,,,-617346.0,0,-3952.0,-621298.0,,,,
3189,景碩,上市,,,251069.0,-814500.0,-71822.0,-635253.0,,,,
8070,長華*,上市,,,-633000.0,7602.0,-32959.0,-658357.0,,,,
2515,中工,上市,,,-621277.0,0,-39509.0,-660786.0,,,,
4916,事欣科,上市,,,-670300.0,0,8706.0,-661594.0,,,,
8103,瀚荃,上市,,,-626530.0,0,-35953.0,-662483.0,,,,
3715,定穎投控,上市,,,-867532.0,0,189692.0,-677840.0,,,,
6426,統新,上市,,,-654466.0,0,-26783.0,-681249.0,,,,
6282,康舒,上市,,,-701685.0,-7000.0,-27479.0,-736164.0,,,,
6525,捷敏-KY,上市,,,-715576.0,0,-25742.0,-741318.0,,,,
2103,台橡,上市,,,-735718.0,0,-6589.0,-742307.0,,,,
8112,至上,上市,,,-517129.0,-31049.0,-200854.0,-749032.0,,,,
4566,時碩工業,上市,,,-768700.0,0,10694.0,-758006.0,,,,
2801,彰銀,上市,,,569188.0,-1343000.0,10300.0,-763512.0,,,,
3030,德律,上市,,,-841334.0,-1000.0,46941.0,-795393.0,,,,
2501,國建,上市,,,-795000.0,-1000.0,-739.0,-796739.0,,,,
4526,東台,上市,,,-804679.0,0,3453.0,-801226.0,,,,
8210,勤誠,上市,,,-555881.0,-233000.0,-13498.0,-802379.0,,,,
4967,十銓,上市,,,-783300.0,0,-40154.0,-823454.0,,,,
2002,中鋼,上市,,,-812874.0,-64000.0,48000.0,-828874.0,,,,
009803,玉山市值動能50,上市,,,109000.0,0,-943705.0,-834705.0,,,,
2388,威盛,上市,,,-821981.0,0,-25172.0,-847153.0,,,,
00964,中信亞太高股息,上市,,,-46000.0,0,-814323.0,-860323.0,,,,
2615,萬海,上市,,,-877515.0,-21000.0,16155.0,-882360.0,,,,
3645,達邁,上市,,,-877000.0,0,-24447.0,-901447.0,,,,
3518,柏騰,上市,,,-776070.0,0,-126000.0,-902070.0,,,,
2302,麗正,上市,,,-913152.0,0,3865.0,-909287.0,,,,
2646,星宇航空,上市,,,-877000.0,0,-52000.0,-929000.0,,,,
1101,台泥,上市,,,-975154.0,-58000.0,84079.0,-949075.0,,,,
3042,晶技,上市,,,-744068.0,-3000.0,-241775.0,-988843.0,,,,
00635U,期元大S&P黃金,上市,,,18260.0,0,-1014123.0,-995863.0,,,,
3665,貿聯-KY,上市,,,108155.0,-1095500.0,-18137.0,-1005482.0,,,,
5534,長虹,上市,,,-549000.0,-455000.0,-4000.0,-1008000.0,,,,
2356,英業達,上市,,,-1432160.0,-7000.0,408884.0,-1030276.0,,,,
00912,中信臺灣智慧50,上市,,,-62960.0,0,-969598.0,-1032558.0,,,,
00980A,主動野村臺灣優選,上市,,,-208950.0,-2186000.0,1289043.0,-1105907.0,,,,
2376,技嘉,上市,,,-832335.0,-98000.0,-176715.0,-1107050.0,,,,
2330,台積電,上市,,,-1672231.0,154586.0,395975.0,-1121670.0,,,,
2486,一詮,上市,,,-1134691.0,0,623.0,-1134068.0,,,,
2406,國碩,上市,,,-1015490.0,0,-137010.0,-1152500.0,,,,
5880,合庫金,上市,,,-1075596.0,-94000.0,6813.0,-1162783.0,,,,
3576,聯合再生,上市,,,-1159222.0,0,-13000.0,-1172222.0,,,,
00665L,富邦恒生國企正2,上市,,,-81000.0,0,-1091873.0,-1172873.0,,,,
3026,禾伸堂,上市,,,-323832.0,-808000.0,-42801.0,-1174633.0,,,,
2483,百容,上市,,,-1188574.0,0,-5000.0,-1193574.0,,,,
00708L,期元大S&P黃金正2,上市,,,12000.0,10000.0,-1216039.0,-1194039.0,,,,
3605,宏致,上市,,,-960228.0,-280000.0,28846.0,-1211382.0,,,,
6449,鈺邦,上市,,,-1368008.0,0,96731.0,-1271277.0,,,,
2105,正新,上市,,,-1234000.0,-188000.0,150170.0,-1271830.0,,,,
00662,富邦NASDAQ,上市,,,199185.0,0,-1545375.0,-1346190.0,,,,
2484,希華,上市,,,-1334344.0,0,-26211.0,-1360555.0,,,,
2413,環科,上市,,,-1383000.0,0,5342.0,-1377658.0,,,,
00410A,主動永豐科技趨勢,上市,,,-638000.0,0,-753420.0,-1391420.0,,,,
1721,國慶科技,上市,,,-1399839.0,0,2000.0,-1397839.0,,,,
2340,台亞,上市,,,-1410919.0,0,-28306.0,-1439225.0,,,,
6443,元晶,上市,,,-1443990.0,0,0,-1443990.0,,,,
00641R,富邦日本反1,上市,,,0,0,-1455105.0,-1455105.0,,,,
00995A,主動中信台灣卓越,上市,,,-267636.0,0,-1212587.0,-1480223.0,,,,
6901,鑽石投資,上市,,,-1493000.0,0,12000.0,-1481000.0,,,,
2451,創見,上市,,,-1569896.0,113000.0,-42109.0,-1499005.0,,,,
2464,盟立,上市,,,-1275018.0,0,-237350.0,-1512368.0,,,,
3209,全科,上市,,,-1539350.0,0,902.0,-1538448.0,,,,
2633,台灣高鐵,上市,,,-937000.0,-722000.0,0,-1659000.0,,,,
00922,國泰台灣領袖50,上市,,,-2430500.0,0,764303.0,-1666197.0,,,,
2353,宏碁,上市,,,-1867146.0,7220.0,116247.0,-1743679.0,,,,
3450,聯鈞,上市,,,-1728665.0,-23000.0,-38184.0,-1789849.0,,,,
3149,正達,上市,,,-1840315.0,0,1818.0,-1838497.0,,,,
009821,野村稀土關鍵資源,上市,,,2000.0,0,-1872463.0,-1870463.0,,,,
8261,富鼎,上市,,,-1838525.0,0,-32471.0,-1870996.0,,,,
2601,益航,上市,,,-1873502.0,0,-140000.0,-2013502.0,,,,
3673,TPK-KY,上市,,,-2214150.0,-1000.0,46012.0,-2169138.0,,,,
3031,佰鴻,上市,,,-2298109.0,0,0,-2298109.0,,,,
2312,金寶,上市,,,-2564596.0,30000.0,75254.0,-2459342.0,,,,
2327,國巨*,上市,,,-308308.0,-2283000.0,125828.0,-2465480.0,,,,
00753L,中信中國50正2,上市,,,587000.0,0,-3113867.0,-2526867.0,,,,
00935,野村臺灣新科技50,上市,,,-323574.0,4268000.0,-6515429.0,-2571003.0,,,,
8039,台虹,上市,,,-1850494.0,7000.0,-728934.0,-2572428.0,,,,
00865B,國泰US短期公債,上市,,,-734408.0,0,-1878983.0,-2613391.0,,,,
2354,鴻準,上市,,,-2435085.0,0,-230366.0,-2665451.0,,,,
5871,中租-KY,上市,,,-2707827.0,-78000.0,53710.0,-2732117.0,,,,
3006,晶豪科,上市,,,-2461870.0,0,-338820.0,-2800690.0,,,,
2324,仁寶,上市,,,-3173518.0,-10000.0,352805.0,-2830713.0,,,,
4989,榮科,上市,,,-2904755.0,0,14789.0,-2889966.0,,,,
2455,全新,上市,,,-1551661.0,-315000.0,-1030411.0,-2897072.0,,,,
00943,兆豐電子高息等權,上市,,,-793000.0,0,-2116950.0,-2909950.0,,,,
2449,京元電子,上市,,,-2700146.0,-335000.0,105747.0,-2929399.0,,,,
00947,台新臺灣IC設計,上市,,,-750904.0,0,-2214798.0,-2965702.0,,,,
00904,台新臺灣半導體30,上市,,,-282000.0,0,-2814592.0,-3096592.0,,,,
2614,東森,上市,,,-2894613.0,0,-248000.0,-3142613.0,,,,
2610,華航,上市,,,-2926000.0,-223000.0,-5000.0,-3154000.0,,,,
00891,中信關鍵半導體,上市,,,-1519888.0,0,-1680944.0,-3200832.0,,,,
6005,群益證,上市,,,-3202346.0,-3000.0,0,-3205346.0,,,,
2305,全友,上市,,,-3836016.0,0,89753.0,-3746263.0,,,,
2344,華邦電,上市,,,7287269.0,-10812000.0,-304472.0,-3829203.0,,,,
2834,臺企銀,上市,,,-3954725.0,-3000.0,30000.0,-3927725.0,,,,
00984A,主動安聯台灣高息,上市,,,-2431999.0,0,-1659638.0,-4091637.0,,,,
00934,中信成長高股息,上市,,,-82000.0,0,-4055889.0,-4137889.0,,,,
00962,台新AI優息動能,上市,,,-25000.0,0,-4498264.0,-4523264.0,,,,
1727,中華化,上市,,,-4118361.0,0,-601274.0,-4719635.0,,,,
2454,聯發科,上市,,,-3912152.0,-863105.0,31675.0,-4743582.0,,,,
0052,富邦科技,上市,,,-757316.0,0,-4037620.0,-4794936.0,,,,
2367,燿華,上市,,,-4611927.0,0,-259298.0,-4871225.0,,,,
3231,緯創,上市,,,-3550113.0,-1146000.0,-284110.0,-4980223.0,,,,
3717,聯嘉投控,上市,,,-5895424.0,0,-26000.0,-5921424.0,,,,
00878,國泰永續高股息,上市,,,438990.0,0,-6801658.0,-6362668.0,,,,
009829,大華韓國KOSPI50,上市,,,-4441600.0,0,-2197293.0,-6638893.0,,,,
2426,鼎元,上市,,,-6385489.0,0,-315257.0,-6700746.0,,,,
2481,強茂,上市,,,-6551967.0,-35000.0,-402766.0,-6989733.0,,,,
00985B,群益ESG投等債0-5,上市,,,-4623000.0,0,-3692566.0,-8315566.0,,,,
3481,群創,上市,,,-7402878.0,-14000.0,-1311246.0,-8728124.0,,,,
2485,兆赫,上市,,,-8696383.0,0,-469363.0,-9165746.0,,,,
6116,彩晶,上市,,,-9810009.0,0,-166100.0,-9976109.0,,,,
00996A,主動兆豐台灣豐收,上市,,,-2119000.0,0,-8074574.0,-10193574.0,,,,
009828,中信台日韓PCB,上市,,,-6759901.0,0,-3940446.0,-10700347.0,,,,
0050,元大台灣50,上市,,,-15986082.0,-40000.0,-568186.0,-16594268.0,,,,
6770,力積電,上市,,,-15521747.0,-340000.0,-743436.0,-16605183.0,,,,
00400A,主動國泰動能高息,上市,,,-9181800.0,0,-7797725.0,-16979525.0,,,,
0056,元大高股息,上市,,,-1722493.0,0,-16328174.0,-18050667.0,,,,
009816,凱基台灣TOP50,上市,,,4318928.0,0,-23790125.0,-19471197.0,,,,
00953B,群益優選非投等債,上市,,,5741000.0,0,-25480444.0,-19739444.0,,,,
00992A,主動群益科技創新,上市,,,-15576400.0,0,-4521311.0,-20097711.0,,,,
2317,鴻海,上市,,,-19982641.0,-1140948.0,393963.0,-20729626.0,,,,
00685L,群益臺灣加權正2,上市,,,-15413928.0,0,-11983030.0,-27396958.0,,,,
00927,群益半導體收益,上市,,,2015710.0,0,-35846500.0,-33830790.0,,,,
00406A,主動中信台灣收益,上市,,,-15739610.0,0,-20126808.0,-35866418.0,,,,
00712,復華富時不動產,上市,,,-20448900.0,0,-16239854.0,-36688754.0,,,,
00985A,主動野村台灣50,上市,,,1441091.0,0,-50262439.0,-48821348.0,,,,
2303,聯電,上市,,,4720013.0,-67563010.0,5367467.0,-57475530.0,,,,
2409,友達,上市,,,-87053778.0,-17000.0,-6549299.0,-93620077.0,,,,
00411A,主動統一前沿科技,上櫃,11.05,1.0054844606946982,-1095499.0,0,1786480.0,690981.0,-12105263.950000001,0.0,19740604.0,7635340.050000001
006201,元大富櫃50,上櫃,48.6,-0.7352941176470588,-30000.0,0,-70356.0,-100356.0,-1458000.0,0.0,-3419301.6,-4877301.600000001
00679B,元大美債20年,上櫃,24.33,-0.6938775510204083,864613.0,0,-5545223.0,-4680610.0,21036034.29,0.0,-134915275.59,-113879241.3
00687B,國泰20年美債,上櫃,25.29,-0.6677140612725845,8152000.0,0,-6354870.0,1797130.0,206164080.0,0.0,-160714662.29999998,45449417.699999996
00687C,國泰20年美債+櫃U,上櫃,8.58,-0.809248554913295,0,0,0,0,0.0,0.0,0.0,0.0
00694B,富邦美債1-3,上櫃,41.65,-0.024003840614498322,-7000.0,0,21704.0,14704.0,-291550.0,0.0,903971.6,612421.6
00695B,富邦美債7-10,上櫃,33.5,-0.38655961938745165,-5000.0,0,-118453.0,-123453.0,-167500.0,0.0,-3968175.5,-4135675.5
00696B,富邦美債20年,上櫃,26.51,-0.7116104868913857,2556000.0,0,-3314265.0,-758265.0,67759560.0,0.0,-87861165.15,-20101605.150000002
00697B,元大美債7-10,上櫃,33.8,-0.32438808611029196,-16000.0,0,-216641.0,-232641.0,-540800.0,0.0,-7322465.8,-7863265.799999999
00719B,元大美債1-3,上櫃,30.97,-0.03227888960619754,-330800.0,0,-2489000.0,-2819800.0,-10244876.0,0.0,-77084330.0,-87329206.0
00720B,元大投資級公司債,上櫃,30.43,-0.5880431231623652,178300.0,0,-73697.0,104603.0,5425669.0,0.0,-2242599.71,3183069.29
00722B,群益投資級電信債,上櫃,32.67,-0.6990881458966566,-607000.0,0,-268323.0,-875323.0,-19830690.0,0.0,-8766112.41,-28596802.41
00723B,群益投資級科技債,上櫃,27.95,-0.5691924581999289,1000.0,0,-20365.0,-19365.0,27950.0,0.0,-569201.75,-541251.75
00724B,群益投資級金融債,上櫃,31.22,-0.4781638508128786,-98000.0,0,48365.0,-49635.0,-3059560.0,0.0,1509955.3,-1549604.7
00725B,國泰投資級公司債,上櫃,32.51,-0.36775973030953113,126000.0,0,-120112.0,5888.0,4096259.9999999995,0.0,-3904841.1199999996,191418.87999999998
00726B,國泰新興投等債,上櫃,30.84,-0.2264639275315432,14000.0,0,-27067.0,-13067.0,431760.0,0.0,-834746.28,-402986.27999999997
00727B,國泰優選非投等債,上櫃,38.81,-0.0772399588053553,-2000.0,0,-40659.0,-42659.0,-77620.0,0.0,-1577975.79,-1655595.79
00734B,台新JPM新興債,上櫃,14.71,-0.3387533875338753,10000.0,0,0,10000.0,147100.0,0.0,0.0,147100.0
00740B,富邦全球投等債,上櫃,35.51,-0.5043429532081816,873000.0,-125000.0,-1371984.0,-623984.0,31000230.0,-4438750.0,-48719151.839999996,-22157671.84
00741B,富邦全球非投等債,上櫃,36.53,0.027382256297918947,18000.0,0,0,18000.0,657540.0,0.0,0.0,657540.0
00746B,富邦A級公司債,上櫃,32.94,-0.4232164449818622,297000.0,0,-379211.0,-82211.0,9783180.0,0.0,-12491210.34,-2708030.34
00749B,凱基新興債10+,上櫃,29.12,-0.546448087431694,4000.0,0,-4000.0,0,116480.0,0.0,-116480.0,0.0
00750B,凱基科技債10+,上櫃,30.29,-0.5907449950771251,0,0,0,0,0.0,0.0,0.0,0.0
00751B,元大AAA至A公司債,上櫃,28.5,-0.6276150627615062,12050.0,0,-2222454.0,-2210404.0,343425.0,0.0,-63339939.0,-62996514.0
00754B,群益AAA-AA公司債,上櫃,29.95,-0.8278145695364238,0,0,-13284.0,-13284.0,0.0,0.0,-397855.8,-397855.8
00755B,群益投資級公用債,上櫃,30.03,-0.628722700198544,8000.0,0,-12000.0,-4000.0,240240.0,0.0,-360360.0,-120120.0
00756B,群益投等新興公債,上櫃,28.52,-0.27972027972027974,33000.0,0,-38248.0,-5248.0,941160.0,0.0,-1090832.96,-149672.96
00758B,復華能源債,上櫃,47.81,-0.5615640599001663,0,0,-158.0,-158.0,0.0,0.0,-7553.9800000000005,-7553.9800000000005
00759B,復華製藥債,上櫃,50.2,-0.594059405940594,0,0,-293.0,-293.0,0.0,0.0,-14708.6,-14708.6
00760B,復華新興企業債,上櫃,49.65,-0.22106109324758844,31000.0,0,-27969.0,3031.0,1539150.0,0.0,-1388660.8499999999,150489.15
00761B,國泰A級公司債,上櫃,31.53,-0.5048911328494794,-55000.0,0,-105344.0,-160344.0,-1734150.0,0.0,-3321496.3200000003,-5055646.32
00764B,群益25年美債,上櫃,25.24,-0.7081038552321007,-240000.0,0,456990.0,216990.0,-6057600.0,0.0,11534427.6,5476827.6
00768B,復華20年美債,上櫃,45.28,-0.6581834137779727,-117000.0,0,22922.0,-94078.0,-5297760.0,0.0,1037908.16,-4259851.84
00772B,中信高評級公司債,上櫃,30.8,-0.516795865633075,332200.0,0,-392683.0,-60483.0,10231760.0,0.0,-12094636.4,-1862876.4000000001
00773B,中信優先金融債,上櫃,32.98,-0.4828002414001208,330000.0,0,-376292.0,-46292.0,10883399.999999998,0.0,-12410110.159999998,-1526710.16
00777B,凱基AAA至A公司債,上櫃,29.65,-0.7032819825853985,0,0,-8000.0,-8000.0,0.0,0.0,-237200.0,-237200.0
00778B,凱基金融債20+,上櫃,31.35,-0.6968641114982579,0,0,0,0,0.0,0.0,0.0,0.0
00779B,凱基美債25+,上櫃,25.44,-0.7413187670698399,17000.0,0,-23000.0,-6000.0,432480.0,0.0,-585120.0,-152640.0
00780B,國泰A級金融債,上櫃,35.12,-0.2839295854628052,-1000.0,0,-7045.0,-8045.0,-35120.0,0.0,-247420.4,-282540.39999999997
00781B,國泰A級科技債,上櫃,25.44,-0.5084082909659757,4000.0,0,-44899.0,-40899.0,101760.0,0.0,-1142230.56,-1040470.56
00782B,國泰A級公用債,上櫃,28.0,-0.6034788782392616,0,0,-181054.0,-181054.0,0.0,0.0,-5069512.0,-5069512.0
00785B,富邦金融投等債,上櫃,32.49,-0.3374233128834356,1000.0,0,-135.0,865.0,32490.000000000004,0.0,-4386.150000000001,28103.850000000002
00786B,元大10年IG銀行債,上櫃,30.29,-0.4273504273504274,5000.0,0,67666.0,72666.0,151450.0,0.0,2049603.14,2201053.14
00787B,元大10年IG醫療債,上櫃,29.9,-0.598404255319149,0,0,-6177.0,-6177.0,0.0,0.0,-184692.3,-184692.3
00788B,元大10年IG電能債,上櫃,27.78,-0.6082289803220036,21000.0,0,-8797.0,12203.0,583380.0,0.0,-244380.66,338999.34
00789B,復華公司債A3,上櫃,43.88,-0.6115515288788221,0,0,-5098.0,-5098.0,0.0,0.0,-223700.24000000002,-223700.24000000002
00791B,復華信用債1-5,上櫃,56.1,0.08920606601248884,0,0,0,0,0.0,0.0,0.0,0.0
00792B,群益A級公司債,上櫃,28.77,-0.5186721991701244,1000.0,0,-4500.0,-3500.0,28770.0,0.0,-129465.0,-100695.0
00795B,中信美國公債20年,上櫃,24.47,-0.689935064935065,-836000.0,0,-1171841.0,-2007841.0,-20456920.0,0.0,-28674949.27,-49131869.269999996
00799B,國泰A級醫療債,上櫃,27.14,-0.6224826071036251,0,0,6874.0,6874.0,0.0,0.0,186560.36000000002,186560.36000000002
00834B,第一金金融債10+,上櫃,31.72,-0.47066206463759025,0,0,-2000.0,-2000.0,0.0,0.0,-63440.0,-63440.0
00836B,永豐10年A公司債,上櫃,26.16,-0.683371298405467,-4000.0,0,-1364.0,-5364.0,-104640.0,0.0,-35682.24,-140322.24
00840B,凱基IG精選15+,上櫃,27.26,-0.6197593875318994,0,0,0,0,0.0,0.0,0.0,0.0
00841B,凱基AAA-AA公司債,上櫃,26.03,-0.22997316979685703,-8000.0,0,6000.0,-2000.0,-208240.0,0.0,156180.0,-52060.0
00842B,台新美元銀行債,上櫃,27.9,-0.25026814444047196,31000.0,0,-167059.0,-136059.0,864900.0,0.0,-4660946.1,-3796046.0999999996
00844B,台新15年IG金融債,上櫃,28.92,-0.6185567010309279,-1000.0,0,0,-1000.0,-28920.0,0.0,0.0,-28920.0
00845B,富邦新興投等債,上櫃,31.25,0.09609224855861628,64000.0,0,-65159.0,-1159.0,2000000.0,0.0,-2036218.75,-36218.75
00846B,富邦歐洲銀行債,上櫃,33.84,-0.11806375442739078,-1000.0,0,895.0,-105.0,-33840.0,0.0,30286.800000000003,-3553.2000000000003
00848B,中信新興亞洲債,上櫃,31.98,-0.2806361085126286,10000.0,0,-11015.0,-1015.0,319800.0,0.0,-352259.7,-32459.7
00849B,中信EM主權債0-5,上櫃,37.13,0.02693965517241379,-3000.0,0,-13052.0,-16052.0,-111390.00000000001,0.0,-484620.76,-596010.76
00853B,統一美債10年Aa-A,上櫃,25.27,-0.3548895899053628,-7000.0,0,-17327.0,-24327.0,-176890.0,0.0,-437853.29,-614743.29
00856B,永豐1-3年美公債,上櫃,37.09,-0.13462574044157244,0,0,-1000.0,-1000.0,0.0,0.0,-37090.0,-37090.0
00857B,永豐20年美公債,上櫃,21.01,-0.8026440037771482,0,0,127489.0,127489.0,0.0,0.0,2678543.89,2678543.89
00858,永豐美國500大,上櫃,36.66,0.9917355371900827,158000.0,0,242185.0,400185.0,5792279.999999999,0.0,8878502.1,14670782.099999998
00859B,群益0-1年美債,上櫃,40.63,-0.024606299212598423,-152000.0,0,-99223.0,-251223.0,-6175760.0,0.0,-4031430.49,-10207190.49
00860B,群益1-5Y投資級債,上櫃,37.64,-0.10615711252653928,-1000.0,0,-16821.0,-17821.0,-37640.0,0.0,-633142.4400000001,-670782.4400000001
00862B,中信投資級公司債,上櫃,28.83,-0.6204756980351603,-4000.0,0,-2310.0,-6310.0,-115320.0,0.0,-66597.3,-181917.3
00863B,中信全球電信債,上櫃,29.07,-0.8526603001364257,-6000.0,0,-1657.0,-7657.0,-174420.0,0.0,-48168.99,-222588.99
00864B,中信美國公債0-1,上櫃,46.15,-0.06496318752706799,-306000.0,0,76808.0,-229192.0,-14121900.0,0.0,3544689.1999999997,-10577210.799999999
00867B,台新A-BBB電信債,上櫃,28.23,-0.6335797254487856,-3000.0,0,16000.0,13000.0,-84690.0,0.0,451680.0,366990.0
00870B,元大15年EM主權債,上櫃,25.79,-0.654853620955316,-1000.0,0,-207.0,-1207.0,-25790.0,0.0,-5338.53,-31128.53
00877,復華中國5G,上櫃,34.89,0.057355893318038434,-14000.0,0,-36723.0,-50723.0,-488460.0,0.0,-1281265.47,-1769725.47
00884B,中信低碳新興債,上櫃,27.0,-0.6987863184994483,0,0,-6167.0,-6167.0,0.0,0.0,-166509.0,-166509.0
00886,永豐美國科技,上櫃,49.7,-0.10050251256281408,0,0,297.0,297.0,0.0,0.0,14760.900000000001,14760.900000000001
00887,永豐中國科技50大,上櫃,15.07,0.2661343978709248,-43000.0,0,-282810.0,-325810.0,-648010.0,0.0,-4261946.7,-4909956.7
00888,永豐台灣ESG,上櫃,36.87,-0.2435064935064935,-167787.0,0,-2149675.0,-2317462.0,-6186306.6899999995,0.0,-79258517.25,-85444823.94
00890B,凱基ESG BBB債15+,上櫃,29.64,-0.6369426751592356,17000.0,0,-10000.0,7000.0,503880.0,0.0,-296400.0,207480.0
00928,中信上櫃ESG 30,上櫃,35.63,0.05616399887672002,-43000.0,0,31661.0,-11339.0,-1532090.0,0.0,1128081.4300000002,-404008.57
00931B,統一美債20年,上櫃,12.31,-0.7258064516129031,-2000.0,0,-676575.0,-678575.0,-24620.0,0.0,-8328638.25,-8353258.25
00933B,國泰10Y+金融債,上櫃,14.81,-0.3364737550471063,1730100.0,0,-1115148.0,614952.0,25622781.0,0.0,-16515341.88,9107439.120000001
00937B,群益ESG投等債20+,上櫃,13.54,-0.5873715124816447,11359133.0,0,-25506687.0,-14147554.0,153802660.82,0.0,-345360541.97999996,-191557881.16
00942B,台新美A公司債20+,上櫃,13.01,-0.6111535523300229,1374000.0,0,-999611.0,374389.0,17875740.0,0.0,-13004939.11,4870800.89
00948B,中信優息投資級債,上櫃,8.68,-0.6864988558352403,558000.0,0,-6485481.0,-5927481.0,4843440.0,0.0,-56293975.08,-51450535.08
00950B,凱基A級公司債,上櫃,12.95,-0.38461538461538464,978000.0,0,-1588543.0,-610543.0,12665100.0,0.0,-20571631.849999998,-7906531.85
00955,中信日本商社,上櫃,15.9,0.18903591682419657,281015.0,0,878911.0,1159926.0,4468138.5,0.0,13974684.9,18442823.400000002
00957B,兆豐US優選投等債,上櫃,12.3,-0.5658852061438966,3000.0,0,19323.0,22323.0,36900.0,0.0,237672.90000000002,274572.9
00958B,永豐ESG銀行債15+,上櫃,8.51,-0.5841121495327103,0,0,-37760.0,-37760.0,0.0,0.0,-321337.6,-321337.6
00959B,大華投等美債15Y+,上櫃,8.58,-0.6944444444444444,608000.0,0,1143970.0,1751970.0,5216640.0,0.0,9815262.6,15031902.6
00966B,統一ESG投等債15+,上櫃,12.78,-0.5447470817120623,-12000.0,0,-46717.0,-58717.0,-153360.0,0.0,-597043.26,-750403.26
00967B,元大優息美債,上櫃,8.42,-0.5903187721369539,15000.0,0,-354157.0,-339157.0,126300.0,0.0,-2982001.94,-2855701.94
00968B,元大優息投等債,上櫃,8.53,-0.6984866123399301,3000.0,0,-161751.0,-158751.0,25589.999999999996,0.0,-1379736.0299999998,-1354146.0299999998
00969B,元大零息超長美債,上櫃,7.26,-1.358695652173913,198000.0,0,-548432.0,-350432.0,1437480.0,0.0,-3981616.32,-2544136.32
00970B,台新BBB投等債20+,上櫃,8.59,-0.3480278422273782,597000.0,0,-593729.0,3271.0,5128230.0,0.0,-5100132.11,28097.89
009806,台新標普500,上櫃,13.87,0.7262164124909223,0,0,1372.0,1372.0,0.0,0.0,19029.64,19029.64
009807,台新標普科技精選,上櫃,18.28,0.27427317608337903,0,0,9650.0,9650.0,0.0,0.0,176402.0,176402.0
00980B,台新特選IG債10+,上櫃,8.71,-0.5707762557077625,0,0,-100903.0,-100903.0,0.0,0.0,-878865.1300000001,-878865.1300000001
00980D,主動聯博投等入息,上櫃,19.33,-0.2579979360165119,68169.0,0,37381.0,105550.0,1317706.7699999998,0.0,722574.73,2040281.4999999998
00980T,平衡凱基美國TOP,上櫃,12.2,0.49423393739703464,749000.0,0,-460165.0,288835.0,9137800.0,0.0,-5614013.0,3523787.0
009814,富邦標普500,上櫃,11.53,0.7867132867132868,24000.0,50000.0,546000.0,620000.0,276720.0,576500.0,6295380.0,7148600.0
009815,大華美國MAG7+,上櫃,12.27,0.9876543209876543,3000.0,0,424611.0,427611.0,36810.0,0.0,5209976.97,5246786.97
00981B,第一金優選非投債,上櫃,8.92,0.0,7436000.0,0,-3426124.0,4009876.0,66329120.0,0.0,-30561026.08,35768093.92
00981D,主動中信非投等債,上櫃,10.06,0.09950248756218905,1790000.0,0,-945000.0,845000.0,18007400.0,0.0,-9506700.0,8500700.0
009822,華南永昌未來金融,上櫃,9.46,1.6111707841031147,-4000.0,0,218900.0,214900.0,-37840.0,0.0,2070794.0000000002,2032954.0000000002
009823,群益S&P500,上櫃,10.56,0.667302192564347,-30000.0,0,2022361.0,1992361.0,-316800.0,0.0,21356132.16,21039332.16
009825,聯邦美國金融創新,上櫃,9.74,1.0373443983402488,14000.0,0,190000.0,204000.0,136360.0,0.0,1850600.0,1986960.0
00982B,FT投資級債20+,上櫃,9.01,-0.11086474501108648,-33000.0,0,14686.0,-18314.0,-297330.0,0.0,132320.86,-165009.13999999998
00983B,大華優利美公債20,上櫃,14.19,-0.7692307692307693,0,0,-35528.0,-35528.0,0.0,0.0,-504142.32,-504142.32
00984B,大華優利美A債15,上櫃,14.91,-0.533689126084056,303000.0,0,453297.0,756297.0,4517730.0,0.0,6758658.2700000005,11276388.27
00985D,主動貝萊德優投等,上櫃,9.37,-0.5307855626326965,43000.0,0,-1575433.0,-1532433.0,402909.99999999994,0.0,-14761807.209999999,-14358897.209999999
00986B,FT金融債10+,上櫃,9.11,-0.4371584699453553,-26000.0,0,19825.0,-6175.0,-236859.99999999997,0.0,180605.75,-56254.25
00986D,主動復華金融債息,上櫃,13.79,-0.2892263195950832,340000.0,0,-41623.0,298377.0,4688600.0,0.0,-573981.1699999999,4114618.8299999996
00987B,野村10+澳洲公債,上櫃,15.14,-0.1977587343441002,6000.0,0,-31564.0,-25564.0,90840.0,0.0,-477878.96,-387038.96
00987D,主動統一美債量化,上櫃,9.38,-0.530222693531283,1000.0,0,136668.0,137668.0,9380.0,0.0,1281945.84,1291325.84
00988B,玉山嚴選非投債,上櫃,18.99,-0.15772870662460567,390000.0,0,-351456.0,38544.0,7406099.999999999,0.0,-6674149.4399999995,731950.5599999999
00989B,台新美國非投等債,上櫃,9.83,0.10183299389002036,0,0,-1243333.0,-1243333.0,0.0,0.0,-12221963.39,-12221963.39
00990B,國泰收益非投等債,上櫃,9.81,0.0,12000.0,0,-252533.0,-240533.0,117720.0,0.0,-2477348.73,-2359628.73
00998A,主動復華金融股息,上櫃,16.29,0.8668730650154801,-2800.0,0,-2478498.0,-2481298.0,-45612.0,0.0,-40374732.419999994,-40420344.419999994
020025,統一亞洲半導體N,上櫃,41.3,-1.2434241989478718,0,0,15000.0,15000.0,0.0,0.0,619500.0,619500.0
020033,統一恒生科期N,上櫃,3.37,0.8982035928143712,0,0,-26000.0,-26000.0,0.0,0.0,-87620.0,-87620.0
020035,元大上櫃ESG高息N,上櫃,13.75,-1.7857142857142856,0,0,1000.0,1000.0,0.0,0.0,13750.0,13750.0
020041,兆豐半導體氣候N,上櫃,22.15,-1.8173758865248226,0,0,53000.0,53000.0,0.0,0.0,1173950.0,1173950.0
1240,茂生農經,上櫃,53.9,0.0,0,0,0,0,0.0,0.0,0.0,0.0
1259,安心,上櫃,66.0,-2.941176470588235,0,0,2000.0,2000.0,0.0,0.0,132000.0,132000.0
1264,德麥,上櫃,249.0,1.0141987829614605,1000.0,0,0,1000.0,249000.0,0.0,0.0,249000.0
1268,漢來美食,上櫃,175.0,-0.5681818181818182,-8000.0,0,0,-8000.0,-1400000.0,0.0,0.0,-1400000.0
1294,漢田生技,上櫃,49.9,0.20080321285140565,0,0,0,0,0.0,0.0,0.0,0.0
1295,生合,上櫃,48.4,-1.3251783893985731,-2000.0,0,0,-2000.0,-96800.0,0.0,0.0,-96800.0
1336,台翰,上櫃,18.1,0.5555555555555556,50915.0,0,28933.0,79848.0,921561.5000000001,0.0,523687.30000000005,1445248.8
1565,精華,上櫃,96.1,-0.6204756980351603,-38999.0,0,-448.0,-39447.0,-3747803.9,0.0,-43052.799999999996,-3790856.6999999997
1569,濱川,上櫃,70.0,2.18978102189781,-455720.0,0,26001.0,-429719.0,-31900400.0,0.0,1820070.0,-30080330.0
1570,力肯,上櫃,32.7,0.6153846153846154,1000.0,0,3.0,1003.0,32700.000000000004,0.0,98.10000000000001,32798.100000000006
1580,新麥,上櫃,95.7,-0.10438413361169104,-6000.0,0,0,-6000.0,-574200.0,0.0,0.0,-574200.0
1584,精剛,上櫃,18.15,0.27624309392265195,-5769.0,0,560.0,-5209.0,-104707.34999999999,0.0,10164.0,-94543.34999999999
1586,和勤,上櫃,17.8,0.0,-92014.0,0,0,-92014.0,-1637849.2,0.0,0.0,-1637849.2
1591,駿吉-KY,上櫃,41.35,-1.194743130227001,-51101.0,0,0,-51101.0,-2113026.35,0.0,0.0,-2113026.35
1593,祺驊,上櫃,31.65,0.7961783439490446,1000.0,0,0,1000.0,31650.0,0.0,0.0,31650.0
1595,川寶,上櫃,71.8,-2.312925170068027,-177970.0,0,2090.0,-175880.0,-12778246.0,0.0,150062.0,-12628184.0
1599,宏佳騰,上櫃,22.95,-0.6493506493506493,6000.0,0,0,6000.0,137700.0,0.0,0.0,137700.0
1777,生泰,上櫃,75.5,1.478494623655914,35000.0,0,0,35000.0,2642500.0,0.0,0.0,2642500.0
1780,立弘,上櫃,24.8,-1.3916500994035783,-3000.0,0,0,-3000.0,-74400.0,0.0,0.0,-74400.0
1781,合世,上櫃,9.98,1.8367346938775508,0,0,0,0,0.0,0.0,0.0,0.0
1784,訊聯,上櫃,59.5,0.0,5000.0,0,-11.0,4989.0,297500.0,0.0,-654.5,296845.5
1785,光洋科,上櫃,110.5,7.804878048780488,-2038653.0,7000.0,46375.0,-1985278.0,-225271156.5,773500.0,5124437.5,-219373219.0
1788,杏昌,上櫃,128.0,0.0,1000.0,0,0,1000.0,128000.0,0.0,0.0,128000.0
1796,金穎生技,上櫃,29.6,0.33898305084745767,1000.0,0,0,1000.0,29600.0,0.0,0.0,29600.0
1799,易威,上櫃,28.05,-1.9230769230769231,-57000.0,0,0,-57000.0,-1598850.0,0.0,0.0,-1598850.0
1813,寶利徠,上櫃,11.2,-0.4444444444444444,-1000.0,0,0,-1000.0,-11200.0,0.0,0.0,-11200.0
1815,富喬,上櫃,127.0,-1.1673151750972763,-1456081.0,24000.0,33955.0,-1398126.0,-184922287.0,3048000.0,4312285.0,-177562002.0
2061,風青,上櫃,65.5,0.460122699386503,133369.0,0,13232.0,146601.0,8735669.5,0.0,866696.0,9602365.5
2063,世鎧,上櫃,23.5,-1.2605042016806722,-3000.0,0,2652.0,-348.0,-70500.0,0.0,62322.0,-8178.0
2064,晉椿,上櫃,12.0,0.4184100418410042,-2000.0,0,0,-2000.0,-24000.0,0.0,0.0,-24000.0
2065,世豐,上櫃,35.55,0.0,1.0,0,-772.0,-771.0,35.55,0.0,-27444.6,-27409.05
2066,世德,上櫃,51.6,-1.5267175572519085,-11000.0,0,0,-11000.0,-567600.0,0.0,0.0,-567600.0
2067,嘉鋼,上櫃,4.8,-1.8404907975460123,-42000.0,0,0,-42000.0,-201600.0,0.0,0.0,-201600.0
2070,精湛,上櫃,62.2,-0.6389776357827477,-10005.0,0,4000.0,-6005.0,-622311.0,0.0,248800.0,-373511.0
2221,大甲,上櫃,186.0,0.0,60993.0,0,75000.0,135993.0,11344698.0,0.0,13950000.0,25294698.0
2230,泰茂,上櫃,21.65,-0.6880733944954129,16000.0,0,-867.0,15133.0,346400.0,0.0,-18770.55,327629.44999999995
2596,綠意,上櫃,34.0,-0.8746355685131195,-21000.0,0,0,-21000.0,-714000.0,0.0,0.0,-714000.0
2640,大車隊,上櫃,155.0,0.6493506493506493,-4000.0,0,0,-4000.0,-620000.0,0.0,0.0,-620000.0
2641,正德,上櫃,17.2,-0.2898550724637681,20229.0,0,-1733.0,18496.0,347938.8,0.0,-29807.6,318131.2
2643,捷迅,上櫃,62.0,-0.9584664536741214,-2000.0,0,0,-2000.0,-124000.0,0.0,0.0,-124000.0
2718,全心投控,上櫃,39.35,-2.357320099255583,1000.0,-855.0,0,145.0,39350.0,-33644.25,0.0,5705.75
2729,瓦城,上櫃,155.0,0.3236245954692557,0,0,-2000.0,-2000.0,0.0,0.0,-310000.0,-310000.0
2732,六角,上櫃,63.2,-0.1579778830963665,1000.0,0,0,1000.0,63200.0,0.0,0.0,63200.0
2734,易飛網,上櫃,14.35,0.0,1000.0,0,0,1000.0,14350.0,0.0,0.0,14350.0
2736,富野,上櫃,11.15,-0.4464285714285714,-12000.0,0,0,-12000.0,-133800.0,0.0,0.0,-133800.0
2743,山富,上櫃,50.3,-1.9493177387914233,-4000.0,0,-59000.0,-63000.0,-201200.0,0.0,-2967700.0,-3168900.0
2745,五福,上櫃,85.1,0.23557126030624267,-4000.0,0,-2000.0,-6000.0,-340400.0,0.0,-170200.0,-510599.99999999994
2751,王座,上櫃,53.5,0.9433962264150944,3000.0,0,0,3000.0,160500.0,0.0,0.0,160500.0
2752,豆府,上櫃,178.0,1.1363636363636365,1000.0,0,0,1000.0,178000.0,0.0,0.0,178000.0
2754,亞洲藏壽司,上櫃,67.5,0.4464285714285714,-2000.0,0,207.0,-1793.0,-135000.0,0.0,13972.5,-121027.5
2755,揚秦,上櫃,98.0,-1.507537688442211,2043.0,0,71.0,2114.0,200214.0,0.0,6958.0,207172.0
2756,聯發國際,上櫃,61.4,-0.967741935483871,-2000.0,0,0,-2000.0,-122800.0,0.0,0.0,-122800.0
2916,滿心,上櫃,40.4,-0.24691358024691357,4000.0,0,0,4000.0,161600.0,0.0,0.0,161600.0
2924,宏太-KY,上櫃,18.35,-4.922279792746114,-1000.0,0,0,-1000.0,-18350.0,0.0,0.0,-18350.0
2937,集雅社,上櫃,44.9,-0.11123470522803117,1000.0,0,1000.0,2000.0,44900.0,0.0,44900.0,89800.0
2947,振宇五金,上櫃,62.6,2.622950819672131,4000.0,0,0,4000.0,250400.0,0.0,0.0,250400.0
3066,李洲,上櫃,27.35,-2.49554367201426,-55043.0,0,0,-55043.0,-1505426.05,0.0,0.0,-1505426.05
3071,協禧,上櫃,22.75,0.22026431718061676,21000.0,0,-186.0,20814.0,477750.0,0.0,-4231.5,473518.5
3073,天方能源,上櫃,20.5,-0.24330900243309003,1000.0,0,365.0,1365.0,20500.0,0.0,7482.5,27982.5
3078,僑威,上櫃,46.05,0.10869565217391304,85000.0,-9170.0,-300.0,75530.0,3914249.9999999995,-422278.5,-13815.0,3478156.5
3081,聯亞,上櫃,2920.0,-2.666666666666667,-184666.0,-62800.0,-78.0,-247544.0,-539224720.0,-183376000.0,-227760.0,-722828480.0
3083,網龍,上櫃,23.15,-2.526315789473684,4000.0,0,0,4000.0,92600.0,0.0,0.0,92600.0
3086,華義*,上櫃,27.4,0.0,14000.0,0,-480.0,13520.0,383600.0,0.0,-13152.0,370448.0
3088,艾訊,上櫃,135.5,0.7434944237918215,276073.0,0,6397.0,282470.0,37407891.5,0.0,866793.5,38274685.0
3093,港建*,上櫃,46.65,-0.10706638115631692,62253.0,0,-100.0,62153.0,2904102.4499999997,0.0,-4665.0,2899437.4499999997
3095,及成,上櫃,33.5,0.0,1000.0,0,0,1000.0,33500.0,0.0,0.0,33500.0
3105,穩懋,上櫃,592.0,-3.7398373983739837,-2443493.0,-23400.0,-126320.0,-2593213.0,-1446547856.0,-13852800.0,-74781440.0,-1535182096.0
3114,好德,上櫃,40.85,-6.307339449541284,-557245.0,0,-17303.0,-574548.0,-22763458.25,0.0,-706827.55,-23470285.8
3122,笙泉,上櫃,24.3,4.0685224839400425,18000.0,0,29.0,18029.0,437400.0,0.0,704.7,438104.7
3128,昇銳,上櫃,20.15,0.4987531172069826,18000.0,0,0,18000.0,362700.0,0.0,0.0,362700.0
3131,弘塑,上櫃,2530.0,0.0,8310.0,1061.0,-8040.0,1331.0,21024300.0,2684330.0,-20341200.0,3367430.0
3141,晶宏,上櫃,80.2,-8.863636363636363,-1449750.0,0,-72938.0,-1522688.0,-116269950.0,0.0,-5849627.600000001,-122119577.60000001
3147,大綜,上櫃,292.0,6.181818181818182,-309744.0,0,11773.0,-297971.0,-90445248.0,0.0,3437716.0,-87007532.0
3152,璟德,上櫃,238.0,-0.8333333333333334,-30528.0,0,-886.0,-31414.0,-7265664.0,0.0,-210868.0,-7476532.0
3162,精確,上櫃,84.3,-2.9919447640966634,297814.0,0,-13126.0,284688.0,25105720.2,0.0,-1106521.8,23999198.4
3163,波若威,上櫃,689.0,-2.8208744710860367,-42025.0,-90125.0,-437.0,-132587.0,-28955225.0,-62096125.0,-301093.0,-91352443.0
3169,亞信,上櫃,112.0,-1.3215859030837005,79771.0,0,1338.0,81109.0,8934352.0,0.0,149856.0,9084208.0
3171,炎洲流通,上櫃,57.7,0.8741258741258741,0,0,-355.0,-355.0,0.0,0.0,-20483.5,-20483.5
3176,基亞,上櫃,38.25,0.0,-30701.0,0,0,-30701.0,-1174313.25,0.0,0.0,-1174313.25
3178,公準,上櫃,68.6,-1.7191977077363898,-15000.0,0,-125.0,-15125.0,-1028999.9999999999,0.0,-8575.0,-1037574.9999999999
3188,鑫龍騰,上櫃,22.4,-1.1037527593818985,-24000.0,0,0,-24000.0,-537600.0,0.0,0.0,-537600.0
3205,佰研,上櫃,46.9,-0.2127659574468085,1000.0,0,1.0,1001.0,46900.0,0.0,46.9,46946.9
3206,志豐,上櫃,34.0,0.0,-1000.0,0,0,-1000.0,-34000.0,0.0,0.0,-34000.0
3207,耀勝,上櫃,39.4,-1.5,-72000.0,0,-8.0,-72008.0,-2836800.0,0.0,-315.2,-2837115.1999999997
3211,順達,上櫃,395.0,-1.0025062656641603,1588310.0,-29300.0,-140613.0,1418397.0,627382450.0,-11573500.0,-55542135.0,560266815.0
3213,茂訊,上櫃,125.5,0.0,-10620.0,3332.0,-1000.0,-8288.0,-1332810.0,418166.0,-125500.0,-1040144.0
3217,優群,上櫃,128.0,-0.7751937984496124,-91950.0,0,-811.0,-92761.0,-11769600.0,0.0,-103808.0,-11873408.0
3218,大學光,上櫃,134.0,0.37453183520599254,70184.0,0,7.0,70191.0,9404656.0,0.0,938.0,9405594.0
3219,倚強科,上櫃,140.5,9.765625,63000.0,0,12314.0,75314.0,8851500.0,0.0,1730117.0,10581617.0
3221,台嘉碩,上櫃,52.4,-5.9245960502693,-335227.0,0,-2715.0,-337942.0,-17565894.8,0.0,-142266.0,-17708160.8
3224,三顧,上櫃,32.3,2.7027027027027026,5000.0,0,0,5000.0,161500.0,0.0,0.0,161500.0
3226,龍鋒,上櫃,59.3,-5.573248407643312,-2000.0,0,0,-2000.0,-118600.0,0.0,0.0,-118600.0
3227,原相,上櫃,188.5,0.0,19413.0,-13000.0,7796.0,14209.0,3659350.5,-2450500.0,1469546.0,2678396.5
3228,金麗科,上櫃,168.5,-2.0348837209302326,40100.0,0,-713.0,39387.0,6756850.0,0.0,-120140.5,6636709.5
3230,錦明,上櫃,40.4,-0.8588957055214723,-122000.0,0,0,-122000.0,-4928800.0,0.0,0.0,-4928800.0
3232,昱捷,上櫃,20.2,-0.24691358024691357,0,0,0,0,0.0,0.0,0.0,0.0
3234,光環,上櫃,176.0,-2.2222222222222223,-121134.0,0,-9878.0,-131012.0,-21319584.0,0.0,-1738528.0,-23058112.0
3236,千如,上櫃,52.6,-1.6822429906542056,385006.0,0,6055.0,391061.0,20251315.6,0.0,318493.0,20569808.6
3252,海灣,上櫃,15.3,0.0,-3000.0,0,1.0,-2999.0,-45900.0,0.0,15.3,-45884.700000000004
3259,鑫創,上櫃,12.25,-5.769230769230769,-2000.0,0,0,-2000.0,-24500.0,0.0,0.0,-24500.0
3260,威剛,上櫃,370.0,-2.1164021164021163,-2892416.0,-70000.0,147526.0,-2814890.0,-1070193920.0,-25900000.0,54584620.0,-1041509300.0
3264,欣銓,上櫃,246.0,1.8633540372670807,-601488.0,-1420000.0,310936.0,-1710552.0,-147966048.0,-349320000.0,76490256.0,-420795792.0
3265,台星科,上櫃,197.5,5.053191489361701,897274.0,0,124173.0,1021447.0,177211615.0,0.0,24524167.5,201735782.5
3268,海德威,上櫃,24.15,4.545454545454546,6000.0,0,0,6000.0,144900.0,0.0,0.0,144900.0
3272,東碩,上櫃,13.95,-1.4134275618374559,0,0,0,0,0.0,0.0,0.0,0.0
3276,宇環,上櫃,14.05,-0.7067137809187279,3000.0,0,0,3000.0,42150.0,0.0,0.0,42150.0
3284,太普高,上櫃,22.4,3.703703703703704,-146000.0,0,3208.0,-142792.0,-3270400.0,0.0,71859.2,-3198540.8
3285,微端,上櫃,41.8,-0.3575685339690107,4000.0,0,33.0,4033.0,167200.0,0.0,1379.3999999999999,168579.4
3287,廣寰科,上櫃,39.75,-1.9728729963008635,31000.0,0,0,31000.0,1232250.0,0.0,0.0,1232250.0
3288,點晶,上櫃,21.9,1.6241299303944319,-3000.0,0,17.0,-2983.0,-65700.0,0.0,372.29999999999995,-65327.7
3289,宜特,上櫃,143.0,1.4184397163120568,33066.0,0,18437.0,51503.0,4728438.0,0.0,2636491.0,7364929.0
3290,東浦,上櫃,50.7,1.5015015015015014,9230.0,0,-975.0,8255.0,467961.0,0.0,-49432.5,418528.5
3293,鈊象,上櫃,780.0,-1.7632241813602016,286486.0,6000.0,-23637.0,268849.0,223459080.0,4680000.0,-18436860.0,209702220.0
3294,英濟,上櫃,31.8,-1.7001545595054095,76943.0,0,0,76943.0,2446787.4,0.0,0.0,2446787.4
3297,杭特,上櫃,35.3,9.968847352024925,306000.0,0,3354.0,309354.0,10801800.0,0.0,118396.2,10920196.2
3303,岱稜,上櫃,49.3,0.81799591002045,17020.0,0,213.0,17233.0,839086.0,0.0,10500.9,849586.8999999999
3306,鼎天,上櫃,46.8,-1.4736842105263157,9000.0,0,-5.0,8995.0,421200.0,0.0,-234.0,420966.0
3310,佳穎,上櫃,67.9,0.44378698224852065,-2000.0,0,5.0,-1995.0,-135800.0,0.0,339.5,-135460.5
3313,斐成,上櫃,10.3,0.0,-3000.0,0,0,-3000.0,-30900.000000000004,0.0,0.0,-30900.000000000004
3317,尼克森,上櫃,69.0,-3.8997214484679668,-286095.0,0,-70329.0,-356424.0,-19740555.0,0.0,-4852701.0,-24593256.0
3322,建舜電,上櫃,11.1,-0.892857142857143,-2000.0,0,0,-2000.0,-22200.0,0.0,0.0,-22200.0
3323,加百裕,上櫃,30.1,-1.6339869281045754,208690.0,0,-12841.0,195849.0,6281569.0,0.0,-386514.10000000003,5895054.9
3324,雙鴻,上櫃,1530.0,-1.2903225806451613,-189383.0,-367.0,-45036.0,-234786.0,-289755990.0,-561510.0,-68905080.0,-359222580.0
3325,旭品,上櫃,11.4,-1.7241379310344827,-8000.0,0,0,-8000.0,-91200.0,0.0,0.0,-91200.0
3332,幸康,上櫃,64.3,-0.9244992295839755,-2000.0,0,0,-2000.0,-128600.0,0.0,0.0,-128600.0
3339,泰谷,上櫃,44.65,-2.7233115468409586,-50576.0,0,594.0,-49982.0,-2258218.4,0.0,26522.1,-2231696.3
3349,寶德,上櫃,18.5,-2.631578947368421,-21000.0,0,0,-21000.0,-388500.0,0.0,0.0,-388500.0
3354,律勝,上櫃,32.1,1.582278481012658,102691.0,0,-780.0,101911.0,3296381.1,0.0,-25038.0,3271343.1
3357,臺慶科,上櫃,221.0,1.3761467889908259,49990.0,0,14967.0,64957.0,11047790.0,0.0,3307707.0,14355497.0
3360,尚立,上櫃,15.25,-0.32679738562091504,61935.0,0,10.0,61945.0,944508.75,0.0,152.5,944661.25
3362,先進光,上櫃,188.5,-1.3089005235602094,-183957.0,0,-4831.0,-188788.0,-34675894.5,0.0,-910643.5,-35586538.0
3363,上詮,上櫃,650.0,-2.108433734939759,-335879.0,0,-929.0,-336808.0,-218321350.0,0.0,-603850.0,-218925200.0
3372,典範,上櫃,16.5,0.9174311926605503,79516.0,0,3000.0,82516.0,1312014.0,0.0,49500.0,1361514.0
3373,熱映,上櫃,15.95,0.3144654088050315,25000.0,0,103.0,25103.0,398750.0,0.0,1642.85,400392.85
3374,精材,上櫃,487.5,-2.206619859578736,-2209732.0,1232.0,-227961.0,-2436461.0,-1077244350.0,600600.0,-111130987.5,-1187774737.5
3379,彬台,上櫃,27.5,-0.7220216606498195,2000.0,0,13.0,2013.0,55000.0,0.0,357.5,55357.5
3388,崇越電,上櫃,85.6,1.182033096926714,-28164.0,0,-25.0,-28189.0,-2410838.4,0.0,-2140.0,-2412978.4
3390,旭軟,上櫃,22.15,-0.22522522522522523,-10000.0,0,0,-10000.0,-221500.0,0.0,0.0,-221500.0
3402,漢科,上櫃,140.5,0.35714285714285715,157834.0,3296.0,-175.0,160955.0,22175677.0,463088.0,-24587.5,22614177.5
3430,奇鈦科,上櫃,111.5,-1.3274336283185841,25526.0,0,-1395.0,24131.0,2846149.0,0.0,-155542.5,2690606.5
3434,哲固,上櫃,31.6,1.935483870967742,-23000.0,0,0,-23000.0,-726800.0,0.0,0.0,-726800.0
3438,類比科,上櫃,61.3,-0.8090614886731393,-3000.0,0,260.0,-2740.0,-183900.0,0.0,15938.0,-167962.0
3441,聯一光,上櫃,255.0,9.913793103448276,-449000.0,0,-14490.0,-463490.0,-114495000.0,0.0,-3694950.0,-118189950.0
3444,利機,上櫃,77.4,0.5194805194805194,71000.0,0,-1339.0,69661.0,5495400.0,0.0,-103638.6,5391761.4
3455,由田,上櫃,277.5,-2.1164021164021163,-13090.0,0,-59771.0,-72861.0,-3632475.0,0.0,-16586452.5,-20218927.5
3465,進泰電子,上櫃,29.9,0.16750418760469013,4000.0,0,0,4000.0,119600.0,0.0,0.0,119600.0
3466,德晉,上櫃,26.15,7.613168724279837,32000.0,0,84.0,32084.0,836800.0,0.0,2196.6,838996.6
3467,台灣精材,上櫃,71.0,-0.1406469760900141,-17970.0,0,0,-17970.0,-1275870.0,0.0,0.0,-1275870.0
3479,安勤,上櫃,135.5,-0.3676470588235294,64088.0,3598.0,1869.0,69555.0,8683924.0,487529.0,253249.5,9424702.5
3483,力致,上櫃,81.4,0.12300123001230011,-48930.0,4689.0,13911.0,-30330.0,-3982902.0000000005,381684.60000000003,1132355.4000000001,-2468862.0
3484,崧騰,上櫃,49.1,-0.10172939979654122,26349.0,0,-1156.0,25193.0,1293735.9000000001,0.0,-56759.6,1236976.3
3485,敘豐,上櫃,215.5,-0.6912442396313364,-28850.0,0,-1243.0,-30093.0,-6217175.0,0.0,-267866.5,-6485041.5
3489,森寶,上櫃,22.45,-2.178649237472767,-20000.0,0,0,-20000.0,-449000.0,0.0,0.0,-449000.0
3490,單井,上櫃,45.7,-0.9750812567713976,-160410.0,0,-315.0,-160725.0,-7330737.0,0.0,-14395.5,-7345132.5
3491,昇達科,上櫃,1715.0,5.214723926380368,392443.0,139520.0,48448.0,580411.0,673039745.0,239276800.0,83088320.0,995404865.0
3492,長盛,上櫃,19.4,-1.5228426395939088,1000.0,0,0,1000.0,19400.0,0.0,0.0,19400.0
3498,陽程,上櫃,234.5,-0.8456659619450317,-213675.0,0,-86962.0,-300637.0,-50106787.5,0.0,-20392589.0,-70499376.5
3499,環天科,上櫃,13.45,-0.3703703703703704,13000.0,0,0,13000.0,174850.0,0.0,0.0,174850.0
3508,位速,上櫃,25.35,1.8072289156626504,85867.0,0,0,85867.0,2176728.45,0.0,0.0,2176728.45
3511,矽瑪,上櫃,19.6,-3.2098765432098766,-31000.0,0,-908.0,-31908.0,-607600.0,0.0,-17796.800000000003,-625396.8
3512,皇龍,上櫃,19.05,0.5277044854881268,-10000.0,0,0,-10000.0,-190500.0,0.0,0.0,-190500.0
3516,亞帝歐,上櫃,26.4,0.5714285714285714,-6000.0,0,0,-6000.0,-158400.0,0.0,0.0,-158400.0
3520,華盈,上櫃,17.8,-1.3850415512465373,1000.0,0,0,1000.0,17800.0,0.0,0.0,17800.0
3522,御嵿,上櫃,12.1,-0.411522633744856,-34000.0,0,1.0,-33999.0,-411400.0,0.0,12.1,-411387.89999999997
3523,迎輝,上櫃,14.1,0.0,3000.0,0,0,3000.0,42300.0,0.0,0.0,42300.0
3526,凡甲,上櫃,278.0,0.7246376811594203,-126180.0,2409.0,12471.0,-111300.0,-35078040.0,669702.0,3466938.0,-30941400.0
3527,聚積,上櫃,50.9,0.0,-5000.0,0,0,-5000.0,-254500.0,0.0,0.0,-254500.0
3529,力旺,上櫃,3115.0,-1.2678288431061806,241027.0,-180752.0,-4858.0,55417.0,750799105.0,-563042480.0,-15132670.0,172623955.0
3537,堡達,上櫃,55.2,-1.4285714285714286,53072.0,0,909.0,53981.0,2929574.4000000004,0.0,50176.8,2979751.2
3540,曜越,上櫃,24.0,-2.4390243902439024,-88781.0,0,0,-88781.0,-2130744.0,0.0,0.0,-2130744.0
3541,西柏,上櫃,24.5,-0.40650406504065034,-1000.0,0,0,-1000.0,-24500.0,0.0,0.0,-24500.0
3546,宇峻,上櫃,72.6,0.554016620498615,19187.0,0,-2001.0,17186.0,1392976.2,0.0,-145272.59999999998,1247703.5999999999
3548,兆利,上櫃,74.5,-1.4550264550264553,11069.0,0,-227.0,10842.0,824640.5,0.0,-16911.5,807729.0
3551,世禾,上櫃,197.5,-0.7537688442211055,65310.0,0,-15358.0,49952.0,12898725.0,0.0,-3033205.0,9865520.0
3552,同致,上櫃,43.35,-2.364864864864865,7000.0,0,-945.0,6055.0,303450.0,0.0,-40965.75,262484.25
3555,博士旺,上櫃,163.5,-1.8018018018018018,2040.0,0,-10862.0,-8822.0,333540.0,0.0,-1775937.0,-1442397.0
3556,禾瑞亞,上櫃,64.3,9.914529914529915,124832.0,0,8525.0,133357.0,8026697.6,0.0,548157.5,8574855.1
3558,神準,上櫃,132.0,1.1494252873563218,24394.0,0,514.0,24908.0,3220008.0,0.0,67848.0,3287856.0
3564,其陽,上櫃,60.5,-1.944894651539708,592494.0,0,-55000.0,537494.0,35845887.0,0.0,-3327500.0,32518387.0
3567,逸昌,上櫃,26.05,0.19230769230769232,-6000.0,0,-20000.0,-26000.0,-156300.0,0.0,-521000.0,-677300.0
3570,大塚,上櫃,168.5,-0.5899705014749262,2000.0,0,0,2000.0,337000.0,0.0,0.0,337000.0
3577,泓格,上櫃,111.0,-0.8928571428571428,-34600.0,0,-3965.0,-38565.0,-3840600.0,0.0,-440115.0,-4280715.0
3580,友威科,上櫃,103.5,-4.166666666666666,118794.0,0,36.0,118830.0,12295179.0,0.0,3726.0,12298905.0
3581,博磊,上櫃,113.5,-3.404255319148936,-8587.0,0,-8067.0,-16654.0,-974624.5,0.0,-915604.5,-1890229.0
3587,閎康,上櫃,250.0,-2.912621359223301,-481500.0,0,-15848.0,-497348.0,-120375000.0,0.0,-3962000.0,-124337000.0
3594,磐儀,上櫃,46.55,0.7575757575757576,-3927.0,0,13985.0,10058.0,-182801.84999999998,0.0,651001.75,468199.89999999997
3597,映興,上櫃,33.45,9.852216748768472,0,0,783.0,783.0,0.0,0.0,26191.350000000002,26191.350000000002
3609,三一東林,上櫃,23.75,0.42283298097251587,36000.0,0,0,36000.0,855000.0,0.0,0.0,855000.0
3611,鼎翰,上櫃,182.5,0.0,-1000.0,0,-282.0,-1282.0,-182500.0,0.0,-51465.0,-233965.0
3615,安可,上櫃,43.5,-2.137232845894263,-133000.0,0,-363.0,-133363.0,-5785500.0,0.0,-15790.5,-5801290.5
3623,富晶通,上櫃,30.0,-0.16638935108153077,38000.0,0,0,38000.0,1140000.0,0.0,0.0,1140000.0
3624,光頡,上櫃,145.0,-0.3436426116838488,24171.0,-500000.0,276449.0,-199380.0,3504795.0,-72500000.0,40085105.0,-28910100.0
3625,西勝,上櫃,10.05,-3.3653846153846154,-34002.0,0,0,-34002.0,-341720.10000000003,0.0,0.0,-341720.10000000003
3628,盈正,上櫃,71.8,-0.554016620498615,4000.0,0,-970.0,3030.0,287200.0,0.0,-69646.0,217554.0
3630,新鉅科,上櫃,29.5,8.058608058608058,610158.0,0,3144.0,613302.0,17999661.0,0.0,92748.0,18092409.0
3631,晟楠,上櫃,42.1,3.0599755201958385,80000.0,0,0,80000.0,3368000.0,0.0,0.0,3368000.0
3632,研勤,上櫃,7.1,0.7092198581560284,-2.0,0,0,-2.0,-14.2,0.0,0.0,-14.2
3663,鑫科,上櫃,63.1,-0.15822784810126583,-401.0,0,-5602.0,-6003.0,-25303.100000000002,0.0,-353486.2,-378789.3
3666,光耀,上櫃,25.4,0.3952569169960475,4000.0,0,0,4000.0,101600.0,0.0,0.0,101600.0
3672,康聯訊,上櫃,11.85,-3.6585365853658542,-1000.0,0,0,-1000.0,-11850.0,0.0,0.0,-11850.0
3675,德微,上櫃,335.5,-3.8681948424068766,169820.0,104000.0,-17190.0,256630.0,56974610.0,34892000.0,-5767245.0,86099365.0
3680,家登,上櫃,563.0,0.35650623885918004,423621.0,328.0,-46614.0,377335.0,238498623.0,184664.0,-26243682.0,212439605.0
3684,榮昌,上櫃,57.0,3.260869565217391,11000.0,0,0,11000.0,627000.0,0.0,0.0,627000.0
3685,元創精密,上櫃,35.85,-0.6925207756232686,-82027.0,0,0,-82027.0,-2940667.95,0.0,0.0,-2940667.95
3687,歐買尬,上櫃,60.7,-0.1644736842105263,-1000.0,0,0,-1000.0,-60700.0,0.0,0.0,-60700.0
3689,湧德,上櫃,116.5,3.0973451327433628,296638.0,0,11920.0,308558.0,34558327.0,0.0,1388680.0,35947007.0
3691,碩禾,上櫃,104.5,-0.9478672985781991,-81000.0,0,-26239.0,-107239.0,-8464500.0,0.0,-2741975.5,-11206475.5
3693,營邦,上櫃,716.0,3.9187227866473147,181559.0,-34000.0,102872.0,250431.0,129996244.0,-24344000.0,73656352.0,179308596.0
3707,漢磊,上櫃,86.0,0.8206330597889799,288671.0,0,-80376.0,208295.0,24825706.0,0.0,-6912336.0,17913370.0
3709,鑫聯大投控,上櫃,64.4,0.0,-17000.0,0,-1736.0,-18736.0,-1094800.0,0.0,-111798.40000000001,-1206598.4000000001
3710,連展投控,上櫃,8.0,-2.31990231990232,-7096.0,0,0,-7096.0,-56768.0,0.0,0.0,-56768.0
3718,中光電投控,上櫃,64.2,-1.2307692307692308,108189.0,0,1408.0,109597.0,6945733.800000001,0.0,90393.6,7036127.4
4102,永日,上櫃,18.25,1.3888888888888888,-7000.0,0,0,-7000.0,-127750.0,0.0,0.0,-127750.0
4105,東洋,上櫃,78.8,0.6385696040868455,165000.0,-8126.0,12623.0,169497.0,13002000.0,-640328.7999999999,994692.3999999999,13356363.6
4107,邦特,上櫃,109.0,-1.3574660633484164,-26000.0,0,350.0,-25650.0,-2834000.0,0.0,38150.0,-2795850.0
4109,加捷生醫,上櫃,10.9,0.0,1001.0,0,-10.0,991.0,10910.9,0.0,-109.0,10801.9
4111,濟生,上櫃,28.75,-0.8620689655172413,15000.0,0,0,15000.0,431250.0,0.0,0.0,431250.0
4113,聯上,上櫃,14.95,1.0135135135135136,-19179.0,0,0,-19179.0,-286726.05,0.0,0.0,-286726.05
4114,健喬,上櫃,29.05,0.0,-44000.0,0,0,-44000.0,-1278200.0,0.0,0.0,-1278200.0
4116,明基醫,上櫃,39.75,-0.625,-6000.0,0,0,-6000.0,-238500.0,0.0,0.0,-238500.0
4120,友華,上櫃,46.0,0.0,0,0,0,0,0.0,0.0,0.0,0.0
4121,優盛,上櫃,12.7,0.0,-4000.0,0,0,-4000.0,-50800.0,0.0,0.0,-50800.0
4123,晟德,上櫃,30.8,-0.1620745542949757,260390.0,0,-66191.0,194199.0,8020012.0,0.0,-2038682.8,5981329.2
4126,太醫,上櫃,77.4,-0.25773195876288657,-29000.0,0,0,-29000.0,-2244600.0,0.0,0.0,-2244600.0
4127,天良,上櫃,41.2,-4.849884526558891,218000.0,0,-2139.0,215861.0,8981600.0,0.0,-88126.8,8893473.200000001
4128,中天,上櫃,15.45,0.0,-63056.0,0,-4000.0,-67056.0,-974215.2,0.0,-61800.0,-1036015.2
4129,聯合,上櫃,82.8,0.7299270072992701,15000.0,0,0,15000.0,1242000.0,0.0,0.0,1242000.0
4131,浩泰,上櫃,30.6,-0.8103727714748784,0,0,0,0,0.0,0.0,0.0,0.0
4138,曜亞,上櫃,53.5,0.0,2000.0,0,0,2000.0,107000.0,0.0,0.0,107000.0
4147,中裕,上櫃,61.3,2.166666666666667,236000.0,0,-112.0,235888.0,14466800.0,0.0,-6865.599999999999,14459934.399999999
4153,鈺緯,上櫃,31.2,-0.6369426751592357,-1000.0,0,0,-1000.0,-31200.0,0.0,0.0,-31200.0
4157,太景*-KY,上櫃,8.47,-0.5868544600938966,-9000.0,0,0,-9000.0,-76230.0,0.0,0.0,-76230.0
4160,訊聯基因,上櫃,38.8,1.0416666666666667,-3000.0,0,0,-3000.0,-116399.99999999999,0.0,0.0,-116399.99999999999
4161,聿新科,上櫃,21.5,-0.9216589861751152,1000.0,0,0,1000.0,21500.0,0.0,0.0,21500.0
4162,智擎,上櫃,55.0,0.0,22441.0,0,-230.0,22211.0,1234255.0,0.0,-12650.0,1221605.0
4163,鐿鈦,上櫃,135.0,-0.7352941176470588,-2000.0,0,2822.0,822.0,-270000.0,0.0,380970.0,110970.0
4166,友霖,上櫃,24.1,-0.823045267489712,17000.0,0,0,17000.0,409700.0,0.0,0.0,409700.0
4167,松瑞藥,上櫃,19.45,0.0,103373.0,0,-25.0,103348.0,2010604.8499999999,0.0,-486.25,2010118.5999999999
4168,醣聯,上櫃,22.75,-0.21929824561403508,5000.0,0,0,5000.0,113750.0,0.0,0.0,113750.0
4171,瑞基,上櫃,16.75,-0.5934718100890208,-7000.0,0,0,-7000.0,-117250.0,0.0,0.0,-117250.0
4173,久裕,上櫃,17.25,-0.2890173410404624,1000.0,0,-37.0,963.0,17250.0,0.0,-638.25,16611.75
4174,浩鼎,上櫃,50.8,9.956709956709958,-403960.0,0,0,-403960.0,-20521168.0,0.0,0.0,-20521168.0
4188,安克,上櫃,13.9,0.36101083032490977,-17000.0,0,0,-17000.0,-236300.0,0.0,0.0,-236300.0
4205,中華食,上櫃,67.6,-0.2949852507374632,0,0,0,0,0.0,0.0,0.0,0.0
4207,環泰,上櫃,19.3,-0.7712082262210797,-39000.0,0,0,-39000.0,-752700.0,0.0,0.0,-752700.0
4303,信立,上櫃,31.2,-2.5,83216.0,0,-17127.0,66089.0,2596339.1999999997,0.0,-534362.4,2061976.8
4304,勝昱,上櫃,16.8,-1.1764705882352942,-1000.0,0,0,-1000.0,-16800.0,0.0,0.0,-16800.0
4401,東隆興,上櫃,13.85,0.3623188405797102,-8000.0,0,0,-8000.0,-110800.0,0.0,0.0,-110800.0
4402,郡都開發,上櫃,13.3,-1.8450184501845017,-4000.0,0,0,-4000.0,-53200.0,0.0,0.0,-53200.0
4406,新昕纖,上櫃,10.05,0.5,-5000.0,0,0,-5000.0,-50250.0,0.0,0.0,-50250.0
4416,三圓,上櫃,12.55,-1.5686274509803921,-70110.0,0,-2000.0,-72110.0,-879880.5,0.0,-25100.0,-904980.5
4417,金洲,上櫃,48.9,-0.6097560975609756,-18000.0,0,0,-18000.0,-880200.0,0.0,0.0,-880200.0
4420,光明,上櫃,35.0,-0.5681818181818182,3000.0,-803.0,0,2197.0,105000.0,-28105.0,0.0,76895.0
4430,耀億,上櫃,18.05,1.6901408450704223,-3000.0,0,0,-3000.0,-54150.0,0.0,0.0,-54150.0
4432,銘旺實,上櫃,15.2,-0.6535947712418302,-2000.0,0,0,-2000.0,-30400.0,0.0,0.0,-30400.0
4433,興采,上櫃,18.0,1.694915254237288,2000.0,0,0,2000.0,36000.0,0.0,0.0,36000.0
4442,竣邦-KY,上櫃,53.2,0.0,0,0,-2000.0,-2000.0,0.0,0.0,-106400.0,-106400.0
4502,健信,上櫃,15.7,-0.31746031746031744,2000.0,0,0,2000.0,31400.0,0.0,0.0,31400.0
4503,金雨,上櫃,24.1,0.8368200836820083,20000.0,0,17.0,20017.0,482000.0,0.0,409.70000000000005,482409.7
4506,崇友,上櫃,117.5,0.0,-26000.0,0,0,-26000.0,-3055000.0,0.0,0.0,-3055000.0
4510,高鋒,上櫃,42.15,-1.1723329425556859,56001.0,0,-4738.0,51263.0,2360442.15,0.0,-199706.69999999998,2160735.4499999997
4513,福裕,上櫃,16.15,0.3105590062111802,56000.0,0,3000.0,59000.0,904399.9999999999,0.0,48449.99999999999,952849.9999999999
4523,永彰,上櫃,23.85,0.42105263157894735,6000.0,0,0,6000.0,143100.0,0.0,0.0,143100.0
4528,江興鍛,上櫃,14.7,-0.6756756756756758,-1000.0,0,0,-1000.0,-14700.0,0.0,0.0,-14700.0
4530,天意能創,上櫃,24.6,0.0,-1000.0,0,0,-1000.0,-24600.0,0.0,0.0,-24600.0
4533,協易機,上櫃,25.45,-0.3913894324853229,133102.0,0,0,133102.0,3387445.9,0.0,0.0,3387445.9
4534,慶騰,上櫃,30.35,0.16501650165016502,122862.0,0,0,122862.0,3728861.7,0.0,0.0,3728861.7
4538,大詠城,上櫃,17.3,0.2898550724637681,0,0,136.0,136.0,0.0,0.0,2352.8,2352.8
4541,晟田,上櫃,60.0,-1.3157894736842106,16989.0,0,7173.0,24162.0,1019340.0,0.0,430380.0,1449720.0
4542,科嶠,上櫃,338.0,-5.58659217877095,-186374.0,0,-5441.0,-191815.0,-62994412.0,0.0,-1839058.0,-64833470.0
4543,萬在,上櫃,29.8,-1.1608623548922055,-1000.0,0,0,-1000.0,-29800.0,0.0,0.0,-29800.0
4549,桓達,上櫃,99.2,0.4048582995951417,9920.0,0,5376.0,15296.0,984064.0,0.0,533299.2000000001,1517363.2
4550,長佳,上櫃,23.8,-1.6528925619834711,2000.0,0,0,2000.0,47600.0,0.0,0.0,47600.0
4554,橙的,上櫃,27.9,0.17953321364452426,-2000.0,0,0,-2000.0,-55800.0,0.0,0.0,-55800.0
4556,旭然,上櫃,137.5,9.56175298804781,-195513.0,0,16934.0,-178579.0,-26883037.5,0.0,2328425.0,-24554612.5
4558,寶緯,上櫃,16.85,0.5970149253731344,0,0,1000.0,1000.0,0.0,0.0,16850.0,16850.0
4561,健椿,上櫃,42.7,-0.23364485981308408,-14000.0,0,2000.0,-12000.0,-597800.0,0.0,85400.0,-512400.00000000006
4563,百德,上櫃,53.8,-0.3703703703703704,-2871.0,0,0,-2871.0,-154459.8,0.0,0.0,-154459.8
4568,科際精密,上櫃,38.75,-0.7682458386683739,-1000.0,0,0,-1000.0,-38750.0,0.0,0.0,-38750.0
4577,達航科技,上櫃,88.8,-4.0,-36066.0,0,-646.0,-36712.0,-3202660.8,0.0,-57364.799999999996,-3260025.6
4580,捷流閥業,上櫃,82.5,0.12135922330097086,5000.0,0,0,5000.0,412500.0,0.0,0.0,412500.0
4584,君帆,上櫃,38.1,0.9271523178807947,-1000.0,0,0,-1000.0,-38100.0,0.0,0.0,-38100.0
4702,中美實,上櫃,9.32,0.21505376344086022,-2000.0,0,-193.0,-2193.0,-18640.0,0.0,-1798.76,-20438.760000000002
4706,大恭,上櫃,39.25,9.943977591036415,1000.0,0,0,1000.0,39250.0,0.0,0.0,39250.0
4707,磐亞,上櫃,33.25,9.917355371900827,2246795.0,0,-56062.0,2190733.0,74705933.75,0.0,-1864061.5,72841872.25
4711,永純,上櫃,18.45,9.82142857142857,58000.0,0,8925.0,66925.0,1070100.0,0.0,164666.25,1234766.25
4714,永捷,上櫃,11.9,-0.41841004184100417,52500.0,0,0,52500.0,624750.0,0.0,0.0,624750.0
4716,大立,上櫃,20.95,9.973753280839894,108000.0,0,6993.0,114993.0,2262600.0,0.0,146503.35,2409103.35
4721,美琪瑪,上櫃,82.5,1.9777503090234856,-47294.0,0,-9232.0,-56526.0,-3901755.0,0.0,-761640.0,-4663395.0
4726,永昕,上櫃,22.85,-0.43572984749455335,27000.0,0,0,27000.0,616950.0,0.0,0.0,616950.0
4728,雙美,上櫃,397.0,0.5063291139240507,-4000.0,0,0,-4000.0,-1588000.0,0.0,0.0,-1588000.0
4729,熒茂,上櫃,19.8,0.0,-3000.0,0,-11.0,-3011.0,-59400.0,0.0,-217.8,-59617.8
4735,豪展,上櫃,38.2,5.963938973647711,33000.0,0,5148.0,38148.0,1260600.0,0.0,196653.6,1457253.6
4741,泓瀚,上櫃,41.4,2.2222222222222223,19000.0,0,0,19000.0,786600.0,0.0,0.0,786600.0
4743,合一,上櫃,48.1,2.1231422505307855,128426.0,0,4000.0,132426.0,6177290.600000001,0.0,192400.0,6369690.600000001
4744,皇將,上櫃,28.1,-0.8818342151675485,-5000.0,0,0,-5000.0,-140500.0,0.0,0.0,-140500.0
4745,合富-KY,上櫃,12.15,0.0,-1000.0,0,-904.0,-1904.0,-12150.0,0.0,-10983.6,-23133.600000000002
4747,強生*,上櫃,23.2,1.5317286652078776,1000.0,0,0,1000.0,23200.0,0.0,0.0,23200.0
4749,新應材,上櫃,801.0,-0.620347394540943,-144446.0,-712.0,-12605.0,-157763.0,-115701246.0,-570312.0,-10096605.0,-126368163.0
4760,勤凱,上櫃,335.0,-3.873744619799139,356778.0,0,16469.0,373247.0,119520630.0,0.0,5517115.0,125037745.0
4767,誠泰科技,上櫃,28.5,0.0,-2000.0,0,0,-2000.0,-57000.0,0.0,0.0,-57000.0
4768,晶呈科技,上櫃,370.0,1.36986301369863,419.0,0,7684.0,8103.0,155030.0,0.0,2843080.0,2998110.0
4772,台特化,上櫃,276.0,-0.7194244604316548,-104000.0,0,-16726.0,-120726.0,-28704000.0,0.0,-4616376.0,-33320376.0
4903,聯光通,上櫃,42.5,-2.9680365296803655,161002.0,0,0,161002.0,6842585.0,0.0,0.0,6842585.0
4905,台聯電,上櫃,91.2,-6.07621009268795,-24000.0,0,-931.0,-24931.0,-2188800.0,0.0,-84907.2,-2273707.2
4907,富宇,上櫃,42.85,0.11682242990654204,0,0,0,0,0.0,0.0,0.0,0.0
4908,前鼎,上櫃,231.0,-1.4925373134328357,-217696.0,0,6987.0,-210709.0,-50287776.0,0.0,1613997.0,-48673779.0
4909,新復興,上櫃,37.3,0.0,-246774.0,0,6886.0,-239888.0,-9204670.2,0.0,256847.8,-8947822.399999999
4911,德英,上櫃,28.1,-0.5309734513274336,0,0,0,0,0.0,0.0,0.0,0.0
4923,力士,上櫃,63.4,-1.0920436817472698,29808.0,0,2000.0,31808.0,1889827.2,0.0,126800.0,2016627.2
4924,欣厚-KY,上櫃,14.3,-4.666666666666666,14051.0,0,0,14051.0,200929.30000000002,0.0,0.0,200929.30000000002
4931,新盛力,上櫃,258.5,3.4000000000000004,1429907.0,0,230229.0,1660136.0,369630959.5,0.0,59514196.5,429145156.0
4933,友輝,上櫃,53.2,-1.4814814814814816,-5000.0,0,-20.0,-5020.0,-266000.0,0.0,-1064.0,-267064.0
4939,亞電,上櫃,76.3,-2.926208651399491,167268.0,0,-8520.0,158748.0,12762548.4,0.0,-650076.0,12112472.4
4946,辣椒,上櫃,98.1,-0.708502024291498,-1000.0,0,0,-1000.0,-98100.0,0.0,0.0,-98100.0
4951,精拓科,上櫃,89.0,-1.2208657047724754,17586.0,0,-1679.0,15907.0,1565154.0,0.0,-149431.0,1415723.0
4953,緯致,上櫃,117.0,0.4291845493562232,17000.0,3158.0,-273.0,19885.0,1989000.0,369486.0,-31941.0,2326545.0
4966,譜瑞-KY,上櫃,563.0,-1.9163763066202089,-166797.0,22000.0,-3817.0,-148614.0,-93906711.0,12386000.0,-2148971.0,-83669682.0
4971,IET-KY,上櫃,585.0,0.17123287671232876,-144585.0,0,-668.0,-145253.0,-84582225.0,0.0,-390780.0,-84973005.0
4973,廣穎,上櫃,136.5,-1.0869565217391304,49128.0,0,-255.0,48873.0,6705972.0,0.0,-34807.5,6671164.5
4974,亞泰,上櫃,70.0,-1.547116736990155,-49000.0,0,-159.0,-49159.0,-3430000.0,0.0,-11130.0,-3441130.0
4979,華星光,上櫃,568.0,-5.016722408026756,-701568.0,-683000.0,-174143.0,-1558711.0,-398490624.0,-387944000.0,-98913224.0,-885347848.0
4991,環宇-KY,上櫃,505.0,-3.6259541984732824,116307.0,-21000.0,29169.0,124476.0,58735035.0,-10605000.0,14730345.0,62860380.0
4995,晶達,上櫃,47.35,0.10570824524312897,-4000.0,0,1000.0,-3000.0,-189400.0,0.0,47350.0,-142050.0
5009,榮剛,上櫃,32.7,0.7704160246533127,421980.0,0,-74880.0,347100.0,13798746.000000002,0.0,-2448576.0,11350170.000000002
5011,久陽,上櫃,21.65,-3.5634743875278403,-126934.0,0,-4000.0,-130934.0,-2748121.0999999996,0.0,-86600.0,-2834721.0999999996
5013,強新,上櫃,47.95,-6.893203883495145,-96000.0,0,-34000.0,-130000.0,-4603200.0,0.0,-1630300.0,-6233500.0
5014,建錩,上櫃,9.99,-0.1,33000.0,0,0,33000.0,329670.0,0.0,0.0,329670.0
5015,華祺,上櫃,23.3,-0.6396588486140725,-6000.0,0,0,-6000.0,-139800.0,0.0,0.0,-139800.0
5016,松和,上櫃,27.75,2.7777777777777777,2000.0,0,0,2000.0,55500.0,0.0,0.0,55500.0
5201,凱衛,上櫃,27.65,1.096892138939671,2000.0,0,0,2000.0,55300.0,0.0,0.0,55300.0
5202,力新,上櫃,15.05,9.854014598540147,585000.0,0,498.0,585498.0,8804250.0,0.0,7494.900000000001,8811744.9
5206,坤悅,上櫃,22.7,0.44247787610619477,-8056.0,0,0,-8056.0,-182871.19999999998,0.0,0.0,-182871.19999999998
5209,新鼎,上櫃,173.5,-0.5730659025787965,-5036.0,-475.0,0,-5511.0,-873746.0,-82412.5,0.0,-956158.5
5210,寶碩,上櫃,29.85,0.16778523489932887,-27029.0,0,0,-27029.0,-806815.65,0.0,0.0,-806815.65
5211,蒙恬,上櫃,20.6,-1.4354066985645932,5000.0,0,0,5000.0,103000.0,0.0,0.0,103000.0
5212,凌網,上櫃,49.2,0.40816326530612246,1000.0,0,0,1000.0,49200.0,0.0,0.0,49200.0
5213,亞昕,上櫃,20.15,0.0,-37000.0,0,0,-37000.0,-745550.0,0.0,0.0,-745550.0
5220,萬達光電,上櫃,21.75,-4.185022026431718,-1000.0,0,0,-1000.0,-21750.0,0.0,0.0,-21750.0
5223,安力-KY,上櫃,22.6,-1.7391304347826086,1000.0,0,0,1000.0,22600.0,0.0,0.0,22600.0
5227,立凱-KY,上櫃,28.9,-0.17271157167530227,-92454.0,0,0,-92454.0,-2671920.6,0.0,0.0,-2671920.6
5228,鈺鎧,上櫃,50.8,6.387434554973821,92734.0,0,0,92734.0,4710887.2,0.0,0.0,4710887.2
5230,雷笛克光學,上櫃,22.3,-0.22371364653243847,45998.0,0,0,45998.0,1025755.4,0.0,0.0,1025755.4
5245,智晶,上櫃,20.4,-0.7299270072992702,-13000.0,0,-17000.0,-30000.0,-265200.0,0.0,-346800.0,-612000.0
5251,天鉞電,上櫃,32.3,9.863945578231291,197000.0,0,-813.0,196187.0,6363099.999999999,0.0,-26259.899999999998,6336840.1
5263,智崴,上櫃,90.1,-0.5518763796909493,-21000.0,0,69.0,-20931.0,-1892099.9999999998,0.0,6216.9,-1885883.0999999999
5272,笙科,上櫃,17.55,-1.955307262569832,-4000.0,0,196.0,-3804.0,-70200.0,0.0,3439.8,-66760.2
5274,信驊,上櫃,18985.0,-2.74077868852459,-2307.0,-12350.0,-165.0,-14822.0,-43798395.0,-234464750.0,-3132525.0,-281395670.0
5278,尚凡*,上櫃,23.5,-0.423728813559322,6000.0,0,-395.0,5605.0,141000.0,0.0,-9282.5,131717.5
5287,數字,上櫃,136.5,-0.7272727272727273,-11930.0,-1244.0,485.0,-12689.0,-1628445.0,-169806.0,66202.5,-1732048.5
5289,宜鼎,上櫃,1265.0,-2.3166023166023164,-495035.0,1100.0,-31643.0,-525578.0,-626219275.0,1391500.0,-40028395.0,-664856170.0
5291,邑昇,上櫃,64.1,-0.6201550387596899,65005.0,0,1882.0,66887.0,4166820.4999999995,0.0,120636.19999999998,4287456.699999999
5299,杰力,上櫃,102.0,-2.857142857142857,-20027.0,0,103.0,-19924.0,-2042754.0,0.0,10506.0,-2032248.0
5302,太欣,上櫃,9.81,-0.708502024291498,2000.0,0,0,2000.0,19620.0,0.0,0.0,19620.0
5309,系統電,上櫃,67.2,0.14903129657228018,18504.0,-3000.0,-267971.0,-252467.0,1243468.8,-201600.0,-18007651.2,-16965782.400000002
5310,天剛,上櫃,29.8,0.3367003367003367,-5000.0,0,0,-5000.0,-149000.0,0.0,0.0,-149000.0
5312,寶島科,上櫃,89.6,-0.11148272017837237,1000.0,0,0,1000.0,89600.0,0.0,0.0,89600.0
5314,世紀*,上櫃,28.6,-0.34843205574912894,-963384.0,0,-384263.0,-1347647.0,-27552782.400000002,0.0,-10989921.8,-38542704.2
5315,光聯,上櫃,19.05,1.0610079575596816,67001.0,0,0,67001.0,1276369.05,0.0,0.0,1276369.05
5321,美而快,上櫃,70.0,4.321907600596125,74000.0,0,0,74000.0,5180000.0,0.0,0.0,5180000.0
5324,士開,上櫃,12.45,0.403225806451613,-5000.0,0,0,-5000.0,-62250.0,0.0,0.0,-62250.0
5328,華容,上櫃,57.0,-1.8932874354561102,161161.0,0,-3563.0,157598.0,9186177.0,0.0,-203091.0,8983086.0
5340,建榮,上櫃,85.0,-0.5847953216374269,-24126.0,0,6541.0,-17585.0,-2050710.0,0.0,555985.0,-1494725.0
5344,立衛,上櫃,13.55,0.0,-6000.0,0,-873.0,-6873.0,-81300.0,0.0,-11829.150000000001,-93129.15000000001
5345,馥鴻,上櫃,21.4,-3.167420814479638,1000.0,0,0,1000.0,21400.0,0.0,0.0,21400.0
5347,世界,上櫃,191.0,3.804347826086957,12070915.0,196000.0,607134.0,12874049.0,2305544765.0,37436000.0,115962594.0,2458943359.0
5351,鈺創,上櫃,113.0,-0.8771929824561403,156864.0,0,23417.0,180281.0,17725632.0,0.0,2646121.0,20371753.0
5353,台林,上櫃,29.05,-1.5254237288135595,-2000.0,0,0,-2000.0,-58100.0,0.0,0.0,-58100.0
5355,佳總,上櫃,7.71,-2.0330368487928845,-4000.0,0,0,-4000.0,-30840.0,0.0,0.0,-30840.0
5356,協益,上櫃,25.8,0.0,1000.0,0,0,1000.0,25800.0,0.0,0.0,25800.0
5364,力麗店,上櫃,8.29,-0.12048192771084339,-3000.0,0,0,-3000.0,-24869.999999999996,0.0,0.0,-24869.999999999996
5381,光譜,上櫃,22.45,-1.9650655021834063,140920.0,0,0,140920.0,3163654.0,0.0,0.0,3163654.0
5386,青雲,上櫃,286.5,-1.376936316695353,-26869.0,0,-4805.0,-31674.0,-7697968.5,0.0,-1376632.5,-9074601.0
5392,能率,上櫃,39.05,-0.38265306122448983,-127000.0,0,-6819.0,-133819.0,-4959350.0,0.0,-266281.94999999995,-5225631.949999999
5398,慕康生醫,上櫃,13.65,0.0,-6000.0,0,0,-6000.0,-81900.0,0.0,0.0,-81900.0
5403,中菲,上櫃,91.8,-0.7567567567567568,-23000.0,0,0,-23000.0,-2111400.0,0.0,0.0,-2111400.0
5410,國眾,上櫃,33.4,1.5197568389057752,74001.0,0,366.0,74367.0,2471633.4,0.0,12224.4,2483857.8
5425,台半,上櫃,100.5,-4.739336492890995,-3742109.0,0,-812313.0,-4554422.0,-376081954.5,0.0,-81637456.5,-457719411.0
5426,振發,上櫃,28.8,-1.2006861063464835,99406.0,0,-84.0,99322.0,2862892.8000000003,0.0,-2419.2000000000003,2860473.6
5432,新門,上櫃,195.5,9.831460674157304,-9340.0,0,887.0,-8453.0,-1825970.0,0.0,173408.5,-1652561.5
5438,東友,上櫃,16.9,-1.1695906432748542,0,0,0,0,0.0,0.0,0.0,0.0
5439,高技,上櫃,264.5,1.3409961685823755,-320233.0,0,58915.0,-261318.0,-84701628.5,0.0,15583017.5,-69118611.0
5443,均豪,上櫃,113.0,-1.3100436681222707,316195.0,0,-3687.0,312508.0,35730035.0,0.0,-416631.0,35313404.0
5450,南良,上櫃,14.55,0.6920415224913495,0,0,1.0,1.0,0.0,0.0,14.55,14.55
5452,佶優,上櫃,32.0,6.666666666666667,-932142.0,0,22707.0,-909435.0,-29828544.0,0.0,726624.0,-29101920.0
5455,昇益,上櫃,30.8,0.0,0,0,-994.0,-994.0,0.0,0.0,-30615.2,-30615.2
5457,宣德,上櫃,24.3,1.25,69998.0,0,-11372.0,58626.0,1700951.4000000001,0.0,-276339.60000000003,1424611.8
5460,同協,上櫃,17.5,-0.2849002849002849,14000.0,0,0,14000.0,245000.0,0.0,0.0,245000.0
5464,霖宏,上櫃,90.9,-3.1948881789137378,-213500.0,0,-2388.0,-215888.0,-19407150.0,0.0,-217069.2,-19624219.200000003
5465,富驊,上櫃,32.95,0.7645259938837919,95468.0,0,0,95468.0,3145670.6,0.0,0.0,3145670.6
5468,凱鈺,上櫃,24.65,-0.20242914979757085,40000.0,0,-1000.0,39000.0,986000.0,0.0,-24650.0,961350.0
5474,聰泰,上櫃,163.0,2.19435736677116,33849.0,0,-4105.0,29744.0,5517387.0,0.0,-669115.0,4848272.0
5475,德宏,上櫃,181.0,-1.6304347826086956,-161564.0,0,796.0,-160768.0,-29243084.0,0.0,144076.0,-29099008.0
5478,智冠,上櫃,97.0,-0.10298661174047376,-5962.0,0,933.0,-5029.0,-578314.0,0.0,90501.0,-487813.0
5481,新華,上櫃,20.4,-5.990783410138249,53000.0,0,0,53000.0,1081200.0,0.0,0.0,1081200.0
5483,中美晶,上櫃,215.0,0.2331002331002331,-1365723.0,165000.0,247031.0,-953692.0,-293630445.0,35475000.0,53111665.0,-205043780.0
5487,通泰,上櫃,28.8,-1.0309278350515463,-6000.0,0,1.0,-5999.0,-172800.0,0.0,28.8,-172771.2
5488,松普,上櫃,12.15,0.8298755186721992,40000.0,0,0,40000.0,486000.0,0.0,0.0,486000.0
5489,彩富,上櫃,41.65,-0.11990407673860913,-6000.0,0,0,-6000.0,-249900.0,0.0,0.0,-249900.0
5490,同亨,上櫃,25.35,0.39603960396039606,-4000.0,0,0,-4000.0,-101400.0,0.0,0.0,-101400.0
5493,三聯,上櫃,90.1,-0.22148394241417502,30000.0,0,-100.0,29900.0,2703000.0,0.0,-9010.0,2693990.0
5498,凱崴,上櫃,53.9,-1.6423357664233578,-80154.0,0,-1393.0,-81547.0,-4320300.6,0.0,-75082.7,-4395383.3
5508,永信建,上櫃,53.0,0.0,26143.0,0,128.0,26271.0,1385579.0,0.0,6784.0,1392363.0
5511,德昌,上櫃,68.5,0.0,-10912.0,0,0,-10912.0,-747472.0,0.0,0.0,-747472.0
5512,力麒,上櫃,7.49,-0.2663115845539281,-604598.0,0,-528.0,-605126.0,-4528439.0200000005,0.0,-3954.7200000000003,-4532393.74
5514,三豐,上櫃,15.05,0.33333333333333337,-1000.0,0,0,-1000.0,-15050.0,0.0,0.0,-15050.0
5516,雙喜,上櫃,12.0,0.0,1000.0,0,0,1000.0,12000.0,0.0,0.0,12000.0
5523,豐謙,上櫃,30.2,0.0,9000.0,0,0,9000.0,271800.0,0.0,0.0,271800.0
5529,鉅陞,上櫃,26.05,0.38535645472061664,0,0,0,0,0.0,0.0,0.0,0.0
5530,龍巖,上櫃,47.85,-0.8290155440414507,-115565.0,0,0,-115565.0,-5529785.25,0.0,0.0,-5529785.25
5536,聖暉*,上櫃,994.0,4.1928721174004195,341362.0,400.0,52075.0,393837.0,339313828.0,397600.0,51762550.0,391473978.0
5547,久舜,上櫃,20.2,0.7481296758104738,2000.0,0,0,2000.0,40400.0,0.0,0.0,40400.0
5548,安倉,上櫃,20.0,-0.24937655860349126,-8000.0,0,0,-8000.0,-160000.0,0.0,0.0,-160000.0
5603,陸海,上櫃,14.2,4.797047970479705,-14000.0,0,0,-14000.0,-198800.0,0.0,0.0,-198800.0
5604,中連,上櫃,31.5,-0.7874015748031495,-2000.0,0,0,-2000.0,-63000.0,0.0,0.0,-63000.0
5609,中菲行,上櫃,78.3,0.7722007722007721,3000.0,0,-1.0,2999.0,234900.0,0.0,-78.3,234821.69999999998
5704,老爺知,上櫃,22.5,0.0,-4000.0,0,0,-4000.0,-90000.0,0.0,0.0,-90000.0
5864,致和證,上櫃,38.85,-2.386934673366834,-1572768.0,0,0,-1572768.0,-61102036.800000004,0.0,0.0,-61102036.800000004
5902,德記,上櫃,34.05,-0.14662756598240473,-4000.0,0,0,-4000.0,-136200.0,0.0,0.0,-136200.0
5903,全家,上櫃,185.5,-0.5361930294906166,0,0,1000.0,1000.0,0.0,0.0,185500.0,185500.0
5904,寶雅*,上櫃,68.7,-0.14534883720930233,195217.0,65000.0,19161.0,279378.0,13411407.9,4465500.0,1316360.7,19193268.6
5905,南仁湖,上櫃,7.29,0.0,12000.0,0,-849.0,11151.0,87480.0,0.0,-6189.21,81290.79
6015,宏遠證,上櫃,17.85,-1.3812154696132597,-506773.0,0,0,-506773.0,-9045898.05,0.0,0.0,-9045898.05
6016,康和證,上櫃,23.9,-1.8480492813141687,-1823850.0,0,0,-1823850.0,-43590015.0,0.0,0.0,-43590015.0
6020,大展證,上櫃,20.55,-0.24271844660194172,-1000.0,0,0,-1000.0,-20550.0,0.0,0.0,-20550.0
6021,美好證,上櫃,42.6,-0.3508771929824561,26089.0,0,0,26089.0,1111391.4000000001,0.0,0.0,1111391.4000000001
6023,元大期,上櫃,84.5,0.2372479240806643,38575.0,0,0,38575.0,3259587.5,0.0,0.0,3259587.5
6026,福邦證,上櫃,15.85,-0.9375,23265.0,-16284.0,0,6981.0,368750.25,-258101.4,0.0,110648.84999999999
6028,公勝保經,上櫃,102.0,2.7190332326283992,4000.0,0,0,4000.0,408000.0,0.0,0.0,408000.0
6101,寬魚國際,上櫃,37.6,0.6693440428380187,12042.0,0,-975.0,11067.0,452779.2,0.0,-36660.0,416119.2
6103,合邦,上櫃,36.3,1.114206128133705,0,0,0,0,0.0,0.0,0.0,0.0
6104,創惟,上櫃,87.8,-3.197353914002205,-468999.0,0,-18065.0,-487064.0,-41178112.199999996,0.0,-1586107.0,-42764219.199999996
6109,亞元,上櫃,10.3,-0.9615384615384616,-21000.0,0,0,-21000.0,-216300.00000000003,0.0,0.0,-216300.00000000003
6111,光聚晶電,上櫃,36.25,-2.027027027027027,236.0,0,-10.0,226.0,8555.0,0.0,-362.5,8192.5
6113,亞矽,上櫃,23.8,-1.6528925619834711,9000.0,0,0,9000.0,214200.0,0.0,0.0,214200.0
6114,久威,上櫃,22.8,-2.1459227467811157,-27000.0,0,0,-27000.0,-615600.0,0.0,0.0,-615600.0
6118,建達,上櫃,16.1,0.3115264797507788,4691.0,0,0,4691.0,75525.1,0.0,0.0,75525.1
6121,新普,上櫃,372.5,-2.486910994764398,-176952.0,-16512.0,-902.0,-194366.0,-65914620.0,-6150720.0,-335995.0,-72401335.0
6122,擎邦,上櫃,57.1,-7.605177993527508,283049.0,-2791.0,-4098.0,276160.0,16162097.9,-159366.1,-233995.80000000002,15768736.0
6123,上奇,上櫃,42.65,-0.35046728971962615,1000.0,0,0,1000.0,42650.0,0.0,0.0,42650.0
6124,業強,上櫃,27.0,-0.7352941176470589,-1000.0,0,0,-1000.0,-27000.0,0.0,0.0,-27000.0
6125,廣運,上櫃,49.8,-0.9940357852882704,6000.0,0,21000.0,27000.0,298800.0,0.0,1045799.9999999999,1344600.0
6126,信音,上櫃,32.65,-2.245508982035928,-33900.0,0,2472.0,-31428.0,-1106835.0,0.0,80710.8,-1026124.2
6127,九豪,上櫃,56.8,-1.7301038062283738,304535.0,0,-440.0,304095.0,17297588.0,0.0,-24992.0,17272596.0
6129,普誠,上櫃,14.4,-1.0309278350515463,-56823.0,0,0,-56823.0,-818251.2000000001,0.0,0.0,-818251.2000000001
6130,上亞科技,上櫃,22.75,0.8869179600886918,-3000.0,0,0,-3000.0,-68250.0,0.0,0.0,-68250.0
6134,萬旭,上櫃,28.3,-2.7491408934707904,57000.0,0,11000.0,68000.0,1613100.0,0.0,311300.0,1924400.0
6138,茂達,上櫃,282.5,-1.7391304347826086,-135832.0,-1000.0,-9111.0,-145943.0,-38372540.0,-282500.0,-2573857.5,-41228897.5
6140,訊達,上櫃,21.65,9.898477157360407,190290.0,0,6048.0,196338.0,4119778.4999999995,0.0,130939.2,4250717.7
6143,振曜,上櫃,79.1,-1.2484394506866419,-98000.0,-115060.0,0,-213060.0,-7751799.999999999,-9101246.0,0.0,-16853046.0
6144,得利影,上櫃,13.2,1.1494252873563218,-1000.0,0,0,-1000.0,-13200.0,0.0,0.0,-13200.0
6146,耕興,上櫃,182.0,0.5524861878453038,38050.0,1062.0,3832.0,42944.0,6925100.0,193284.0,697424.0,7815808.0
6147,頎邦,上櫃,216.5,0.23148148148148145,3942187.0,-4050000.0,463314.0,355501.0,853483485.5,-876825000.0,100307481.0,76965966.5
6148,驊宏資,上櫃,37.7,3.8567493112947653,-43000.0,0,0,-43000.0,-1621100.0000000002,0.0,0.0,-1621100.0000000002
6150,撼訊,上櫃,65.5,-1.206636500754148,-45875.0,0,-2169.0,-48044.0,-3004812.5,0.0,-142069.5,-3146882.0
6151,晉倫,上櫃,34.85,-0.7122507122507122,-14000.0,0,0,-14000.0,-487900.0,0.0,0.0,-487900.0
6156,松上,上櫃,23.9,7.41573033707865,-528544.0,0,-3074.0,-531618.0,-12632201.6,0.0,-73468.59999999999,-12705670.2
6158,禾昌,上櫃,17.8,0.0,4000.0,0,0,4000.0,71200.0,0.0,0.0,71200.0
6160,欣技,上櫃,14.0,0.3584229390681004,-1000.0,0,0,-1000.0,-14000.0,0.0,0.0,-14000.0
6161,捷波,上櫃,49.0,-0.3051881993896236,1000.0,0,-13.0,987.0,49000.0,0.0,-637.0,48363.0
6163,華電網,上櫃,41.95,-3.341013824884792,-521365.0,0,-16550.0,-537915.0,-21871261.75,0.0,-694272.5,-22565534.25
6167,久正,上櫃,10.3,0.4878048780487805,16999.0,0,0,16999.0,175089.7,0.0,0.0,175089.7
6170,統振,上櫃,48.85,0.41109969167523125,5092.0,0,349.0,5441.0,248744.2,0.0,17048.65,265792.85000000003
6171,大城地產,上櫃,24.1,0.4166666666666667,-3000.0,0,0,-3000.0,-72300.0,0.0,0.0,-72300.0
6173,信昌電,上櫃,284.0,-2.73972602739726,-194076.0,0,-48767.0,-242843.0,-55117584.0,0.0,-13849828.0,-68967412.0
6174,安碁,上櫃,54.5,-9.917355371900827,-353000.0,0,-14002.0,-367002.0,-19238500.0,0.0,-763109.0,-20001609.0
6175,立敦,上櫃,76.0,1.0638297872340425,-3100.0,0,389.0,-2711.0,-235600.0,0.0,29564.0,-206036.0
6179,亞通,上櫃,37.55,5.034965034965035,-36485.0,0,96684.0,60199.0,-1370011.75,0.0,3630484.1999999997,2260472.4499999997
6180,橘子,上櫃,41.2,-0.3627569528415961,21397.0,0,0,21397.0,881556.4,0.0,0.0,881556.4
6182,合晶,上櫃,128.0,-2.6615969581749046,-3960175.0,-750000.0,-684346.0,-5394521.0,-506902400.0,-96000000.0,-87596288.0,-690498688.0
6185,幃翔,上櫃,12.5,0.4016064257028113,7000.0,0,0,7000.0,87500.0,0.0,0.0,87500.0
6186,新潤,上櫃,28.8,0.5235602094240838,68842.0,0,0,68842.0,1982649.6,0.0,0.0,1982649.6
6187,萬潤,上櫃,1535.0,3.0201342281879198,336699.0,105205.0,-80725.0,361179.0,516832965.0,161489675.0,-123912875.0,554409765.0
6188,廣明,上櫃,61.8,0.32467532467532473,134000.0,0,-2634.0,131366.0,8281200.0,0.0,-162781.19999999998,8118418.8
6190,萬泰科,上櫃,76.2,-1.5503875968992247,-2011179.0,0,-34750.0,-2045929.0,-153251839.8,0.0,-2647950.0,-155899789.8
6194,育富,上櫃,31.55,4.9916805324459235,9000.0,0,5.0,9005.0,283950.0,0.0,157.75,284107.75
6195,詩肯,上櫃,28.1,0.0,0,0,0,0,0.0,0.0,0.0,0.0
6199,天品,上櫃,135.5,1.4981273408239701,73480.0,0,-4007.0,69473.0,9956540.0,0.0,-542948.5,9413591.5
6203,海韻電,上櫃,59.8,-0.33333333333333337,-1000.0,0,292.0,-708.0,-59800.0,0.0,17461.6,-42338.4
6204,艾華,上櫃,110.5,-2.2123893805309733,33610.0,0,-529.0,33081.0,3713905.0,0.0,-58454.5,3655450.5
6207,雷科,上櫃,143.5,-5.592105263157895,-1139825.0,0,15754.0,-1124071.0,-163564887.5,0.0,2260699.0,-161304188.5
6208,日揚,上櫃,79.8,-0.12515644555694622,29656.0,0,153.0,29809.0,2366548.8,0.0,12209.4,2378758.1999999997
6210,慶生,上櫃,17.6,-2.2222222222222223,1000.0,0,0,1000.0,17600.0,0.0,0.0,17600.0
6217,中探針,上櫃,174.0,-2.247191011235955,-430568.0,0,914.0,-429654.0,-74918832.0,0.0,159036.0,-74759796.0
6218,豪勉,上櫃,56.5,-7.980456026058633,195791.0,0,-14634.0,181157.0,11062191.5,0.0,-826821.0,10235370.5
6219,富旺,上櫃,12.2,0.411522633744856,33000.0,0,0,33000.0,402600.0,0.0,0.0,402600.0
6220,岳豐,上櫃,25.6,1.185770750988142,-56465.0,0,-160.0,-56625.0,-1445504.0,0.0,-4096.0,-1449600.0
6221,晉泰,上櫃,30.8,2.325581395348837,-116000.0,0,-12000.0,-128000.0,-3572800.0,0.0,-369600.0,-3942400.0
6222,立軒,上櫃,20.0,0.5025125628140704,-1000.0,0,0,-1000.0,-20000.0,0.0,0.0,-20000.0
6223,旺矽,上櫃,5670.0,2.717391304347826,198727.0,48114.0,-9589.0,237252.0,1126782090.0,272806380.0,-54369630.0,1345218840.0
6227,茂綸,上櫃,141.5,-0.7017543859649122,-136721.0,0,41742.0,-94979.0,-19346021.5,0.0,5906493.0,-13439528.5
6229,研通,上櫃,23.9,-1.0351966873706004,-13000.0,0,0,-13000.0,-310700.0,0.0,0.0,-310700.0
6231,系微,上櫃,234.0,-0.847457627118644,7000.0,0,-4405.0,2595.0,1638000.0,0.0,-1030770.0,607230.0
6233,旺玖,上櫃,24.4,3.389830508474577,114000.0,0,0,114000.0,2781600.0,0.0,0.0,2781600.0
6234,高僑,上櫃,38.0,-2.187902187902188,22890.0,0,-2588.0,20302.0,869820.0,0.0,-98344.0,771476.0
6237,驊訊,上櫃,35.2,-1.1235955056179776,41014.0,0,-904.0,40110.0,1443692.8,0.0,-31820.800000000003,1411872.0
6240,松崗,上櫃,26.1,0.38461538461538464,1000.0,0,0,1000.0,26100.0,0.0,0.0,26100.0
6241,鑫永洋,上櫃,16.4,0.923076923076923,8000.0,0,0,8000.0,131200.0,0.0,0.0,131200.0
6244,茂迪,上櫃,22.95,-1.2903225806451613,-507777.0,0,-17420.0,-525197.0,-11653482.15,0.0,-399789.0,-12053271.15
6245,立端,上櫃,87.8,-1.4590347923681257,-74276.0,5208.0,-346.0,-69414.0,-6521432.8,457262.39999999997,-30378.8,-6094549.2
6246,臺龍,上櫃,12.65,-0.39370078740157477,0,0,61.0,61.0,0.0,0.0,771.65,771.65
6248,沛波,上櫃,17.15,0.0,-2000.0,0,0,-2000.0,-34300.0,0.0,0.0,-34300.0
6259,百徽,上櫃,32.3,-2.564102564102564,-7770.0,0,0,-7770.0,-250970.99999999997,0.0,0.0,-250970.99999999997
6261,久元,上櫃,78.3,0.25608194622279135,40000.0,0,-3169.0,36831.0,3132000.0,0.0,-248132.69999999998,2883867.3
6263,普萊德,上櫃,175.5,5.089820359281437,89227.0,0,4475.0,93702.0,15659338.5,0.0,785362.5,16444701.0
6265,方土昶,上櫃,48.65,-0.8154943934760449,-19000.0,0,367.0,-18633.0,-924350.0,0.0,17854.55,-906495.45
6266,泰詠,上櫃,26.55,-1.6666666666666667,-2000.0,0,-774.0,-2774.0,-53100.0,0.0,-20549.7,-73649.7
6270,倍微,上櫃,30.35,0.3305785123966942,12262.0,0,77.0,12339.0,372151.7,0.0,2336.9500000000003,374488.65
6274,台燿,上櫃,1755.0,-1.4044943820224718,-121814.0,1458000.0,-261547.0,1074639.0,-213783570.0,2558790000.0,-459014985.0,1885991445.0
6275,元山,上櫃,47.15,-1.0493179433368311,42989.0,0,-172.0,42817.0,2026931.3499999999,0.0,-8109.8,2018821.55
6276,安鈦克,上櫃,19.45,-1.5189873417721518,-3999.0,0,0,-3999.0,-77780.55,0.0,0.0,-77780.55
6279,胡連,上櫃,116.5,0.0,-10225.0,0,-6530.0,-16755.0,-1191212.5,0.0,-760745.0,-1951957.5
6284,佳邦,上櫃,78.7,-1.8703241895261846,-15860.0,10000.0,-5729.0,-11589.0,-1248182.0,787000.0,-450872.3,-912054.3
6290,良維,上櫃,290.0,3.019538188277087,139386.0,0,88363.0,227749.0,40421940.0,0.0,25625270.0,66047210.0
6291,沛亨,上櫃,464.5,-4.815573770491803,-18750.0,0,-4651.0,-23401.0,-8709375.0,0.0,-2160389.5,-10869764.5
6292,迅德,上櫃,70.2,-1.4044943820224718,-52829.0,0,332.0,-52497.0,-3708595.8000000003,0.0,23306.4,-3685289.4000000004
6294,智基,上櫃,27.75,-1.06951871657754,-1000.0,0,0,-1000.0,-27750.0,0.0,0.0,-27750.0
6411,晶焱,上櫃,78.5,-0.25412960609911056,-63094.0,0,1318.0,-61776.0,-4952879.0,0.0,103463.0,-4849416.0
6417,韋僑,上櫃,104.0,1.4634146341463417,9000.0,0,-1000.0,8000.0,936000.0,0.0,-104000.0,832000.0
6418,詠昇,上櫃,34.25,0.29282576866764276,-2000.0,0,0,-2000.0,-68500.0,0.0,0.0,-68500.0
6419,京晨科,上櫃,168.5,-1.749271137026239,14001.0,0,-1161.0,12840.0,2359168.5,0.0,-195628.5,2163540.0
6423,億而得,上櫃,88.4,-3.91304347826087,26000.0,0,0,26000.0,2298400.0,0.0,0.0,2298400.0
6425,易發,上櫃,74.5,-2.741514360313316,74000.0,0,-32.0,73968.0,5513000.0,0.0,-2384.0,5510616.0
6432,今展科,上櫃,64.2,-4.321907600596124,-109461.0,0,-1813.0,-111274.0,-7027396.2,0.0,-116394.6,-7143790.800000001
6435,大中,上櫃,265.0,-4.159132007233273,-118773.0,0,-8927.0,-127700.0,-31474845.0,0.0,-2365655.0,-33840500.0
6441,廣錠,上櫃,22.55,-9.437751004016064,-29000.0,0,0,-29000.0,-653950.0,0.0,0.0,-653950.0
6461,益得,上櫃,29.2,9.363295880149813,-51000.0,0,739.0,-50261.0,-1489200.0,0.0,21578.8,-1467621.2
6462,神盾,上櫃,102.5,-0.966183574879227,50318.0,0,2638.0,52956.0,5157595.0,0.0,270395.0,5427990.0
6465,威潤,上櫃,40.5,-0.8567931456548347,59000.0,0,0,59000.0,2389500.0,0.0,0.0,2389500.0
6469,大樹,上櫃,62.8,-0.7898894154818327,65030.0,0,-388.0,64642.0,4083884.0,0.0,-24366.399999999998,4059517.5999999996
6470,宇智,上櫃,42.7,0.2347417840375587,14000.0,0,0,14000.0,597800.0,0.0,0.0,597800.0
6474,華豫寧,上櫃,35.8,0.42075736325385693,0,0,0,0,0.0,0.0,0.0,0.0
6482,弘煜科,上櫃,23.3,-0.851063829787234,0,0,-949.0,-949.0,0.0,0.0,-22111.7,-22111.7
6485,點序,上櫃,77.9,-1.3924050632911393,-119415.0,0,8867.0,-110548.0,-9302428.5,0.0,690739.3,-8611689.200000001
6486,互動,上櫃,78.0,0.0,-7999.0,0,960.0,-7039.0,-623922.0,0.0,74880.0,-549042.0
6488,環球晶,上櫃,1205.0,2.11864406779661,-518347.0,106000.0,103667.0,-308680.0,-624608135.0,127730000.0,124918735.0,-371959400.0
6492,生華科,上櫃,33.7,-0.44313146233382567,10000.0,0,0,10000.0,337000.0,0.0,0.0,337000.0
6494,九齊,上櫃,52.7,-0.37807183364839314,9000.0,0,0,9000.0,474300.0,0.0,0.0,474300.0
6498,久禾光,上櫃,75.0,7.4498567335243555,35000.0,0,2068.0,37068.0,2625000.0,0.0,155100.0,2780100.0
6499,益安,上櫃,78.5,-1.3819095477386938,-60997.0,0,0,-60997.0,-4788264.5,0.0,0.0,-4788264.5
6506,雙邦,上櫃,18.85,1.0723860589812333,32000.0,0,130.0,32130.0,603200.0,0.0,2450.5,605650.5
6508,惠光,上櫃,26.05,-0.19157088122605362,-5000.0,0,-973.0,-5973.0,-130250.0,0.0,-25346.65,-155596.65
6509,聚和,上櫃,49.35,-1.1022044088176353,-97062.0,-5000.0,-496.0,-102558.0,-4790009.7,-246750.0,-24477.600000000002,-5061237.3
6510,精測,上櫃,3055.0,-1.610305958132045,-39876.0,-137912.0,-171.0,-177959.0,-121821180.0,-421321160.0,-522405.0,-543664745.0
6516,勤崴國際,上櫃,56.6,0.0,1000.0,0,0,1000.0,56600.0,0.0,0.0,56600.0
6517,保勝光學,上櫃,66.8,0.602409638554217,22000.0,0,0,22000.0,1469600.0,0.0,0.0,1469600.0
6523,達爾膚,上櫃,89.0,0.0,-2000.0,0,-182.0,-2182.0,-178000.0,0.0,-16198.0,-194198.0
6527,明達醫,上櫃,74.3,0.0,-1000.0,0,0,-1000.0,-74300.0,0.0,0.0,-74300.0
6530,創威,上櫃,95.4,-3.1472081218274113,71366.0,0,-4893.0,66473.0,6808316.4,0.0,-466792.2,6341524.2
6532,瑞耘,上櫃,111.0,-0.8928571428571428,-3114.0,0,1629.0,-1485.0,-345654.0,0.0,180819.0,-164835.0
6535,順藥,上櫃,80.8,-4.9411764705882355,-129000.0,0,-258.0,-129258.0,-10423200.0,0.0,-20846.399999999998,-10444046.4
6538,倉和,上櫃,302.0,-9.985096870342772,173572.0,0,7499.0,181071.0,52418744.0,0.0,2264698.0,54683442.0
6546,正基,上櫃,61.5,1.151315789473684,-12900.0,0,7387.0,-5513.0,-793350.0,0.0,454300.5,-339049.5
6547,高端疫苗,上櫃,60.6,0.33112582781456956,264028.0,0,-15000.0,249028.0,16000096.8,0.0,-909000.0,15091096.8
6548,長科*,上櫃,76.6,-1.7948717948717947,-1190400.0,411000.0,-32603.0,-812003.0,-91184640.0,31482599.999999996,-2497389.8,-62199429.8
6556,勝品,上櫃,62.0,1.8062397372742203,0,0,0,0,0.0,0.0,0.0,0.0
6560,欣普羅,上櫃,34.3,9.935897435897438,15000.0,0,0,15000.0,514499.99999999994,0.0,0.0,514499.99999999994
6561,是方,上櫃,312.5,-0.47770700636942676,6126.0,1276.0,4731.0,12133.0,1914375.0,398750.0,1478437.5,3791562.5
6568,宏觀,上櫃,138.0,0.36363636363636365,13613.0,0,-8353.0,5260.0,1878594.0,0.0,-1152714.0,725880.0
6569,醫揚,上櫃,91.6,-0.10905125408942205,-8000.0,0,-49.0,-8049.0,-732800.0,0.0,-4488.4,-737288.3999999999
6570,維田,上櫃,47.45,0.0,-6000.0,0,0,-6000.0,-284700.0,0.0,0.0,-284700.0
6574,霈方,上櫃,119.5,-0.4166666666666667,2000.0,0,0,2000.0,239000.0,0.0,0.0,239000.0
6576,逸達,上櫃,78.5,0.0,-29328.0,0,0,-29328.0,-2302248.0,0.0,0.0,-2302248.0
6577,勁豐,上櫃,81.1,0.7453416149068323,-1000.0,-490.0,0,-1490.0,-81100.0,-39739.0,0.0,-120838.99999999999
6578,達邦蛋白,上櫃,16.3,-0.3058103975535168,-1000.0,0,0,-1000.0,-16300.0,0.0,0.0,-16300.0
6584,南俊國際,上櫃,551.0,1.8484288354898337,-88746.0,-1000.0,2396.0,-87350.0,-48899046.0,-551000.0,1320196.0,-48129850.0
6588,東典光電,上櫃,109.5,-1.7937219730941705,-35889.0,0,-4238.0,-40127.0,-3929845.5,0.0,-464061.0,-4393906.5
6590,普鴻,上櫃,64.3,0.1557632398753894,0,0,0,0,0.0,0.0,0.0,0.0
6593,台灣銘板,上櫃,31.9,0.3144654088050315,2000.0,0,0,2000.0,63800.0,0.0,0.0,63800.0
6596,寬宏藝術,上櫃,96.5,0.20768431983385258,42000.0,0,-105.0,41895.0,4053000.0,0.0,-10132.5,4042867.5
6603,富強鑫,上櫃,28.35,0.17667844522968199,-55982.0,0,285.0,-55697.0,-1587089.7000000002,0.0,8079.75,-1579009.9500000002
6604,儒億,上櫃,25.15,4.791666666666666,3000.0,0,0,3000.0,75450.0,0.0,0.0,75450.0
6609,瀧澤科,上櫃,39.1,0.12804097311139565,4000.0,0,-1000.0,3000.0,156400.0,0.0,-39100.0,117300.0
6612,奈米醫材,上櫃,72.6,-2.15633423180593,-14101.0,0,2000.0,-12101.0,-1023732.6,0.0,145200.0,-878532.6
6613,朋億*,上櫃,285.0,0.17574692442882248,93268.0,1771.0,-1303.0,93736.0,26581380.0,504735.0,-371355.0,26714760.0
6615,慧智,上櫃,33.35,-1.911764705882353,-1000.0,0,0,-1000.0,-33350.0,0.0,0.0,-33350.0
6617,共信-KY,上櫃,126.5,-0.7843137254901961,-33608.0,0,0,-33608.0,-4251412.0,0.0,0.0,-4251412.0
6620,漢達,上櫃,133.0,-8.904109589041095,-131000.0,0,-6981.0,-137981.0,-17423000.0,0.0,-928473.0,-18351473.0
6624,萬年清,上櫃,38.0,-3.79746835443038,-3000.0,0,0,-3000.0,-114000.0,0.0,0.0,-114000.0
6640,均華,上櫃,1135.0,-2.575107296137339,-111487.0,0,-14991.0,-126478.0,-126537745.0,0.0,-17014785.0,-143552530.0
6642,富致,上櫃,80.0,-2.5578562728380025,-19000.0,0,3000.0,-16000.0,-1520000.0,0.0,240000.0,-1280000.0
6643,M31,上櫃,508.0,0.0,-26993.0,0,-8765.0,-35758.0,-13712444.0,0.0,-4452620.0,-18165064.0
6649,台生材,上櫃,37.65,1.3458950201884252,-2000.0,0,0,-2000.0,-75300.0,0.0,0.0,-75300.0
6651,全宇昕,上櫃,155.5,-0.3205128205128205,-27930.0,0,-3912.0,-31842.0,-4343115.0,0.0,-608316.0,-4951431.0
6654,天正國際,上櫃,220.0,0.45662100456621,21000.0,0,1152.0,22152.0,4620000.0,0.0,253440.0,4873440.0
6664,群翊,上櫃,386.5,0.38961038961038963,86595.0,2000.0,-6736.0,81859.0,33468967.5,773000.0,-2603464.0,31638503.5
6667,信紘科,上櫃,260.5,-1.5122873345935728,-42516.0,0,1934.0,-40582.0,-11075418.0,0.0,503807.0,-10571611.0
6679,鈺太,上櫃,200.5,-2.9055690072639226,-91393.0,0,-6361.0,-97754.0,-18324296.5,0.0,-1275380.5,-19599677.0
6683,雍智科技,上櫃,1505.0,4.513888888888888,79259.0,-9000.0,-16784.0,53475.0,119284795.0,-13545000.0,-25259920.0,80479875.0
6684,安格,上櫃,48.9,-0.3058103975535168,14000.0,0,0,14000.0,684600.0,0.0,0.0,684600.0
6690,安碁資訊,上櫃,176.5,-0.2824858757062147,1000.0,0,-432.0,568.0,176500.0,0.0,-76248.0,100252.0
6692,進能服,上櫃,22.15,-4.731182795698925,-2000.0,0,304.0,-1696.0,-44300.0,0.0,6733.599999999999,-37566.399999999994
6693,廣閎科,上櫃,206.0,-4.408352668213457,-114000.0,0,-89004.0,-203004.0,-23484000.0,0.0,-18334824.0,-41818824.0
6697,東捷資訊,上櫃,41.05,-0.12165450121654503,-1000.0,0,0,-1000.0,-41050.0,0.0,0.0,-41050.0
6703,軒郁,上櫃,99.9,-0.5970149253731344,2000.0,-969.0,0,1031.0,199800.0,-96803.1,0.0,102996.90000000001
6708,天擎,上櫃,72.9,6.268221574344023,760.0,0,-3000.0,-2240.0,55404.00000000001,0.0,-218700.00000000003,-163296.0
6712,長聖,上櫃,160.0,0.0,73452.0,0,-241.0,73211.0,11752320.0,0.0,-38560.0,11713760.0
6716,應廣,上櫃,146.0,9.774436090225564,-115134.0,0,-7467.0,-122601.0,-16809564.0,0.0,-1090182.0,-17899746.0
6720,久昌,上櫃,124.5,0.0,-3000.0,0,-928.0,-3928.0,-373500.0,0.0,-115536.0,-489036.0
6721,信實,上櫃,49.35,-1.693227091633466,1000.0,0,0,1000.0,49350.0,0.0,0.0,49350.0
6725,矽科宏晟,上櫃,220.5,-1.1210762331838564,12000.0,0,-6000.0,6000.0,2646000.0,0.0,-1323000.0,1323000.0
6727,亞泰金屬,上櫃,528.0,-0.5649717514124294,-150281.0,0,-745.0,-151026.0,-79348368.0,0.0,-393360.0,-79741728.0
6728,上洋,上櫃,108.5,0.0,0,0,0,0,0.0,0.0,0.0,0.0
6732,昇佳電子,上櫃,152.0,-0.9771986970684038,56020.0,0,185.0,56205.0,8515040.0,0.0,28120.0,8543160.0
6733,博晟生醫,上櫃,24.55,-0.20325203252032517,-1000.0,0,0,-1000.0,-24550.0,0.0,0.0,-24550.0
6735,美達科技,上櫃,64.9,-2.1116138763197583,2000.0,0,-1078.0,922.0,129800.00000000001,0.0,-69962.20000000001,59837.8
6739,竹陞科技,上櫃,1110.0,-1.3333333333333335,-7000.0,0,1959.0,-5041.0,-7770000.0,0.0,2174490.0,-5595510.0
6741,91APP*-KY,上櫃,54.5,-0.7285974499089254,-28000.0,0,-714.0,-28714.0,-1526000.0,0.0,-38913.0,-1564913.0
6752,叡揚,上櫃,96.6,0.0,0,0,34.0,34.0,0.0,0.0,3284.3999999999996,3284.3999999999996
6761,穩得,上櫃,167.5,-1.1799410029498525,13110.0,0,-3738.0,9372.0,2195925.0,0.0,-626115.0,1569810.0
6763,綠界科技*,上櫃,41.05,-0.12165450121654503,-2460.0,0,-391.0,-2851.0,-100983.0,0.0,-16050.55,-117033.54999999999
6785,昱展新藥,上櫃,93.1,-1.3771186440677967,-20000.0,0,364.0,-19636.0,-1862000.0,0.0,33888.4,-1828111.5999999999
6788,華景電,上櫃,370.5,-1.593625498007968,-11551.0,0,1806.0,-9745.0,-4279645.5,0.0,669123.0,-3610522.5
6791,虎門科技,上櫃,102.0,2.512562814070352,-1000.0,0,0,-1000.0,-102000.0,0.0,0.0,-102000.0
6803,崑鼎,上櫃,263.0,-0.9416195856873822,-41000.0,0,-278.0,-41278.0,-10783000.0,0.0,-73114.0,-10856114.0
6804,明係,上櫃,18.4,-0.8086253369272237,3000.0,0,0,3000.0,55199.99999999999,0.0,0.0,55199.99999999999
6811,宏碁資訊,上櫃,248.5,0.8113590263691683,-8514.0,0,-3724.0,-12238.0,-2115729.0,0.0,-925414.0,-3041143.0
6821,聯寶,上櫃,45.8,0.6593406593406593,-3000.0,0,236.0,-2764.0,-137400.0,0.0,10808.8,-126591.2
6823,濾能,上櫃,61.2,0.6578947368421052,-10000.0,0,510.0,-9490.0,-612000.0,0.0,31212.0,-580788.0
6829,千附精密,上櫃,207.5,0.7281553398058253,-36838.0,0,12995.0,-23843.0,-7643885.0,0.0,2696462.5,-4947422.5
6840,東研信超,上櫃,95.9,-1.1340206185567012,-76000.0,0,-3949.0,-79949.0,-7288400.0,0.0,-378709.10000000003,-7667109.100000001
6841,長佳智能,上櫃,56.1,0.8992805755395683,21382.0,0,-1946.0,19436.0,1199530.2,0.0,-109170.6,1090359.6
6843,進典,上櫃,38.2,-0.26109660574412535,-3000.0,0,0,-3000.0,-114600.00000000001,0.0,0.0,-114600.00000000001
6846,綠茵,上櫃,57.8,-1.1965811965811965,-1000.0,0,0,-1000.0,-57800.0,0.0,0.0,-57800.0
6859,伯特光,上櫃,123.0,0.0,14170.0,0,160.0,14330.0,1742910.0,0.0,19680.0,1762590.0
6865,偉康科技,上櫃,26.9,-2.888086642599278,-1000.0,0,177.0,-823.0,-26900.0,0.0,4761.3,-22138.699999999997
6870,騰雲,上櫃,310.5,-2.96875,27384.0,0,-750.0,26634.0,8502732.0,0.0,-232875.0,8269857.0
6872,浩宇生醫,上櫃,22.2,-1.3333333333333333,2000.0,0,-979.0,1021.0,44400.0,0.0,-21733.8,22666.2
6874,倍力,上櫃,70.1,0.5738880918220948,-2000.0,0,0,-2000.0,-140200.0,0.0,0.0,-140200.0
6875,國邑*,上櫃,27.3,-0.9074410163339384,3000.0,0,-399.0,2601.0,81900.0,0.0,-10892.7,71007.3
6877,鏵友益,上櫃,132.5,-8.934707903780069,-10091.0,0,-8516.0,-18607.0,-1337057.5,0.0,-1128370.0,-2465427.5
6881,潤德,上櫃,215.0,-0.23201856148491878,0,0,1000.0,1000.0,0.0,0.0,215000.0,215000.0
6894,衛司特,上櫃,359.0,0.27932960893854747,15000.0,0,-384.0,14616.0,5385000.0,0.0,-137856.0,5247144.0
6895,宏碩系統,上櫃,157.5,0.6389776357827476,-3000.0,0,-865.0,-3865.0,-472500.0,0.0,-136237.5,-608737.5
6899,創為精密,上櫃,49.5,-0.20161290322580644,-9000.0,0,0,-9000.0,-445500.0,0.0,0.0,-445500.0
6903,巨漢,上櫃,323.5,-1.3719512195121952,-98584.0,0,-10389.0,-108973.0,-31891924.0,0.0,-3360841.5,-35252765.5
6904,伯鑫,上櫃,123.0,0.0,-1000.0,0,0,-1000.0,-123000.0,0.0,0.0,-123000.0
6907,雅特力-KY,上櫃,191.0,-1.2919896640826873,59731.0,0,-39482.0,20249.0,11408621.0,0.0,-7541062.0,3867559.0
6913,鴻呈,上櫃,129.5,-0.38461538461538464,-13000.0,0,-3674.0,-16674.0,-1683500.0,0.0,-475783.0,-2159283.0
6922,宸曜,上櫃,211.0,-1.8604651162790697,-12882.0,0,-2334.0,-15216.0,-2718102.0,0.0,-492474.0,-3210576.0
6925,意藍,上櫃,71.5,3.3236994219653178,-26000.0,0,0,-26000.0,-1859000.0,0.0,0.0,-1859000.0
6945,圓祥生技,上櫃,142.0,9.652509652509652,14452.0,0,5309.0,19761.0,2052184.0,0.0,753878.0,2806062.0
6953,家碩,上櫃,259.0,0.5825242718446602,18000.0,0,947.0,18947.0,4662000.0,0.0,245273.0,4907273.0
6961,旅天下,上櫃,45.95,-2.0255863539445627,0,0,0,0,0.0,0.0,0.0,0.0
6967,汎瑋材料,上櫃,73.5,3.6671368124118473,24000.0,0,0,24000.0,1764000.0,0.0,0.0,1764000.0
6968,萬達寵物,上櫃,41.3,0.0,-2000.0,0,0,-2000.0,-82600.0,0.0,0.0,-82600.0
6982,大井泵浦,上櫃,44.6,-0.8888888888888888,0,0,0,0,0.0,0.0,0.0,0.0
6983,華洋精機,上櫃,395.0,9.874826147426981,17900.0,0,-2742.0,15158.0,7070500.0,0.0,-1083090.0,5987410.0
6986,和迅,上櫃,44.0,0.0,-10000.0,0,-77062.0,-87062.0,-440000.0,0.0,-3390728.0,-3830728.0
6996,力領科技,上櫃,167.0,0.906344410876133,0,0,-107.0,-107.0,0.0,0.0,-17869.0,-17869.0
7402,邑錡,上櫃,99.5,0.0,-4084.0,0,-1025.0,-5109.0,-406358.0,0.0,-101987.5,-508345.5
7547,碩網,上櫃,61.2,-3.924646781789639,-6000.0,0,0,-6000.0,-367200.0,0.0,0.0,-367200.0
7556,意德士,上櫃,295.5,-1.5,34000.0,0,-9854.0,24146.0,10047000.0,0.0,-2911857.0,7135143.0
7642,昶瑞機電,上櫃,65.0,-3.7037037037037033,4000.0,0,0,4000.0,260000.0,0.0,0.0,260000.0
7703,銳澤,上櫃,205.5,0.0,4053.0,0,4000.0,8053.0,832891.5,0.0,822000.0,1654891.5
7704,明遠精密,上櫃,60.6,0.33112582781456956,1000.0,0,0,1000.0,60600.0,0.0,0.0,60600.0
7709,榮田,上櫃,88.0,0.45662100456621013,-32000.0,0,-277.0,-32277.0,-2816000.0,0.0,-24376.0,-2840376.0
7712,博盛半導體,上櫃,172.5,-1.9886363636363635,-355960.0,0,-12556.0,-368516.0,-61403100.0,0.0,-2165910.0,-63569010.0
7713,威力德生醫,上櫃,73.5,0.684931506849315,2000.0,0,0,2000.0,147000.0,0.0,0.0,147000.0
7714,創泓科技,上櫃,168.0,-0.8849557522123894,-20458.0,0,-972.0,-21430.0,-3436944.0,0.0,-163296.0,-3600240.0
7715,裕山,上櫃,27.05,0.3710575139146568,-21000.0,0,-2000.0,-23000.0,-568050.0,0.0,-54100.0,-622150.0
7717,萊德光電-KY,上櫃,593.0,0.16891891891891891,41163.0,0,-19652.0,21511.0,24409659.0,0.0,-11653636.0,12756023.0
7723,築間,上櫃,19.85,9.97229916897507,34000.0,0,0,34000.0,674900.0,0.0,0.0,674900.0
7728,光焱科技,上櫃,638.0,0.3144654088050315,1000.0,0,-716.0,284.0,638000.0,0.0,-456808.0,181192.0
7734,印能科技,上櫃,2755.0,-1.2544802867383513,-1379.0,3000.0,1155.0,2776.0,-3799145.0,8265000.0,3182025.0,7647880.0
7738,東聯互動,上櫃,156.0,0.6451612903225806,11000.0,0,0,11000.0,1716000.0,0.0,0.0,1716000.0
7743,金利食安,上櫃,26.6,2.702702702702702,-1000.0,0,0,-1000.0,-26600.0,0.0,0.0,-26600.0
7744,崴寶,上櫃,525.0,-0.5681818181818182,-5007.0,0,-887.0,-5894.0,-2628675.0,0.0,-465675.0,-3094350.0
7747,昕奇雲端,上櫃,,,900.0,0,0,900.0,,,,
7751,竑騰,上櫃,1590.0,-0.9345794392523363,2300.0,0,-1758.0,542.0,3657000.0,0.0,-2795220.0,861780.0
7753,星亞,上櫃,35.7,0.1402524544179523,1000.0,0,0,1000.0,35700.0,0.0,0.0,35700.0
7757,金色三麥,上櫃,88.8,-0.6711409395973155,-1000.0,0,0,-1000.0,-88800.0,0.0,0.0,-88800.0
7767,仁大資訊,上櫃,45.55,-0.9782608695652175,-4000.0,0,0,-4000.0,-182200.0,0.0,0.0,-182200.0
7770,君曜,上櫃,40.85,-2.7380952380952377,0,0,-7000.0,-7000.0,0.0,0.0,-285950.0,-285950.0
7772,耀穎,上櫃,151.0,-9.850746268656717,122910.0,0,-18739.0,104171.0,18559410.0,0.0,-2829589.0,15729821.0
7777,能率亞洲,上櫃,37.4,-2.857142857142857,-990585.0,0,-18448.0,-1009033.0,-37047879.0,0.0,-689955.2,-37737834.199999996
7782,光速火箭,上櫃,25.2,0.0,-2000.0,0,0,-2000.0,-50400.0,0.0,0.0,-50400.0
7792,安葆,上櫃,451.5,2.9646522234891677,-51400.0,0,1334.0,-50066.0,-23207100.0,0.0,602301.0,-22604799.0
7805,威聯通,上櫃,492.5,-1.2036108324974923,-1000.0,0,61.0,-939.0,-492500.0,0.0,30042.5,-462457.5
7810,捷創科技,上櫃,247.5,-0.6024096385542169,-3630.0,0,-15172.0,-18802.0,-898425.0,0.0,-3755070.0,-4653495.0
7814,海昌生技,上櫃,29.0,2.8368794326241136,0,0,-7000.0,-7000.0,0.0,0.0,-203000.0,-203000.0
7820,立盈,上櫃,108.0,-2.7027027027027026,-3000.0,0,0,-3000.0,-324000.0,0.0,0.0,-324000.0
7825,和亞智慧,上櫃,78.6,-2.481389578163772,-38000.0,0,0,-38000.0,-2986800.0,0.0,0.0,-2986800.0
7828,創新服務,上櫃,1840.0,0.0,-25492.0,0,-976.0,-26468.0,-46905280.0,0.0,-1795840.0,-48701120.0
7839,達人網,上櫃,44.25,2.9069767441860463,6000.0,0,-2000.0,4000.0,265500.0,0.0,-88500.0,177000.0
7856,漢測,上櫃,4190.0,-2.102803738317757,-89733.0,13000.0,1127.0,-75606.0,-375981270.0,54470000.0,4722130.0,-316789140.0
8024,佑華,上櫃,12.4,0.0,0,0,0,0,0.0,0.0,0.0,0.0
8027,鈦昇,上櫃,209.5,0.0,-40832.0,0,-5312.0,-46144.0,-8554304.0,0.0,-1112864.0,-9667168.0
8032,光菱,上櫃,36.4,0.6915629322268327,1000.0,0,0,1000.0,36400.0,0.0,0.0,36400.0
8034,榮群,上櫃,19.45,-1.5189873417721518,-9000.0,0,0,-9000.0,-175050.0,0.0,0.0,-175050.0
8038,長園科,上櫃,34.65,-2.1186440677966103,-24930.0,0,0,-24930.0,-863824.5,0.0,0.0,-863824.5
8040,九暘,上櫃,93.2,-0.851063829787234,40312.0,0,9075.0,49387.0,3757078.4,0.0,845790.0,4602868.4
8042,金山電,上櫃,117.0,-1.2658227848101267,5059.0,0,9040.0,14099.0,591903.0,0.0,1057680.0,1649583.0
8043,蜜望實,上櫃,138.5,-1.4234875444839856,26498.0,0,-4174.0,22324.0,3669973.0,0.0,-578099.0,3091874.0
8044,網家,上櫃,23.7,0.21141649048625794,-21918.0,0,0,-21918.0,-519456.6,0.0,0.0,-519456.6
8047,星雲,上櫃,47.8,-6.2745098039215685,-5000.0,0,0,-5000.0,-239000.0,0.0,0.0,-239000.0
8048,德勝,上櫃,51.8,0.9746588693957117,-6918.0,0,-283.0,-7201.0,-358352.39999999997,0.0,-14659.4,-373011.8
8049,晶采,上櫃,24.4,-0.6109979633401222,5000.0,0,0,5000.0,122000.0,0.0,0.0,122000.0
8050,廣積,上櫃,60.8,-1.935483870967742,-128634.0,0,-8004.0,-136638.0,-7820947.199999999,0.0,-486643.19999999995,-8307590.399999999
8054,安國,上櫃,85.8,-1.718213058419244,78000.0,0,464.0,78464.0,6692400.0,0.0,39811.2,6732211.2
8059,凱碩,上櫃,17.55,-1.4044943820224718,5000.0,0,0,5000.0,87750.0,0.0,0.0,87750.0
8064,東捷,上櫃,135.5,-0.7326007326007326,-847513.0,0,-41118.0,-888631.0,-114838011.5,0.0,-5571489.0,-120409500.5
8066,來思達,上櫃,14.7,-1.01010101010101,1000.0,0,0,1000.0,14700.0,0.0,0.0,14700.0
8068,全達,上櫃,17.15,-2.0,14000.0,0,0,14000.0,240099.99999999997,0.0,0.0,240099.99999999997
8069,元太,上櫃,149.0,1.7064846416382253,-978225.0,17000.0,213994.0,-747231.0,-145755525.0,2533000.0,31885106.0,-111337419.0
8071,能率網通,上櫃,21.7,-1.3636363636363635,-128000.0,0,0,-128000.0,-2777600.0,0.0,0.0,-2777600.0
8074,鉅橡,上櫃,56.1,-2.094240837696335,-87892.0,0,-1582.0,-89474.0,-4930741.2,0.0,-88750.2,-5019491.4
8076,伍豐,上櫃,21.4,0.0,-95760.0,0,-8.0,-95768.0,-2049263.9999999998,0.0,-171.2,-2049435.2
8083,瑞穎,上櫃,159.0,0.6329113924050633,20000.0,0,0,20000.0,3180000.0,0.0,0.0,3180000.0
8084,巨虹,上櫃,17.7,-9.923664122137405,5000.0,0,0,5000.0,88500.0,0.0,0.0,88500.0
8085,福華,上櫃,14.75,-0.6734006734006734,46000.0,0,0,46000.0,678500.0,0.0,0.0,678500.0
8086,宏捷科,上櫃,127.5,-1.1627906976744187,361188.0,0,58988.0,420176.0,46051470.0,0.0,7520970.0,53572440.0
8087,麗升能源,上櫃,23.2,-3.3333333333333335,-6000.0,0,0,-6000.0,-139200.0,0.0,0.0,-139200.0
8088,品安,上櫃,43.95,-0.11363636363636365,-7000.0,0,-12.0,-7012.0,-307650.0,0.0,-527.4000000000001,-308177.4
8089,康全電訊,上櫃,19.35,0.0,12000.0,0,0,12000.0,232200.00000000003,0.0,0.0,232200.00000000003
8091,翔名,上櫃,232.0,-3.3333333333333335,48101.0,0,-3587.0,44514.0,11159432.0,0.0,-832184.0,10327248.0
8092,建暐,上櫃,12.1,-0.819672131147541,-9000.0,0,203.0,-8797.0,-108900.0,0.0,2456.2999999999997,-106443.7
8093,保銳,上櫃,26.25,5.633802816901408,21000.0,0,0,21000.0,551250.0,0.0,0.0,551250.0
8096,擎亞,上櫃,88.8,-1.3333333333333333,406210.0,0,-8476.0,397734.0,36071448.0,0.0,-752668.7999999999,35318779.199999996
8097,常珵,上櫃,48.45,-0.8188331627430911,-22000.0,0,95.0,-21905.0,-1065900.0,0.0,4602.75,-1061297.25
8099,大世科,上櫃,59.5,-0.16778523489932887,-5000.0,0,92.0,-4908.0,-297500.0,0.0,5474.0,-292026.0
8102,傑霖科技,上櫃,57.0,-4.3624161073825505,5000.0,0,0,5000.0,285000.0,0.0,0.0,285000.0
8107,大億金茂,上櫃,11.8,-1.2552301255230123,-14000.0,0,0,-14000.0,-165200.0,0.0,0.0,-165200.0
8109,博大,上櫃,136.5,-1.7985611510791366,49392.0,-2000.0,-7442.0,39950.0,6742008.0,-273000.0,-1015833.0,5453175.0
8111,立碁,上櫃,92.3,-2.1208907741251326,452281.0,0,-140821.0,311460.0,41745536.3,0.0,-12997778.299999999,28747758.0
8121,越峰,上櫃,31.85,-2.0,277434.0,0,-3108.0,274326.0,8836272.9,0.0,-98989.8,8737283.1
8147,正淩,上櫃,140.5,-0.7067137809187279,-77046.0,0,47157.0,-29889.0,-10824963.0,0.0,6625558.5,-4199404.5
8155,博智,上櫃,332.0,0.7587253414264037,58928.0,0,-17591.0,41337.0,19564096.0,0.0,-5840212.0,13723884.0
8171,天宇,上櫃,20.85,0.7246376811594202,44000.0,0,0,44000.0,917400.0000000001,0.0,0.0,917400.0000000001
8176,智捷,上櫃,9.76,0.0,-9000.0,0,0,-9000.0,-87840.0,0.0,0.0,-87840.0
8182,加高,上櫃,42.4,-5.357142857142858,-20887.0,0,-4161.0,-25048.0,-885608.7999999999,0.0,-176426.4,-1062035.2
8227,巨有科技,上櫃,370.0,1.092896174863388,9100.0,0,4815.0,13915.0,3367000.0,0.0,1781550.0,5148550.0
8234,新漢,上櫃,62.2,-0.9554140127388535,74442.0,0,0,74442.0,4630292.4,0.0,0.0,4630292.4
8240,華宏,上櫃,55.6,-4.137931034482759,55170.0,0,-6723.0,48447.0,3067452.0,0.0,-373798.8,2693653.2
8255,朋程,上櫃,151.0,-0.33003300330033003,50212.0,0,-1559.0,48653.0,7582012.0,0.0,-235409.0,7346603.0
8272,全景軟體,上櫃,60.1,-1.151315789473684,1049.0,0,0,1049.0,63044.9,0.0,0.0,63044.9
8277,商丞,上櫃,15.5,1.3071895424836601,4499.0,0,0,4499.0,69734.5,0.0,0.0,69734.5
8279,生展,上櫃,80.4,0.3745318352059925,6000.0,0,-39.0,5961.0,482400.00000000006,0.0,-3135.6000000000004,479264.4
8289,泰藝,上櫃,54.3,-5.06993006993007,-6598.0,0,-23478.0,-30076.0,-358271.39999999997,0.0,-1274855.4,-1633126.7999999998
8291,尚茂,上櫃,28.05,-0.1779359430604982,-1000.0,0,0,-1000.0,-28050.0,0.0,0.0,-28050.0
8299,群聯,上櫃,2090.0,-0.4761904761904762,-173225.0,-632.0,-10464.0,-184321.0,-362040250.0,-1320880.0,-21869760.0,-385230890.0
8349,恒耀,上櫃,41.1,2.3661270236612704,-16000.0,0,0,-16000.0,-657600.0,0.0,0.0,-657600.0
8354,冠好,上櫃,16.55,-0.8982035928143712,-1000.0,0,0,-1000.0,-16550.0,0.0,0.0,-16550.0
8358,金居,上櫃,551.0,-3.3333333333333335,-1156929.0,77000.0,-182048.0,-1261977.0,-637467879.0,42427000.0,-100308448.0,-695349327.0
8383,千附,上櫃,70.1,1.1544011544011545,42973.0,0,18924.0,61897.0,3012407.3,0.0,1326572.4,4338979.699999999
8390,金益鼎,上櫃,92.0,3.3707865168539324,11000.0,0,2023.0,13023.0,1012000.0,0.0,186116.0,1198116.0
8401,白紗科,上櫃,22.65,-0.22026431718061676,-2000.0,0,0,-2000.0,-45300.0,0.0,0.0,-45300.0
8403,盛弘,上櫃,18.8,-0.2652519893899204,-33000.0,0,0,-33000.0,-620400.0,0.0,0.0,-620400.0
8410,森田,上櫃,26.95,-2.5316455696202533,4000.0,0,-222.0,3778.0,107800.0,0.0,-5982.9,101817.09999999999
8415,大國鋼,上櫃,35.1,0.0,62457.0,0,412.0,62869.0,2192240.7,0.0,14461.2,2206701.9
8421,旭源,上櫃,13.05,0.38461538461538464,-4000.0,0,0,-4000.0,-52200.0,0.0,0.0,-52200.0
8423,保綠-KY,上櫃,17.9,0.5617977528089889,1000.0,0,0,1000.0,17900.0,0.0,0.0,17900.0
8426,紅木-KY,上櫃,20.7,0.48543689320388356,20000.0,0,0,20000.0,414000.0,0.0,0.0,414000.0
8431,匯鑽科,上櫃,61.1,-3.930817610062893,111003.0,0,-42514.0,68489.0,6782283.3,0.0,-2597605.4,4184677.9
8432,東生華,上櫃,53.5,4.901960784313726,0,0,466.0,466.0,0.0,0.0,24931.0,24931.0
8433,弘帆,上櫃,52.4,-0.38022813688212925,-3000.0,0,0,-3000.0,-157200.0,0.0,0.0,-157200.0
8435,鉅邁,上櫃,53.0,-0.37593984962406013,2000.0,0,-264.0,1736.0,106000.0,0.0,-13992.0,92008.0
8436,大江,上櫃,102.5,-1.9138755980861244,-400000.0,0,-46728.0,-446728.0,-41000000.0,0.0,-4789620.0,-45789620.0
8437,大地-KY,上櫃,11.7,6.363636363636363,-18999.0,0,0,-18999.0,-222288.3,0.0,0.0,-222288.3
8440,綠電,上櫃,20.0,-0.9900990099009901,1.0,0,0,1.0,20.0,0.0,0.0,20.0
8446,華研,上櫃,86.0,1.0575793184488838,0,0,15.0,15.0,0.0,0.0,1290.0,1290.0
8450,霹靂,上櫃,14.15,-0.7017543859649122,0,0,0,0,0.0,0.0,0.0,0.0
8489,三貝德,上櫃,22.2,0.6802721088435374,-10000.0,0,512.0,-9488.0,-222000.0,0.0,11366.4,-210633.6
8908,欣雄,上櫃,39.9,0.12547051442910917,1000.0,0,0,1000.0,39900.0,0.0,0.0,39900.0
8916,光隆,上櫃,40.85,-0.2442002442002442,0,0,0,0,0.0,0.0,0.0,0.0
8917,欣泰,上櫃,52.7,-1.6791044776119404,0,0,1000.0,1000.0,0.0,0.0,52700.0,52700.0
8924,大田,上櫃,49.05,-0.3048780487804878,-1000.0,-2051.0,637.0,-2414.0,-49050.0,-100601.54999999999,31244.85,-118406.7
8927,北基,上櫃,18.6,-1.326259946949602,-19000.0,0,0,-19000.0,-353400.0,0.0,0.0,-353400.0
8928,鉅明,上櫃,22.45,-1.7505470459518602,24000.0,0,0,24000.0,538800.0,0.0,0.0,538800.0
8929,富堡,上櫃,12.85,-1.1538461538461537,1000.0,0,0,1000.0,12850.0,0.0,0.0,12850.0
8930,青鋼,上櫃,28.1,-1.4035087719298245,-4000.0,0,0,-4000.0,-112400.0,0.0,0.0,-112400.0
8931,大汽電,上櫃,42.65,0.589622641509434,-8000.0,0,0,-8000.0,-341200.0,0.0,0.0,-341200.0
8932,智通*,上櫃,90.1,-1.4223194748358865,-100980.0,0,-72400.0,-173380.0,-9098298.0,0.0,-6523240.0,-15621537.999999998
8933,愛地雅,上櫃,4.56,0.0,-4000.0,0,0,-4000.0,-18240.0,0.0,0.0,-18240.0
8935,邦泰,上櫃,18.75,0.0,-4000.0,0,0,-4000.0,-75000.0,0.0,0.0,-75000.0
8936,國統,上櫃,53.2,0.18832391713747648,-2151.0,0,207000.0,204849.0,-114433.20000000001,0.0,11012400.0,10897966.8
8937,合騏*,上櫃,25.05,-0.5952380952380952,5000.0,0,100.0,5100.0,125250.0,0.0,2505.0,127755.0
8938,明安,上櫃,51.6,0.0,2000.0,-3952.0,20.0,-1932.0,103200.0,-203923.2,1032.0,-99691.2
8942,森鉅,上櫃,40.2,0.8782936010037641,39000.0,0,2350.0,41350.0,1567800.0,0.0,94470.0,1662270.0000000002
9949,琉園,上櫃,24.1,-1.2295081967213113,1000.0,0,0,1000.0,24100.0,0.0,0.0,24100.0
9950,萬國通,上櫃,10.2,0.0,-1000.0,0,0,-1000.0,-10200.0,0.0,0.0,-10200.0
9951,皇田,上櫃,46.4,-0.21505376344086022,2001.0,0,0,2001.0,92846.4,0.0,0.0,92846.4
9962,有益,上櫃,10.2,0.4926108374384237,-6000.0,0,0,-6000.0,-61199.99999999999,0.0,0.0,-61199.99999999999
