code,name,mkt,close,chg,foreign,trust,dealer,total,foreign_amt,trust_amt,dealer_amt,total_amt
00403A,主動統一升級50,上市,,,72392305.0,0,148151059.0,220543364.0,,,,
2409,友達,上市,,,81467389.0,4351327.0,5470493.0,91289209.0,,,,
00981A,主動統一台股增長,上市,,,66754590.0,0,19908324.0,86662914.0,,,,
00405A,主動富邦台灣龍耀,上市,,,4968000.0,0,53721760.0,58689760.0,,,,
00991A,主動復華未來50,上市,,,38966100.0,0,15392974.0,54359074.0,,,,
6770,力積電,上市,,,45435880.0,268938.0,4191705.0,49896523.0,,,,
00407A,主動凱基台灣,上市,,,12887500.0,0,34007117.0,46894617.0,,,,
00961,FT臺灣永續高息,上市,,,19275900.0,0,17908280.0,37184180.0,,,,
00982A,主動群益台灣強棒,上市,,,24332050.0,0,4704447.0,29036497.0,,,,
00988A,主動統一全球創新,上市,,,14644099.0,0,9428000.0,24072099.0,,,,
1326,台化,上市,,,22015353.0,85000.0,961753.0,23062106.0,,,,
2883,凱基金,上市,,,8029978.0,11313637.0,1801393.0,21145008.0,,,,
00409A,主動復華全球50,上市,,,11535000.0,0,7511380.0,19046380.0,,,,
4958,臻鼎-KY,上市,,,14023195.0,3289000.0,1351553.0,18663748.0,,,,
2886,兆豐金,上市,,,13683716.0,2421501.0,1504841.0,17610058.0,,,,
1301,台塑,上市,,,15022143.0,5000.0,598124.0,15625267.0,,,,
2492,華新科,上市,,,10009999.0,2539000.0,127974.0,12676973.0,,,,
3714,富采,上市,,,11334577.0,188000.0,115066.0,11637643.0,,,,
1314,中石化,上市,,,9720717.0,0,197000.0,9917717.0,,,,
00402A,主動安聯美國科技,上市,,,4621010.0,0,5222210.0,9843220.0,,,,
00400A,主動國泰動能高息,上市,,,7059500.0,0,1954652.0,9014152.0,,,,
3576,聯合再生,上市,,,8761249.0,0,-27000.0,8734249.0,,,,
2408,南亞科,上市,,,7170950.0,1136582.0,422993.0,8730525.0,,,,
6505,台塑化,上市,,,6740746.0,910000.0,373280.0,8024026.0,,,,
2303,聯電,上市,,,3674279.0,1863584.0,2299754.0,7837617.0,,,,
00999A,主動野村臺灣高息,上市,,,3975000.0,0,3144577.0,7119577.0,,,,
6116,彩晶,上市,,,6283900.0,0,750863.0,7034763.0,,,,
1303,南亞,上市,,,4864197.0,-74000.0,2119779.0,6909976.0,,,,
00990A,主動元大AI新經濟,上市,,,1731900.0,0,5133211.0,6865111.0,,,,
1605,華新,上市,,,6131326.0,-22479.0,483073.0,6591920.0,,,,
00993A,主動安聯台灣,上市,,,3009000.0,0,3524995.0,6533995.0,,,,
00997A,主動群益美國增長,上市,,,5443565.0,0,854889.0,6298454.0,,,,
8150,南茂,上市,,,5499673.0,354000.0,415309.0,6268982.0,,,,
3037,欣興,上市,,,5229662.0,657113.0,155256.0,6042031.0,,,,
2371,大同,上市,,,5599383.0,-15000.0,292936.0,5877319.0,,,,
009829,大華韓國KOSPI50,上市,,,-142300.0,0,5911061.0,5768761.0,,,,
00965,元大航太防衛科技,上市,,,753000.0,-350000.0,5258523.0,5661523.0,,,,
9933,中鼎,上市,,,6016455.0,-8800.0,-402561.0,5605094.0,,,,
1718,中纖,上市,,,4971476.0,-22000.0,335081.0,5284557.0,,,,
00881,國泰台灣科技龍頭,上市,,,2892295.0,0,2371826.0,5264121.0,,,,
1802,台玻,上市,,,4761052.0,15000.0,427084.0,5203136.0,,,,
2609,陽明,上市,,,5141071.0,-54000.0,48568.0,5135639.0,,,,
1727,中華化,上市,,,4868069.0,0,-15166.0,4852903.0,,,,
3481,群創,上市,,,2752216.0,36988.0,1860168.0,4649372.0,,,,
1409,新纖,上市,,,4862718.0,0,-274820.0,4587898.0,,,,
6120,達運,上市,,,4396429.0,0,-7279.0,4389150.0,,,,
2340,台亞,上市,,,4653095.0,0,-270095.0,4383000.0,,,,
00994A,主動第一金台股優,上市,,,2070150.0,0,2065683.0,4135833.0,,,,
3673,TPK-KY,上市,,,2544514.0,0,1308134.0,3852648.0,,,,
00935,野村臺灣新科技50,上市,,,103580.0,1186000.0,2529552.0,3819132.0,,,,
1313,聯成,上市,,,3684696.0,0,-6000.0,3678696.0,,,,
00900,富邦特選高股息30,上市,,,1508000.0,0,2016392.0,3524392.0,,,,
1709,和益,上市,,,3479000.0,0,-31108.0,3447892.0,,,,
00715L,期街口布蘭特正2,上市,,,1721000.0,0,1612408.0,3333408.0,,,,
2337,旺宏,上市,,,3598903.0,7000.0,-279420.0,3326483.0,,,,
009820,元大納斯達克精選,上市,,,-149000.0,0,3363528.0,3214528.0,,,,
2634,漢翔,上市,,,2802778.0,79000.0,272753.0,3154531.0,,,,
00980A,主動野村臺灣優選,上市,,,3389050.0,-4172000.0,3913546.0,3130596.0,,,,
2542,興富發,上市,,,3682238.0,-537200.0,-23830.0,3121208.0,,,,
2002,中鋼,上市,,,2999225.0,-48000.0,134486.0,3085711.0,,,,
8021,尖點,上市,,,2492339.0,552000.0,6696.0,3051035.0,,,,
2342,茂矽,上市,,,3039768.0,0,9292.0,3049060.0,,,,
1714,和桐,上市,,,2787318.0,-19000.0,253443.0,3021761.0,,,,
2882,國泰金,上市,,,1101739.0,1878525.0,-41166.0,2939098.0,,,,
6239,力成,上市,,,746632.0,18591.0,2033488.0,2798711.0,,,,
5880,合庫金,上市,,,2622937.0,189000.0,-64189.0,2747748.0,,,,
1310,台苯,上市,,,2738916.0,0,-20823.0,2718093.0,,,,
1312,國喬,上市,,,2572203.0,0,137679.0,2709882.0,,,,
2855,統一證,上市,,,2603812.0,21114.0,0,2624926.0,,,,
2892,第一金,上市,,,-2917289.0,5508867.0,15837.0,2607415.0,,,,
2412,中華電,上市,,,4034620.0,-1449684.0,-7000.0,2577936.0,,,,
00940,元大台灣價值高息,上市,,,-420875.0,0,2940839.0,2519964.0,,,,
3006,晶豪科,上市,,,2136881.0,0,363166.0,2500047.0,,,,
2327,國巨*,上市,,,-2786510.0,3822443.0,1461366.0,2497299.0,,,,
00951,台新日本半導體,上市,,,460936.0,0,2016409.0,2477345.0,,,,
4927,泰鼎-KY,上市,,,2391350.0,0,-48265.0,2343085.0,,,,
6834,天二科技,上市,,,2276809.0,-2000.0,52343.0,2327152.0,,,,
00685L,群益臺灣加權正2,上市,,,-13854000.0,0,16176609.0,2322609.0,,,,
00896,中信綠能及電動車,上市,,,347000.0,0,1942981.0,2289981.0,,,,
2347,聯強,上市,,,2124669.0,-101861.0,217877.0,2240685.0,,,,
2890,永豐金,上市,,,-1556003.0,2025179.0,1763213.0,2232389.0,,,,
2884,玉山金,上市,,,-4853435.0,5855959.0,1205248.0,2207772.0,,,,
1711,永光,上市,,,1869673.0,0,222120.0,2091793.0,,,,
2367,燿華,上市,,,1803759.0,0,272909.0,2076668.0,,,,
2313,華通,上市,,,1579056.0,136226.0,354859.0,2070141.0,,,,
2881,富邦金,上市,,,1076329.0,1043253.0,-66996.0,2052586.0,,,,
6257,矽格,上市,,,932338.0,877000.0,221173.0,2030511.0,,,,
1708,東鹼,上市,,,1903443.0,-5000.0,123820.0,2022263.0,,,,
00905,FT臺灣Smart,上市,,,569000.0,0,1439511.0,2008511.0,,,,
8110,華東,上市,,,1867739.0,0,128953.0,1996692.0,,,,
2603,長榮,上市,,,2885524.0,-1384024.0,359805.0,1861305.0,,,,
4960,誠美材,上市,,,1855078.0,0,-12799.0,1842279.0,,,,
2606,裕民,上市,,,1046526.0,643000.0,65037.0,1754563.0,,,,
00632R,元大台灣50反1,上市,,,-1696000.0,0,3410065.0,1714065.0,,,,
00408A,主動第一金優股息,上市,,,65000.0,0,1642891.0,1707891.0,,,,
1710,東聯,上市,,,1693292.0,0,3015.0,1696307.0,,,,
2444,兆勁,上市,,,1689260.0,0,-1000.0,1688260.0,,,,
3045,台灣大,上市,,,558811.0,773215.0,350866.0,1682892.0,,,,
3016,嘉晶,上市,,,1622876.0,0,32095.0,1654971.0,,,,
2399,映泰,上市,,,1720675.0,0,-66923.0,1653752.0,,,,
2332,友訊,上市,,,1615821.0,0,26000.0,1641821.0,,,,
8046,南電,上市,,,78235.0,1435864.0,125460.0,1639559.0,,,,
6672,騰輝電子-KY,上市,,,1617604.0,-2000.0,18881.0,1634485.0,,,,
00987A,主動台新優勢成長,上市,,,1175057.0,0,452726.0,1627783.0,,,,
2103,台橡,上市,,,1596961.0,0,23946.0,1620907.0,,,,
2305,全友,上市,,,1679236.0,-2000.0,-64039.0,1613197.0,,,,
1309,台達化,上市,,,1599377.0,0,5499.0,1604876.0,,,,
2436,偉詮電,上市,,,1582536.0,0,6252.0,1588788.0,,,,
2376,技嘉,上市,,,1334911.0,332281.0,-127829.0,1539363.0,,,,
2034,允強,上市,,,1568433.0,0,-89079.0,1479354.0,,,,
1305,華夏,上市,,,1454197.0,0,1110.0,1455307.0,,,,
1304,台聚,上市,,,1434244.0,0,-7399.0,1426845.0,,,,
2618,長榮航,上市,,,416024.0,300420.0,706959.0,1423403.0,,,,
009824,群益美國科技巨頭,上市,,,-29000.0,0,1450694.0,1421694.0,,,,
00676R,富邦臺灣加權反1,上市,,,46000.0,0,1340221.0,1386221.0,,,,
009802,富邦旗艦50,上市,,,-4704.0,0,1380654.0,1375950.0,,,,
6282,康舒,上市,,,1276070.0,-6000.0,84124.0,1354194.0,,,,
5876,上海商銀,上市,,,583015.0,162000.0,575314.0,1320329.0,,,,
00735,國泰臺韓科技,上市,,,143100.0,0,1135959.0,1279059.0,,,,
1402,遠東新,上市,,,1119113.0,118052.0,17832.0,1254997.0,,,,
3189,景碩,上市,,,755948.0,472000.0,21237.0,1249185.0,,,,
6202,盛群,上市,,,1136598.0,0,84424.0,1221022.0,,,,
3031,佰鴻,上市,,,1217633.0,0,0,1217633.0,,,,
6133,金橋,上市,,,1204126.0,0,-5000.0,1199126.0,,,,
2369,菱生,上市,,,1195911.0,0,-4443.0,1191468.0,,,,
2027,大成鋼,上市,,,761877.0,-34000.0,449048.0,1176925.0,,,,
3035,智原,上市,,,925129.0,0,239193.0,1164322.0,,,,
1440,南紡,上市,,,1183685.0,0,-35000.0,1148685.0,,,,
2377,微星,上市,,,1310.0,1020570.0,120612.0,1142492.0,,,,
6269,台郡,上市,,,1132455.0,0,7013.0,1139468.0,,,,
00830,國泰費城半導體,上市,,,874244.0,0,252000.0,1126244.0,,,,
3049,精金,上市,,,1046749.0,0,63831.0,1110580.0,,,,
5608,四維航,上市,,,1107024.0,0,2278.0,1109302.0,,,,
00693U,期街口S&P黃豆,上市,,,5.0,0,1065479.0,1065484.0,,,,
1504,東元,上市,,,962000.0,68003.0,29541.0,1059544.0,,,,
1434,福懋,上市,,,1037280.0,0,-9000.0,1028280.0,,,,
2393,億光,上市,,,1319452.0,-261652.0,-79603.0,978197.0,,,,
00936,台新永續高息中小,上市,,,827000.0,0,142379.0,969379.0,,,,
6531,愛普*,上市,,,681219.0,175000.0,88434.0,944653.0,,,,
1102,亞泥,上市,,,622416.0,-76160.0,397930.0,944186.0,,,,
2455,全新,上市,,,1386047.0,-1030000.0,551235.0,907282.0,,,,
3090,日電貿,上市,,,567820.0,346000.0,-31922.0,881898.0,,,,
4904,遠傳,上市,,,950694.0,-591000.0,509747.0,869441.0,,,,
00984A,主動安聯台灣高息,上市,,,81990.0,0,776829.0,858819.0,,,,
4916,事欣科,上市,,,836589.0,0,17455.0,854044.0,,,,
2338,光罩,上市,,,714287.0,0,121713.0,836000.0,,,,
2485,兆赫,上市,,,830628.0,0,3257.0,833885.0,,,,
00717,富邦美國特別股,上市,,,729000.0,0,95979.0,824979.0,,,,
3030,德律,上市,,,669648.0,0,150975.0,820623.0,,,,
2880,華南金,上市,,,-3103231.0,1953000.0,1961572.0,811341.0,,,,
2329,華泰,上市,,,795446.0,0,14844.0,810290.0,,,,
2352,佳世達,上市,,,813076.0,-13000.0,-7999.0,792077.0,,,,
2355,敬鵬,上市,,,747000.0,0,39034.0,786034.0,,,,
3711,日月光投控,上市,,,3128693.0,-2505594.0,152071.0,775170.0,,,,
1308,亞聚,上市,,,799512.0,0,-26678.0,772834.0,,,,
1721,國慶科技,上市,,,760316.0,0,2000.0,762316.0,,,,
2801,彰銀,上市,,,-10186319.0,11035000.0,-93143.0,755538.0,,,,
8131,福懋科,上市,,,741492.0,0,13385.0,754877.0,,,,
00982D,主動富邦動態入息,上市,,,53000.0,0,680350.0,733350.0,,,,
00923,群益台ESG低碳50,上市,,,66150.0,0,663832.0,729982.0,,,,
8215,明基材,上市,,,727396.0,-7000.0,-646.0,719750.0,,,,
2030,彰源,上市,,,684726.0,0,31000.0,715726.0,,,,
7788,松川精密,上市,,,567021.0,0,138352.0,705373.0,,,,
6438,迅得,上市,,,622166.0,0,74864.0,697030.0,,,,
6456,GIS-KY,上市,,,414198.0,0,276518.0,690716.0,,,,
6278,台表科,上市,,,1912651.0,-1386000.0,148892.0,675543.0,,,,
2441,超豐,上市,,,376310.0,215000.0,68993.0,660303.0,,,,
00932,兆豐永續高息等權,上市,,,10000.0,0,648830.0,658830.0,,,,
00641R,富邦日本反1,上市,,,0,0,650000.0,650000.0,,,,
00404A,主動聯博動能50,上市,,,22000.0,0,625953.0,647953.0,,,,
1608,華榮,上市,,,620344.0,-4939.0,464.0,615869.0,,,,
009804,聯邦台精彩50,上市,,,180200.0,0,434997.0,615197.0,,,,
2637,慧洋-KY,上市,,,537495.0,66720.0,-1350.0,602865.0,,,,
00945B,凱基美國非投等債,上市,,,4991000.0,0,-4397000.0,594000.0,,,,
6108,競國,上市,,,581481.0,0,2000.0,583481.0,,,,
5469,瀚宇博,上市,,,579350.0,0,-887.0,578463.0,,,,
2025,千興,上市,,,575860.0,0,0,575860.0,,,,
00671R,富邦NASDAQ反1,上市,,,0,0,565000.0,565000.0,,,,
2360,致茂,上市,,,1006191.0,-457551.0,15600.0,564240.0,,,,
2820,華票,上市,,,561689.0,0,-1000.0,560689.0,,,,
2466,冠西電,上市,,,537807.0,-4000.0,17899.0,551706.0,,,,
1528,恩德,上市,,,545446.0,0,-416.0,545030.0,,,,
6901,鑽石投資,上市,,,531560.0,0,11000.0,542560.0,,,,
6191,精成科,上市,,,528599.0,3000.0,10656.0,542255.0,,,,
3645,達邁,上市,,,551431.0,0,-12364.0,539067.0,,,,
2402,毅嘉,上市,,,536035.0,0,1932.0,537967.0,,,,
6442,光聖,上市,,,365309.0,56000.0,116239.0,537548.0,,,,
3167,大量,上市,,,489781.0,65000.0,-29495.0,525286.0,,,,
00680L,元大美債20正2,上市,,,1313000.0,0,-790761.0,522239.0,,,,
5285,界霖,上市,,,487383.0,0,33593.0,520976.0,,,,
00706L,期元大S&P日圓正2,上市,,,0,0,517446.0,517446.0,,,,
1609,大亞,上市,,,419211.0,0,97796.0,517007.0,,,,
3019,亞光,上市,,,483336.0,0,31462.0,514798.0,,,,
6962,奕力-KY,上市,,,512034.0,0,-521.0,511513.0,,,,
1717,長興,上市,,,444975.0,0,64808.0,509783.0,,,,
3605,宏致,上市,,,466755.0,79000.0,-41361.0,504394.0,,,,
3311,閎暉,上市,,,424000.0,0,78164.0,502164.0,,,,
3380,明泰,上市,,,484224.0,0,17391.0,501615.0,,,,
2023,燁輝,上市,,,517851.0,0,-17927.0,499924.0,,,,
6153,嘉聯益,上市,,,479426.0,0,17844.0,497270.0,,,,
00642U,期元大S&P石油,上市,,,-14111.0,0,507968.0,493857.0,,,,
3014,聯陽,上市,,,422795.0,65549.0,47.0,488391.0,,,,
2406,國碩,上市,,,481714.0,-7000.0,8465.0,483179.0,,,,
2413,環科,上市,,,468574.0,0,3242.0,471816.0,,,,
00663L,國泰臺灣加權正2,上市,,,-78000.0,0,549570.0,471570.0,,,,
1455,集盛,上市,,,472136.0,0,-5762.0,466374.0,,,,
6152,百一,上市,,,441400.0,0,16000.0,457400.0,,,,
2457,飛宏,上市,,,416045.0,0,40824.0,456869.0,,,,
00941,中信上游半導體,上市,,,78034.0,0,371819.0,449853.0,,,,
3591,艾笛森,上市,,,413836.0,0,26000.0,439836.0,,,,
00681R,元大美債20反1,上市,,,-70000.0,0,506000.0,436000.0,,,,
2069,運錩,上市,,,435829.0,0,0,435829.0,,,,
8926,台汽電,上市,,,429409.0,-5000.0,532.0,424941.0,,,,
2527,宏璟,上市,,,424000.0,0,-12539.0,411461.0,,,,
6196,帆宣,上市,,,435844.0,0,-25759.0,410085.0,,,,
3044,健鼎,上市,,,321577.0,5000.0,76830.0,403407.0,,,,
00981T,平衡凱基雙核收息,上市,,,-50000.0,0,444243.0,394243.0,,,,
00891,中信關鍵半導體,上市,,,711000.0,0,-321300.0,389700.0,,,,
2006,東和鋼鐵,上市,,,352902.0,-2258.0,29242.0,379886.0,,,,
3437,榮創,上市,,,373217.0,0,0,373217.0,,,,
6285,啟碁,上市,,,668196.0,-475234.0,178480.0,371442.0,,,,
00648R,元大S&P500反1,上市,,,0,0,369000.0,369000.0,,,,
2419,仲琦,上市,,,357449.0,0,3781.0,361230.0,,,,
8070,長華*,上市,,,316660.0,-3370.0,40886.0,354176.0,,,,
6213,聯茂,上市,,,-179351.0,271000.0,261014.0,352663.0,,,,
2328,廣宇,上市,,,118984.0,0,231638.0,350622.0,,,,
2614,東森,上市,,,344060.0,0,160.0,344220.0,,,,
2032,新鋼,上市,,,347045.0,0,-11627.0,335418.0,,,,
1773,勝一,上市,,,333093.0,0,-843.0,332250.0,,,,
1319,東陽,上市,,,329529.0,-2051.0,2970.0,330448.0,,,,
1316,上曜,上市,,,329013.0,0,1000.0,330013.0,,,,
2241,艾姆勒,上市,,,331102.0,0,-1218.0,329884.0,,,,
3042,晶技,上市,,,-398063.0,987000.0,-261384.0,327553.0,,,,
2426,鼎元,上市,,,389278.0,0,-61962.0,327316.0,,,,
9907,統一實,上市,,,335000.0,-8907.0,58.0,326151.0,,,,
00995A,主動中信台灣卓越,上市,,,217300.0,0,100274.0,317574.0,,,,
3029,零壹,上市,,,297000.0,-1661.0,21969.0,317308.0,,,,
00666R,富邦恒生國企反1,上市,,,0,0,316000.0,316000.0,,,,
00894,中信小資高價30,上市,,,136000.0,0,173998.0,309998.0,,,,
3060,銘異,上市,,,306540.0,-3000.0,5003.0,308543.0,,,,
5434,崇越,上市,,,267781.0,7000.0,33478.0,308259.0,,,,
009801,中信美國創新科技,上市,,,200000.0,0,100260.0,300260.0,,,,
3062,建漢,上市,,,231513.0,0,65990.0,297503.0,,,,
1514,亞力,上市,,,277673.0,20000.0,-1724.0,295949.0,,,,
1529,樂事綠能,上市,,,283291.0,0,10000.0,293291.0,,,,
6405,悅城,上市,,,291886.0,0,556.0,292442.0,,,,
5471,松翰,上市,,,284722.0,0,2000.0,286722.0,,,,
2891,中信金,上市,,,-2254112.0,1149716.0,1387462.0,283066.0,,,,
6443,元晶,上市,,,282532.0,0,-1042.0,281490.0,,,,
3535,晶彩科,上市,,,254008.0,0,25294.0,279302.0,,,,
6176,瑞儀,上市,,,273768.0,0,-185.0,273583.0,,,,
3665,貿聯-KY,上市,,,286477.0,4000.0,-17823.0,272654.0,,,,
3701,大眾控,上市,,,298465.0,0,-26793.0,271672.0,,,,
6668,中揚光,上市,,,264862.0,0,0,264862.0,,,,
6005,群益證,上市,,,264159.0,0,0,264159.0,,,,
6209,今國光,上市,,,326210.0,0,-65058.0,261152.0,,,,
00952,凱基台灣AI50,上市,,,16000.0,0,240853.0,256853.0,,,,
2476,鉅祥,上市,,,224568.0,0,30601.0,255169.0,,,,
1617,榮星,上市,,,253907.0,0,0,253907.0,,,,
3055,蔚華科,上市,,,231000.0,0,20000.0,251000.0,,,,
3583,辛耘,上市,,,209315.0,0,37229.0,246544.0,,,,
1560,中砂,上市,,,86020.0,148000.0,4712.0,238732.0,,,,
2031,新光鋼,上市,,,234925.0,-3897.0,890.0,231918.0,,,,
4766,南寶,上市,,,220395.0,0,9894.0,230289.0,,,,
3051,力特,上市,,,224007.0,0,4466.0,228473.0,,,,
2612,中航,上市,,,218169.0,0,3000.0,221169.0,,,,
3694,海華,上市,,,221028.0,0,-1000.0,220028.0,,,,
3305,昇貿,上市,,,198171.0,0,17152.0,215323.0,,,,
00986A,主動台新龍頭成長,上市,,,5000.0,0,209231.0,214231.0,,,,
00634R,富邦上証反1,上市,,,-5000.0,0,213000.0,208000.0,,,,
4526,東台,上市,,,216683.0,0,-10117.0,206566.0,,,,
4564,元翎,上市,,,201216.0,0,0,201216.0,,,,
00733,富邦臺灣中小,上市,,,301000.0,0,-100757.0,200243.0,,,,
2605,新興,上市,,,141740.0,0,57141.0,198881.0,,,,
6789,采鈺,上市,,,174029.0,1000.0,22686.0,197715.0,,,,
2495,普安,上市,,,200913.0,0,-3233.0,197680.0,,,,
00893,國泰智能電動車,上市,,,0,0,196815.0,196815.0,,,,
2302,麗正,上市,,,195567.0,-1000.0,1922.0,196489.0,,,,
5521,工信,上市,,,195589.0,0,0,195589.0,,,,
4956,光鋐,上市,,,195412.0,0,-119.0,195293.0,,,,
3550,聯穎,上市,,,195050.0,-2000.0,0,193050.0,,,,
3338,泰碩,上市,,,192819.0,0,0,192819.0,,,,
3040,遠見,上市,,,189000.0,0,0,189000.0,,,,
6691,洋基工程,上市,,,181272.0,17000.0,-10551.0,187721.0,,,,
6168,宏齊,上市,,,218000.0,0,-31000.0,187000.0,,,,
00911,兆豐洲際半導體,上市,,,-3985.0,0,188408.0,184423.0,,,,
2467,志聖,上市,,,177000.0,0,3474.0,180474.0,,,,
4739,康普,上市,,,154818.0,0,25004.0,179822.0,,,,
2420,新巨,上市,,,176725.0,0,3020.0,179745.0,,,,
8105,凌巨,上市,,,198335.0,0,-22000.0,176335.0,,,,
2033,佳大,上市,,,174000.0,0,-2.0,173998.0,,,,
3028,增你強,上市,,,178419.0,8600.0,-15000.0,172019.0,,,,
4720,德淵,上市,,,167000.0,0,4764.0,171764.0,,,,
00876,元大全球5G,上市,,,85000.0,0,84729.0,169729.0,,,,
3312,弘憶股,上市,,,184651.0,0,-15000.0,169651.0,,,,
2383,台光電,上市,,,2087.0,133705.0,32920.0,168712.0,,,,
1582,信錦,上市,,,166000.0,0,1001.0,167001.0,,,,
00770,國泰北美科技,上市,,,48000.0,0,116337.0,164337.0,,,,
2365,昆盈,上市,,,162000.0,0,0,162000.0,,,,
2543,皇昌,上市,,,133410.0,0,28001.0,161411.0,,,,
2421,建準,上市,,,84569.0,39000.0,37038.0,160607.0,,,,
2615,萬海,上市,,,-53611.0,41411.0,170539.0,158339.0,,,,
6235,華孚,上市,,,158000.0,0,-1925.0,156075.0,,,,
00913,兆豐台灣晶圓製造,上市,,,634000.0,0,-478950.0,155050.0,,,,
00916,國泰全球品牌50,上市,,,-4000.0,0,156902.0,152902.0,,,,
00946,群益科技高息成長,上市,,,4037.0,0,147492.0,151529.0,,,,
00902,中信電池及儲能,上市,,,96000.0,0,54407.0,150407.0,,,,
3005,神基,上市,,,28932.0,10368.0,110641.0,149941.0,,,,
3543,州巧,上市,,,147671.0,0,0,147671.0,,,,
00921,兆豐龍頭等權重,上市,,,2000.0,0,142979.0,144979.0,,,,
3050,鈺德,上市,,,144009.0,0,0,144009.0,,,,
1513,中興電,上市,,,50821.0,7722.0,82440.0,140983.0,,,,
00669R,國泰美國道瓊反1,上市,,,0,0,139000.0,139000.0,,,,
6742,澤米,上市,,,136183.0,0,529.0,136712.0,,,,
2427,三商電,上市,,,135293.0,0,1000.0,136293.0,,,,
4967,十銓,上市,,,151183.0,0,-15062.0,136121.0,,,,
2243,宏旭-KY,上市,,,137937.0,-1000.0,-1000.0,135937.0,,,,
2753,八方雲集,上市,,,132734.0,-925.0,3055.0,134864.0,,,,
2405,輔信,上市,,,111345.0,0,23000.0,134345.0,,,,
3024,憶聲,上市,,,133000.0,0,0,133000.0,,,,
00895,富邦未來車,上市,,,-1000.0,0,133098.0,132098.0,,,,
4949,有成精密,上市,,,132067.0,0,0,132067.0,,,,
4764,雙鍵,上市,,,111753.0,0,20148.0,131901.0,,,,
009811,統一美國50,上市,,,655000.0,0,-523119.0,131881.0,,,,
8213,志超,上市,,,130246.0,0,2.0,130248.0,,,,
2357,華碩,上市,,,56330.0,-35580.0,108592.0,129342.0,,,,
2009,第一銅,上市,,,122059.0,0,6792.0,128851.0,,,,
6415,矽力*-KY,上市,,,198056.0,-79230.0,9065.0,127891.0,,,,
6271,同欣電,上市,,,-26291.0,0,153564.0,127273.0,,,,
3058,立德,上市,,,127000.0,0,0,127000.0,,,,
3010,華立,上市,,,110608.0,-2000.0,17451.0,126059.0,,,,
2029,盛餘,上市,,,122530.0,0,1000.0,123530.0,,,,
00989A,主動摩根美國科技,上市,,,-9000.0,0,131623.0,122623.0,,,,
3059,華晶科,上市,,,128000.0,0,-5451.0,122549.0,,,,
3563,牧德,上市,,,117856.0,0,4247.0,122103.0,,,,
00901,永豐智能車供應鏈,上市,,,-2000.0,0,123793.0,121793.0,,,,
3504,揚明光,上市,,,122390.0,0,-645.0,121745.0,,,,
1218,泰山,上市,,,121000.0,0,0,121000.0,,,,
00861,元大全球未來通訊,上市,,,50900.0,0,69403.0,120303.0,,,,
6869,雲豹能源,上市,,,122060.0,0,-1861.0,120199.0,,,,
2401,凌陽,上市,,,-134891.0,0,254857.0,119966.0,,,,
8016,矽創,上市,,,48000.0,68202.0,2015.0,118217.0,,,,
5244,弘凱,上市,,,117780.0,0,0,117780.0,,,,
9136,巨騰-DR,上市,,,117000.0,0,608.0,117608.0,,,,
2617,台航,上市,,,118000.0,0,-932.0,117068.0,,,,
3047,訊舟,上市,,,117000.0,0,-477.0,116523.0,,,,
7768,頌勝科技,上市,,,115957.0,0,0,115957.0,,,,
1618,合機,上市,,,115500.0,0,0,115500.0,,,,
6525,捷敏-KY,上市,,,75539.0,-2887.0,42722.0,115374.0,,,,
00971,野村美國研發龍頭,上市,,,0,0,113825.0,113825.0,,,,
00949,復華日本龍頭,上市,,,-4000.0,0,117088.0,113088.0,,,,
3661,世芯-KY,上市,,,75675.0,6000.0,31410.0,113085.0,,,,
6189,豐藝,上市,,,106510.0,-3435.0,7055.0,110130.0,,,,
2428,興勤,上市,,,86956.0,-1000.0,23224.0,109180.0,,,,
1477,聚陽,上市,,,-6732.0,98254.0,17194.0,108716.0,,,,
2102,泰豐,上市,,,106752.0,0,0,106752.0,,,,
2349,錸德,上市,,,106051.0,0,0,106051.0,,,,
2014,中鴻,上市,,,118436.0,0,-13000.0,105436.0,,,,
6139,亞翔,上市,,,52488.0,37900.0,14067.0,104455.0,,,,
7711,永擎,上市,,,137884.0,0,-34349.0,103535.0,,,,
6515,穎崴,上市,,,98072.0,-1811.0,5548.0,101809.0,,,,
00915,凱基優選高股息30,上市,,,-47000.0,0,147497.0,100497.0,,,,
00954,中信日本半導體,上市,,,0,0,100410.0,100410.0,,,,
2206,三陽工業,上市,,,100000.0,0,2.0,100002.0,,,,
2478,大毅,上市,,,136253.0,-3000.0,-33444.0,99809.0,,,,
4566,時碩工業,上市,,,57515.0,0,40000.0,97515.0,,,,
00655L,國泰中國A50正2,上市,,,4000.0,0,93025.0,97025.0,,,,
00983A,主動中信ARK創新,上市,,,1000.0,0,95766.0,96766.0,,,,
2465,麗臺,上市,,,94107.0,0,2000.0,96107.0,,,,
2331,精英,上市,,,95826.0,0,0,95826.0,,,,
00651R,復華香港反1,上市,,,0,0,95583.0,95583.0,,,,
00983D,主動富邦複合收益,上市,,,217000.0,0,-123114.0,93886.0,,,,
4755,三福化,上市,,,116175.0,0,-23000.0,93175.0,,,,
2388,威盛,上市,,,87580.0,0,2786.0,90366.0,,,,
3533,嘉澤,上市,,,92324.0,-3000.0,830.0,90154.0,,,,
8404,百和興業-KY,上市,,,82000.0,0,7000.0,89000.0,,,,
2207,和泰車,上市,,,84346.0,2000.0,1379.0,87725.0,,,,
4952,凌通,上市,,,83001.0,0,4631.0,87632.0,,,,
4934,太極,上市,,,87491.0,0,0,87491.0,,,,
5243,乙盛-KY,上市,,,117035.0,0,-31244.0,85791.0,,,,
6224,聚鼎,上市,,,86500.0,0,-1000.0,85500.0,,,,
2493,揚博,上市,,,76383.0,-2000.0,9997.0,84380.0,,,,
1809,中釉,上市,,,10694.0,0,72998.0,83692.0,,,,
4770,上品,上市,,,88000.0,0,-4402.0,83598.0,,,,
1616,億泰,上市,,,81000.0,0,0,81000.0,,,,
00944,野村趨勢動能高息,上市,,,11000.0,0,68311.0,79311.0,,,,
8104,錸寶,上市,,,79128.0,0,0,79128.0,,,,
8222,寶一,上市,,,79000.0,0,0,79000.0,,,,
020039,元大加權N,上市,,,0,0,79000.0,79000.0,,,,
6558,興能高,上市,,,78854.0,0,0,78854.0,,,,
8033,雷虎,上市,,,84107.0,-3000.0,-2660.0,78447.0,,,,
6937,天虹,上市,,,73099.0,0,4043.0,77142.0,,,,
2468,華經,上市,,,77000.0,0,0,77000.0,,,,
3515,華擎,上市,,,76409.0,0,104.0,76513.0,,,,
6695,芯鼎,上市,,,76806.0,0,-764.0,76042.0,,,,
6412,群電,上市,,,78130.0,0,-2110.0,76020.0,,,,
2440,太空梭,上市,,,76000.0,0,0,76000.0,,,,
5222,全訊,上市,,,77410.0,-1000.0,-560.0,75850.0,,,,
009819,中信數據及電力,上市,,,24000.0,0,51426.0,75426.0,,,,
8201,無敵,上市,,,74060.0,0,0,74060.0,,,,
1712,興農,上市,,,73000.0,0,521.0,73521.0,,,,
8249,菱光,上市,,,77000.0,0,-4000.0,73000.0,,,,
00638R,元大滬深300反1,上市,,,0,0,71670.0,71670.0,,,,
8081,致新,上市,,,70945.0,6000.0,-6001.0,70944.0,,,,
2108,南帝,上市,,,73353.0,0,-3165.0,70188.0,,,,
00701,國泰股利精選30,上市,,,24000.0,0,46056.0,70056.0,,,,
6799,來頡,上市,,,69977.0,0,0,69977.0,,,,
00982T,平衡兆豐台美動能,上市,,,0,0,68396.0,68396.0,,,,
2460,建通,上市,,,68000.0,0,0,68000.0,,,,
4562,穎漢,上市,,,68000.0,0,0,68000.0,,,,
3557,嘉威,上市,,,68000.0,0,0,68000.0,,,,
6215,和椿,上市,,,65100.0,0,2000.0,67100.0,,,,
00903,富邦元宇宙,上市,,,0,0,67065.0,67065.0,,,,
1503,士電,上市,,,49189.0,4798.0,12676.0,66663.0,,,,
6854,錼創科技-KY創,上市,,,65340.0,0,1304.0,66644.0,,,,
3708,上緯投控,上市,,,64000.0,-1000.0,1631.0,64631.0,,,,
4976,佳凌,上市,,,64010.0,0,0,64010.0,,,,
3041,揚智,上市,,,62720.0,0,1000.0,63720.0,,,,
00910,第一金太空衛星,上市,,,31000.0,0,32630.0,63630.0,,,,
2105,正新,上市,,,-471000.0,115913.0,418085.0,62998.0,,,,
3704,合勤控,上市,,,67494.0,0,-7478.0,60016.0,,,,
1735,日勝化,上市,,,59000.0,0,0,59000.0,,,,
009818,華南永昌NASDAQxT,上市,,,1000.0,0,57768.0,58768.0,,,,
1467,南緯,上市,,,62000.0,0,-5996.0,56004.0,,,,
9914,美利達,上市,,,56000.0,0,-553.0,55447.0,,,,
6243,迅杰,上市,,,55101.0,0,0,55101.0,,,,
2534,宏盛,上市,,,55100.0,0,0,55100.0,,,,
00675L,富邦臺灣加權正2,上市,,,-2000.0,0,55953.0,53953.0,,,,
00645,富邦日本,上市,,,0,68000.0,-16667.0,51333.0,,,,
00410A,主動永豐科技趨勢,上市,,,-130000.0,0,181105.0,51105.0,,,,
4999,鑫禾,上市,,,50000.0,0,556.0,50556.0,,,,
6585,鼎基,上市,,,49903.0,0,206.0,50109.0,,,,
6794,向榮生技,上市,,,50000.0,0,0,50000.0,,,,
3257,虹冠電,上市,,,50000.0,0,0,50000.0,,,,
1598,岱宇,上市,,,49901.0,0,24.0,49925.0,,,,
00690,兆豐藍籌30,上市,,,-730.0,0,50022.0,49292.0,,,,
2458,義隆,上市,,,-59107.0,143805.0,-35546.0,49152.0,,,,
2374,佳能,上市,,,51023.0,0,-2343.0,48680.0,,,,
6573,虹揚-KY,上市,,,46000.0,0,2000.0,48000.0,,,,
5258,虹堡,上市,,,47064.0,0,0,47064.0,,,,
6719,力智,上市,,,46000.0,0,794.0,46794.0,,,,
7689,大鵬科CLMX,上市,,,45671.0,0,1000.0,46671.0,,,,
1476,儒鴻,上市,,,650.0,38126.0,7760.0,46536.0,,,,
3413,京鼎,上市,,,36127.0,0,10000.0,46127.0,,,,
3023,信邦,上市,,,-18488.0,30000.0,33839.0,45351.0,,,,
2351,順德,上市,,,46500.0,0,-1369.0,45131.0,,,,
3652,精聯,上市,,,40000.0,0,5000.0,45000.0,,,,
8454,富邦媒,上市,,,46777.0,276.0,-2250.0,44803.0,,,,
2250,IKKA-KY,上市,,,44000.0,0,60.0,44060.0,,,,
00960,野村全球航運龍頭,上市,,,368024.0,0,-324899.0,43125.0,,,,
4807,日成-KY,上市,,,42000.0,0,1000.0,43000.0,,,,
8011,台通,上市,,,43000.0,0,0,43000.0,,,,
1563,巧新,上市,,,42532.0,0,158.0,42690.0,,,,
3022,威強電,上市,,,43000.0,0,-608.0,42392.0,,,,
3346,麗清,上市,,,44000.0,0,-2039.0,41961.0,,,,
2397,友通,上市,,,40930.0,0,1000.0,41930.0,,,,
9939,宏全,上市,,,42000.0,-1448.0,1086.0,41638.0,,,,
00692,富邦公司治理,上市,,,6015.0,0,35607.0,41622.0,,,,
00737,國泰AI機器人,上市,,,-32000.0,0,73181.0,41181.0,,,,
1713,國化,上市,,,41110.0,0,0,41110.0,,,,
7818,溢泰實業,上市,,,41000.0,0,0,41000.0,,,,
2731,雄獅,上市,,,40000.0,0,0,40000.0,,,,
2059,川湖,上市,,,55.0,24500.0,14219.0,38774.0,,,,
6743,安普新,上市,,,37675.0,0,1000.0,38675.0,,,,
9921,巨大,上市,,,30000.0,0,8469.0,38469.0,,,,
1442,名軒,上市,,,42000.0,0,-4000.0,38000.0,,,,
3043,科風,上市,,,39000.0,0,-1000.0,38000.0,,,,
2611,志信,上市,,,38000.0,0,0,38000.0,,,,
6689,伊雲谷,上市,,,37766.0,0,28.0,37794.0,,,,
8072,陞泰,上市,,,36000.0,0,0,36000.0,,,,
8473,山林水,上市,,,35000.0,0,0,35000.0,,,,
1702,南僑,上市,,,35000.0,0,0,35000.0,,,,
00762,元大全球AI,上市,,,70000.0,0,-35367.0,34633.0,,,,
6830,汎銓,上市,,,26174.0,0,7879.0,34053.0,,,,
3138,耀登,上市,,,35429.0,0,-1492.0,33937.0,,,,
3135,凌航,上市,,,33249.0,0,109.0,33358.0,,,,
0051,元大中型100,上市,,,1000.0,0,32000.0,33000.0,,,,
5706,鳳凰,上市,,,39000.0,0,-7009.0,31991.0,,,,
6715,嘉基,上市,,,31263.0,0,-287.0,30976.0,,,,
00401A,主動摩根台灣鑫收,上市,,,574000.0,0,-543104.0,30896.0,,,,
1536,和大,上市,,,30400.0,0,-130.0,30270.0,,,,
020031,統一IC設計臺灣N,上市,,,0,0,30000.0,30000.0,,,,
8162,微矽電子-創,上市,,,29950.0,0,-68.0,29882.0,,,,
7786,東方風能,上市,,,29000.0,0,0,29000.0,,,,
2425,承啟,上市,,,30000.0,-1000.0,0,29000.0,,,,
7822,倍利科,上市,,,23479.0,0,5081.0,28560.0,,,,
6768,志強-KY,上市,,,30000.0,-1982.0,482.0,28500.0,,,,
7740,熙特爾-創,上市,,,26208.0,0,48.0,26256.0,,,,
2613,中櫃,上市,,,26150.0,0,0,26150.0,,,,
3032,偉訓,上市,,,25432.0,0,0,25432.0,,,,
4545,銘鈺,上市,,,25000.0,0,0,25000.0,,,,
6165,浪凡,上市,,,28000.0,0,-3000.0,25000.0,,,,
1340,勝悅-KY,上市,,,25000.0,0,0,25000.0,,,,
1733,五鼎,上市,,,24494.0,0,0,24494.0,,,,
2887Z1,台新新光己特,上市,,,24000.0,0,0,24000.0,,,,
3003,健和興,上市,,,20279.0,0,3584.0,23863.0,,,,
7795,長廣,上市,,,26114.0,17000.0,-19387.0,23727.0,,,,
2453,凌群,上市,,,23000.0,0,0,23000.0,,,,
7780,大研生醫*,上市,,,349000.0,-322000.0,-4328.0,22672.0,,,,
6477,安集,上市,,,23480.0,0,-1000.0,22480.0,,,,
3002,歐格,上市,,,22000.0,0,0,22000.0,,,,
1558,伸興,上市,,,20894.0,0,314.0,21208.0,,,,
2462,良得電,上市,,,21000.0,0,0,21000.0,,,,
00653L,富邦印度正2,上市,,,-8000.0,0,29000.0,21000.0,,,,
009809,富邦淨零ESG50,上市,,,-1000.0,0,21259.0,20259.0,,,,
4590,富田-創,上市,,,19000.0,0,367.0,19367.0,,,,
006205,富邦上証,上市,,,-3000.0,102000.0,-79855.0,19145.0,,,,
1219,福壽,上市,,,19060.0,0,0,19060.0,,,,
1342,八貫,上市,,,19419.0,0,-915.0,18504.0,,,,
6957,裕慶-KY,上市,,,17450.0,0,1000.0,18450.0,,,,
00730,富邦臺灣優質高息,上市,,,4100.0,0,14346.0,18446.0,,,,
2482,連宇,上市,,,18000.0,0,0,18000.0,,,,
6947,台鎔科技,上市,,,17950.0,0,-117.0,17833.0,,,,
8478,東哥遊艇,上市,,,17290.0,0,0,17290.0,,,,
5225,東科-KY,上市,,,17000.0,0,0,17000.0,,,,
1808,潤隆,上市,,,24000.0,0,-7000.0,17000.0,,,,
6914,阜爾運通,上市,,,16584.0,0,0,16584.0,,,,
3622,洋華,上市,,,14940.0,0,1422.0,16362.0,,,,
2607,榮運,上市,,,16730.0,0,-472.0,16258.0,,,,
00850,元大臺灣ESG永續,上市,,,-7880.0,0,23913.0,16033.0,,,,
6431,光麗-KY,上市,,,16000.0,0,0,16000.0,,,,
1325,恆大,上市,,,15997.0,0,0,15997.0,,,,
2480,敦陽科,上市,,,15056.0,-1161.0,2005.0,15900.0,,,,
7827,漢康-KY創,上市,,,17658.0,0,-2040.0,15618.0,,,,
6658,聯策,上市,,,14045.0,0,1022.0,15067.0,,,,
4737,華廣,上市,,,15000.0,0,0,15000.0,,,,
4104,佳醫,上市,,,15000.0,0,0,15000.0,,,,
2007,燁興,上市,,,15000.0,0,0,15000.0,,,,
6526,達發,上市,,,7599.0,22000.0,-14613.0,14986.0,,,,
6944,兆聯實業,上市,,,36178.0,0,-21228.0,14950.0,,,,
8114,振樺電,上市,,,19000.0,-2000.0,-2239.0,14761.0,,,,
2545,皇翔,上市,,,14000.0,0,266.0,14266.0,,,,
2850,新產,上市,,,19144.0,0,-5139.0,14005.0,,,,
02001L,富邦蘋果正二N,上市,,,0,0,14000.0,14000.0,,,,
6112,邁達特,上市,,,16000.0,0,-2340.0,13660.0,,,,
911868,同方友友-DR,上市,,,13000.0,0,0,13000.0,,,,
1522,堤維西,上市,,,12980.0,0,0,12980.0,,,,
6534,正瀚-創,上市,,,14963.0,0,-2388.0,12575.0,,,,
1734,杏輝,上市,,,12551.0,0,0,12551.0,,,,
009808,華南永昌優選50,上市,,,-1000.0,0,13000.0,12000.0,,,,
8442,威宏-KY,上市,,,17000.0,0,-5000.0,12000.0,,,,
7730,暉盛-創,上市,,,13000.0,0,-1473.0,11527.0,,,,
8045,達運光電,上市,,,13000.0,0,-1560.0,11440.0,,,,
2851,中再保,上市,,,42940.0,0,-31848.0,11092.0,,,,
2497,怡利電,上市,,,11000.0,0,46.0,11046.0,,,,
00920,富邦ESG綠色電力,上市,,,-1196.0,0,12236.0,11040.0,,,,
00708L,期元大S&P黃金正2,上市,,,-214000.0,13000.0,212032.0,11032.0,,,,
2887G,台新新光庚特一,上市,,,11000.0,0,0,11000.0,,,,
3027,盛達,上市,,,10000.0,0,0,10000.0,,,,
3447,展達,上市,,,10000.0,0,0,10000.0,,,,
2415,錩新,上市,,,11000.0,-2000.0,1000.0,10000.0,,,,
6916,華凌,上市,,,9000.0,0,143.0,9143.0,,,,
3432,台端,上市,,,9000.0,0,0,9000.0,,,,
3530,晶相光,上市,,,10000.0,0,-1000.0,9000.0,,,,
3712,永崴投控,上市,,,9000.0,0,0,9000.0,,,,
3057,喬鼎,上市,,,9000.0,0,0,9000.0,,,,
2451,創見,上市,,,-111297.0,117300.0,2951.0,8954.0,,,,
3593,力銘,上市,,,8000.0,0,0,8000.0,,,,
3321,同泰,上市,,,9000.0,0,-1000.0,8000.0,,,,
2636,台驊控股,上市,,,7170.0,0,691.0,7861.0,,,,
4588,玖鼎電力,上市,,,7000.0,0,60.0,7060.0,,,,
2432,倚天酷碁-創,上市,,,-3000.0,0,10000.0,7000.0,,,,
4569,六方科-KY,上市,,,7000.0,0,0,7000.0,,,,
6464,台數科,上市,,,7000.0,0,0,7000.0,,,,
6201,亞弘電,上市,,,7000.0,0,0,7000.0,,,,
9917,中保科,上市,,,-3380.0,10000.0,0,6620.0,,,,
3528,安馳,上市,,,3187.0,0,3000.0,6187.0,,,,
4133,亞諾法,上市,,,6000.0,0,0,6000.0,,,,
6115,鎰勝,上市,,,6000.0,0,0,6000.0,,,,
020028,元大特選電動車N,上市,,,0,0,6000.0,6000.0,,,,
4536,拓凱,上市,,,5000.0,0,900.0,5900.0,,,,
00674R,期元大S&P黃金反1,上市,,,0,0,5670.0,5670.0,,,,
2247,汎德永業,上市,,,4440.0,0,1000.0,5440.0,,,,
6906,現觀科,上市,,,5000.0,0,6.0,5006.0,,,,
6625,必應,上市,,,5000.0,0,0,5000.0,,,,
020036,元大金融配息N,上市,,,0,0,5000.0,5000.0,,,,
1432,大魯閣,上市,,,5000.0,0,0,5000.0,,,,
6796,晉弘,上市,,,5000.0,0,0,5000.0,,,,
6552,易華電,上市,,,5000.0,0,0,5000.0,,,,
1220,台榮,上市,,,5264.0,0,-288.0,4976.0,,,,
2010,春源,上市,,,-5250.0,0,9709.0,4459.0,,,,
00783,富邦中証500,上市,,,0,0,4370.0,4370.0,,,,
7722,LINEPAY,上市,,,5292.0,-1000.0,0,4292.0,,,,
2887H,台新新光庚特二,上市,,,4000.0,0,0,4000.0,,,,
1337,再生-KY,上市,,,4000.0,0,0,4000.0,,,,
020030,統一智慧電動車N,上市,,,0,0,4000.0,4000.0,,,,
7812,稜研科技*-創,上市,,,-11000.0,0,14959.0,3959.0,,,,
6862,三集瑞-KY,上市,,,4000.0,0,-253.0,3747.0,,,,
4119,旭富,上市,,,1052.0,0,2229.0,3281.0,,,,
4137,麗豐-KY,上市,,,2154.0,0,1000.0,3154.0,,,,
4571,鈞興-KY,上市,,,8005.0,0,-5000.0,3005.0,,,,
4190,佐登-KY,上市,,,3000.0,0,0,3000.0,,,,
4438,廣越,上市,,,3000.0,0,0,3000.0,,,,
3679,新至陞,上市,,,3000.0,0,0,3000.0,,,,
8429,金麗-KY,上市,,,3000.0,0,0,3000.0,,,,
00771,元大US高息特別股,上市,,,0,0,3000.0,3000.0,,,,
2314,台揚,上市,,,3000.0,0,0,3000.0,,,,
020037,元大金融高股息N,上市,,,0,0,3000.0,3000.0,,,,
2891C,中信金丙特,上市,,,0,0,3000.0,3000.0,,,,
7631,聚賢研發-創,上市,,,3000.0,0,-29.0,2971.0,,,,
8499,鼎炫-KY,上市,,,3000.0,0,-100.0,2900.0,,,,
00682U,期元大美元指數,上市,,,0,0,2894.0,2894.0,,,,
00683L,期元大美元指正2,上市,,,0,0,2500.0,2500.0,,,,
2417,圓剛,上市,,,2022.0,0,0,2022.0,,,,
2237,華德動能-創,上市,,,2000.0,0,0,2000.0,,,,
1732,毛寶,上市,,,2000.0,0,0,2000.0,,,,
020029,元大ESG高股息N,上市,,,0,0,2000.0,2000.0,,,,
7835,永悅健康-創,上市,,,3000.0,0,-1000.0,2000.0,,,,
7732,金興精密,上市,,,2000.0,0,0,2000.0,,,,
7721,微程式,上市,,,2000.0,0,0,2000.0,,,,
6835,圓裕,上市,,,2000.0,0,0,2000.0,,,,
2882B,國泰金乙特,上市,,,0,0,2000.0,2000.0,,,,
1760,寶齡富錦,上市,,,2000.0,0,0,2000.0,,,,
4736,泰博,上市,,,1965.0,0,0,1965.0,,,,
1449,佳和,上市,,,2724.0,0,-773.0,1951.0,,,,
2496,卓越,上市,,,1900.0,0,0,1900.0,,,,
6197,佳必琪,上市,,,-58805.0,40000.0,20643.0,1838.0,,,,
5388,中磊,上市,,,11642.0,0,-10247.0,1395.0,,,,
6955,邦睿生技-創,上市,,,-3225.0,0,4475.0,1250.0,,,,
2228,劍麟,上市,,,1030.0,0,219.0,1249.0,,,,
00636K,國泰中國A50+U,上市,,,0,0,1100.0,1100.0,,,,
6776,展碁國際,上市,,,-5000.0,0,6026.0,1026.0,,,,
2387,精元,上市,,,1000.0,0,20.0,1020.0,,,,
2248,華勝-KY,上市,,,-5000.0,0,6000.0,1000.0,,,,
1603,華電,上市,,,1000.0,0,0,1000.0,,,,
020000,富邦特選蘋果N,上市,,,0,0,1000.0,1000.0,,,,
020032,元大綠能N,上市,,,0,0,1000.0,1000.0,,,,
020034,元大IC設計N,上市,,,0,0,1000.0,1000.0,,,,
6674,鋐寶科技,上市,,,1000.0,0,0,1000.0,,,,
8488,吉源-KY,上市,,,0,0,1000.0,1000.0,,,,
8940,新天地,上市,,,1000.0,0,0,1000.0,,,,
3168,眾福科,上市,,,1000.0,0,0,1000.0,,,,
6807,峰源-KY,上市,,,1000.0,0,0,1000.0,,,,
9919,康那香,上市,,,1000.0,0,0,1000.0,,,,
6771,平和環保-創,上市,,,1000.0,0,0,1000.0,,,,
1418,東華,上市,,,1000.0,0,0,1000.0,,,,
6924,榮惠-KY創,上市,,,680.0,0,94.0,774.0,,,,
00661,元大日經225,上市,,,0,0,481.0,481.0,,,,
006204,永豐臺灣加權,上市,,,0,0,310.0,310.0,,,,
4583,台灣精銳,上市,,,0,0,127.0,127.0,,,,
006203,元大MSCI台灣,上市,,,0,0,122.0,122.0,,,,
7765,中華資安,上市,,,38.0,0,0,38.0,,,,
9906,欣巴巴,上市,,,0,0,0,0,,,,
6230,尼得科超眾,上市,,,0,0,0,0,,,,
4439,冠星-KY,上市,,,0,0,0,0,,,,
3164,景岳,上市,,,0,0,0,0,,,,
2748,雲品,上市,,,0,0,0,0,,,,
00668K,國泰美國道瓊+U,上市,,,0,0,0,0,,,,
00657K,國泰日經225+U,上市,,,0,0,0,0,,,,
00851,台新全球AI,上市,,,7000.0,0,-7000.0,0,,,,
00736,國泰新興市場,上市,,,0,0,0,0,,,,
1410,南染,上市,,,0,0,0,0,,,,
1752,南光,上市,,,0,0,0,0,,,,
1786,科妍,上市,,,0,0,0,0,,,,
6951,青新-創,上市,,,0,0,0,0,,,,
7823,奧義賽博-KY創,上市,,,-1000.0,0,1000.0,0,,,,
8487,愛爾達-創,上市,,,0,0,-5.0,-5.0,,,,
4582,聚恆-創,上市,,,0,0,-150.0,-150.0,,,,
6277,宏正,上市,,,-125.0,0,-25.0,-150.0,,,,
1612,宏泰,上市,,,-626.0,-4561.0,4194.0,-993.0,,,,
1539,巨庭,上市,,,-1000.0,0,0,-1000.0,,,,
1776,展宇,上市,,,-1000.0,0,0,-1000.0,,,,
1783,和康生,上市,,,-1000.0,0,0,-1000.0,,,,
2642,宅配通,上市,,,-1000.0,0,0,-1000.0,,,,
1423,利華,上市,,,-1000.0,0,0,-1000.0,,,,
1108,幸福,上市,,,-1000.0,0,0,-1000.0,,,,
01007T,兆豐國泰R2,上市,,,-1000.0,0,0,-1000.0,,,,
911608,明輝-DR,上市,,,-1000.0,0,0,-1000.0,,,,
6936,永鴻生技,上市,,,-1000.0,0,0,-1000.0,,,,
6671,三能-KY,上市,,,-1000.0,0,0,-1000.0,,,,
6657,華安,上市,,,0,0,-1000.0,-1000.0,,,,
6641,基士德-KY,上市,,,-1000.0,0,0,-1000.0,,,,
4581,光隆精密-KY,上市,,,-1000.0,0,0,-1000.0,,,,
4572,駐龍,上市,,,-1000.0,0,0,-1000.0,,,,
5906,台南-KY,上市,,,-1000.0,0,0,-1000.0,,,,
3150,鈺寶-創,上市,,,-5000.0,0,3985.0,-1015.0,,,,
1413,宏洲,上市,,,-1000.0,0,-142.0,-1142.0,,,,
00657,國泰日經225,上市,,,-1000.0,0,-160.0,-1160.0,,,,
5215,科嘉-KY,上市,,,-2000.0,0,600.0,-1400.0,,,,
00731,復華富時高息低波,上市,,,25000.0,0,-26404.0,-1404.0,,,,
6902,GOGOLOOK,上市,,,-1408.0,0,0,-1408.0,,,,
3004,豐達科,上市,,,-1512.0,0,-31.0,-1543.0,,,,
9942,茂順,上市,,,-1960.0,0,0,-1960.0,,,,
9926,新海,上市,,,-2000.0,0,0,-2000.0,,,,
8443,阿瘦,上市,,,-2000.0,0,0,-2000.0,,,,
6918,愛派司,上市,,,-2000.0,0,0,-2000.0,,,,
6887,寶綠特-KY,上市,,,-2000.0,0,0,-2000.0,,,,
6921,嘉雨思-創,上市,,,1000.0,0,-3000.0,-2000.0,,,,
6614,資拓宏宇,上市,,,-2000.0,0,0,-2000.0,,,,
4155,訊映,上市,,,-2000.0,0,0,-2000.0,,,,
4169,泰宗,上市,,,-2000.0,0,0,-2000.0,,,,
1233,天仁,上市,,,-2000.0,0,0,-2000.0,,,,
1339,昭輝,上市,,,-2000.0,0,0,-2000.0,,,,
1583,程泰,上市,,,-2000.0,0,0,-2000.0,,,,
1521,大億,上市,,,-2000.0,0,0,-2000.0,,,,
4414,如興,上市,,,-5000.0,0,3000.0,-2000.0,,,,
0057,富邦摩台,上市,,,4000.0,0,-6000.0,-2000.0,,,,
1341,富林-KY,上市,,,-2000.0,0,0,-2000.0,,,,
5236,凌陽創新,上市,,,-2118.0,0,0,-2118.0,,,,
6451,訊芯-KY,上市,,,-16809.0,0,14420.0,-2389.0,,,,
1530,亞崴,上市,,,-3640.0,0,1000.0,-2640.0,,,,
2348,海悅,上市,,,-4220.0,0,1542.0,-2678.0,,,,
1525,江申,上市,,,-2000.0,0,-953.0,-2953.0,,,,
00775B,台新投等債15+,上市,,,92000.0,0,-94954.0,-2954.0,,,,
6136,富爾特,上市,,,-3000.0,0,4.0,-2996.0,,,,
2904,匯僑,上市,,,-3000.0,0,0,-3000.0,,,,
2911,麗嬰房,上市,,,-3000.0,0,0,-3000.0,,,,
6281,全國電,上市,,,-3000.0,0,0,-3000.0,,,,
6655,科定,上市,,,-3000.0,0,0,-3000.0,,,,
6666,羅麗芬-KY,上市,,,-3000.0,0,0,-3000.0,,,,
8481,政伸,上市,,,-3000.0,0,0,-3000.0,,,,
9924,福興,上市,,,-3000.0,0,0,-3000.0,,,,
7705,三商餐飲,上市,,,-3000.0,0,0,-3000.0,,,,
00656R,國泰中國A50反1,上市,,,-150000.0,0,147000.0,-3000.0,,,,
1445,大宇,上市,,,-3000.0,0,0,-3000.0,,,,
1817,凱撒衛,上市,,,-3000.0,0,0,-3000.0,,,,
2015,豐興,上市,,,-3000.0,0,0,-3000.0,,,,
2114,鑫永銓,上市,,,-3000.0,0,0,-3000.0,,,,
2115,六暉-KY,上市,,,-3000.0,0,0,-3000.0,,,,
3052,夆典,上市,,,-3000.0,0,0,-3000.0,,,,
6272,驊陞,上市,,,-3000.0,0,0,-3000.0,,,,
1730,花仙子,上市,,,-3000.0,0,0,-3000.0,,,,
1470,大統新創,上市,,,-3000.0,0,0,-3000.0,,,,
9929,秋雨,上市,,,-3000.0,0,0,-3000.0,,,,
6645,金萬林-創,上市,,,-3000.0,0,-1.0,-3001.0,,,,
00703,台新MSCI中國,上市,,,0,0,-3183.0,-3183.0,,,,
4106,雃博,上市,,,-4000.0,0,480.0,-3520.0,,,,
8462,柏文,上市,,,-4000.0,0,212.0,-3788.0,,,,
1615,大山,上市,,,-3820.0,0,0,-3820.0,,,,
8374,羅昇,上市,,,10000.0,0,-13952.0,-3952.0,,,,
1439,雋揚,上市,,,-4000.0,0,1.0,-3999.0,,,,
2239,英利-KY,上市,,,-4000.0,0,0,-4000.0,,,,
2424,隴華,上市,,,-4000.0,0,0,-4000.0,,,,
1441,大東,上市,,,-4000.0,0,0,-4000.0,,,,
1438,三地開發,上市,,,-5000.0,0,1000.0,-4000.0,,,,
1474,弘裕,上市,,,-4000.0,0,0,-4000.0,,,,
00689R,國泰20年美債反1,上市,,,0,0,-4000.0,-4000.0,,,,
00702,國泰標普低波高息,上市,,,0,0,-4000.0,-4000.0,,,,
8467,波力-KY,上市,,,-4000.0,0,0,-4000.0,,,,
9944,新麗,上市,,,-4000.0,0,0,-4000.0,,,,
6216,居易,上市,,,-4000.0,0,0,-4000.0,,,,
2910,統領,上市,,,-4000.0,0,0,-4000.0,,,,
2939,永邑-KY,上市,,,-4000.0,0,0,-4000.0,,,,
2712,遠雄來,上市,,,-4000.0,0,0,-4000.0,,,,
3054,立萬利,上市,,,-4000.0,0,0,-4000.0,,,,
3494,誠研,上市,,,-4000.0,0,0,-4000.0,,,,
5546,永固-KY,上市,,,-4000.0,0,0,-4000.0,,,,
4935,茂林-KY,上市,,,-4000.0,0,0,-4000.0,,,,
6952,大武山,上市,,,-4000.0,0,0,-4000.0,,,,
1516,川飛,上市,,,-4000.0,0,0,-4000.0,,,,
1256,鮮活果汁-KY,上市,,,-4010.0,0,0,-4010.0,,,,
00728,第一金工業30,上市,,,17000.0,0,-21550.0,-4550.0,,,,
00899,FT潔淨能源,上市,,,-2000.0,0,-2814.0,-4814.0,,,,
2008,高興昌,上市,,,-5000.0,0,111.0,-4889.0,,,,
00709,富邦歐洲,上市,,,65.0,0,-5001.0,-4936.0,,,,
1453,大將,上市,,,-5000.0,0,0,-5000.0,,,,
2450,神腦,上市,,,-5000.0,0,0,-5000.0,,,,
3607,谷崧,上市,,,-5000.0,0,0,-5000.0,,,,
6754,匯僑設計,上市,,,-5000.0,0,0,-5000.0,,,,
6722,輝創,上市,,,-5000.0,0,0,-5000.0,,,,
8482,商億-KY,上市,,,-5000.0,0,0,-5000.0,,,,
2702,華園,上市,,,-5000.0,0,0,-5000.0,,,,
1731,美吾華,上市,,,-5041.0,0,0,-5041.0,,,,
3356,奇偶,上市,,,-3066.0,0,-2000.0,-5066.0,,,,
00991B,貝萊德A級公司債,上市,,,464000.0,0,-469187.0,-5187.0,,,,
6863,永道-KY,上市,,,-11000.0,0,5325.0,-5675.0,,,,
006206,元大上證50,上市,,,-4000.0,0,-1993.0,-5993.0,,,,
2929,淘帝-KY,上市,,,-6000.0,0,3.0,-5997.0,,,,
6923,中台,上市,,,-6000.0,0,0,-6000.0,,,,
6183,關貿,上市,,,-6000.0,0,0,-6000.0,,,,
9931,欣高,上市,,,-6000.0,0,0,-6000.0,,,,
1475,業旺,上市,,,-6000.0,0,0,-6000.0,,,,
1435,中福,上市,,,-6000.0,0,0,-6000.0,,,,
2348A,海悅甲特,上市,,,-6000.0,0,0,-6000.0,,,,
1323,永裕,上市,,,-6000.0,0,0,-6000.0,,,,
1463,強盛新,上市,,,-6000.0,0,0,-6000.0,,,,
6581,鋼聯,上市,,,-6000.0,0,0,-6000.0,,,,
1805,寶徠,上市,,,-6100.0,0,0,-6100.0,,,,
2431,聯昌,上市,,,-8000.0,0,1072.0,-6928.0,,,,
2430,燦坤,上市,,,-7000.0,0,0,-7000.0,,,,
2373,震旦行,上市,,,-7000.0,0,0,-7000.0,,,,
1541,錩泰,上市,,,-7000.0,0,0,-7000.0,,,,
1456,怡華,上市,,,-7000.0,0,0,-7000.0,,,,
1225,福懋油,上市,,,-7000.0,0,0,-7000.0,,,,
7791,皇家可口,上市,,,-7000.0,0,0,-7000.0,,,,
6283,淳安,上市,,,-7000.0,0,0,-7000.0,,,,
6504,南六,上市,,,-7000.0,0,0,-7000.0,,,,
4148,全宇生技-KY,上市,,,-7000.0,0,0,-7000.0,,,,
5907,大洋-KY,上市,,,-7000.0,0,0,-7000.0,,,,
00926,凱基全球菁英55,上市,,,2000.0,0,-9003.0,-7003.0,,,,
6753,龍德造船,上市,,,-7000.0,0,-415.0,-7415.0,,,,
3705,永信,上市,,,-5962.0,0,-2000.0,-7962.0,,,,
7736,虎山,上市,,,-8000.0,0,0,-8000.0,,,,
8466,美吉吉-KY,上市,,,-8000.0,0,0,-8000.0,,,,
1465,偉全,上市,,,-8000.0,0,0,-8000.0,,,,
020020,元大台股領航N,上市,,,0,0,-8000.0,-8000.0,,,,
1762,中化生,上市,,,-8000.0,0,0,-8000.0,,,,
1903,士紙,上市,,,-7000.0,0,-1000.0,-8000.0,,,,
2433,互盛電,上市,,,-6000.0,0,-2000.0,-8000.0,,,,
1443,立益物流,上市,,,-8000.0,0,0,-8000.0,,,,
2380,虹光,上市,,,-8000.0,0,0,-8000.0,,,,
00711B,復華彭博新興債,上市,,,10000.0,0,-18458.0,-8458.0,,,,
00714,群益道瓊美國地產,上市,,,-1000.0,0,-7488.0,-8488.0,,,,
7749,意騰-KY,上市,,,-7946.0,0,-1002.0,-8948.0,,,,
2722,夏都,上市,,,-9000.0,0,1.0,-8999.0,,,,
4426,利勤,上市,,,-9000.0,0,0,-9000.0,,,,
5007,三星,上市,,,-9000.0,0,0,-9000.0,,,,
7855,和運租車,上市,,,-9000.0,0,0,-9000.0,,,,
8367,建新國際,上市,,,-9000.0,0,0,-9000.0,,,,
8463,潤泰材,上市,,,-9000.0,0,0,-9000.0,,,,
6792,詠業,上市,,,-10000.0,0,1000.0,-9000.0,,,,
1535,中宇,上市,,,-9000.0,0,0,-9000.0,,,,
1512,瑞利,上市,,,-9000.0,0,0,-9000.0,,,,
1526,日馳,上市,,,-9000.0,0,0,-9000.0,,,,
3130,一零四,上市,,,-9090.0,0,0,-9090.0,,,,
4540,全球傳動,上市,,,-11148.0,0,2000.0,-9148.0,,,,
009810,玉山全球藍籌100,上市,,,-1000.0,0,-8227.0,-9227.0,,,,
1587,吉茂,上市,,,-10000.0,0,771.0,-9229.0,,,,
6969,成信實業*-創,上市,,,-9000.0,0,-490.0,-9490.0,,,,
9946,三發地產,上市,,,-6738.0,-3000.0,0,-9738.0,,,,
6214,精誠,上市,,,-22237.0,10000.0,2330.0,-9907.0,,,,
6582,申豐,上市,,,-10000.0,0,0,-10000.0,,,,
1321,大洋,上市,,,-10000.0,0,0,-10000.0,,,,
4557,永新-KY,上市,,,-10000.0,0,0,-10000.0,,,,
4560,強信-KY,上市,,,-10000.0,0,0,-10000.0,,,,
4108,懷特,上市,,,-8000.0,0,-2000.0,-10000.0,,,,
3308,聯德,上市,,,-8000.0,0,-2000.0,-10000.0,,,,
2423,固緯,上市,,,-10000.0,0,0,-10000.0,,,,
00660,元大歐洲50,上市,,,0,0,-10000.0,-10000.0,,,,
1236,宏亞,上市,,,-10000.0,0,0,-10000.0,,,,
2227,裕日車,上市,,,-10107.0,0,0,-10107.0,,,,
1906,寶隆,上市,,,-8200.0,0,-2000.0,-10200.0,,,,
00684R,期元大美元指反1,上市,,,0,0,-10200.0,-10200.0,,,,
9937,全國,上市,,,-11000.0,0,190.0,-10810.0,,,,
2723,美食-KY,上市,,,-17000.0,0,6178.0,-10822.0,,,,
1203,味王,上市,,,-11000.0,0,90.0,-10910.0,,,,
1468,昶和,上市,,,-9000.0,0,-2000.0,-11000.0,,,,
2459,敦吉,上市,,,-11000.0,0,0,-11000.0,,,,
2616,山隆,上市,,,-11000.0,0,0,-11000.0,,,,
2739,寒舍,上市,,,-11000.0,0,0,-11000.0,,,,
9935,慶豐富,上市,,,-11000.0,0,0,-11000.0,,,,
9918,欣天然,上市,,,-11000.0,0,0,-11000.0,,,,
1524,耿鼎,上市,,,-11000.0,0,0,-11000.0,,,,
7821,神數,上市,,,-11060.0,0,0,-11060.0,,,,
2072,世紀風電,上市,,,-9955.0,0,-1259.0,-11214.0,,,,
4585,達明,上市,,,-10000.0,0,-1351.0,-11351.0,,,,
5533,皇鼎,上市,,,-12000.0,0,0,-12000.0,,,,
9912,偉聯,上市,,,-13000.0,0,1000.0,-12000.0,,,,
2488,漢平,上市,,,-12000.0,0,0,-12000.0,,,,
2012,春雨,上市,,,-12000.0,0,0,-12000.0,,,,
1537,廣隆,上市,,,-12000.0,0,0,-12000.0,,,,
6606,建德工業,上市,,,-11000.0,0,-1000.0,-12000.0,,,,
6908,宏碁遊戲-創,上市,,,-10000.0,0,-2634.0,-12634.0,,,,
2434,統懋,上市,,,-12995.0,0,0,-12995.0,,,,
1454,台富,上市,,,-13000.0,0,0,-13000.0,,,,
6928,攸泰科技,上市,,,-13000.0,0,0,-13000.0,,,,
1614,三洋電,上市,,,-13000.0,0,0,-13000.0,,,,
2013,中鋼構,上市,,,-13000.0,0,-391.0,-13391.0,,,,
1515,力山,上市,,,-7870.0,-3000.0,-2688.0,-13558.0,,,,
00647L,元大S&P500正2,上市,,,-1000.0,0,-12597.0,-13597.0,,,,
006207,復華滬深,上市,,,-6000.0,0,-7761.0,-13761.0,,,,
00640L,富邦日本正2,上市,,,-1000.0,0,-12855.0,-13855.0,,,,
2762,世界健身-KY,上市,,,-13950.0,0,0,-13950.0,,,,
00972,野村日本動能高息,上市,,,1000.0,0,-14978.0,-13978.0,,,,
1451,年興,上市,,,-14000.0,0,0,-14000.0,,,,
1471,首利,上市,,,-14000.0,0,0,-14000.0,,,,
1472,三洋實業,上市,,,-8000.0,0,-6000.0,-14000.0,,,,
1324,地球,上市,,,-14000.0,0,0,-14000.0,,,,
2945,三商家購,上市,,,-14000.0,0,0,-14000.0,,,,
2901,欣欣,上市,,,-14000.0,0,0,-14000.0,,,,
6117,迎廣,上市,,,14000.0,0,-28000.0,-14000.0,,,,
1315,達新,上市,,,-14000.0,0,0,-14000.0,,,,
00700,富邦恒生國企,上市,,,-9000.0,0,-5232.0,-14232.0,,,,
4441,振大環球,上市,,,-15960.0,0,1000.0,-14960.0,,,,
7803,雲象科技-創,上市,,,-14000.0,0,-1000.0,-15000.0,,,,
1338,廣華-KY,上市,,,-10000.0,0,-5000.0,-15000.0,,,,
1419,新紡,上市,,,-15000.0,0,0,-15000.0,,,,
1726,永記,上市,,,-13100.0,0,-2000.0,-15100.0,,,,
6184,大豐電,上市,,,-15105.0,0,0,-15105.0,,,,
00938,凱基優選30,上市,,,-11000.0,0,-4821.0,-15821.0,,,,
3532,台勝科,上市,,,-13486.0,1000.0,-3452.0,-15938.0,,,,
6128,上福,上市,,,-16000.0,0,0,-16000.0,,,,
5484,慧友,上市,,,-16000.0,0,0,-16000.0,,,,
6591,動力-KY,上市,,,-16000.0,0,0,-16000.0,,,,
2024,志聯,上市,,,-17000.0,0,1000.0,-16000.0,,,,
5203,訊連,上市,,,-10000.0,0,-6000.0,-16000.0,,,,
2705,六福,上市,,,-16000.0,0,0,-16000.0,,,,
5292,華懋,上市,,,-11842.0,0,-4175.0,-16017.0,,,,
1527,鑽全,上市,,,-16037.0,0,0,-16037.0,,,,
1459,聯發,上市,,,1821.0,0,-18000.0,-16179.0,,,,
4961,天鈺,上市,,,-69892.0,44000.0,8981.0,-16911.0,,,,
3296,勝德,上市,,,-16920.0,0,0,-16920.0,,,,
5525,順天,上市,,,-17000.0,0,0,-17000.0,,,,
1533,車王電,上市,,,-17000.0,0,0,-17000.0,,,,
2701,萬企,上市,,,-17000.0,0,0,-17000.0,,,,
6142,友勁,上市,,,-17000.0,0,0,-17000.0,,,,
2438,翔耀,上市,,,-17000.0,0,0,-17000.0,,,,
1806,冠軍,上市,,,-17000.0,0,0,-17000.0,,,,
1810,和成,上市,,,-14281.0,0,-3065.0,-17346.0,,,,
1725,元禎,上市,,,-18000.0,0,0,-18000.0,,,,
9902,台火,上市,,,-18000.0,0,0,-18000.0,,,,
9943,好樂迪,上市,,,-18000.0,0,0,-18000.0,,,,
3617,碩天,上市,,,-19568.0,0,1518.0,-18050.0,,,,
2233,宇隆,上市,,,-21883.0,0,3194.0,-18689.0,,,,
1457,宜進,上市,,,-19000.0,0,0,-19000.0,,,,
1626,艾美特-KY,上市,,,-16000.0,0,-3000.0,-19000.0,,,,
2516,新建,上市,,,-19000.0,0,0,-19000.0,,,,
1109,信大,上市,,,-19000.0,0,0,-19000.0,,,,
2727,王品,上市,,,26925.0,-49000.0,3000.0,-19075.0,,,,
1466,聚隆,上市,,,-19192.0,0,0,-19192.0,,,,
00739,元大MSCI A股,上市,,,-1000.0,0,-18491.0,-19491.0,,,,
3021,鴻名,上市,,,-20000.0,0,0,-20000.0,,,,
3501,維熹,上市,,,-20000.0,0,0,-20000.0,,,,
4930,燦星網,上市,,,-20000.0,0,0,-20000.0,,,,
1452,宏益,上市,,,-20003.0,0,0,-20003.0,,,,
2429,銘旺科,上市,,,-20050.0,0,0,-20050.0,,,,
6491,晶碩,上市,,,-3587.0,0,-16976.0,-20563.0,,,,
2028,威致,上市,,,-21000.0,0,0,-21000.0,,,,
6192,巨路,上市,,,-21000.0,0,0,-21000.0,,,,
2109,華豐,上市,,,-21007.0,0,0,-21007.0,,,,
6931,青松健康,上市,,,-22000.0,0,0,-22000.0,,,,
2816,旺旺保,上市,,,-22000.0,0,0,-22000.0,,,,
1446,宏和,上市,,,-14001.0,0,-8000.0,-22001.0,,,,
7750,新代,上市,,,-23936.0,0,1831.0,-22105.0,,,,
4771,望隼,上市,,,-21213.0,0,-892.0,-22105.0,,,,
5283,禾聯碩,上市,,,-22280.0,0,0,-22280.0,,,,
2906,高林,上市,,,-22000.0,0,-295.0,-22295.0,,,,
00678,群益那斯達克生技,上市,,,117000.0,0,-139374.0,-22374.0,,,,
2491,吉祥全,上市,,,-20950.0,-1000.0,-1000.0,-22950.0,,,,
1519,華城,上市,,,-97500.0,-157.0,74312.0,-23345.0,,,,
4440,宜新實業,上市,,,-19400.0,0,-4000.0,-23400.0,,,,
1623,大東電,上市,,,-23439.0,0,0,-23439.0,,,,
8163,達方,上市,,,-26980.0,0,3181.0,-23799.0,,,,
9955,佳龍,上市,,,-24000.0,0,0,-24000.0,,,,
00652,富邦印度,上市,,,0,0,-24614.0,-24614.0,,,,
0053,元大電子,上市,,,2000.0,0,-26935.0,-24935.0,,,,
6934,心誠鎂,上市,,,-25000.0,0,0,-25000.0,,,,
2038,海光,上市,,,-25499.0,0,0,-25499.0,,,,
8341,日友,上市,,,-29000.0,0,2000.0,-27000.0,,,,
3011,今皓,上市,,,-27000.0,0,0,-27000.0,,,,
1464,得力,上市,,,-35000.0,0,8000.0,-27000.0,,,,
3266,昇陽,上市,,,-27000.0,0,0,-27000.0,,,,
009813,貝萊德標普卓越50,上市,,,741020.0,0,-769000.0,-27980.0,,,,
2509,全坤建,上市,,,-28000.0,0,0,-28000.0,,,,
2477,美隆電,上市,,,-28000.0,0,0,-28000.0,,,,
1531,高林股,上市,,,-28000.0,0,0,-28000.0,,,,
00668,國泰美國道瓊,上市,,,0,0,-28122.0,-28122.0,,,,
6781,AES-KY,上市,,,-28720.0,0,-206.0,-28926.0,,,,
4555,氣立,上市,,,-30000.0,0,1000.0,-29000.0,,,,
2524,京城,上市,,,-29000.0,0,0,-29000.0,,,,
6958,日盛台駿,上市,,,-29000.0,0,0,-29000.0,,,,
2404,漢唐,上市,,,169319.0,-106108.0,-92493.0,-29282.0,,,,
1590,亞德客-KY,上市,,,-11199.0,-13479.0,-4700.0,-29378.0,,,,
00908,富邦入息REITs+,上市,,,-76000.0,0,46413.0,-29587.0,,,,
3686,達能,上市,,,-27000.0,0,-2678.0,-29678.0,,,,
4195,基米-創,上市,,,-31000.0,0,1160.0,-29840.0,,,,
2706,第一店,上市,,,-30000.0,0,0,-30000.0,,,,
0061,元大寶滬深,上市,,,-41000.0,0,10295.0,-30705.0,,,,
6164,華興,上市,,,-30784.0,0,0,-30784.0,,,,
6225,天瀚,上市,,,28000.0,0,-59000.0,-31000.0,,,,
6756,威鋒電子,上市,,,-31000.0,0,0,-31000.0,,,,
6838,台新藥,上市,,,-32000.0,0,1000.0,-31000.0,,,,
5519,隆大,上市,,,-31000.0,0,0,-31000.0,,,,
2062,橋椿,上市,,,-32000.0,0,880.0,-31120.0,,,,
1506,正道,上市,,,-24000.0,0,-8000.0,-32000.0,,,,
910322,康師傅-DR,上市,,,-32000.0,0,0,-32000.0,,,,
2630,亞航,上市,,,-31160.0,0,-1001.0,-32161.0,,,,
1232,大統益,上市,,,-30180.0,0,-2000.0,-32180.0,,,,
1540,喬福,上市,,,-33000.0,0,0,-33000.0,,,,
2364,倫飛,上市,,,-37000.0,0,3038.0,-33962.0,,,,
5538,東明-KY,上市,,,-34000.0,0,1.0,-33999.0,,,,
9925,新保,上市,,,-34000.0,0,0,-34000.0,,,,
3669,圓展,上市,,,-36000.0,0,1874.0,-34126.0,,,,
6670,復盛應用,上市,,,-32982.0,-610.0,-1228.0,-34820.0,,,,
1235,興泰,上市,,,-33900.0,0,-1000.0,-34900.0,,,,
2540,愛山林,上市,,,-30000.0,0,-5000.0,-35000.0,,,,
2832,台產,上市,,,-35641.0,0,309.0,-35332.0,,,,
3046,建碁,上市,,,-35500.0,0,1.0,-35499.0,,,,
2414,精技,上市,,,-32570.0,-2000.0,-1000.0,-35570.0,,,,
2704,國賓,上市,,,-36000.0,0,0,-36000.0,,,,
2471,資通,上市,,,-36012.0,0,0,-36012.0,,,,
3038,全台,上市,,,-36980.0,0,0,-36980.0,,,,
2231,為升,上市,,,-33000.0,0,-5302.0,-38302.0,,,,
6579,研揚,上市,,,-38787.0,0,-154.0,-38941.0,,,,
9905,大華,上市,,,-39000.0,0,0,-39000.0,,,,
1234,黑松,上市,,,-39000.0,0,-605.0,-39605.0,,,,
9908,大台北,上市,,,-41428.0,0,0,-41428.0,,,,
6965,中傑-KY,上市,,,-44000.0,0,2000.0,-42000.0,,,,
4142,國光生,上市,,,-42922.0,0,806.0,-42116.0,,,,
1416,廣豐,上市,,,-42184.0,0,0,-42184.0,,,,
3596,智易,上市,,,-76000.0,0,33707.0,-42293.0,,,,
1437,勤益控,上市,,,-43000.0,0,0,-43000.0,,,,
2707,晶華,上市,,,-42000.0,0,-1000.0,-43000.0,,,,
2392,正崴,上市,,,-15000.0,0,-28595.0,-43595.0,,,,
9945,潤泰新,上市,,,-764000.0,713000.0,7264.0,-43736.0,,,,
3545,敦泰,上市,,,-43777.0,0,-1.0,-43778.0,,,,
5288,豐祥-KY,上市,,,-46945.0,0,2985.0,-43960.0,,,,
5306,桂盟,上市,,,12000.0,-56000.0,0,-44000.0,,,,
1604,聲寶,上市,,,-44000.0,0,0,-44000.0,,,,
3229,晟鈦,上市,,,-44550.0,0,0,-44550.0,,,,
2514,龍邦,上市,,,-45000.0,0,0,-45000.0,,,,
1707,葡萄王,上市,,,-45004.0,0,-432.0,-45436.0,,,,
4942,嘉彰,上市,,,-46000.0,0,0,-46000.0,,,,
1904,正隆,上市,,,-35716.0,0,-11000.0,-46716.0,,,,
8464,億豐,上市,,,-56755.0,2000.0,5864.0,-48891.0,,,,
1436,華友聯,上市,,,-49000.0,0,0,-49000.0,,,,
2913,農林,上市,,,-34000.0,0,-15000.0,-49000.0,,,,
2520,冠德,上市,,,440878.0,-488000.0,-2435.0,-49557.0,,,,
1517,利奇,上市,,,-50000.0,0,0,-50000.0,,,,
6790,永豐實,上市,,,-50000.0,0,-79.0,-50079.0,,,,
2461,光群雷,上市,,,-93000.0,0,42000.0,-51000.0,,,,
3416,融程電,上市,,,-43649.0,0,-7494.0,-51143.0,,,,
3716,中化控股,上市,,,-51890.0,0,0,-51890.0,,,,
2395,研華,上市,,,20413.0,-42500.0,-30119.0,-52206.0,,,,
5607,遠雄港,上市,,,-57829.0,0,5000.0,-52829.0,,,,
6024,群益期,上市,,,-53000.0,0,0,-53000.0,,,,
9930,中聯資源,上市,,,-53000.0,0,-113.0,-53113.0,,,,
00930,永豐ESG低碳高息,上市,,,29000.0,0,-82556.0,-53556.0,,,,
6890,來億-KY,上市,,,-51000.0,0,-2854.0,-53854.0,,,,
2608,嘉里大榮,上市,,,-54000.0,0,94.0,-53906.0,,,,
2546,根基,上市,,,-55963.0,0,1000.0,-54963.0,,,,
4994,傳奇,上市,,,-55000.0,0,6.0,-54994.0,,,,
8271,宇瞻,上市,,,-56910.0,0,1743.0,-55167.0,,,,
3008,大立光,上市,,,-120105.0,483.0,63642.0,-55980.0,,,,
2506,太設,上市,,,-56000.0,0,0,-56000.0,,,,
00710B,復華彭博非投等債,上市,,,22000.0,0,-80331.0,-58331.0,,,,
5284,jpp-KY,上市,,,-57950.0,0,-2154.0,-60104.0,,,,
2908,特力,上市,,,-61000.0,0,0,-61000.0,,,,
1737,臺鹽,上市,,,-61000.0,0,-1000.0,-62000.0,,,,
1720,生達,上市,,,-63077.0,0,450.0,-62627.0,,,,
6782,視陽,上市,,,-50395.0,0,-12780.0,-63175.0,,,,
3443,創意,上市,,,6606.0,-96854.0,26756.0,-63492.0,,,,
2362,藍天,上市,,,-58278.0,0,-6030.0,-64308.0,,,,
4164,承業醫,上市,,,-35000.0,0,-30000.0,-65000.0,,,,
2017,官田鋼,上市,,,-66007.0,0,0,-66007.0,,,,
6873,泓德能源,上市,,,-66160.0,0,-1000.0,-67160.0,,,,
2504,國產,上市,,,-69000.0,0,996.0,-68004.0,,,,
3419,譁裕,上市,,,-66093.0,0,-2000.0,-68093.0,,,,
6409,旭隼,上市,,,-54228.0,-8000.0,-6045.0,-68273.0,,,,
4912,聯德控股-KY,上市,,,-68590.0,0,0,-68590.0,,,,
1417,嘉裕,上市,,,-68921.0,0,0,-68921.0,,,,
1103,嘉泥,上市,,,-69000.0,0,0,-69000.0,,,,
2104,國際中橡,上市,,,-120161.0,0,50640.0,-69521.0,,,,
8476,台境*,上市,,,-67934.0,-2000.0,0,-69934.0,,,,
1460,宏遠,上市,,,-70948.0,0,0,-70948.0,,,,
3592,瑞鼎,上市,,,-92011.0,29301.0,-9000.0,-71710.0,,,,
6757,台灣虎航,上市,,,-28000.0,-42000.0,-2000.0,-72000.0,,,,
3715,定穎投控,上市,,,-224045.0,0,152024.0,-72021.0,,,,
6605,帝寶,上市,,,-73000.0,0,-323.0,-73323.0,,,,
2535,達欣工,上市,,,-76000.0,0,2470.0,-73530.0,,,,
6919,康霈*,上市,,,-65364.0,0,-8703.0,-74067.0,,,,
3033,威健,上市,,,-48280.0,-4687.0,-21322.0,-74289.0,,,,
2022,聚亨,上市,,,-74632.0,0,0,-74632.0,,,,
6698,旭暉應材,上市,,,-75000.0,0,0,-75000.0,,,,
1414,東和,上市,,,-75005.0,0,0,-75005.0,,,,
1905,華紙,上市,,,-60361.0,0,-14697.0,-75058.0,,,,
00892,富邦台灣半導體,上市,,,-305774.0,0,230085.0,-75689.0,,,,
1231,聯華食,上市,,,-77031.0,0,786.0,-76245.0,,,,
00897,富邦基因免疫生技,上市,,,-296000.0,0,218179.0,-77821.0,,,,
3092,鴻碩,上市,,,-79000.0,0,218.0,-78782.0,,,,
1473,台南,上市,,,-80000.0,0,0,-80000.0,,,,
1217,愛之味,上市,,,-80163.0,0,0,-80163.0,,,,
2530,華建,上市,,,-94830.0,0,14000.0,-80830.0,,,,
1568,倉佑,上市,,,-82890.0,0,1468.0,-81422.0,,,,
1723,中碳,上市,,,-30785.0,-53000.0,35.0,-83750.0,,,,
1104,環泥,上市,,,-85259.0,0,0,-85259.0,,,,
5515,建國,上市,,,-85024.0,0,-529.0,-85553.0,,,,
6909,創控,上市,,,-86000.0,0,0,-86000.0,,,,
7769,鴻勁,上市,,,-57244.0,-34066.0,4953.0,-86357.0,,,,
00636,國泰中國A50,上市,,,32000.0,0,-118902.0,-86902.0,,,,
1447,力鵬,上市,,,-74413.0,-13000.0,0,-87413.0,,,,
00688L,國泰20年美債正2,上市,,,-754000.0,0,666128.0,-87872.0,,,,
5269,祥碩,上市,,,-86221.0,8000.0,-9855.0,-88076.0,,,,
1110,東泥,上市,,,-93000.0,0,4000.0,-89000.0,,,,
9911,櫻花,上市,,,-90000.0,0,0,-90000.0,,,,
00924,復華S&P500成長,上市,,,-6431.0,0,-83951.0,-90382.0,,,,
4178,永笙-KY,上市,,,-88000.0,0,-3000.0,-91000.0,,,,
3056,富華新,上市,,,-91000.0,0,0,-91000.0,,,,
1215,卜蜂,上市,,,-89000.0,0,-3523.0,-92523.0,,,,
00643,群益深証中小,上市,,,34000.0,0,-128054.0,-94054.0,,,,
6166,凌華,上市,,,-94868.0,0,-1446.0,-96314.0,,,,
3015,全漢,上市,,,-56890.0,-46000.0,5100.0,-97790.0,,,,
8411,福貞-KY,上市,,,-19000.0,0,-80000.0,-99000.0,,,,
2547,日勝生,上市,,,-99000.0,0,0,-99000.0,,,,
2849,安泰銀,上市,,,-67000.0,0,-32932.0,-99932.0,,,,
2107,厚生,上市,,,-101132.0,0,0,-101132.0,,,,
2905,三商,上市,,,-96856.0,0,-4455.0,-101311.0,,,,
2923,鼎固-KY,上市,,,-105000.0,0,-1000.0,-106000.0,,,,
6988,威力暘-創,上市,,,-116000.0,0,8980.0,-107020.0,,,,
9940,信義,上市,,,-111000.0,0,673.0,-110327.0,,,,
912000,晨訊科-DR,上市,,,-113000.0,0,0,-113000.0,,,,
2236,百達-KY,上市,,,-114000.0,0,0,-114000.0,,,,
2505,國揚,上市,,,-75288.0,0,-39000.0,-114288.0,,,,
1307,三芳,上市,,,-110000.0,-5001.0,-1000.0,-116001.0,,,,
00898,國泰基因免疫革命,上市,,,-65000.0,0,-52490.0,-117490.0,,,,
3703,欣陸,上市,,,-125000.0,0,7000.0,-118000.0,,,,
6206,飛捷,上市,,,-112811.0,-3576.0,-2801.0,-119188.0,,,,
9802,鈺齊-KY,上市,,,78450.0,-205000.0,4965.0,-121585.0,,,,
8210,勤誠,上市,,,-7882.0,-117000.0,3108.0,-121774.0,,,,
1201,味全,上市,,,-122000.0,0,0,-122000.0,,,,
00882,中信中國高股息,上市,,,-232000.0,0,109790.0,-122210.0,,,,
2316,楠梓電,上市,,,-158541.0,-3000.0,38702.0,-122839.0,,,,
3209,全科,上市,,,-123000.0,0,-104.0,-123104.0,,,,
2439,美律,上市,,,-153015.0,18000.0,10307.0,-124708.0,,,,
4532,瑞智,上市,,,-115550.0,-6562.0,-3000.0,-125112.0,,,,
2390,云辰,上市,,,-126000.0,0,286.0,-125714.0,,,,
7610,聯友金屬-創,上市,,,-137844.0,0,11848.0,-125996.0,,,,
9958,世紀鋼,上市,,,-123589.0,0,-3131.0,-126720.0,,,,
2211,長榮鋼,上市,,,-127000.0,-1613.0,-251.0,-128864.0,,,,
2645,長榮航太,上市,,,-167806.0,-3000.0,40730.0,-130076.0,,,,
4977,眾達-KY,上市,,,-133635.0,0,2389.0,-131246.0,,,,
6831,邁科,上市,,,-122899.0,-384.0,-8132.0,-131415.0,,,,
00907,永豐優息存股,上市,,,-49000.0,0,-83851.0,-132851.0,,,,
4552,力達-KY,上市,,,-136000.0,0,115.0,-135885.0,,,,
009812,野村日本東證,上市,,,93000.0,0,-229206.0,-136206.0,,,,
1736,喬山,上市,,,-137191.0,0,-283.0,-137474.0,,,,
00639,富邦深100,上市,,,28000.0,0,-167404.0,-139404.0,,,,
9934,成霖,上市,,,-140206.0,0,0,-140206.0,,,,
2597,潤弘,上市,,,-135200.0,0,-5283.0,-140483.0,,,,
2106,建大,上市,,,-141000.0,0,0,-141000.0,,,,
1611,中電,上市,,,-141090.0,0,0,-141090.0,,,,
3406,玉晶光,上市,,,-484464.0,315500.0,27619.0,-141345.0,,,,
5531,鄉林,上市,,,-142000.0,0,0,-142000.0,,,,
00763U,期街口道瓊銅,上市,,,-18000.0,0,-129218.0,-147218.0,,,,
6861,睿生光電,上市,,,-122910.0,0,-24563.0,-147473.0,,,,
3653,健策,上市,,,-219182.0,63500.0,848.0,-154834.0,,,,
6414,樺漢,上市,,,-158244.0,0,-8257.0,-166501.0,,,,
9103,美德醫療-DR,上市,,,-166000.0,0,-600.0,-166600.0,,,,
2548,華固,上市,,,-157900.0,4600.0,-14000.0,-167300.0,,,,
5234,達興材料,上市,,,-171980.0,-2000.0,5960.0,-168020.0,,,,
1795,美時,上市,,,-159000.0,0,-9149.0,-168149.0,,,,
1532,勤美,上市,,,-174000.0,0,0,-174000.0,,,,
8438,昶昕,上市,,,-175980.0,0,-72.0,-176052.0,,,,
2474,可成,上市,,,-175182.0,-50328.0,49021.0,-176489.0,,,,
2537,聯上發,上市,,,-153914.0,0,-24000.0,-177914.0,,,,
2538,基泰,上市,,,-182000.0,0,0,-182000.0,,,,
2852,第一保,上市,,,-182000.0,0,0,-182000.0,,,,
1444,力麗,上市,,,-168001.0,-17000.0,0,-185001.0,,,,
6885,全福生技,上市,,,-188000.0,0,2000.0,-186000.0,,,,
8028,昇陽半導體,上市,,,-230350.0,0,44305.0,-186045.0,,,,
2385,群光,上市,,,-329228.0,38027.0,103253.0,-187948.0,,,,
6598,ABC-KY,上市,,,-202000.0,0,1000.0,-201000.0,,,,
6416,瑞祺電通,上市,,,-207833.0,0,6390.0,-201443.0,,,,
4576,大銀微系統,上市,,,-124508.0,-70000.0,-7272.0,-201780.0,,,,
6472,保瑞,上市,,,-185858.0,0,-19258.0,-205116.0,,,,
2359,所羅門,上市,,,-162194.0,0,-53412.0,-215606.0,,,,
7799,禾榮科,上市,,,-220729.0,0,3000.0,-217729.0,,,,
2375,凱美,上市,,,-166250.0,-3000.0,-48836.0,-218086.0,,,,
00757,統一FANG+,上市,,,-157030.0,0,-75227.0,-232257.0,,,,
6706,惠特,上市,,,-220040.0,0,-12835.0,-232875.0,,,,
4968,立積,上市,,,-246999.0,0,13825.0,-233174.0,,,,
2101,南港,上市,,,-223000.0,0,-10559.0,-233559.0,,,,
3450,聯鈞,上市,,,-1421895.0,1061000.0,119820.0,-241075.0,,,,
3025,星通,上市,,,-248995.0,0,0,-248995.0,,,,
9938,百和,上市,,,-247747.0,-3565.0,910.0,-250402.0,,,,
1789,神隆,上市,,,-247333.0,0,-4277.0,-251610.0,,,,
9927,泰銘,上市,,,-104000.0,0,-150000.0,-254000.0,,,,
2442,新美齊,上市,,,-255000.0,0,0,-255000.0,,,,
4306,炎洲,上市,,,-266201.0,0,8000.0,-258201.0,,,,
3149,正達,上市,,,-260651.0,0,-625.0,-261276.0,,,,
6446,藥華藥,上市,,,-246960.0,-20000.0,4062.0,-262898.0,,,,
2528,皇普,上市,,,-40000.0,0,-224000.0,-264000.0,,,,
5522,遠雄,上市,,,-256487.0,0,-9000.0,-265487.0,,,,
6933,AMAX-KY,上市,,,-261594.0,0,-4907.0,-266501.0,,,,
009803,玉山市值動能50,上市,,,145070.0,300000.0,-720130.0,-275060.0,,,,
2258,鴻華先進-創,上市,,,-281000.0,0,2556.0,-278444.0,,,,
4989,榮科,上市,,,-277860.0,0,-4631.0,-282491.0,,,,
2379,瑞昱,上市,,,-399067.0,72228.0,42407.0,-284432.0,,,,
3588,通嘉,上市,,,-300646.0,0,14455.0,-286191.0,,,,
2539,櫻花建,上市,,,-289000.0,0,-8468.0,-297468.0,,,,
00875,國泰網路資安,上市,,,-1996.0,0,-296860.0,-298856.0,,,,
3518,柏騰,上市,,,-313341.0,0,14000.0,-299341.0,,,,
2511,太子,上市,,,-312000.0,0,0,-312000.0,,,,
1722,台肥,上市,,,-308440.0,0,-5000.0,-313440.0,,,,
6589,台康生技,上市,,,-318919.0,0,-2000.0,-320919.0,,,,
00670L,富邦NASDAQ正2,上市,,,-2000.0,0,-323444.0,-325444.0,,,,
3376,新日興,上市,,,-302173.0,0,-23705.0,-325878.0,,,,
2345,智邦,上市,,,-412823.0,110723.0,-25489.0,-327589.0,,,,
2483,百容,上市,,,-331080.0,0,-1000.0,-332080.0,,,,
00956,中信日經高股息,上市,,,-56000.0,0,-282228.0,-338228.0,,,,
9910,豐泰,上市,,,-332909.0,-20000.0,-787.0,-353696.0,,,,
6141,柏承,上市,,,-356951.0,0,0,-356951.0,,,,
4722,國精化,上市,,,-429933.0,0,67254.0,-362679.0,,,,
4746,台耀,上市,,,-259791.0,-108000.0,0,-367791.0,,,,
00852L,國泰美國道瓊正2,上市,,,0,0,-375738.0,-375738.0,,,,
6994,富威電力,上市,,,-379930.0,0,1790.0,-378140.0,,,,
3702,大聯大,上市,,,-23208.0,-467000.0,99358.0,-390850.0,,,,
8261,富鼎,上市,,,-443933.0,-2000.0,54836.0,-391097.0,,,,
00713,元大台灣高息低波,上市,,,134594.0,0,-537366.0,-402772.0,,,,
009827,玉山未來全球算力,上市,,,-45000.0,0,-358000.0,-403000.0,,,,
1227,佳格,上市,,,-393000.0,0,-12000.0,-405000.0,,,,
00635U,期元大S&P黃金,上市,,,100.0,0,-419209.0,-419109.0,,,,
00752,中信中國50,上市,,,-60838.0,0,-365632.0,-426470.0,,,,
1229,聯華,上市,,,290874.0,-751000.0,22000.0,-438126.0,,,,
8996,高力,上市,,,-420665.0,-80043.0,42904.0,-457804.0,,,,
4763,材料*-KY,上市,,,-290213.0,19000.0,-186617.0,-457830.0,,,,
00646,元大S&P500,上市,,,-551.0,23000.0,-489200.0,-466751.0,,,,
4915,致伸,上市,,,-471730.0,-2184.0,-1936.0,-475850.0,,,,
6533,晶心科,上市,,,-465296.0,0,-14925.0,-480221.0,,,,
0055,元大MSCI金融,上市,,,18913.0,0,-499659.0,-480746.0,,,,
6805,富世達,上市,,,511923.0,-1006000.0,2931.0,-491146.0,,,,
2836,高雄銀,上市,,,-503753.0,0,8000.0,-495753.0,,,,
6592,和潤企業,上市,,,-337000.0,-178000.0,19117.0,-495883.0,,,,
6541,泰福-KY,上市,,,-498000.0,0,0,-498000.0,,,,
009800,中信NASDAQ,上市,,,1482100.0,0,-1983682.0,-501582.0,,,,
6449,鈺邦,上市,,,-478000.0,0,-27606.0,-505606.0,,,,
2536,宏普,上市,,,-503000.0,0,-9000.0,-512000.0,,,,
2020,美亞,上市,,,-522175.0,0,-6000.0,-528175.0,,,,
2887I,台新新光辛特,上市,,,-543108.0,0,0,-543108.0,,,,
009817,國泰日本不動產,上市,,,234000.0,0,-783420.0,-549420.0,,,,
8103,瀚荃,上市,,,-544149.0,0,-13436.0,-557585.0,,,,
00943,兆豐電子高息等權,上市,,,-223000.0,0,-340055.0,-563055.0,,,,
00686R,群益臺灣加權反1,上市,,,3000.0,0,-571400.0,-568400.0,,,,
4551,智伸科,上市,,,-666439.0,-2000.0,87227.0,-581212.0,,,,
2363,矽統,上市,,,-1157017.0,0,571826.0,-585191.0,,,,
3017,奇鋐,上市,,,-341979.0,-275034.0,28167.0,-588846.0,,,,
2368,金像電,上市,,,-624682.0,-11191.0,43869.0,-592004.0,,,,
3036,文曄,上市,,,-559126.0,-231266.0,190953.0,-599439.0,,,,
1210,大成,上市,,,-583420.0,0,-23648.0,-607068.0,,,,
5534,長虹,上市,,,-157000.0,-450000.0,-188.0,-607188.0,,,,
1907,永豐餘,上市,,,-25936.0,-589000.0,1259.0,-613677.0,,,,
2049,上銀,上市,,,-362235.0,-250000.0,-4434.0,-616669.0,,,,
6177,達麗,上市,,,-616055.0,0,-2952.0,-619007.0,,,,
1909,榮成,上市,,,-644381.0,0,-1000.0,-645381.0,,,,
2204,中華,上市,,,-643000.0,-2928.0,308.0,-645620.0,,,,
6550,北極星藥業-KY,上市,,,-661262.0,0,0,-661262.0,,,,
2254,巨鎧精密-創,上市,,,-683095.0,0,2984.0,-680111.0,,,,
4906,正文,上市,,,-1057757.0,0,371969.0,-685788.0,,,,
2610,華航,上市,,,-1831000.0,996000.0,142911.0,-692089.0,,,,
6426,統新,上市,,,-747650.0,0,52069.0,-695581.0,,,,
6205,詮欣,上市,,,-702050.0,0,1703.0,-700347.0,,,,
2915,潤泰全,上市,,,-727000.0,0,3679.0,-723321.0,,,,
8422,可寧衛*,上市,,,-764000.0,0,1000.0,-763000.0,,,,
9941,裕融,上市,,,143679.0,-917184.0,2716.0,-770789.0,,,,
2484,希華,上市,,,-557873.0,-3000.0,-213752.0,-774625.0,,,,
00633L,富邦上証正2,上市,,,65000.0,0,-843324.0,-778324.0,,,,
00738U,期元大道瓊白銀,上市,,,-3988.0,0,-785737.0,-789725.0,,,,
00909,國泰數位支付服務,上市,,,-64900.0,0,-743973.0,-808873.0,,,,
2515,中工,上市,,,-815840.0,0,6240.0,-809600.0,,,,
2883B,凱基金乙特,上市,,,-867000.0,0,49000.0,-818000.0,,,,
1597,直得,上市,,,-874534.0,0,-5027.0,-879561.0,,,,
3034,聯詠,上市,,,-1178728.0,211017.0,46521.0,-921190.0,,,,
2312,金寶,上市,,,-1149000.0,0,198275.0,-950725.0,,,,
6949,沛爾生醫*-創,上市,,,-774308.0,0,-181165.0,-955473.0,,,,
00917,中信特選金融,上市,,,18000.0,0,-1001339.0,-983339.0,,,,
2646,星宇航空,上市,,,-974049.0,0,-12000.0,-986049.0,,,,
2208,台船,上市,,,-996830.0,0,-5000.0,-1001830.0,,,,
00885,富邦越南,上市,,,-93922.0,0,-916682.0,-1010604.0,,,,
2897,王道銀行,上市,,,-1005285.0,0,-37734.0,-1043019.0,,,,
2472,立隆電,上市,,,-1099101.0,9000.0,22552.0,-1067549.0,,,,
6155,鈞寶,上市,,,-1134050.0,-2000.0,49876.0,-1086174.0,,,,
2838,聯邦銀,上市,,,-1093000.0,0,-31929.0,-1124929.0,,,,
2486,一詮,上市,,,-1103462.0,-48000.0,13931.0,-1137531.0,,,,
6669,緯穎,上市,,,-604228.0,-510319.0,-28554.0,-1143101.0,,,,
2912,統一超,上市,,,-385574.0,-840000.0,-4942.0,-1230516.0,,,,
2454,聯發科,上市,,,-1471675.0,224681.0,-6001.0,-1252995.0,,,,
006208,富邦台50,上市,,,-236694.0,0,-1063692.0,-1300386.0,,,,
8039,台虹,上市,,,-1389307.0,2000.0,25237.0,-1362070.0,,,,
00912,中信臺灣智慧50,上市,,,-145960.0,0,-1269448.0,-1415408.0,,,,
2308,台達電,上市,,,-1540936.0,84361.0,21002.0,-1435573.0,,,,
2903,遠百,上市,,,-695000.0,-797000.0,16000.0,-1476000.0,,,,
3026,禾伸堂,上市,,,-1954302.0,457000.0,-11688.0,-1508990.0,,,,
00939,統一台灣高息動能,上市,,,-501000.0,0,-1060192.0,-1561192.0,,,,
3013,晟銘電,上市,,,-1410977.0,0,-157417.0,-1568394.0,,,,
3717,聯嘉投控,上市,,,-1553168.0,0,-28000.0,-1581168.0,,,,
8112,至上,上市,,,-1644036.0,-30000.0,23281.0,-1650755.0,,,,
00963,中信全球高股息,上市,,,-142000.0,0,-1600344.0,-1742344.0,,,,
3048,益登,上市,,,-1742099.0,0,-3797.0,-1745896.0,,,,
2489,瑞軒,上市,,,-1631203.0,19400.0,-218562.0,-1830365.0,,,,
2501,國建,上市,,,-1904000.0,0,-19242.0,-1923242.0,,,,
2812,台中銀,上市,,,-1849642.0,0,-74000.0,-1923642.0,,,,
3094,聯傑,上市,,,-1924807.0,0,-29673.0,-1954480.0,,,,
2498,宏達電,上市,,,-1967370.0,0,-133303.0,-2100673.0,,,,
00964,中信亞太高股息,上市,,,-362000.0,0,-1843133.0,-2205133.0,,,,
4938,和碩,上市,,,-2404760.0,-67357.0,254897.0,-2217220.0,,,,
2464,盟立,上市,,,-2484864.0,0,146082.0,-2338782.0,,,,
2301,光寶科,上市,,,-2238098.0,-238426.0,134366.0,-2342158.0,,,,
00664R,國泰臺灣加權反1,上市,,,0,0,-2440306.0,-2440306.0,,,,
00662,富邦NASDAQ,上市,,,87517.0,0,-2546230.0,-2458713.0,,,,
4919,新唐,上市,,,-3222885.0,-123.0,697674.0,-2525334.0,,,,
2633,台灣高鐵,上市,,,-805000.0,-1779000.0,-26000.0,-2610000.0,,,,
2889,國票金,上市,,,-2436000.0,0,-215000.0,-2651000.0,,,,
00904,台新臺灣半導體30,上市,,,-244030.0,0,-2574005.0,-2818035.0,,,,
9105,泰金寶-DR,上市,,,-3093400.0,0,16148.0,-3077252.0,,,,
2382,廣達,上市,,,-3708098.0,359882.0,263376.0,-3084840.0,,,,
3706,神達,上市,,,-3187269.0,-3000.0,22838.0,-3167431.0,,,,
2449,京元電子,上市,,,-2588097.0,-799000.0,94861.0,-3292236.0,,,,
2354,鴻準,上市,,,-3319645.0,0,-34564.0,-3354209.0,,,,
00650L,復華香港正2,上市,,,197000.0,0,-3566607.0,-3369607.0,,,,
00922,國泰台灣領袖50,上市,,,-199885.0,0,-3204388.0,-3404273.0,,,,
2201,裕隆,上市,,,-3431000.0,0,-23226.0,-3454226.0,,,,
9904,寶成,上市,,,-3725000.0,-14742.0,246959.0,-3492783.0,,,,
00865B,國泰US短期公債,上市,,,-1238000.0,0,-2307826.0,-3545826.0,,,,
5871,中租-KY,上市,,,-1891318.0,-1750099.0,11944.0,-3629473.0,,,,
00947,台新臺灣IC設計,上市,,,-566917.0,0,-3131853.0,-3698770.0,,,,
009826,貝萊德世界股票,上市,,,-650900.0,0,-3121183.0,-3772083.0,,,,
009805,台新美國電力基建,上市,,,180500.0,0,-4127799.0,-3947299.0,,,,
00992A,主動群益科技創新,上市,,,-1270224.0,0,-3317077.0,-4587301.0,,,,
2834,臺企銀,上市,,,-4805080.0,0,-90454.0,-4895534.0,,,,
009821,野村稀土關鍵資源,上市,,,-266200.0,0,-4952685.0,-5218885.0,,,,
2330,台積電,上市,,,-5913974.0,253678.0,316882.0,-5343414.0,,,,
00985B,群益ESG投等債0-5,上市,,,-708000.0,0,-4831760.0,-5539760.0,,,,
2845,遠東銀,上市,,,-1711911.0,-3702000.0,-147927.0,-5561838.0,,,,
00631L,元大台灣50正2,上市,,,-11242990.0,9503000.0,-3824610.0,-5564600.0,,,,
00934,中信成長高股息,上市,,,-300000.0,0,-5356748.0,-5656748.0,,,,
2356,英業達,上市,,,-5999455.0,-275561.0,337838.0,-5937178.0,,,,
00929,復華台灣科技優息,上市,,,-1366130.0,0,-4597846.0,-5963976.0,,,,
2885,元大金,上市,,,-9626470.0,1764355.0,842418.0,-7019697.0,,,,
2344,華邦電,上市,,,2135571.0,-10224141.0,931471.0,-7157099.0,,,,
2353,宏碁,上市,,,-4328960.0,143394.0,-3059553.0,-7245119.0,,,,
2481,強茂,上市,,,-6363799.0,-1670000.0,209500.0,-7824299.0,,,,
00637L,元大滬深300正2,上市,,,-799000.0,0,-7840249.0,-8639249.0,,,,
00665L,富邦恒生國企正2,上市,,,-160000.0,0,-9080868.0,-9240868.0,,,,
00962,台新AI優息動能,上市,,,-4931.0,0,-9408100.0,-9413031.0,,,,
6226,光鼎,上市,,,-9350741.0,-2000.0,-422004.0,-9774745.0,,,,
1101,台泥,上市,,,-10867517.0,-35000.0,183601.0,-10718916.0,,,,
00996A,主動兆豐台灣豐收,上市,,,-7080200.0,0,-4341628.0,-11421828.0,,,,
00878,國泰永續高股息,上市,,,-134045.0,0,-11596932.0,-11730977.0,,,,
1216,統一,上市,,,-10074303.0,-2684000.0,769211.0,-11989092.0,,,,
00753L,中信中國50正2,上市,,,-1290000.0,0,-10917523.0,-12207523.0,,,,
0052,富邦科技,上市,,,-4356057.0,0,-7935292.0,-12291349.0,,,,
2317,鴻海,上市,,,-15146584.0,223181.0,15709.0,-14907694.0,,,,
00918,大華優利高填息30,上市,,,-1159600.0,0,-17462042.0,-18621642.0,,,,
2887,台新新光金,上市,,,-17253512.0,-3740558.0,1647190.0,-19346880.0,,,,
00984D,主動聯博全球非投,上市,,,549000.0,0,-20435899.0,-19886899.0,,,,
00953B,群益優選非投等債,上市,,,2462021.0,2112000.0,-24497339.0,-19923318.0,,,,
00712,復華富時不動產,上市,,,1295350.0,0,-21290045.0,-19994695.0,,,,
3231,緯創,上市,,,-21168811.0,-1344988.0,417433.0,-22096366.0,,,,
2324,仁寶,上市,,,-23964875.0,9339.0,435429.0,-23520107.0,,,,
00673R,期元大S&P原油反1,上市,,,-157000.0,0,-23420352.0,-23577352.0,,,,
009828,中信台日韓PCB,上市,,,-10249000.0,111000.0,-15995033.0,-26133033.0,,,,
00927,群益半導體收益,上市,,,-4040430.0,0,-24954208.0,-28994638.0,,,,
0050,元大台灣50,上市,,,-32346362.0,2250000.0,1004754.0,-29091608.0,,,,
00919,群益台灣精選高息,上市,,,-5552309.0,0,-39348705.0,-44901014.0,,,,
0056,元大高股息,上市,,,-10913695.0,180000.0,-39949733.0,-50683428.0,,,,
00985A,主動野村台灣50,上市,,,-101900.0,0,-51561249.0,-51663149.0,,,,
009816,凱基台灣TOP50,上市,,,-9369245.0,0,-62626746.0,-71995991.0,,,,
00406A,主動中信台灣收益,上市,,,-11462103.0,0,-154053067.0,-165515170.0,,,,
00411A,主動統一前沿科技,上櫃,10.71,-0.37209302325581395,-153000.0,0,-4567899.0,-4720899.0,-1638630.0000000002,0.0,-48922198.29000001,-50560828.29000001
006201,元大富櫃50,上櫃,47.86,2.7259068469628676,16000.0,30000.0,18433.0,64433.0,765760.0,1435800.0,882203.38,3083763.38
00679B,元大美債20年,上櫃,24.61,-0.12175324675324675,10506137.0,0,-11694796.0,-1188659.0,258556031.57,0.0,-287808929.56,-29252897.99
00687B,國泰20年美債,上櫃,25.56,-0.15625,14499000.0,0,-15401485.0,-902485.0,370594440.0,0.0,-393661956.59999996,-23067516.599999998
00687C,國泰20年美債+櫃U,上櫃,8.64,0.0,0,0,0,0,0.0,0.0,0.0,0.0
00694B,富邦美債1-3,上櫃,41.84,0.14360938247965532,16000.0,0,17470.0,33470.0,669440.0,0.0,730944.8,1400384.8
00695B,富邦美債7-10,上櫃,33.79,0.296823983377857,97000.0,0,-83317.0,13683.0,3277630.0,0.0,-2815281.4299999997,462348.57
00696B,富邦美債20年,上櫃,26.81,-0.11177347242921014,4196040.0,0,-5501144.0,-1305104.0,112495832.39999999,0.0,-147485670.64,-34989838.239999995
00697B,元大美債7-10,上櫃,34.03,0.23564064801178203,3000.0,0,-94349.0,-91349.0,102090.0,0.0,-3210696.47,-3108606.47
00719B,元大美債1-3,上櫃,31.13,0.2253702511268513,32100.0,0,-590000.0,-557900.0,999273.0,0.0,-18366700.0,-17367427.0
00720B,元大投資級公司債,上櫃,30.69,-0.22756827048114434,-19000.0,0,-1567413.0,-1586413.0,-583110.0,0.0,-48103904.97,-48687014.97
00722B,群益投資級電信債,上櫃,32.99,-0.24191109767160568,-61000.0,0,-382294.0,-443294.0,-2012390.0000000002,0.0,-12611879.06,-14624269.06
00723B,群益投資級科技債,上櫃,28.23,-0.10615711252653928,-1000.0,0,-52902.0,-53902.0,-28230.0,0.0,-1493423.46,-1521653.46
00724B,群益投資級金融債,上櫃,31.49,-0.15852885225110971,302000.0,0,-322229.0,-20229.0,9509980.0,0.0,-10146991.209999999,-637011.21
00725B,國泰投資級公司債,上櫃,32.74,-0.18292682926829265,736000.0,0,-595997.0,140003.0,24096640.0,0.0,-19512941.78,4583698.220000001
00726B,國泰新興投等債,上櫃,31.05,-0.09652509652509651,-6000.0,0,-7957.0,-13957.0,-186300.0,0.0,-247064.85,-433364.85000000003
00727B,國泰優選非投等債,上櫃,38.89,-0.10274852298998202,14000.0,0,-36358.0,-22358.0,544460.0,0.0,-1413962.62,-869502.62
00734B,台新JPM新興債,上櫃,14.76,-0.337609723160027,-5000.0,0,2000.0,-3000.0,-73800.0,0.0,29520.0,-44280.0
00740B,富邦全球投等債,上櫃,35.82,-0.08368200836820083,550000.0,1119000.0,-1758959.0,-89959.0,19701000.0,40082580.0,-63005911.38,-3222331.38
00741B,富邦全球非投等債,上櫃,36.62,-0.2451648052301825,8000.0,0,-11226.0,-3226.0,292960.0,0.0,-411096.12,-118136.12
00746B,富邦A級公司債,上櫃,33.22,-0.03009328919650918,628000.0,0,-628966.0,-966.0,20862160.0,0.0,-20894250.52,-32090.52
00749B,凱基新興債10+,上櫃,29.37,-0.9777478084962913,1000.0,0,-1000.0,0,29370.0,0.0,-29370.0,0.0
00750B,凱基科技債10+,上櫃,30.58,-0.3259452411994785,10000.0,0,-10000.0,0,305800.0,0.0,-305800.0,0.0
00751B,元大AAA至A公司債,上櫃,28.76,-0.2081887578070784,195050.0,0,-2333105.0,-2138055.0,5609638.0,0.0,-67100099.800000004,-61490461.800000004
00754B,群益AAA-AA公司債,上櫃,30.21,-0.16523463317911435,-1000.0,0,-9000.0,-10000.0,-30210.0,0.0,-271890.0,-302100.0
00755B,群益投資級公用債,上櫃,30.25,-0.36231884057971014,0,0,13533.0,13533.0,0.0,0.0,409373.25,409373.25
00756B,群益投等新興公債,上櫃,28.71,-0.6230529595015576,79000.0,0,-91799.0,-12799.0,2268090.0,0.0,-2635549.29,-367459.29000000004
00758B,復華能源債,上櫃,48.23,0.10377750103777503,0,0,-25.0,-25.0,0.0,0.0,-1205.75,-1205.75
00759B,復華製藥債,上櫃,50.65,0.0,0,0,-19.0,-19.0,0.0,0.0,-962.35,-962.35
00760B,復華新興企業債,上櫃,50.0,-0.6951340615690168,0,0,-678.0,-678.0,0.0,0.0,-33900.0,-33900.0
00761B,國泰A級公司債,上櫃,31.81,-0.09422110552763818,273000.0,0,-268000.0,5000.0,8684130.0,0.0,-8525080.0,159050.0
00764B,群益25年美債,上櫃,25.5,-0.11750881316098707,0,0,84423.0,84423.0,0.0,0.0,2152786.5,2152786.5
00768B,復華20年美債,上櫃,45.77,-0.19624945486262532,53000.0,0,-146647.0,-93647.0,2425810.0,0.0,-6712033.19,-4286223.19
00772B,中信高評級公司債,上櫃,31.06,-0.16072002571520413,1136000.0,0,-1021743.0,114257.0,35284160.0,0.0,-31735337.58,3548822.42
00773B,中信優先金融債,上櫃,33.26,-0.09011715229798738,674000.0,0,-587292.0,86708.0,22417240.0,0.0,-19533331.919999998,2883908.0799999996
00777B,凱基AAA至A公司債,上櫃,29.98,-0.2329450915141431,3000.0,0,-13000.0,-10000.0,89940.0,0.0,-389740.0,-299800.0
00778B,凱基金融債20+,上櫃,31.62,-0.37807183364839314,0,0,0,0,0.0,0.0,0.0,0.0
00779B,凱基美債25+,上櫃,25.71,-0.15533980582524273,5000.0,0,20000.0,25000.0,128550.0,0.0,514200.0,642750.0
00780B,國泰A級金融債,上櫃,35.4,0.08481764206955046,-10000.0,0,-2000.0,-12000.0,-354000.0,0.0,-70800.0,-424800.0
00781B,國泰A級科技債,上櫃,25.69,0.03894080996884735,5000.0,0,-33498.0,-28498.0,128450.0,0.0,-860563.62,-732113.62
00782B,國泰A級公用債,上櫃,28.27,0.0,4000.0,0,-13252.0,-9252.0,113080.0,0.0,-374634.04,-261554.04
00785B,富邦金融投等債,上櫃,32.77,0.18343014368694588,40000.0,0,-78000.0,-38000.0,1310800.0000000002,0.0,-2556060.0000000005,-1245260.0000000002
00786B,元大10年IG銀行債,上櫃,30.53,-0.03274394237066142,26000.0,0,2655.0,28655.0,793780.0,0.0,81057.15000000001,874837.15
00787B,元大10年IG醫療債,上櫃,30.19,-0.066203243958954,0,0,1000.0,1000.0,0.0,0.0,30190.0,30190.0
00788B,元大10年IG電能債,上櫃,27.99,0.03573981415296641,8000.0,0,-8000.0,0,223920.0,0.0,-223920.0,0.0
00789B,復華公司債A3,上櫃,44.3,-0.13525698827772767,0,0,-4000.0,-4000.0,0.0,0.0,-177200.0,-177200.0
00791B,復華信用債1-5,上櫃,56.45,0.08865248226950355,0,0,0,0,0.0,0.0,0.0,0.0
00792B,群益A級公司債,上櫃,28.97,-0.3097040605643496,0,0,39500.0,39500.0,0.0,0.0,1144315.0,1144315.0
00795B,中信美國公債20年,上櫃,24.72,-0.08084074373484237,5405091.0,0,-5577996.0,-172905.0,133613849.52,0.0,-137888061.12,-4274211.6
00799B,國泰A級醫療債,上櫃,27.42,-0.10928961748633878,15000.0,0,-13715.0,1285.0,411300.0,0.0,-376065.30000000005,35234.700000000004
00834B,第一金金融債10+,上櫃,31.94,-0.12507817385866166,50000.0,0,-50000.0,0,1597000.0,0.0,-1597000.0,0.0
00836B,永豐10年A公司債,上櫃,26.39,0.22787694644891757,3000.0,0,-4000.0,-1000.0,79170.0,0.0,-105560.0,-26390.0
00840B,凱基IG精選15+,上櫃,27.54,-0.25353132922854044,0,0,0,0,0.0,0.0,0.0,0.0
00841B,凱基AAA-AA公司債,上櫃,26.26,-0.5303030303030304,4000.0,0,-12000.0,-8000.0,105040.0,0.0,-315120.0,-210080.0
00842B,台新美元銀行債,上櫃,28.14,-0.14194464158977999,29000.0,0,-43430.0,-14430.0,816060.0,0.0,-1222120.2,-406060.2
00844B,台新15年IG金融債,上櫃,29.12,-0.4444444444444444,53000.0,0,-61543.0,-8543.0,1543360.0,0.0,-1792132.1600000001,-248772.16
00845B,富邦新興投等債,上櫃,31.35,-0.3813155386081982,25000.0,0,-25000.0,0,783750.0,0.0,-783750.0,0.0
00846B,富邦歐洲銀行債,上櫃,34.1,-0.02931691586045148,1000.0,0,-3036.0,-2036.0,34100.0,0.0,-103527.6,-69427.6
00847B,中信美國市政債,上櫃,23.3,0.17196904557179707,8000.0,0,17000.0,25000.0,186400.0,0.0,396100.0,582500.0
00848B,中信新興亞洲債,上櫃,32.23,-0.5246913580246915,-1000.0,0,7000.0,6000.0,-32229.999999999996,0.0,225609.99999999997,193379.99999999997
00849B,中信EM主權債0-5,上櫃,37.34,0.18781862087469814,0,0,-6006.0,-6006.0,0.0,0.0,-224264.04,-224264.04
00853B,統一美債10年Aa-A,上櫃,25.42,-0.11787819253438112,7000.0,0,1000.0,8000.0,177940.0,0.0,25420.0,203360.0
00856B,永豐1-3年美公債,上櫃,37.26,0.18822264049475668,-2000.0,0,4000.0,2000.0,-74520.0,0.0,149040.0,74520.0
00857B,永豐20年美公債,上櫃,21.26,-0.09398496240601503,259000.0,0,623794.0,882794.0,5506340.0,0.0,13261860.440000001,18768200.44
00858,永豐美國500大,上櫃,36.25,-0.0826901874310915,73000.0,0,-121099.0,-48099.0,2646250.0,0.0,-4389838.75,-1743588.75
00859B,群益0-1年美債,上櫃,40.8,0.0,-124000.0,0,-75131.0,-199131.0,-5059200.0,0.0,-3065344.8,-8124544.8
00860B,群益1-5Y投資級債,上櫃,37.83,-0.026427061310782242,1000.0,0,-4000.0,-3000.0,37830.0,0.0,-151320.0,-113490.0
00862B,中信投資級公司債,上櫃,29.09,-0.2058319039451115,165000.0,0,-202624.0,-37624.0,4799850.0,0.0,-5894332.16,-1094482.16
00863B,中信全球電信債,上櫃,29.34,0.06821282401091405,51000.0,0,-47000.0,4000.0,1496340.0,0.0,-1378980.0,117360.0
00864B,中信美國公債0-1,上櫃,46.35,0.08637443316778234,-115000.0,0,-21019.0,-136019.0,-5330250.0,0.0,-974230.65,-6304480.65
00867B,台新A-BBB電信債,上櫃,28.4,-0.10552233556102707,0,0,-5.0,-5.0,0.0,0.0,-142.0,-142.0
00870B,元大15年EM主權債,上櫃,25.98,-0.11534025374855823,190000.0,0,-191000.0,-1000.0,4936200.0,0.0,-4962180.0,-25980.0
00877,復華中國5G,上櫃,34.84,-0.8819345661450922,-29000.0,0,-474846.0,-503846.0,-1010360.0000000001,0.0,-16543634.640000002,-17553994.64
00884B,中信低碳新興債,上櫃,27.14,-0.804093567251462,11000.0,0,-13156.0,-2156.0,298540.0,0.0,-357053.84,-58513.840000000004
00886,永豐美國科技,上櫃,49.67,-0.060362173038229376,0,0,-1000.0,-1000.0,0.0,0.0,-49670.0,-49670.0
00887,永豐中國科技50大,上櫃,15.0,-1.3157894736842106,62000.0,0,-493130.0,-431130.0,930000.0,0.0,-7396950.0,-6466950.0
00888,永豐台灣ESG,上櫃,36.67,0.21863897239682972,-655675.0,0,3191494.0,2535819.0,-24043602.25,0.0,117032084.98,92988482.73
00890B,凱基ESG BBB債15+,上櫃,29.91,-0.1335559265442404,0,0,-1000.0,-1000.0,0.0,0.0,-29910.0,-29910.0
00928,中信上櫃ESG 30,上櫃,34.51,2.8001191540065533,15500.0,0,507052.0,522552.0,534905.0,0.0,17498364.52,18033269.52
00931B,統一美債20年,上櫃,12.42,-0.3210272873194222,563000.0,0,-947181.0,-384181.0,6992460.0,0.0,-11763988.02,-4771528.02
00933B,國泰10Y+金融債,上櫃,14.92,-0.20066889632107027,2334000.0,0,-3311236.0,-977236.0,34823280.0,0.0,-49403641.12,-14580361.12
00937B,群益ESG投等債20+,上櫃,13.69,-0.363901018922853,5307200.0,0,-25061530.0,-19754330.0,72655568.0,0.0,-343092345.7,-270436777.7
00942B,台新美A公司債20+,上櫃,13.13,-0.076103500761035,1025000.0,0,604795.0,1629795.0,13458250.0,0.0,7940958.350000001,21399208.35
00948B,中信優息投資級債,上櫃,8.77,-0.11389521640091117,1623000.0,0,-95982.0,1527018.0,14233710.0,0.0,-841762.14,13391947.86
00950B,凱基A級公司債,上櫃,13.12,-0.07616146230007617,691000.0,0,-2087845.0,-1396845.0,9065920.0,0.0,-27392526.4,-18326606.4
00955,中信日本商社,上櫃,15.86,-0.6887914840325612,31000.0,0,127548.0,158548.0,491660.0,0.0,2022911.28,2514571.28
00957B,兆豐US優選投等債,上櫃,12.42,-0.08045052292839903,17000.0,0,1700.0,18700.0,211140.0,0.0,21114.0,232254.0
00958B,永豐ESG銀行債15+,上櫃,8.6,-0.23201856148491884,893000.0,0,-244970.0,648030.0,7679800.0,0.0,-2106742.0,5573058.0
00959B,大華投等美債15Y+,上櫃,8.72,-0.34285714285714286,423000.0,0,-618624.0,-195624.0,3688560.0000000005,0.0,-5394401.28,-1705841.28
00966B,統一ESG投等債15+,上櫃,12.96,-0.07710100231303006,2000.0,0,-1301.0,699.0,25920.0,0.0,-16860.960000000003,9059.04
00967B,元大優息美債,上櫃,8.51,0.0,9000.0,0,-55166.0,-46166.0,76590.0,0.0,-469462.66,-392872.66
00968B,元大優息投等債,上櫃,8.6,-0.3476245654692932,398000.0,0,-916303.0,-518303.0,3422800.0,0.0,-7880205.8,-4457405.8
00969B,元大零息超長美債,上櫃,7.38,-0.2702702702702703,96000.0,0,-230861.0,-134861.0,708480.0,0.0,-1703754.18,-995274.1799999999
00970B,台新BBB投等債20+,上櫃,8.67,-0.23014959723820483,573000.0,0,-1119595.0,-546595.0,4967910.0,0.0,-9706888.65,-4738978.65
009806,台新標普500,上櫃,13.76,-0.3620564808110065,0,0,-5205.0,-5205.0,0.0,0.0,-71620.8,-71620.8
009807,台新標普科技精選,上櫃,18.2,0.8310249307479223,0,0,-9051.0,-9051.0,0.0,0.0,-164728.19999999998,-164728.19999999998
00980B,台新特選IG債10+,上櫃,8.79,-0.2270147559591374,0,0,-113245.0,-113245.0,0.0,0.0,-995423.5499999999,-995423.5499999999
00980D,主動聯博投等入息,上櫃,19.44,-0.15408320493066255,47000.0,0,-115873.0,-68873.0,913680.0000000001,0.0,-2252571.12,-1338891.12
00980T,平衡凱基美國TOP,上櫃,12.11,-0.4930156121610517,0,0,30134.0,30134.0,0.0,0.0,364922.74,364922.74
009814,富邦標普500,上櫃,11.45,-0.08726003490401397,-600.0,0,42296.0,41696.0,-6870.0,0.0,484289.19999999995,477419.19999999995
009815,大華美國MAG7+,上櫃,12.07,-0.6584362139917695,193100.0,0,-232831.0,-39731.0,2330717.0,0.0,-2810270.17,-479553.17
00981B,第一金優選非投債,上櫃,8.96,-0.11148272017837235,339000.0,0,-2128397.0,-1789397.0,3037440.0000000005,0.0,-19070437.12,-16032997.120000001
00981D,主動中信非投等債,上櫃,10.11,0.0,67990.0,0,348000.0,415990.0,687378.8999999999,0.0,3518280.0,4205658.899999999
009822,華南永昌未來金融,上櫃,9.31,-0.21436227224008575,-2000.0,0,-132937.0,-134937.0,-18620.0,0.0,-1237643.47,-1256263.47
009823,群益S&P500,上櫃,10.51,-0.09505703422053233,27000.0,0,-1128449.0,-1101449.0,283770.0,0.0,-11859998.99,-11576228.99
009825,聯邦美國金融創新,上櫃,9.66,-0.4123711340206186,0,0,18561.0,18561.0,0.0,0.0,179299.26,179299.26
00982B,FT投資級債20+,上櫃,9.02,-0.22123893805309738,36000.0,0,0,36000.0,324720.0,0.0,0.0,324720.0
00983B,大華優利美公債20,上櫃,14.41,-0.06934812760055478,81000.0,0,-125684.0,-44684.0,1167210.0,0.0,-1811106.44,-643896.4400000001
00984B,大華優利美A債15,上櫃,15.13,-0.132013201320132,297000.0,0,-431059.0,-134059.0,4493610.0,0.0,-6521922.67,-2028312.6700000002
00985D,主動貝萊德優投等,上櫃,9.44,-0.10582010582010583,178000.0,0,-155358.0,22642.0,1680320.0,0.0,-1466579.52,213740.47999999998
00986B,FT金融債10+,上櫃,9.19,0.4371584699453552,-83000.0,0,85755.0,2755.0,-762770.0,0.0,788088.45,25318.449999999997
00986D,主動復華金融債息,上櫃,13.88,0.0,263000.0,0,-317000.0,-54000.0,3650440.0,0.0,-4399960.0,-749520.0
00987B,野村10+澳洲公債,上櫃,15.21,0.0,11000.0,0,-130077.0,-119077.0,167310.0,0.0,-1978471.1700000002,-1811161.1700000002
00987D,主動統一美債量化,上櫃,9.46,-0.21097046413502107,1000.0,0,-12847.0,-11847.0,9460.0,0.0,-121532.62000000001,-112072.62000000001
00988B,玉山嚴選非投債,上櫃,19.06,-0.26164311878597596,0,0,207.0,207.0,0.0,0.0,3945.4199999999996,3945.4199999999996
00989B,台新美國非投等債,上櫃,9.82,-0.4056795131845842,21000.0,0,-391538.0,-370538.0,206220.0,0.0,-3844903.16,-3638683.16
00990B,國泰收益非投等債,上櫃,9.83,0.10183299389002036,1000.0,0,-234130.0,-233130.0,9830.0,0.0,-2301497.9,-2291667.9
00998A,主動復華金融股息,上櫃,16.24,-2.0506634499396865,-81790.0,0,-9643811.0,-9725601.0,-1328269.5999999999,0.0,-156615490.64,-157943760.23999998
020033,統一恒生科期N,上櫃,3.32,-2.9239766081871346,0,0,-10000.0,-10000.0,0.0,0.0,-33200.0,-33200.0
020035,元大上櫃ESG高息N,上櫃,14.04,-0.35486160397445,0,0,-2000.0,-2000.0,0.0,0.0,-28080.0,-28080.0
020040,元大上櫃ESG龍頭N,上櫃,12.3,2.671118530884808,0,0,3000.0,3000.0,0.0,0.0,36900.0,36900.0
020041,兆豐半導體氣候N,上櫃,21.96,3.9280643634642685,0,0,-5000.0,-5000.0,0.0,0.0,-109800.0,-109800.0
1240,茂生農經,上櫃,54.0,-0.18484288354898337,-1000.0,0,0,-1000.0,-54000.0,0.0,0.0,-54000.0
1259,安心,上櫃,68.0,0.0,-1000.0,0,0,-1000.0,-68000.0,0.0,0.0,-68000.0
1264,德麥,上櫃,245.0,0.0,4139.0,0,-6.0,4133.0,1014055.0,0.0,-1470.0,1012585.0
1268,漢來美食,上櫃,177.5,0.0,-4000.0,0,184.0,-3816.0,-710000.0,0.0,32660.0,-677340.0
1294,漢田生技,上櫃,49.75,-0.8964143426294819,1000.0,0,447.0,1447.0,49750.0,0.0,22238.25,71988.25
1295,生合,上櫃,48.7,1.8828451882845185,5000.0,0,0,5000.0,243500.0,0.0,0.0,243500.0
1336,台翰,上櫃,18.05,-1.366120218579235,-19000.0,0,0,-19000.0,-342950.0,0.0,0.0,-342950.0
1565,精華,上櫃,97.2,0.5170630816959669,-13938.0,0,-313.0,-14251.0,-1354773.6,0.0,-30423.600000000002,-1385197.2
1569,濱川,上櫃,66.5,4.231974921630095,488404.0,0,159507.0,647911.0,32478866.0,0.0,10607215.5,43086081.5
1570,力肯,上櫃,32.9,2.0155038759689923,-1040.0,0,255.0,-785.0,-34216.0,0.0,8389.5,-25826.5
1580,新麥,上櫃,97.2,-0.20533880903490762,1170.0,0,0,1170.0,113724.0,0.0,0.0,113724.0
1584,精剛,上櫃,18.6,0.0,-29172.0,0,8920.0,-20252.0,-542599.2000000001,0.0,165912.0,-376687.2
1586,和勤,上櫃,17.9,0.0,-73510.0,0,0,-73510.0,-1315829.0,0.0,0.0,-1315829.0
1591,駿吉-KY,上櫃,41.25,-0.36231884057971014,-13000.0,0,0,-13000.0,-536250.0,0.0,0.0,-536250.0
1593,祺驊,上櫃,31.7,0.0,2000.0,0,-27.0,1973.0,63400.0,0.0,-855.9,62544.1
1595,川寶,上櫃,79.3,-4.8019207683073235,-161000.0,0,5491.0,-155509.0,-12767300.0,0.0,435436.3,-12331863.7
1599,宏佳騰,上櫃,23.2,0.432900432900433,-1000.0,0,-170.0,-1170.0,-23200.0,0.0,-3944.0,-27144.0
1777,生泰,上櫃,74.4,0.1345895020188425,4000.0,0,-39.0,3961.0,297600.0,0.0,-2901.6000000000004,294698.4
1780,立弘,上櫃,25.35,0.39603960396039606,1000.0,0,0,1000.0,25350.0,0.0,0.0,25350.0
1781,合世,上櫃,9.99,0.0,0,0,-3.0,-3.0,0.0,0.0,-29.97,-29.97
1784,訊聯,上櫃,60.5,0.16556291390728478,1000.0,0,353.0,1353.0,60500.0,0.0,21356.5,81856.5
1785,光洋科,上櫃,102.5,1.4851485148514851,433825.0,8000.0,-4038.0,437787.0,44467062.5,820000.0,-413895.0,44873167.5
1788,杏昌,上櫃,128.0,0.39215686274509803,-1000.0,0,0,-1000.0,-128000.0,0.0,0.0,-128000.0
1796,金穎生技,上櫃,29.9,-1.3201320132013203,-2000.0,0,-147.0,-2147.0,-59800.0,0.0,-4395.3,-64195.299999999996
1799,易威,上櫃,29.0,0.17271157167530227,9000.0,0,0,9000.0,261000.0,0.0,0.0,261000.0
1813,寶利徠,上櫃,11.25,-0.4424778761061947,-1000.0,0,-151.0,-1151.0,-11250.0,0.0,-1698.75,-12948.75
1815,富喬,上櫃,121.0,4.310344827586207,9453412.0,12000.0,154236.0,9619648.0,1143862852.0,1452000.0,18662556.0,1163977408.0
2035,唐榮,上櫃,26.7,-0.7434944237918216,2000.0,0,1.0,2001.0,53400.0,0.0,26.7,53426.7
2061,風青,上櫃,67.8,9.886547811993516,1175209.0,0,10556.0,1185765.0,79679170.2,0.0,715696.7999999999,80394867.0
2063,世鎧,上櫃,23.65,0.21186440677966106,-4000.0,0,-121.0,-4121.0,-94600.0,0.0,-2861.6499999999996,-97461.65
2065,世豐,上櫃,35.65,0.0,14000.0,0,0,14000.0,499100.0,0.0,0.0,499100.0
2066,世德,上櫃,52.5,1.5473887814313347,1000.0,0,0,1000.0,52500.0,0.0,0.0,52500.0
2067,嘉鋼,上櫃,4.89,-0.4073319755600815,-89000.0,0,0,-89000.0,-435210.0,0.0,0.0,-435210.0
2070,精湛,上櫃,63.1,0.15873015873015872,13360.0,0,-360.0,13000.0,843016.0,0.0,-22716.0,820300.0
2221,大甲,上櫃,188.0,5.027932960893855,195010.0,0,154000.0,349010.0,36661880.0,0.0,28952000.0,65613880.0
2230,泰茂,上櫃,22.2,3.255813953488372,31000.0,0,-975.0,30025.0,688200.0,0.0,-21645.0,666555.0
2596,綠意,上櫃,34.8,-0.2865329512893983,-10000.0,0,0,-10000.0,-348000.0,0.0,0.0,-348000.0
2640,大車隊,上櫃,156.5,-0.3184713375796179,-1000.0,0,0,-1000.0,-156500.0,0.0,0.0,-156500.0
2641,正德,上櫃,17.45,0.5763688760806918,146201.0,0,-508.0,145693.0,2551207.4499999997,0.0,-8864.6,2542342.85
2643,捷迅,上櫃,62.0,-0.4815409309791332,2000.0,0,0,2000.0,124000.0,0.0,0.0,124000.0
2718,全心投控,上櫃,40.3,0.75,1000.0,0,0,1000.0,40300.0,0.0,0.0,40300.0
2719,燦星旅,上櫃,19.7,1.0256410256410255,-1000.0,0,0,-1000.0,-19700.0,0.0,0.0,-19700.0
2729,瓦城,上櫃,155.5,-0.9554140127388535,1814.0,0,-1024.0,790.0,282077.0,0.0,-159232.0,122845.0
2732,六角,上櫃,63.4,0.9554140127388535,1000.0,0,65.0,1065.0,63400.0,0.0,4121.0,67521.0
2734,易飛網,上櫃,14.4,0.34843205574912894,9000.0,0,0,9000.0,129600.0,0.0,0.0,129600.0
2736,富野,上櫃,11.2,-0.8849557522123895,4000.0,0,0,4000.0,44800.0,0.0,0.0,44800.0
2743,山富,上櫃,52.7,0.7648183556405354,6000.0,0,-7267.0,-1267.0,316200.0,0.0,-382970.9,-66770.90000000001
2745,五福,上櫃,84.9,0.35460992907801414,9209.0,0,-84.0,9125.0,781844.1000000001,0.0,-7131.6,774712.5
2754,亞洲藏壽司,上櫃,68.1,0.14705882352941177,10000.0,0,-30.0,9970.0,681000.0,0.0,-2042.9999999999998,678957.0
2755,揚秦,上櫃,98.7,-0.30303030303030304,-3000.0,0,0,-3000.0,-296100.0,0.0,0.0,-296100.0
2756,聯發國際,上櫃,61.9,-1.4331210191082804,-2000.0,0,0,-2000.0,-123800.0,0.0,0.0,-123800.0
2916,滿心,上櫃,40.65,0.37037037037037035,1000.0,0,0,1000.0,40650.0,0.0,0.0,40650.0
2926,誠品生活,上櫃,29.95,-1.155115511551155,1000.0,0,0,1000.0,29950.0,0.0,0.0,29950.0
2938,床的世界,上櫃,18.5,0.0,5000.0,0,0,5000.0,92500.0,0.0,0.0,92500.0
2947,振宇五金,上櫃,60.8,0.4958677685950413,-3000.0,0,0,-3000.0,-182400.0,0.0,0.0,-182400.0
3066,李洲,上櫃,29.0,0.34602076124567477,107358.0,0,-707.0,106651.0,3113382.0,0.0,-20503.0,3092879.0
3071,協禧,上櫃,22.95,-0.43383947939262474,19000.0,0,0,19000.0,436050.0,0.0,0.0,436050.0
3073,天方能源,上櫃,20.6,0.4878048780487805,1000.0,0,65.0,1065.0,20600.0,0.0,1339.0,21939.0
3078,僑威,上櫃,45.95,0.4371584699453552,92040.0,0,-2308.0,89732.0,4229238.0,0.0,-106052.6,4123185.4000000004
3081,聯亞,上櫃,2925.0,9.962406015037594,-541482.0,97941.0,79335.0,-364206.0,-1583834850.0,286477425.0,232054875.0,-1065302550.0
3083,網龍,上櫃,23.75,-0.8350730688935283,-3000.0,0,-22.0,-3022.0,-71250.0,0.0,-522.5,-71772.5
3086,華義*,上櫃,28.4,3.8391224862888484,48000.0,0,-533.0,47467.0,1363200.0,0.0,-15137.199999999999,1348062.8
3088,艾訊,上櫃,132.0,-0.37735849056603776,-77268.0,0,-930.0,-78198.0,-10199376.0,0.0,-122760.0,-10322136.0
3093,港建*,上櫃,46.2,0.7633587786259541,1060.0,0,216.0,1276.0,48972.0,0.0,9979.2,58951.200000000004
3105,穩懋,上櫃,591.0,9.851301115241636,7283390.0,-27000.0,984105.0,8240495.0,4304483490.0,-15957000.0,581606055.0,4870132545.0
3114,好德,上櫃,39.65,9.98613037447989,516413.0,0,199.0,516612.0,20475775.45,0.0,7890.349999999999,20483665.8
3122,笙泉,上櫃,24.2,-1.2244897959183674,-3000.0,0,282.0,-2718.0,-72600.0,0.0,6824.4,-65775.59999999999
3128,昇銳,上櫃,20.35,1.4962593516209477,13995.0,0,0,13995.0,284798.25,0.0,0.0,284798.25
3131,弘塑,上櫃,2430.0,2.100840336134454,165232.0,36.0,11000.0,176268.0,401513760.0,87480.0,26730000.0,428331240.0
3141,晶宏,上櫃,87.1,3.076923076923077,320258.0,0,-2208.0,318050.0,27894471.799999997,0.0,-192316.8,27702155.0
3147,大綜,上櫃,264.5,-1.1214953271028036,-188458.0,0,-25755.0,-214213.0,-49847141.0,0.0,-6812197.5,-56659338.5
3152,璟德,上櫃,235.5,1.2903225806451613,15389.0,0,1346.0,16735.0,3624109.5,0.0,316983.0,3941092.5
3162,精確,上櫃,89.6,2.4,1263549.0,0,-749.0,1262800.0,113213990.39999999,0.0,-67110.4,113146880.0
3163,波若威,上櫃,713.0,9.523809523809524,583808.0,-158675.0,19452.0,444585.0,416255104.0,-113135275.0,13869276.0,316989105.0
3169,亞信,上櫃,115.0,-1.7094017094017095,73336.0,0,-235.0,73101.0,8433640.0,0.0,-27025.0,8406615.0
3171,炎洲流通,上櫃,56.7,-1.0471204188481675,0,0,-543.0,-543.0,0.0,0.0,-30788.100000000002,-30788.100000000002
3176,基亞,上櫃,37.55,0.13333333333333336,-49632.0,0,0,-49632.0,-1863681.5999999999,0.0,0.0,-1863681.5999999999
3178,公準,上櫃,71.4,2.881844380403458,18000.0,0,-684.0,17316.0,1285200.0,0.0,-48837.600000000006,1236362.4000000001
3188,鑫龍騰,上櫃,23.1,-0.43103448275862066,-10000.0,0,0,-10000.0,-231000.0,0.0,0.0,-231000.0
3191,雲嘉南,上櫃,17.45,3.5608308605341246,-13000.0,0,0,-13000.0,-226850.0,0.0,0.0,-226850.0
3205,佰研,上櫃,47.2,1.070663811563169,-5000.0,0,637.0,-4363.0,-236000.0,0.0,30066.4,-205933.6
3206,志豐,上櫃,34.0,-1.7341040462427744,-18000.0,0,1188.0,-16812.0,-612000.0,0.0,40392.0,-571608.0
3207,耀勝,上櫃,39.75,-2.334152334152334,-106000.0,0,-952.0,-106952.0,-4213500.0,0.0,-37842.0,-4251342.0
3211,順達,上櫃,397.0,0.7614213197969544,-55990.0,256800.0,57666.0,258476.0,-22228030.0,101949600.0,22893402.0,102614972.0
3213,茂訊,上櫃,123.0,-0.8064516129032258,9960.0,0,792.0,10752.0,1225080.0,0.0,97416.0,1322496.0
3217,優群,上櫃,129.0,-0.3861003861003861,48050.0,0,-21011.0,27039.0,6198450.0,0.0,-2710419.0,3488031.0
3218,大學光,上櫃,133.5,-0.3731343283582089,-28000.0,-1241.0,-471.0,-29712.0,-3738000.0,-165673.5,-62878.5,-3966552.0
3219,倚強科,上櫃,128.5,-2.2813688212927756,74761.0,0,-15265.0,59496.0,9606788.5,0.0,-1961552.5,7645236.0
3221,台嘉碩,上櫃,56.0,4.283054003724394,-1378179.0,0,-118903.0,-1497082.0,-77178024.0,0.0,-6658568.0,-83836592.0
3224,三顧,上櫃,31.25,1.1326860841423947,1000.0,0,-59.0,941.0,31250.0,0.0,-1843.75,29406.25
3226,龍鋒,上櫃,63.1,-2.923076923076923,2000.0,0,0,2000.0,126200.0,0.0,0.0,126200.0
3227,原相,上櫃,187.5,1.078167115902965,134153.0,-62000.0,4902.0,77055.0,25153687.5,-11625000.0,919125.0,14447812.5
3228,金麗科,上櫃,175.5,-2.2284122562674096,106000.0,0,-169.0,105831.0,18603000.0,0.0,-29659.5,18573340.5
3230,錦明,上櫃,41.95,-0.7100591715976331,7613.0,0,0,7613.0,319365.35000000003,0.0,0.0,319365.35000000003
3232,昱捷,上櫃,20.55,-0.7246376811594203,-8000.0,0,0,-8000.0,-164400.0,0.0,0.0,-164400.0
3234,光環,上櫃,181.5,5.523255813953488,-805713.0,0,10252.0,-795461.0,-146236909.5,0.0,1860738.0,-144376171.5
3236,千如,上櫃,53.4,9.989701338825952,-184000.0,0,68262.0,-115738.0,-9825600.0,0.0,3645190.8,-6180409.2
3252,海灣,上櫃,15.3,-0.3257328990228013,4000.0,0,0,4000.0,61200.0,0.0,0.0,61200.0
3259,鑫創,上櫃,12.85,9.82905982905983,6000.0,0,0,6000.0,77100.0,0.0,0.0,77100.0
3260,威剛,上櫃,382.0,0.5263157894736842,-1269955.0,78632.0,109364.0,-1081959.0,-485122810.0,30037424.0,41777048.0,-413308338.0
3264,欣銓,上櫃,245.0,-0.20366598778004072,-2062935.0,-1121000.0,40053.0,-3143882.0,-505419075.0,-274645000.0,9812985.0,-770251090.0
3265,台星科,上櫃,188.0,1.6216216216216217,184493.0,0,95239.0,279732.0,34684684.0,0.0,17904932.0,52589616.0
3268,海德威,上櫃,21.65,0.2314814814814815,25000.0,0,-457.0,24543.0,541250.0,0.0,-9894.05,531355.95
3272,東碩,上櫃,14.1,1.4388489208633095,7000.0,0,-954.0,6046.0,98700.0,0.0,-13451.4,85248.59999999999
3276,宇環,上櫃,14.5,4.316546762589928,27000.0,0,0,27000.0,391500.0,0.0,0.0,391500.0
3284,太普高,上櫃,20.1,2.2900763358778624,49800.0,0,-409.0,49391.0,1000980.0000000001,0.0,-8220.900000000001,992759.1000000001
3285,微端,上櫃,41.9,0.9638554216867471,-3000.0,0,89.0,-2911.0,-125700.0,0.0,3729.1,-121970.9
3287,廣寰科,上櫃,42.05,0.9603841536614647,126095.0,0,2000.0,128095.0,5302294.75,0.0,84100.0,5386394.75
3288,點晶,上櫃,21.05,-0.9411764705882354,-4000.0,0,0,-4000.0,-84200.0,0.0,0.0,-84200.0
3289,宜特,上櫃,143.0,1.0600706713780919,172429.0,0,7518.0,179947.0,24657347.0,0.0,1075074.0,25732421.0
3290,東浦,上櫃,50.3,0.6,-37511.0,0,1216.0,-36295.0,-1886803.2999999998,0.0,61164.799999999996,-1825638.5
3293,鈊象,上櫃,791.0,-2.8255528255528257,27690.0,-46000.0,-94246.0,-112556.0,21902790.0,-36386000.0,-74548586.0,-89031796.0
3294,英濟,上櫃,32.8,-0.7564296520423601,95366.0,0,501.0,95867.0,3128004.8,0.0,16432.8,3144437.5999999996
3297,杭特,上櫃,32.5,3.1746031746031744,-4000.0,0,-453.0,-4453.0,-130000.0,0.0,-14722.5,-144722.5
3303,岱稜,上櫃,48.8,0.20533880903490764,22000.0,0,256.0,22256.0,1073600.0,0.0,12492.8,1086092.8
3306,鼎天,上櫃,47.05,-0.9473684210526316,-17000.0,0,0,-17000.0,-799850.0,0.0,0.0,-799850.0
3310,佳穎,上櫃,67.6,-0.5882352941176471,1000.0,0,-1.0,999.0,67600.0,0.0,-67.6,67532.4
3313,斐成,上櫃,10.5,-0.47393364928909953,-2000.0,0,-160.0,-2160.0,-21000.0,0.0,-1680.0,-22680.0
3317,尼克森,上櫃,65.3,0.15337423312883436,-102703.0,0,-12689.0,-115392.0,-6706505.899999999,0.0,-828591.7,-7535097.6
3322,建舜電,上櫃,11.35,-2.1551724137931036,-58000.0,0,-141.0,-58141.0,-658300.0,0.0,-1600.35,-659900.35
3323,加百裕,上櫃,30.35,3.583617747440273,263260.0,0,3.0,263263.0,7989941.0,0.0,91.05000000000001,7990032.050000001
3324,雙鴻,上櫃,1505.0,-1.3114754098360655,-272601.0,-503293.0,13932.0,-761962.0,-410264505.0,-757455965.0,20967660.0,-1146752810.0
3325,旭品,上櫃,11.8,0.8547008547008547,5000.0,0,-28.0,4972.0,59000.0,0.0,-330.40000000000003,58669.600000000006
3332,幸康,上櫃,64.3,-0.9244992295839755,1000.0,0,5.0,1005.0,64300.0,0.0,321.5,64621.5
3339,泰谷,上櫃,47.0,4.328523862375139,586832.0,0,-12.0,586820.0,27581104.0,0.0,-564.0,27580540.0
3349,寶德,上櫃,19.0,-2.061855670103093,28000.0,0,122.0,28122.0,532000.0,0.0,2318.0,534318.0
3354,律勝,上櫃,30.1,1.006711409395973,483077.0,0,226.0,483303.0,14540617.700000001,0.0,6802.6,14547420.3
3357,臺慶科,上櫃,215.5,1.411764705882353,44138.0,0,-12593.0,31545.0,9511739.0,0.0,-2713791.5,6797947.5
3360,尚立,上櫃,15.55,1.967213114754098,156165.0,0,571.0,156736.0,2428365.75,0.0,8879.050000000001,2437244.8000000003
3362,先進光,上櫃,175.5,0.0,-66089.0,0,1437.0,-64652.0,-11598619.5,0.0,252193.5,-11346426.0
3363,上詮,上櫃,671.0,4.6801872074882995,-118525.0,0,6947.0,-111578.0,-79530275.0,0.0,4661437.0,-74868838.0
3372,典範,上櫃,16.9,2.735562310030395,323120.0,0,2000.0,325120.0,5460728.0,0.0,33800.0,5494528.0
3373,熱映,上櫃,15.9,-0.625,5000.0,0,149.0,5149.0,79500.0,0.0,2369.1,81869.1
3374,精材,上櫃,467.5,2.5219298245614032,59020.0,0,221987.0,281007.0,27591850.0,0.0,103778922.5,131370772.5
3379,彬台,上櫃,27.8,0.7246376811594203,2000.0,0,-334.0,1666.0,55600.0,0.0,-9285.2,46314.8
3388,崇越電,上櫃,84.5,0.11848341232227488,16638.0,0,0,16638.0,1405911.0,0.0,0.0,1405911.0
3390,旭軟,上櫃,22.4,0.22371364653243853,-5000.0,0,0,-5000.0,-112000.0,0.0,0.0,-112000.0
3402,漢科,上櫃,139.5,1.824817518248175,94046.0,0,-5456.0,88590.0,13119417.0,0.0,-761112.0,12358305.0
3430,奇鈦科,上櫃,113.5,1.7937219730941705,-54768.0,0,2482.0,-52286.0,-6216168.0,0.0,281707.0,-5934461.0
3434,哲固,上櫃,31.2,-0.6369426751592357,155.0,0,-403.0,-248.0,4836.0,0.0,-12573.6,-7737.599999999999
3438,類比科,上櫃,62.0,0.8130081300813009,2000.0,0,60.0,2060.0,124000.0,0.0,3720.0,127720.0
3441,聯一光,上櫃,211.0,4.197530864197531,-398247.0,0,-354582.0,-752829.0,-84030117.0,0.0,-74816802.0,-158846919.0
3444,利機,上櫃,80.8,0.12391573729863693,61040.0,0,-835.0,60205.0,4932032.0,0.0,-67468.0,4864564.0
3455,由田,上櫃,280.0,-2.4390243902439024,-930412.0,495000.0,44426.0,-390986.0,-260515360.0,138600000.0,12439280.0,-109476080.0
3465,進泰電子,上櫃,30.05,0.16666666666666669,-3000.0,0,0,-3000.0,-90150.0,0.0,0.0,-90150.0
3466,德晉,上櫃,24.2,1.8947368421052633,105000.0,0,79.0,105079.0,2541000.0,0.0,1911.8,2542911.8
3467,台灣精材,上櫃,73.2,0.8264462809917353,-22416.0,0,0,-22416.0,-1640851.2,0.0,0.0,-1640851.2
3479,安勤,上櫃,136.0,-0.3663003663003663,720.0,0,286.0,1006.0,97920.0,0.0,38896.0,136816.0
3483,力致,上櫃,80.9,3.0573248407643314,161262.0,0,13756.0,175018.0,13046095.8,0.0,1112860.4000000001,14158956.200000001
3484,崧騰,上櫃,48.9,3.382663847780127,129530.0,0,214.0,129744.0,6334017.0,0.0,10464.6,6344481.6
3485,敘豐,上櫃,216.0,1.647058823529412,11512.0,0,784.0,12296.0,2486592.0,0.0,169344.0,2655936.0
3489,森寶,上櫃,23.2,-2.5210084033613445,-21000.0,0,272.0,-20728.0,-487200.0,0.0,6310.4,-480889.6
3490,單井,上櫃,50.7,4.0,-2342830.0,0,-15504.0,-2358334.0,-118781481.0,0.0,-786052.8,-119567533.80000001
3491,昇達科,上櫃,1485.0,-0.33557046979865773,-7139.0,581.0,-37013.0,-43571.0,-10601415.0,862785.0,-54964305.0,-64702935.0
3492,長盛,上櫃,19.45,1.5665796344647522,-2000.0,0,0,-2000.0,-38900.0,0.0,0.0,-38900.0
3498,陽程,上櫃,215.0,-2.050113895216401,-608672.0,0,32925.0,-575747.0,-130864480.0,0.0,7078875.0,-123785605.0
3499,環天科,上櫃,13.8,0.36363636363636365,0,0,-767.0,-767.0,0.0,0.0,-10584.6,-10584.6
3508,位速,上櫃,25.75,-0.9615384615384616,28977.0,0,0,28977.0,746157.75,0.0,0.0,746157.75
3511,矽瑪,上櫃,19.75,0.7653061224489794,24000.0,0,68.0,24068.0,474000.0,0.0,1343.0,475343.0
3512,皇龍,上櫃,19.1,-0.5208333333333333,0,0,0,0,0.0,0.0,0.0,0.0
3516,亞帝歐,上櫃,25.35,0.0,9000.0,0,444.0,9444.0,228150.0,0.0,11255.400000000001,239405.40000000002
3520,華盈,上櫃,17.2,1.1764705882352942,8000.0,0,-333.0,7667.0,137600.0,0.0,-5727.599999999999,131872.4
3521,台鋼建設,上櫃,11.8,-1.6666666666666667,5000.0,0,1.0,5001.0,59000.0,0.0,11.8,59011.8
3522,御嵿,上櫃,12.45,-0.4,33000.0,0,-262.0,32738.0,410850.0,0.0,-3261.8999999999996,407588.1
3523,迎輝,上櫃,14.3,5.9259259259259265,5000.0,0,0,5000.0,71500.0,0.0,0.0,71500.0
3526,凡甲,上櫃,274.5,0.9191176470588236,11043.0,948.0,-744.0,11247.0,3031303.5,260226.0,-204228.0,3087301.5
3527,聚積,上櫃,51.4,0.0,-3000.0,0,-469.0,-3469.0,-154200.0,0.0,-24106.6,-178306.6
3529,力旺,上櫃,3170.0,-2.311248073959938,-90497.0,-80724.0,3859.0,-167362.0,-286875490.0,-255895080.0,12233030.0,-530537540.0
3537,堡達,上櫃,56.8,-3.071672354948806,-285800.0,0,7943.0,-277857.0,-16233440.0,0.0,451162.39999999997,-15782277.6
3540,曜越,上櫃,23.4,1.2987012987012987,6000.0,0,0,6000.0,140400.0,0.0,0.0,140400.0
3541,西柏,上櫃,24.55,0.6147540983606556,0,0,0,0,0.0,0.0,0.0,0.0
3546,宇峻,上櫃,73.0,-0.273224043715847,10050.0,0,220.0,10270.0,733650.0,0.0,16060.0,749710.0
3548,兆利,上櫃,77.2,0.915032679738562,34000.0,0,249.0,34249.0,2624800.0,0.0,19222.8,2644022.8000000003
3551,世禾,上櫃,199.5,3.3678756476683938,-677000.0,0,19121.0,-657879.0,-135061500.0,0.0,3814639.5,-131246860.5
3552,同致,上櫃,45.8,3.3860045146726865,-173002.0,0,-9000.0,-182002.0,-7923491.6,0.0,-412200.0,-8335691.6
3555,博士旺,上櫃,167.0,0.0,15000.0,0,60.0,15060.0,2505000.0,0.0,10020.0,2515020.0
3556,禾瑞亞,上櫃,59.1,0.0,11149.0,0,0,11149.0,658905.9,0.0,0.0,658905.9
3558,神準,上櫃,131.0,1.550387596899225,101589.0,0,8159.0,109748.0,13308159.0,0.0,1068829.0,14376988.0
3564,其陽,上櫃,56.1,10.0,318093.0,0,-186932.0,131161.0,17845017.3,0.0,-10486885.200000001,7358132.100000001
3567,逸昌,上櫃,26.2,0.19120458891013387,-5000.0,0,-549.0,-5549.0,-131000.0,0.0,-14383.8,-145383.8
3570,大塚,上櫃,170.0,-0.2932551319648094,-1000.0,0,0,-1000.0,-170000.0,0.0,0.0,-170000.0
3577,泓格,上櫃,114.5,-0.8658008658008658,-5385.0,0,309.0,-5076.0,-616582.5,0.0,35380.5,-581202.0
3580,友威科,上櫃,108.5,-0.45871559633027525,105621.0,0,6441.0,112062.0,11459878.5,0.0,698848.5,12158727.0
3581,博磊,上櫃,118.5,1.282051282051282,-62719.0,0,5407.0,-57312.0,-7432201.5,0.0,640729.5,-6791472.0
3587,閎康,上櫃,245.0,1.6597510373443984,49291.0,0,6853.0,56144.0,12076295.0,0.0,1678985.0,13755280.0
3594,磐儀,上櫃,47.15,-1.1530398322851154,-36988.0,0,-3144.0,-40132.0,-1743984.2,0.0,-148239.6,-1892223.8
3597,映興,上櫃,27.7,-1.4234875444839858,-1000.0,0,-75.0,-1075.0,-27700.0,0.0,-2077.5,-29777.5
3609,三一東林,上櫃,22.9,-0.43478260869565216,1000.0,0,-220.0,780.0,22900.0,0.0,-5038.0,17862.0
3611,鼎翰,上櫃,184.5,0.0,7000.0,0,0,7000.0,1291500.0,0.0,0.0,1291500.0
3615,安可,上櫃,45.0,4.046242774566474,-580361.0,0,247.0,-580114.0,-26116245.0,0.0,11115.0,-26105130.0
3623,富晶通,上櫃,30.55,0.0,-22940.0,0,-853.0,-23793.0,-700817.0,0.0,-26059.15,-726876.15
3624,光頡,上櫃,148.5,-1.6556291390728477,-1737151.0,-350000.0,-59990.0,-2147141.0,-257966923.5,-51975000.0,-8908515.0,-318850438.5
3625,西勝,上櫃,11.15,-0.4464285714285714,54000.0,0,0,54000.0,602100.0,0.0,0.0,602100.0
3628,盈正,上櫃,71.8,-1.3736263736263736,6000.0,0,-686.0,5314.0,430800.0,0.0,-49254.799999999996,381545.2
3630,新鉅科,上櫃,26.8,-0.37174721189591076,206660.0,0,-67.0,206593.0,5538488.0,0.0,-1795.6000000000001,5536692.4
3631,晟楠,上櫃,41.15,1.73053152039555,86000.0,0,0,86000.0,3538900.0,0.0,0.0,3538900.0
3663,鑫科,上櫃,64.8,-0.4608294930875576,21050.0,0,-4571.0,16479.0,1364040.0,0.0,-296200.8,1067839.2
3666,光耀,上櫃,25.3,0.0,-3000.0,0,0,-3000.0,-75900.0,0.0,0.0,-75900.0
3672,康聯訊,上櫃,12.25,1.2396694214876034,0,0,-170.0,-170.0,0.0,0.0,-2082.5,-2082.5
3675,德微,上櫃,360.0,0.2785515320334262,36379.0,0,-40970.0,-4591.0,13096440.0,0.0,-14749200.0,-1652760.0
3680,家登,上櫃,552.0,0.18148820326678766,90170.0,367.0,-9065.0,81472.0,49773840.0,202584.0,-5003880.0,44972544.0
3685,元創精密,上櫃,36.0,3.8961038961038965,339087.0,0,-838.0,338249.0,12207132.0,0.0,-30168.0,12176964.0
3687,歐買尬,上櫃,61.1,-0.8116883116883116,0,0,0,0,0.0,0.0,0.0,0.0
3689,湧德,上櫃,113.0,2.262443438914027,148240.0,0,7117.0,155357.0,16751120.0,0.0,804221.0,17555341.0
3691,碩禾,上櫃,113.0,0.4444444444444444,162855.0,0,13193.0,176048.0,18402615.0,0.0,1490809.0,19893424.0
3693,營邦,上櫃,663.0,-0.15060240963855423,-127775.0,0,1675.0,-126100.0,-84714825.0,0.0,1110525.0,-83604300.0
3707,漢磊,上櫃,85.2,9.935483870967742,7825305.0,0,220742.0,8046047.0,666715986.0,0.0,18807218.400000002,685523204.4
3709,鑫聯大投控,上櫃,65.5,-0.6069802731411229,-34950.0,0,250.0,-34700.0,-2289225.0,0.0,16375.0,-2272850.0
3710,連展投控,上櫃,8.12,0.49504950495049505,-4000.0,0,0,-4000.0,-32479.999999999996,0.0,0.0,-32479.999999999996
3713,新晶投控,上櫃,13.8,0.0,0,0,-231.0,-231.0,0.0,0.0,-3187.8,-3187.8
3718,中光電投控,上櫃,65.1,1.2441679626749613,291400.0,0,25000.0,316400.0,18970140.0,0.0,1627499.9999999998,20597640.0
4102,永日,上櫃,18.45,0.0,3000.0,0,0,3000.0,55350.0,0.0,0.0,55350.0
4105,東洋,上櫃,78.9,0.5095541401273886,60114.0,0,21000.0,81114.0,4742994.600000001,0.0,1656900.0000000002,6399894.600000001
4107,邦特,上櫃,110.0,-0.4524886877828055,-2000.0,0,-1.0,-2001.0,-220000.0,0.0,-110.0,-220110.0
4109,加捷生醫,上櫃,11.0,0.9174311926605505,5000.0,0,0,5000.0,55000.0,0.0,0.0,55000.0
4111,濟生,上櫃,29.0,0.5199306759098786,-12000.0,0,-679.0,-12679.0,-348000.0,0.0,-19691.0,-367691.0
4113,聯上,上櫃,15.2,0.6622516556291391,-17998.0,0,-501.0,-18499.0,-273569.6,0.0,-7615.2,-281184.8
4114,健喬,上櫃,29.35,-0.5084745762711864,-155000.0,0,-840.0,-155840.0,-4549250.0,0.0,-24654.0,-4573904.0
4116,明基醫,上櫃,40.15,0.8793969849246231,-3000.0,0,0,-3000.0,-120450.0,0.0,0.0,-120450.0
4120,友華,上櫃,46.1,0.21739130434782608,-32000.0,0,478.0,-31522.0,-1475200.0,0.0,22035.8,-1453164.2
4121,優盛,上櫃,12.9,1.1764705882352942,-4000.0,0,-884.0,-4884.0,-51600.0,0.0,-11403.6,-63003.6
4123,晟德,上櫃,31.2,-0.31948881789137384,-232169.0,0,-72531.0,-304700.0,-7243672.8,0.0,-2262967.1999999997,-9506640.0
4126,太醫,上櫃,78.0,0.0,-4000.0,0,0,-4000.0,-312000.0,0.0,0.0,-312000.0
4127,天良,上櫃,45.6,-2.355460385438972,-26000.0,0,-10602.0,-36602.0,-1185600.0,0.0,-483451.2,-1669051.2
4128,中天,上櫃,15.3,0.9900990099009901,238688.0,0,-817.0,237871.0,3651926.4000000004,0.0,-12500.1,3639426.3000000003
4129,聯合,上櫃,82.3,-0.36319612590799033,-28000.0,0,-542.0,-28542.0,-2304400.0,0.0,-44606.6,-2349006.6
4131,浩泰,上櫃,30.8,-0.1620745542949757,0,0,192.0,192.0,0.0,0.0,5913.6,5913.6
4138,曜亞,上櫃,53.5,-1.4732965009208105,17000.0,0,0,17000.0,909500.0,0.0,0.0,909500.0
4139,馬光-KY,上櫃,41.95,0.0,3000.0,0,0,3000.0,125850.00000000001,0.0,0.0,125850.00000000001
4147,中裕,上櫃,61.4,-0.967741935483871,-148834.0,0,-1002.0,-149836.0,-9138407.6,0.0,-61522.799999999996,-9199930.4
4153,鈺緯,上櫃,31.55,0.96,1000.0,0,29.0,1029.0,31550.0,0.0,914.95,32464.95
4157,太景*-KY,上櫃,8.65,-0.9163802978235969,-300000.0,0,-821.0,-300821.0,-2595000.0,0.0,-7101.650000000001,-2602101.65
4160,訊聯基因,上櫃,38.8,-0.25706940874035994,-1000.0,0,-177.0,-1177.0,-38800.0,0.0,-6867.599999999999,-45667.6
4161,聿新科,上櫃,21.65,-0.45977011494252873,-4000.0,0,0,-4000.0,-86600.0,0.0,0.0,-86600.0
4162,智擎,上櫃,55.4,0.18083182640144668,-6994.0,0,-333.0,-7327.0,-387467.6,0.0,-18448.2,-405915.8
4163,鐿鈦,上櫃,137.0,0.3663003663003663,0,0,2301.0,2301.0,0.0,0.0,315237.0,315237.0
4166,友霖,上櫃,24.4,-1.4141414141414141,-4000.0,0,0,-4000.0,-97600.0,0.0,0.0,-97600.0
4167,松瑞藥,上櫃,19.55,-0.25510204081632654,115863.0,0,10856.0,126719.0,2265121.65,0.0,212234.80000000002,2477356.45
4168,醣聯,上櫃,22.4,1.1286681715575622,19000.0,0,0,19000.0,425600.0,0.0,0.0,425600.0
4173,久裕,上櫃,17.4,0.8695652173913043,-1000.0,0,-198.0,-1198.0,-17400.0,0.0,-3445.2,-20845.199999999997
4174,浩鼎,上櫃,42.0,-2.552204176334107,-697586.0,0,-28337.0,-725923.0,-29298612.0,0.0,-1190154.0,-30488766.0
4188,安克,上櫃,14.1,-1.3986013986013988,-5000.0,0,0,-5000.0,-70500.0,0.0,0.0,-70500.0
4205,中華食,上櫃,68.4,-0.5813953488372092,2000.0,0,-681.0,1319.0,136800.0,0.0,-46580.4,90219.6
4207,環泰,上櫃,19.4,0.0,-12000.0,0,-606.0,-12606.0,-232799.99999999997,0.0,-11756.4,-244556.4
4303,信立,上櫃,33.35,0.0,5090.0,0,22634.0,27724.0,169751.5,0.0,754843.9,924595.4
4304,勝昱,上櫃,17.3,0.0,-10000.0,0,0,-10000.0,-173000.0,0.0,0.0,-173000.0
4401,東隆興,上櫃,13.95,0.3597122302158274,0,0,-82.0,-82.0,0.0,0.0,-1143.8999999999999,-1143.8999999999999
4406,新昕纖,上櫃,10.25,0.49019607843137264,2000.0,0,0,2000.0,20500.0,0.0,0.0,20500.0
4416,三圓,上櫃,12.8,-2.2900763358778624,138618.0,0,0,138618.0,1774310.4000000001,0.0,0.0,1774310.4000000001
4417,金洲,上櫃,49.35,-0.5040322580645161,-1000.0,0,-664.0,-1664.0,-49350.0,0.0,-32768.4,-82118.40000000001
4420,光明,上櫃,35.5,-0.42075736325385693,7000.0,0,0,7000.0,248500.0,0.0,0.0,248500.0
4430,耀億,上櫃,17.7,-0.5617977528089888,6000.0,0,-707.0,5293.0,106200.0,0.0,-12513.9,93686.09999999999
4432,銘旺實,上櫃,15.55,1.3029315960912051,-3000.0,0,0,-3000.0,-46650.0,0.0,0.0,-46650.0
4442,竣邦-KY,上櫃,53.6,-0.7407407407407408,-3000.0,0,0,-3000.0,-160800.0,0.0,0.0,-160800.0
4502,健信,上櫃,15.85,0.31645569620253167,1000.0,0,-860.0,140.0,15850.0,0.0,-13631.0,2219.0
4503,金雨,上櫃,24.1,-0.20703933747412007,4000.0,0,499.0,4499.0,96400.0,0.0,12025.900000000001,108425.90000000001
4506,崇友,上櫃,117.5,-0.423728813559322,-15524.0,0,-91.0,-15615.0,-1824070.0,0.0,-10692.5,-1834762.5
4510,高鋒,上櫃,43.6,0.34522439585730724,234505.0,0,915.0,235420.0,10224418.0,0.0,39894.0,10264312.0
4513,福裕,上櫃,16.3,-0.6097560975609756,36000.0,0,6000.0,42000.0,586800.0,0.0,97800.0,684600.0
4523,永彰,上櫃,23.9,-0.4166666666666667,-4000.0,0,-58.0,-4058.0,-95600.0,0.0,-1386.1999999999998,-96986.2
4528,江興鍛,上櫃,14.8,-0.33670033670033667,-2000.0,0,-468.0,-2468.0,-29600.0,0.0,-6926.400000000001,-36526.4
4530,天意能創,上櫃,24.0,-0.4149377593360996,-1000.0,0,0,-1000.0,-24000.0,0.0,0.0,-24000.0
4533,協易機,上櫃,25.6,0.19569471624266144,507000.0,0,0,507000.0,12979200.0,0.0,0.0,12979200.0
4534,慶騰,上櫃,30.0,-2.2801302931596092,35792.0,0,0,35792.0,1073760.0,0.0,0.0,1073760.0
4535,至興,上櫃,26.75,-0.9259259259259258,8000.0,0,0,8000.0,214000.0,0.0,0.0,214000.0
4538,大詠城,上櫃,17.3,-0.8595988538681949,2000.0,0,0,2000.0,34600.0,0.0,0.0,34600.0
4541,晟田,上櫃,61.1,1.6638935108153077,55424.0,0,3.0,55427.0,3386406.4,0.0,183.3,3386589.7
4542,科嶠,上櫃,336.5,2.591463414634146,29050.0,0,2000.0,31050.0,9775325.0,0.0,673000.0,10448325.0
4543,萬在,上櫃,30.25,0.3316749585406302,-14000.0,0,0,-14000.0,-423500.0,0.0,0.0,-423500.0
4549,桓達,上櫃,97.3,0.412796697626419,19280.0,0,-427.0,18853.0,1875944.0,0.0,-41547.1,1834396.9
4550,長佳,上櫃,24.15,-1.2269938650306749,1000.0,0,-85.0,915.0,24150.0,0.0,-2052.75,22097.25
4556,旭然,上櫃,114.5,2.690582959641256,273437.0,0,250.0,273687.0,31308536.5,0.0,28625.0,31337161.5
4558,寶緯,上櫃,16.8,-0.2967359050445104,7000.0,0,0,7000.0,117600.0,0.0,0.0,117600.0
4561,健椿,上櫃,43.6,2.5882352941176476,85000.0,0,8172.0,93172.0,3706000.0,0.0,356299.2,4062299.2
4563,百德,上櫃,53.2,-0.5607476635514018,-31590.0,0,0,-31590.0,-1680588.0,0.0,0.0,-1680588.0
4577,達航科技,上櫃,92.0,1.7699115044247788,142481.0,0,3326.0,145807.0,13108252.0,0.0,305992.0,13414244.0
4580,捷流閥業,上櫃,82.2,0.0,-7000.0,0,0,-7000.0,-575400.0,0.0,0.0,-575400.0
4584,君帆,上櫃,38.0,1.3333333333333335,1000.0,0,0,1000.0,38000.0,0.0,0.0,38000.0
4702,中美實,上櫃,9.29,0.1077586206896552,-5000.0,0,-410.0,-5410.0,-46449.99999999999,0.0,-3808.8999999999996,-50258.899999999994
4706,大恭,上櫃,34.7,0.1443001443001443,0,0,61.0,61.0,0.0,0.0,2116.7000000000003,2116.7000000000003
4707,磐亞,上櫃,30.15,5.052264808362369,587883.0,0,15690.0,603573.0,17724672.45,0.0,473053.5,18197725.95
4711,永純,上櫃,16.4,1.5479876160990713,-1000.0,0,76.0,-924.0,-16400.0,0.0,1246.3999999999999,-15153.599999999999
4714,永捷,上櫃,12.35,4.219409282700422,465369.0,0,-637.0,464732.0,5747307.149999999,0.0,-7866.95,5739440.2
4716,大立,上櫃,18.95,9.855072463768115,402011.0,0,0,402011.0,7618108.449999999,0.0,0.0,7618108.449999999
4721,美琪瑪,上櫃,81.2,0.7444168734491314,128445.0,0,3000.0,131445.0,10429734.0,0.0,243600.0,10673334.0
4726,永昕,上櫃,23.2,-0.8547008547008548,-13000.0,0,0,-13000.0,-301600.0,0.0,0.0,-301600.0
4728,雙美,上櫃,394.5,0.0,-3000.0,0,21.0,-2979.0,-1183500.0,0.0,8284.5,-1175215.5
4729,熒茂,上櫃,19.7,-3.431372549019608,25000.0,0,25.0,25025.0,492500.0,0.0,492.5,492992.5
4735,豪展,上櫃,36.0,-0.1386962552011096,-8000.0,0,18.0,-7982.0,-288000.0,0.0,648.0,-287352.0
4741,泓瀚,上櫃,41.65,3.349875930521092,-27000.0,0,-8000.0,-35000.0,-1124550.0,0.0,-333200.0,-1457750.0
4743,合一,上櫃,47.15,2.8353326063249726,239494.0,0,-4000.0,235494.0,11292142.1,0.0,-188600.0,11103542.1
4744,皇將,上櫃,28.3,-1.3937282229965158,-9000.0,0,0,-9000.0,-254700.0,0.0,0.0,-254700.0
4745,合富-KY,上櫃,12.2,0.411522633744856,-3000.0,0,0,-3000.0,-36600.0,0.0,0.0,-36600.0
4747,強生*,上櫃,22.95,-0.6493506493506493,-12000.0,0,-749.0,-12749.0,-275400.0,0.0,-17189.55,-292589.55
4749,新應材,上櫃,785.0,3.6988110964332894,19983.0,-94675.0,25698.0,-48994.0,15686655.0,-74319875.0,20172930.0,-38460290.0
4754,國碳科,上櫃,38.15,0.7926023778071334,5000.0,0,0,5000.0,190750.0,0.0,0.0,190750.0
4760,勤凱,上櫃,317.0,9.878682842287695,124968.0,0,2811.0,127779.0,39614856.0,0.0,891087.0,40505943.0
4767,誠泰科技,上櫃,28.7,2.135231316725979,-3000.0,0,94.0,-2906.0,-86100.0,0.0,2697.7999999999997,-83402.2
4768,晶呈科技,上櫃,374.5,2.043596730245232,-65635.0,0,6591.0,-59044.0,-24580307.5,0.0,2468329.5,-22111978.0
4772,台特化,上櫃,281.5,6.427221172022684,462559.0,0,75363.0,537922.0,130210358.5,0.0,21214684.5,151425043.0
4903,聯光通,上櫃,45.3,2.1420518602029315,-459191.0,0,0,-459191.0,-20801352.299999997,0.0,0.0,-20801352.299999997
4905,台聯電,上櫃,92.5,9.988109393579075,18000.0,0,920.0,18920.0,1665000.0,0.0,85100.0,1750100.0
4907,富宇,上櫃,44.5,-1.2208657047724754,-12000.0,0,0,-12000.0,-534000.0,0.0,0.0,-534000.0
4908,前鼎,上櫃,224.5,9.7799511002445,205347.0,0,46536.0,251883.0,46100401.5,0.0,10447332.0,56547733.5
4909,新復興,上櫃,36.85,1.9363762102351314,137162.0,0,349.0,137511.0,5054419.7,0.0,12860.65,5067280.350000001
4911,德英,上櫃,28.4,0.7092198581560284,1000.0,0,0,1000.0,28400.0,0.0,0.0,28400.0
4923,力士,上櫃,66.6,2.147239263803681,-1108878.0,0,0,-1108878.0,-73851274.8,0.0,0.0,-73851274.8
4924,欣厚-KY,上櫃,15.9,0.0,-17000.0,0,-326.0,-17326.0,-270300.0,0.0,-5183.400000000001,-275483.4
4931,新盛力,上櫃,252.0,1.4084507042253522,-42355.0,0,117119.0,74764.0,-10673460.0,0.0,29513988.0,18840528.0
4933,友輝,上櫃,53.9,-0.5535055350553506,-5000.0,0,0,-5000.0,-269500.0,0.0,0.0,-269500.0
4939,亞電,上櫃,79.2,0.38022813688212925,-572198.0,0,-4812.0,-577010.0,-45318081.6,0.0,-381110.4,-45699192.0
4946,辣椒,上櫃,101.0,0.4975124378109453,2000.0,0,830.0,2830.0,202000.0,0.0,83830.0,285830.0
4950,金耘國際,上櫃,16.1,-0.6172839506172839,0,0,0,0,0.0,0.0,0.0,0.0
4951,精拓科,上櫃,90.9,0.6644518272425248,23050.0,0,-295.0,22755.0,2095245.0000000002,0.0,-26815.5,2068429.5000000002
4953,緯致,上櫃,117.5,0.0,-28610.0,0,-87.0,-28697.0,-3361675.0,0.0,-10222.5,-3371897.5
4966,譜瑞-KY,上櫃,574.0,0.34965034965034963,18870.0,16000.0,-1673.0,33197.0,10831380.0,9184000.0,-960302.0,19055078.0
4971,IET-KY,上櫃,587.0,9.925093632958802,151911.0,0,43991.0,195902.0,89171757.0,0.0,25822717.0,114994474.0
4972,湯石照明,上櫃,16.2,-0.6134969325153374,1000.0,0,0,1000.0,16200.0,0.0,0.0,16200.0
4973,廣穎,上櫃,138.5,1.094890510948905,22100.0,0,-2337.0,19763.0,3060850.0,0.0,-323674.5,2737175.5
4974,亞泰,上櫃,71.2,-0.14025245441795234,16000.0,0,740.0,16740.0,1139200.0,0.0,52688.0,1191888.0
4979,華星光,上櫃,585.0,5.026929982046679,-106650.0,0,164200.0,57550.0,-62390250.0,0.0,96057000.0,33666750.0
4991,環宇-KY,上櫃,534.0,9.989701338825952,780959.0,117000.0,115603.0,1013562.0,417032106.0,62478000.0,61732002.0,541242108.0
4995,晶達,上櫃,48.8,-2.4,1000.0,0,10000.0,11000.0,48800.0,0.0,488000.0,536800.0
5009,榮剛,上櫃,33.1,0.9146341463414632,464971.0,0,-113.0,464858.0,15390540.100000001,0.0,-3740.3,15386799.8
5011,久陽,上櫃,20.45,9.946236559139788,0,0,-29.0,-29.0,0.0,0.0,-593.05,-593.05
5013,強新,上櫃,46.85,9.976525821596244,0,0,57000.0,57000.0,0.0,0.0,2670450.0,2670450.0
5014,建錩,上櫃,10.1,-1.9417475728155342,2000.0,0,0,2000.0,20200.0,0.0,0.0,20200.0
5015,華祺,上櫃,23.95,9.862385321100916,6000.0,0,-93.0,5907.0,143700.0,0.0,-2227.35,141472.65
5016,松和,上櫃,28.6,1.779359430604982,-33000.0,0,0,-33000.0,-943800.0,0.0,0.0,-943800.0
5201,凱衛,上櫃,28.0,-4.10958904109589,3000.0,0,0,3000.0,84000.0,0.0,0.0,84000.0
5202,力新,上櫃,14.1,-0.35335689045936397,24002.0,0,90.0,24092.0,338428.2,0.0,1269.0,339697.2
5206,坤悅,上櫃,22.85,0.21929824561403508,15010.0,0,0,15010.0,342978.5,0.0,0.0,342978.5
5209,新鼎,上櫃,176.0,2.623906705539359,42125.0,0,-795.0,41330.0,7414000.0,0.0,-139920.0,7274080.0
5210,寶碩,上櫃,30.3,0.4975124378109452,17000.0,0,0,17000.0,515100.0,0.0,0.0,515100.0
5211,蒙恬,上櫃,21.35,1.1848341232227488,-1000.0,0,655.0,-345.0,-21350.0,0.0,13984.250000000002,-7365.750000000001
5212,凌網,上櫃,49.3,0.9211873080859776,-1000.0,0,0,-1000.0,-49300.0,0.0,0.0,-49300.0
5213,亞昕,上櫃,20.55,-0.4842615012106537,-26020.0,0,0,-26020.0,-534711.0,0.0,0.0,-534711.0
5220,萬達光電,上櫃,23.1,-0.43103448275862066,4000.0,0,-189.0,3811.0,92400.0,0.0,-4365.900000000001,88034.1
5223,安力-KY,上櫃,22.95,-1.9230769230769231,2000.0,0,0,2000.0,45900.0,0.0,0.0,45900.0
5227,立凱-KY,上櫃,30.55,-1.2924071082390953,170000.0,0,-320.0,169680.0,5193500.0,0.0,-9776.0,5183724.0
5228,鈺鎧,上櫃,48.05,9.954233409610984,-270000.0,0,1000.0,-269000.0,-12973500.0,0.0,48050.0,-12925450.0
5230,雷笛克光學,上櫃,22.25,-1.7660044150110379,128616.0,0,0,128616.0,2861706.0,0.0,0.0,2861706.0
5245,智晶,上櫃,20.75,-0.2403846153846154,5000.0,0,-45000.0,-40000.0,103750.0,0.0,-933750.0,-830000.0
5251,天鉞電,上櫃,29.95,0.8417508417508417,3000.0,0,434.0,3434.0,89850.0,0.0,12998.3,102848.3
5263,智崴,上櫃,90.5,-0.2205071664829107,-13000.0,0,-575.0,-13575.0,-1176500.0,0.0,-52037.5,-1228537.5
5272,笙科,上櫃,17.85,-0.8333333333333334,-8000.0,0,-632.0,-8632.0,-142800.0,0.0,-11281.2,-154081.2
5274,信驊,上櫃,18840.0,-1.050420168067227,-2027.0,-22988.0,3512.0,-21503.0,-38188680.0,-433093920.0,66166080.0,-405116520.0
5278,尚凡*,上櫃,23.7,0.851063829787234,12000.0,0,-200.0,11800.0,284400.0,0.0,-4740.0,279660.0
5287,數字,上櫃,137.5,0.0,-48592.0,0,1050.0,-47542.0,-6681400.0,0.0,144375.0,-6537025.0
5289,宜鼎,上櫃,1295.0,0.3875968992248062,-75818.0,-19800.0,-4853.0,-100471.0,-98184310.0,-25641000.0,-6284635.0,-130109945.0
5291,邑昇,上櫃,62.0,1.4729950900163666,74230.0,0,685.0,74915.0,4602260.0,0.0,42470.0,4644730.0
5299,杰力,上櫃,104.5,0.966183574879227,127150.0,0,1548.0,128698.0,13287175.0,0.0,161766.0,13448941.0
5302,太欣,上櫃,10.05,1.9269776876267746,-69000.0,0,-661.0,-69661.0,-693450.0,0.0,-6643.05,-700093.05
5309,系統電,上櫃,65.7,4.617834394904459,3743664.0,-3000.0,283350.0,4024014.0,245958724.8,-197100.0,18616095.0,264377719.8
5310,天剛,上櫃,29.6,8.823529411764705,15000.0,0,-788.0,14212.0,444000.0,0.0,-23324.800000000003,420675.2
5312,寶島科,上櫃,89.7,0.223463687150838,1000.0,0,0,1000.0,89700.0,0.0,0.0,89700.0
5314,世紀*,上櫃,29.9,-2.287581699346405,-3034566.0,0,-219864.0,-3254430.0,-90733523.39999999,0.0,-6573933.6,-97307457.0
5315,光聯,上櫃,18.85,-0.26455026455026454,10000.0,0,97.0,10097.0,188500.0,0.0,1828.45,190328.45
5321,美而快,上櫃,68.6,-2.418207681365576,-73700.0,0,0,-73700.0,-5055820.0,0.0,0.0,-5055820.0
5324,士開,上櫃,12.45,0.0,2000.0,0,0,2000.0,24900.0,0.0,0.0,24900.0
5328,華容,上櫃,59.1,1.1986301369863013,-2557008.0,0,-111573.0,-2668581.0,-151119172.8,0.0,-6593964.3,-157713137.1
5340,建榮,上櫃,83.2,3.482587064676616,602062.0,0,9087.0,611149.0,50091558.4,0.0,756038.4,50847596.800000004
5344,立衛,上櫃,13.65,1.486988847583643,5000.0,0,469.0,5469.0,68250.0,0.0,6401.85,74651.85
5345,馥鴻,上櫃,21.15,-0.7042253521126761,0,0,431.0,431.0,0.0,0.0,9115.65,9115.65
5347,世界,上櫃,187.0,1.3550135501355014,991958.0,310548.0,-70094.0,1232412.0,185496146.0,58072476.0,-13107578.0,230461044.0
5351,鈺創,上櫃,116.0,5.93607305936073,1424150.0,0,226696.0,1650846.0,165201400.0,0.0,26296736.0,191498136.0
5353,台林,上櫃,28.65,0.5263157894736842,20000.0,0,0,20000.0,573000.0,0.0,0.0,573000.0
5355,佳總,上櫃,7.4,4.225352112676055,-2000.0,0,158.0,-1842.0,-14800.0,0.0,1169.2,-13630.800000000001
5356,協益,上櫃,25.75,-0.5791505791505791,10000.0,0,186.0,10186.0,257500.0,0.0,4789.5,262289.5
5364,力麗店,上櫃,8.31,-0.8353221957040573,5000.0,0,0,5000.0,41550.0,0.0,0.0,41550.0
5381,光譜,上櫃,23.35,0.43010752688172044,331650.0,0,0,331650.0,7744027.500000001,0.0,0.0,7744027.500000001
5386,青雲,上櫃,292.5,1.386481802426343,-15023.0,0,10000.0,-5023.0,-4394227.5,0.0,2925000.0,-1469227.5
5392,能率,上櫃,40.05,0.37593984962406013,-13000.0,0,-1049.0,-14049.0,-520649.99999999994,0.0,-42012.45,-562662.45
5398,慕康生醫,上櫃,13.65,-1.0869565217391304,-22000.0,0,-146.0,-22146.0,-300300.0,0.0,-1992.9,-302292.9
5403,中菲,上櫃,92.7,-0.3225806451612903,-1000.0,0,0,-1000.0,-92700.0,0.0,0.0,-92700.0
5410,國眾,上櫃,33.1,0.6079027355623101,-15059.0,0,-153.0,-15212.0,-498452.9,0.0,-5064.3,-503517.2
5425,台半,上櫃,102.0,4.615384615384616,2695298.0,0,930588.0,3625886.0,274920396.0,0.0,94919976.0,369840372.0
5426,振發,上櫃,29.65,3.6713286713286717,246974.0,0,4370.0,251344.0,7322779.1,0.0,129570.5,7452349.6
5432,新門,上櫃,164.5,3.7854889589905363,115000.0,0,-232.0,114768.0,18917500.0,0.0,-38164.0,18879336.0
5438,東友,上櫃,17.35,0.5797101449275363,-2000.0,0,0,-2000.0,-34700.0,0.0,0.0,-34700.0
5439,高技,上櫃,253.0,0.796812749003984,216000.0,0,-3643.0,212357.0,54648000.0,0.0,-921679.0,53726321.0
5443,均豪,上櫃,113.5,1.3392857142857142,620348.0,0,12322.0,632670.0,70409498.0,0.0,1398547.0,71808045.0
5450,南良,上櫃,14.6,0.0,-8000.0,0,56.0,-7944.0,-116800.0,0.0,817.6,-115982.4
5452,佶優,上櫃,27.95,1.8214936247723135,136076.0,0,-945.0,135131.0,3803324.1999999997,0.0,-26412.75,3776911.4499999997
5457,宣德,上櫃,24.4,2.0920502092050213,16175.0,0,-6000.0,10175.0,394670.0,0.0,-146400.0,248270.0
5460,同協,上櫃,17.4,0.8695652173913043,7000.0,0,0,7000.0,121799.99999999999,0.0,0.0,121799.99999999999
5464,霖宏,上櫃,90.7,-1.9459459459459458,-117839.0,0,-124.0,-117963.0,-10687997.3,0.0,-11246.800000000001,-10699244.1
5465,富驊,上櫃,33.1,-2.2156573116691285,-9379.0,0,0,-9379.0,-310444.9,0.0,0.0,-310444.9
5468,凱鈺,上櫃,25.2,-0.9823182711198428,-4000.0,0,0,-4000.0,-100800.0,0.0,0.0,-100800.0
5474,聰泰,上櫃,161.5,-2.1212121212121215,13000.0,0,-1081.0,11919.0,2099500.0,0.0,-174581.5,1924918.5
5475,德宏,上櫃,180.5,1.4044943820224718,532143.0,0,-10027.0,522116.0,96051811.5,0.0,-1809873.5,94241938.0
5478,智冠,上櫃,97.6,0.10256410256410256,-7100.0,0,-11.0,-7111.0,-692960.0,0.0,-1073.6,-694033.6
5481,新華,上櫃,21.85,-1.1312217194570136,-56966.0,0,0,-56966.0,-1244707.1,0.0,0.0,-1244707.1
5483,中美晶,上櫃,221.5,4.7281323877068555,6280268.0,73629.0,-32436.0,6321461.0,1391079362.0,16308823.5,-7184574.0,1400203611.5
5487,通泰,上櫃,29.3,2.090592334494773,10000.0,0,0,10000.0,293000.0,0.0,0.0,293000.0
5488,松普,上櫃,12.3,1.2345679012345678,-26000.0,0,0,-26000.0,-319800.0,0.0,0.0,-319800.0
5489,彩富,上櫃,42.3,-0.11806375442739081,5000.0,0,0,5000.0,211500.0,0.0,0.0,211500.0
5490,同亨,上櫃,25.9,1.171875,-4626.0,0,472.0,-4154.0,-119813.4,0.0,12224.8,-107588.59999999999
5493,三聯,上櫃,91.3,0.661521499448732,26000.0,0,100.0,26100.0,2373800.0,0.0,9130.0,2382930.0
5498,凱崴,上櫃,55.6,9.881422924901186,695860.0,0,41159.0,737019.0,38689816.0,0.0,2288440.4,40978256.4
5508,永信建,上櫃,53.7,0.5617977528089887,-40756.0,0,-393.0,-41149.0,-2188597.2,0.0,-21104.100000000002,-2209701.3000000003
5511,德昌,上櫃,69.0,-0.4329004329004329,-10443.0,0,0,-10443.0,-720567.0,0.0,0.0,-720567.0
5512,力麒,上櫃,7.69,-0.12987012987012986,-45910.0,0,1040.0,-44870.0,-353047.9,0.0,7997.6,-345050.30000000005
5514,三豐,上櫃,15.15,0.33112582781456956,-1000.0,0,0,-1000.0,-15150.0,0.0,0.0,-15150.0
5520,力泰,上櫃,83.5,0.0,1000.0,0,0,1000.0,83500.0,0.0,0.0,83500.0
5523,豐謙,上櫃,30.3,-0.16474464579901155,-2000.0,0,13.0,-1987.0,-60600.0,0.0,393.90000000000003,-60206.1
5529,鉅陞,上櫃,26.05,0.0,-24000.0,0,0,-24000.0,-625200.0,0.0,0.0,-625200.0
5530,龍巖,上櫃,48.7,-0.10256410256410256,25000.0,0,-375.0,24625.0,1217500.0,0.0,-18262.5,1199237.5
5536,聖暉*,上櫃,956.0,-0.31282586027111575,-598141.0,130631.0,-29875.0,-497385.0,-571822796.0,124883236.0,-28560500.0,-475500060.0
5543,桓鼎-KY,上櫃,27.5,1.8518518518518516,2.0,0,-2.0,0,55.0,0.0,-55.0,0.0
5547,久舜,上櫃,20.2,0.2481389578163772,0,0,0,0,0.0,0.0,0.0,0.0
5548,安倉,上櫃,20.05,0.25,-2000.0,0,0,-2000.0,-40100.0,0.0,0.0,-40100.0
5603,陸海,上櫃,13.55,0.3703703703703704,-19000.0,0,0,-19000.0,-257450.0,0.0,0.0,-257450.0
5604,中連,上櫃,31.4,0.0,1000.0,0,0,1000.0,31400.0,0.0,0.0,31400.0
5609,中菲行,上櫃,78.0,0.12836970474967907,-21399.0,0,0,-21399.0,-1669122.0,0.0,0.0,-1669122.0
5701,劍湖山,上櫃,4.07,0.0,4000.0,0,2.0,4002.0,16280.000000000002,0.0,8.14,16288.140000000001
5704,老爺知,上櫃,22.45,-0.6637168141592921,0,0,-241.0,-241.0,0.0,0.0,-5410.45,-5410.45
5864,致和證,上櫃,39.0,1.9607843137254901,589701.0,0,0,589701.0,22998339.0,0.0,0.0,22998339.0
5902,德記,上櫃,34.2,-0.2915451895043732,1000.0,0,0,1000.0,34200.0,0.0,0.0,34200.0
5903,全家,上櫃,186.0,0.0,-1000.0,0,224.0,-776.0,-186000.0,0.0,41664.0,-144336.0
5904,寶雅*,上櫃,68.4,-1.013024602026049,-1609435.0,266000.0,11141.0,-1332294.0,-110085354.00000001,18194400.0,762044.4,-91128909.60000001
5905,南仁湖,上櫃,7.33,-0.945945945945946,15000.0,0,-684.0,14316.0,109950.0,0.0,-5013.72,104936.28
6015,宏遠證,上櫃,17.8,1.1363636363636365,559496.0,0,0,559496.0,9959028.8,0.0,0.0,9959028.8
6016,康和證,上櫃,23.9,0.8438818565400845,1023191.0,0,0,1023191.0,24454264.9,0.0,0.0,24454264.9
6020,大展證,上櫃,20.55,0.0,-1000.0,0,0,-1000.0,-20550.0,0.0,0.0,-20550.0
6021,美好證,上櫃,41.8,0.23980815347721826,-17000.0,0,0,-17000.0,-710600.0,0.0,0.0,-710600.0
6023,元大期,上櫃,84.7,-0.11792452830188681,-135021.0,0,-40000.0,-175021.0,-11436278.700000001,0.0,-3388000.0,-14824278.700000001
6026,福邦證,上櫃,15.95,0.6309148264984228,269541.0,0,0,269541.0,4299178.95,0.0,0.0,4299178.95
6101,寬魚國際,上櫃,37.8,0.13245033112582782,-12000.0,0,0,-12000.0,-453599.99999999994,0.0,0.0,-453599.99999999994
6103,合邦,上櫃,36.95,0.13550135501355012,2000.0,0,0,2000.0,73900.0,0.0,0.0,73900.0
6104,創惟,上櫃,92.3,0.6543075245365322,85000.0,0,111.0,85111.0,7845500.0,0.0,10245.3,7855745.3
6109,亞元,上櫃,10.35,-0.9569377990430623,-22000.0,0,-755.0,-22755.0,-227700.0,0.0,-7814.25,-235514.25
6111,光聚晶電,上櫃,38.4,0.7874015748031495,-18836.0,0,70.0,-18766.0,-723302.4,0.0,2688.0,-720614.4
6113,亞矽,上櫃,24.45,-1.8072289156626509,-70000.0,0,15000.0,-55000.0,-1711500.0,0.0,366750.0,-1344750.0
6114,久威,上櫃,23.4,-0.425531914893617,-2000.0,0,101.0,-1899.0,-46800.0,0.0,2363.3999999999996,-44436.6
6118,建達,上櫃,16.15,-0.9202453987730062,19000.0,0,0,19000.0,306850.0,0.0,0.0,306850.0
6121,新普,上櫃,383.0,0.922266139657444,42000.0,-6858.0,620.0,35762.0,16086000.0,-2626614.0,237460.0,13696846.0
6122,擎邦,上櫃,63.9,2.5682182985553776,610424.0,0,8550.0,618974.0,39006093.6,0.0,546345.0,39552438.6
6123,上奇,上櫃,43.05,0.23282887077997674,3000.0,0,-51.0,2949.0,129149.99999999999,0.0,-2195.5499999999997,126954.45
6124,業強,上櫃,27.1,-0.3676470588235294,5000.0,0,-537.0,4463.0,135500.0,0.0,-14552.7,120947.3
6125,廣運,上櫃,50.9,2.106318956870612,86691.0,0,600.0,87291.0,4412571.899999999,0.0,30540.0,4443111.899999999
6126,信音,上櫃,31.25,1.461038961038961,56785.0,0,313.0,57098.0,1774531.25,0.0,9781.25,1784312.5
6127,九豪,上櫃,58.4,2.8169014084507045,-3936610.0,0,60837.0,-3875773.0,-229898024.0,0.0,3552880.8,-226345143.2
6129,普誠,上櫃,14.8,0.6802721088435374,26172.0,0,-414.0,25758.0,387345.60000000003,0.0,-6127.200000000001,381218.4
6130,上亞科技,上櫃,23.6,0.21231422505307856,30000.0,0,0,30000.0,708000.0,0.0,0.0,708000.0
6134,萬旭,上櫃,28.9,-0.17271157167530227,26748.0,0,2016.0,28764.0,773017.2,0.0,58262.399999999994,831279.6
6138,茂達,上櫃,284.5,0.3527336860670194,-1900.0,-1000.0,5230.0,2330.0,-540550.0,-284500.0,1487935.0,662885.0
6140,訊達,上櫃,20.1,0.24937655860349126,-20908.0,0,726.0,-20182.0,-420250.80000000005,0.0,14592.6,-405658.2
6143,振曜,上櫃,80.9,0.3722084367245657,76055.0,0,-447.0,75608.0,6152849.5,0.0,-36162.3,6116687.2
6144,得利影,上櫃,14.05,9.765625,3000.0,0,-883.0,2117.0,42150.0,0.0,-12406.150000000001,29743.850000000002
6146,耕興,上櫃,183.5,1.1019283746556474,134180.0,-1000.0,1000.0,134180.0,24622030.0,-183500.0,183500.0,24622030.0
6147,頎邦,上櫃,223.0,-1.1086474501108647,-3535411.0,1350000.0,16505.0,-2168906.0,-788396653.0,301050000.0,3680615.0,-483666038.0
6148,驊宏資,上櫃,38.1,0.1314060446780552,43280.0,0,0,43280.0,1648968.0,0.0,0.0,1648968.0
6150,撼訊,上櫃,68.5,-2.002861230329041,32666.0,0,-23166.0,9500.0,2237621.0,0.0,-1586871.0,650750.0
6151,晉倫,上櫃,35.2,1.5873015873015872,16000.0,0,-111.0,15889.0,563200.0,0.0,-3907.2000000000003,559292.8
6154,順發,上櫃,14.2,0.0,0,0,0,0,0.0,0.0,0.0,0.0
6156,松上,上櫃,22.35,2.7586206896551726,191527.0,0,-2371.0,189156.0,4280628.45,0.0,-52991.850000000006,4227636.600000001
6158,禾昌,上櫃,17.4,0.8695652173913043,43000.0,0,-703.0,42297.0,748199.9999999999,0.0,-12232.199999999999,735967.7999999999
6160,欣技,上櫃,13.9,0.0,5000.0,0,-293.0,4707.0,69500.0,0.0,-4072.7000000000003,65427.3
6161,捷波,上櫃,49.65,-1.2922465208747518,-8000.0,0,567.0,-7433.0,-397200.0,0.0,28151.55,-369048.45
6163,華電網,上櫃,41.2,-0.4830917874396135,-83925.0,0,-10000.0,-93925.0,-3457710.0000000005,0.0,-412000.0,-3869710.0000000005
6167,久正,上櫃,10.2,-0.4878048780487805,12111.0,0,0,12111.0,123532.2,0.0,0.0,123532.2
6169,昱泉,上櫃,12.0,1.2658227848101267,0,0,19.0,19.0,0.0,0.0,228.0,228.0
6170,統振,上櫃,49.25,0.20345879959308244,42000.0,0,-1006.0,40994.0,2068500.0,0.0,-49545.5,2018954.5
6171,大城地產,上櫃,24.5,,-5000.0,0,0,-5000.0,-122500.0,0.0,0.0,-122500.0
6173,信昌電,上櫃,303.0,0.1652892561983471,1252763.0,699000.0,17615.0,1969378.0,379587189.0,211797000.0,5337345.0,596721534.0
6174,安碁,上櫃,55.0,10.0,237000.0,0,6991.0,243991.0,13035000.0,0.0,384505.0,13419505.0
6175,立敦,上櫃,76.7,0.5242463958060289,-951989.0,0,-6267.0,-958256.0,-73017556.3,0.0,-480678.9,-73498235.2
6179,亞通,上櫃,36.5,1.52990264255911,501588.0,0,7200.0,508788.0,18307962.0,0.0,262800.0,18570762.0
6180,橘子,上櫃,41.2,-1.0804321728691475,-25000.0,0,0,-25000.0,-1030000.0000000001,0.0,0.0,-1030000.0000000001
6182,合晶,上櫃,135.0,3.8461538461538463,9134976.0,0,427578.0,9562554.0,1233221760.0,0.0,57723030.0,1290944790.0
6185,幃翔,上櫃,12.45,-1.1904761904761905,-17000.0,0,0,-17000.0,-211650.0,0.0,0.0,-211650.0
6186,新潤,上櫃,28.9,-0.6872852233676977,-108000.0,0,-27.0,-108027.0,-3121200.0,0.0,-780.3,-3121980.3
6187,萬潤,上櫃,1355.0,6.2745098039215685,525919.0,199228.0,9383.0,734530.0,712620245.0,269953940.0,12713965.0,995288150.0
6188,廣明,上櫃,62.4,0.4830917874396135,104246.0,0,-3834.0,100412.0,6504950.399999999,0.0,-239241.6,6265708.8
6190,萬泰科,上櫃,70.8,-0.5617977528089888,160478.0,0,-20072.0,140406.0,11361842.4,0.0,-1421097.5999999999,9940744.799999999
6194,育富,上櫃,29.95,-0.49833887043189373,4000.0,0,0,4000.0,119800.0,0.0,0.0,119800.0
6195,詩肯,上櫃,28.1,-0.3546099290780142,1000.0,0,0,1000.0,28100.0,0.0,0.0,28100.0
6198,瑞築,上櫃,19.95,0.0,-1000.0,0,0,-1000.0,-19950.0,0.0,0.0,-19950.0
6199,天品,上櫃,132.0,3.125,1532071.0,0,-24171.0,1507900.0,202233372.0,0.0,-3190572.0,199042800.0
6203,海韻電,上櫃,60.3,0.0,1000.0,0,-531.0,469.0,60300.0,0.0,-32019.3,28280.699999999997
6204,艾華,上櫃,110.0,5.263157894736842,100047.0,0,-348.0,99699.0,11005170.0,0.0,-38280.0,10966890.0
6207,雷科,上櫃,148.0,2.0689655172413794,-2305013.0,0,39330.0,-2265683.0,-341141924.0,0.0,5820840.0,-335321084.0
6208,日揚,上櫃,80.4,1.1320754716981134,72000.0,0,127.0,72127.0,5788800.0,0.0,10210.800000000001,5799010.800000001
6217,中探針,上櫃,177.5,1.7191977077363898,462380.0,0,1466.0,463846.0,82072450.0,0.0,260215.0,82332665.0
6218,豪勉,上櫃,64.4,2.547770700636943,-126000.0,0,0,-126000.0,-8114400.000000001,0.0,0.0,-8114400.000000001
6219,富旺,上櫃,12.15,-1.6194331983805668,-1000.0,0,0,-1000.0,-12150.0,0.0,0.0,-12150.0
6220,岳豐,上櫃,25.45,0.592885375494071,46000.0,0,-16.0,45984.0,1170700.0,0.0,-407.2,1170292.8
6221,晉泰,上櫃,30.25,-2.2617124394184165,56000.0,0,-7952.0,48048.0,1694000.0,0.0,-240548.0,1453452.0
6222,立軒,上櫃,19.95,3.3678756476683938,-1000.0,0,0,-1000.0,-19950.0,0.0,0.0,-19950.0
6223,旺矽,上櫃,5310.0,5.566600397614314,389180.0,-251004.0,27114.0,165290.0,2066545800.0,-1332831240.0,143975340.0,877689900.0
6227,茂綸,上櫃,140.5,2.5547445255474455,-134720.0,0,-7647.0,-142367.0,-18928160.0,0.0,-1074403.5,-20002563.5
6228,全譜,上櫃,18.25,0.5509641873278238,-1.0,0,-59.0,-60.0,-18.25,0.0,-1076.75,-1095.0
6229,研通,上櫃,24.2,0.2070393374741201,0,0,-20.0,-20.0,0.0,0.0,-484.0,-484.0
6231,系微,上櫃,243.0,2.5316455696202533,-10064.0,0,5755.0,-4309.0,-2445552.0,0.0,1398465.0,-1047087.0
6233,旺玖,上櫃,23.55,0.0,13000.0,0,0,13000.0,306150.0,0.0,0.0,306150.0
6234,高僑,上櫃,39.95,1.011378002528445,192187.0,0,-4834.0,187353.0,7677870.65,0.0,-193118.30000000002,7484752.350000001
6237,驊訊,上櫃,36.3,-1.2244897959183674,1297.0,0,143.0,1440.0,47081.1,0.0,5190.9,52271.99999999999
6240,松崗,上櫃,26.4,4.347826086956522,-4000.0,0,-226.0,-4226.0,-105600.0,0.0,-5966.4,-111566.4
6241,鑫永洋,上櫃,16.25,0.6191950464396286,-17000.0,0,0,-17000.0,-276250.0,0.0,0.0,-276250.0
6244,茂迪,上櫃,24.1,1.0482180293501047,61358.0,0,39413.0,100771.0,1478727.8,0.0,949853.3,2428581.1
6245,立端,上櫃,88.2,-0.11325028312570783,70347.0,0,2942.0,73289.0,6204605.4,0.0,259484.4,6464089.8
6246,臺龍,上櫃,12.65,-0.39370078740157477,2000.0,0,0,2000.0,25300.0,0.0,0.0,25300.0
6248,沛波,上櫃,17.2,-0.2898550724637681,5000.0,0,0,5000.0,86000.0,0.0,0.0,86000.0
6259,百徽,上櫃,32.65,2.6729559748427674,143100.0,0,3000.0,146100.0,4672215.0,0.0,97950.0,4770165.0
6261,久元,上櫃,78.9,-0.2528445006321112,44497.0,0,1058.0,45555.0,3510813.3000000003,0.0,83476.20000000001,3594289.5000000005
6263,普萊德,上櫃,169.5,3.353658536585366,97928.0,0,40.0,97968.0,16598796.0,0.0,6780.0,16605576.0
6265,方土昶,上櫃,50.1,1.7258883248730965,-285981.0,0,2942.0,-283039.0,-14327648.1,0.0,147394.2,-14180253.9
6266,泰詠,上櫃,26.9,7.8156312625250495,512000.0,0,426.0,512426.0,13772800.0,0.0,11459.4,13784259.399999999
6270,倍微,上櫃,31.0,1.4729950900163666,89001.0,0,-339.0,88662.0,2759031.0,0.0,-10509.0,2748522.0
6274,台燿,上櫃,1620.0,5.537459283387622,-1112967.0,150000.0,215199.0,-747768.0,-1803006540.0,243000000.0,348622380.0,-1211384160.0
6275,元山,上櫃,47.85,0.8429926238145415,144000.0,0,185.0,144185.0,6890400.0,0.0,8852.25,6899252.25
6276,安鈦克,上櫃,,,0,0,-1.0,-1.0,,,,
6279,胡連,上櫃,117.0,3.5398230088495577,260246.0,-1553.0,17097.0,275790.0,30448782.0,-181701.0,2000349.0,32267430.0
6284,佳邦,上櫃,79.8,-0.6226650062266501,-368203.0,0,-1830.0,-370033.0,-29382599.4,0.0,-146034.0,-29528633.4
6290,良維,上櫃,277.0,-0.18018018018018017,-387915.0,0,56765.0,-331150.0,-107452455.0,0.0,15723905.0,-91728550.0
6291,沛亨,上櫃,493.0,0.81799591002045,-69000.0,0,2377.0,-66623.0,-34017000.0,0.0,1171861.0,-32845139.0
6292,迅德,上櫃,70.9,5.5059523809523805,353204.0,0,0,353204.0,25042163.6,0.0,0.0,25042163.6
6294,智基,上櫃,28.05,-0.3552397868561279,1000.0,0,-71.0,929.0,28050.0,0.0,-1991.55,26058.45
6411,晶焱,上櫃,79.5,1.403061224489796,122396.0,0,-301.0,122095.0,9730482.0,0.0,-23929.5,9706552.5
6417,韋僑,上櫃,104.0,1.9607843137254901,18007.0,0,98.0,18105.0,1872728.0,0.0,10192.0,1882920.0
6418,詠昇,上櫃,34.65,0.28943560057887124,2000.0,0,300.0,2300.0,69300.0,0.0,10395.0,79695.0
6419,京晨科,上櫃,156.0,0.6451612903225806,33317.0,0,1090.0,34407.0,5197452.0,0.0,170040.0,5367492.0
6423,億而得,上櫃,95.5,1.1652542372881356,-33970.0,0,2000.0,-31970.0,-3244135.0,0.0,191000.0,-3053135.0
6425,易發,上櫃,79.8,-1.8450184501845017,-16000.0,0,-2762.0,-18762.0,-1276800.0,0.0,-220407.6,-1497207.5999999999
6432,今展科,上櫃,66.6,-4.584527220630373,64740.0,0,-9157.0,55583.0,4311684.0,0.0,-609856.2,3701827.8
6435,大中,上櫃,277.0,5.7251908396946565,-90703.0,0,19721.0,-70982.0,-25124731.0,0.0,5462717.0,-19662014.0
6441,廣錠,上櫃,24.95,0.20080321285140565,25045.0,0,-584.0,24461.0,624872.75,0.0,-14570.8,610301.95
6461,益得,上櫃,26.45,9.979209979209978,74000.0,0,0,74000.0,1957300.0,0.0,0.0,1957300.0
6462,神盾,上櫃,106.0,-0.9345794392523363,101511.0,0,-5109.0,96402.0,10760166.0,0.0,-541554.0,10218612.0
6465,威潤,上櫃,42.1,1.2019230769230769,18000.0,0,-30.0,17970.0,757800.0,0.0,-1263.0,756537.0
6469,大樹,上櫃,64.5,0.15527950310559005,36000.0,0,140.0,36140.0,2322000.0,0.0,9030.0,2331030.0
6470,宇智,上櫃,42.75,0.117096018735363,23000.0,0,-57.0,22943.0,983250.0,0.0,-2436.75,980813.25
6474,華豫寧,上櫃,35.75,0.8462623413258109,5000.0,0,0,5000.0,178750.0,0.0,0.0,178750.0
6485,點序,上櫃,83.6,-1.298701298701299,-337443.0,0,-3227.0,-340670.0,-28210234.799999997,0.0,-269777.19999999995,-28480011.999999996
6486,互動,上櫃,80.9,-0.49200492004920043,7050.0,0,-7.0,7043.0,570345.0,0.0,-566.3000000000001,569778.7000000001
6488,環球晶,上櫃,1190.0,9.67741935483871,-862867.0,105839.0,226556.0,-530472.0,-1026811730.0,125948410.0,269601640.0,-631261680.0
6492,生華科,上櫃,34.4,-0.5780346820809248,-35161.0,0,0,-35161.0,-1209538.4,0.0,0.0,-1209538.4
6494,九齊,上櫃,53.3,1.717557251908397,32818.0,0,-970.0,31848.0,1749199.4,0.0,-51701.0,1697498.4
6496,科懋,上櫃,23.95,0.6302521008403361,1000.0,0,0,1000.0,23950.0,0.0,0.0,23950.0
6498,久禾光,上櫃,68.4,0.14641288433382135,10000.0,0,0,10000.0,684000.0,0.0,0.0,684000.0
6499,益安,上櫃,79.8,0.8849557522123894,69370.0,0,0,69370.0,5535726.0,0.0,0.0,5535726.0
6506,雙邦,上櫃,18.6,0.2695417789757413,0,0,0,0,0.0,0.0,0.0,0.0
6508,惠光,上櫃,26.5,-1.8518518518518516,-3000.0,0,480.0,-2520.0,-79500.0,0.0,12720.0,-66780.0
6509,聚和,上櫃,49.9,2.254098360655738,857856.0,-55000.0,19974.0,822830.0,42807014.4,-2744500.0,996702.6,41059217.0
6510,精測,上櫃,3070.0,2.3333333333333335,84414.0,-100935.0,6159.0,-10362.0,259150980.0,-309870450.0,18908130.0,-31811340.0
6516,勤崴國際,上櫃,56.5,0.0,-1000.0,0,0,-1000.0,-56500.0,0.0,0.0,-56500.0
6517,保勝光學,上櫃,66.0,3.937007874015748,111163.0,0,-181.0,110982.0,7336758.0,0.0,-11946.0,7324812.0
6523,達爾膚,上櫃,89.2,-0.33519553072625696,1975.0,0,-420.0,1555.0,176170.0,0.0,-37464.0,138706.0
6527,明達醫,上櫃,74.8,-0.2666666666666667,-2000.0,0,0,-2000.0,-149600.0,0.0,0.0,-149600.0
6530,創威,上櫃,100.5,-1.4705882352941175,-67358.0,0,231.0,-67127.0,-6769479.0,0.0,23215.5,-6746263.5
6532,瑞耘,上櫃,120.0,-2.0408163265306123,-185522.0,0,-389.0,-185911.0,-22262640.0,0.0,-46680.0,-22309320.0
6535,順藥,上櫃,85.0,5.067985166872681,106202.0,0,718.0,106920.0,9027170.0,0.0,61030.0,9088200.0
6538,倉和,上櫃,372.5,0.8119079837618403,-112703.0,0,-26733.0,-139436.0,-41981867.5,0.0,-9958042.5,-51939910.0
6542,隆中,上櫃,40.0,0.25062656641604014,-1000.0,0,0,-1000.0,-40000.0,0.0,0.0,-40000.0
6546,正基,上櫃,60.3,1.0050251256281406,62000.0,0,-781.0,61219.0,3738600.0,0.0,-47094.299999999996,3691505.6999999997
6547,高端疫苗,上櫃,60.8,-2.8753993610223643,-1291140.0,0,-82000.0,-1373140.0,-78501312.0,0.0,-4985600.0,-83486912.0
6548,長科*,上櫃,76.7,7.2727272727272725,861651.0,173000.0,194394.0,1229045.0,66088631.7,13269100.0,14910019.8,94267751.5
6556,勝品,上櫃,60.8,-1.298701298701299,-4000.0,0,0,-4000.0,-243200.0,0.0,0.0,-243200.0
6560,欣普羅,上櫃,31.9,-2.1472392638036806,-13000.0,0,0,-13000.0,-414700.0,0.0,0.0,-414700.0
6561,是方,上櫃,313.0,0.8051529790660225,-3000.0,0,0,-3000.0,-939000.0,0.0,0.0,-939000.0
6568,宏觀,上櫃,141.0,0.7142857142857143,18867.0,0,-6423.0,12444.0,2660247.0,0.0,-905643.0,1754604.0
6569,醫揚,上櫃,91.8,0.547645125958379,1000.0,0,0,1000.0,91800.0,0.0,0.0,91800.0
6570,維田,上櫃,47.25,-0.6309148264984227,-17000.0,0,507.0,-16493.0,-803250.0,0.0,23955.75,-779294.25
6574,霈方,上櫃,119.5,0.8438818565400843,3000.0,0,-100.0,2900.0,358500.0,0.0,-11950.0,346550.0
6576,逸達,上櫃,79.0,-0.12642225031605564,-81025.0,0,-445.0,-81470.0,-6400975.0,0.0,-35155.0,-6436130.0
6577,勁豐,上櫃,81.2,0.8695652173913043,17000.0,0,2000.0,19000.0,1380400.0,0.0,162400.0,1542800.0
6578,達邦蛋白,上櫃,16.45,-0.30303030303030304,2000.0,0,0,2000.0,32900.0,0.0,0.0,32900.0
6584,南俊國際,上櫃,531.0,0.0,46010.0,-115000.0,-1815.0,-70805.0,24431310.0,-61065000.0,-963765.0,-37597455.0
6588,東典光電,上櫃,114.0,3.6363636363636362,9470.0,0,1532.0,11002.0,1079580.0,0.0,174648.0,1254228.0
6590,普鴻,上櫃,65.5,0.6144393241167435,-2000.0,0,0,-2000.0,-131000.0,0.0,0.0,-131000.0
6593,台灣銘板,上櫃,31.9,-1.2383900928792573,4000.0,0,0,4000.0,127600.0,0.0,0.0,127600.0
6596,寬宏藝術,上櫃,96.6,-0.617283950617284,-7000.0,0,-10.0,-7010.0,-676200.0,0.0,-966.0,-677166.0
6603,富強鑫,上櫃,29.25,-1.8456375838926176,-3272876.0,0,-9646.0,-3282522.0,-95731623.0,0.0,-282145.5,-96013768.5
6609,瀧澤科,上櫃,39.1,-1.1378002528445004,-9000.0,0,-227.0,-9227.0,-351900.0,0.0,-8875.7,-360775.7
6612,奈米醫材,上櫃,76.5,-0.6493506493506493,10000.0,0,0,10000.0,765000.0,0.0,0.0,765000.0
6613,朋億*,上櫃,281.0,0.8976660682226212,51488.0,0,-18.0,51470.0,14468128.0,0.0,-5058.0,14463070.0
6615,慧智,上櫃,33.65,0.44776119402985076,1000.0,0,0,1000.0,33650.0,0.0,0.0,33650.0
6616,特昇-KY,上櫃,8.25,-0.12106537530266344,0,0,-1.0,-1.0,0.0,0.0,-8.25,-8.25
6617,共信-KY,上櫃,131.5,-0.3787878787878788,10572.0,0,0,10572.0,1390218.0,0.0,0.0,1390218.0
6620,漢達,上櫃,143.5,-0.6920415224913495,-282637.0,0,36502.0,-246135.0,-40558409.5,0.0,5238037.0,-35320372.5
6624,萬年清,上櫃,38.35,0.9210526315789472,-1000.0,0,-3.0,-1003.0,-38350.0,0.0,-115.05000000000001,-38465.05
6629,泰金-KY,上櫃,103.5,0.0,1000.0,0,0,1000.0,103500.0,0.0,0.0,103500.0
6640,均華,上櫃,1125.0,1.3513513513513513,-41407.0,0,169.0,-41238.0,-46582875.0,0.0,190125.0,-46392750.0
6642,富致,上櫃,83.6,0.7228915662650601,124027.0,0,99.0,124126.0,10368657.2,0.0,8276.4,10376933.6
6643,M31,上櫃,516.0,-0.9596928982725527,-102404.0,0,-16562.0,-118966.0,-52840464.0,0.0,-8545992.0,-61386456.0
6649,台生材,上櫃,37.35,0.4032258064516129,-2000.0,0,321.0,-1679.0,-74700.0,0.0,11989.35,-62710.65
6651,全宇昕,上櫃,150.5,2.0338983050847457,23040.0,0,-12.0,23028.0,3467520.0,0.0,-1806.0,3465714.0
6654,天正國際,上櫃,219.0,4.285714285714286,28000.0,0,1571.0,29571.0,6132000.0,0.0,344049.0,6476049.0
6664,群翊,上櫃,378.0,1.7496635262449527,163917.0,2000.0,4678.0,170595.0,61960626.0,756000.0,1768284.0,64484910.0
6667,信紘科,上櫃,260.0,-0.38314176245210724,-14930.0,0,-952.0,-15882.0,-3881800.0,0.0,-247520.0,-4129320.0
6679,鈺太,上櫃,209.0,2.2004889975550124,60043.0,0,9261.0,69304.0,12548987.0,0.0,1935549.0,14484536.0
6683,雍智科技,上櫃,1490.0,-5.396825396825397,-227920.0,-77000.0,-1630.0,-306550.0,-339600800.0,-114730000.0,-2428700.0,-456759500.0
6684,安格,上櫃,50.0,-0.19960079840319364,8230.0,0,-314.0,7916.0,411500.0,0.0,-15700.0,395800.0
6690,安碁資訊,上櫃,176.0,-0.5649717514124294,-9120.0,0,357.0,-8763.0,-1605120.0,0.0,62832.0,-1542288.0
6692,進能服,上櫃,22.7,-1.5184381778741864,-1000.0,0,20.0,-980.0,-22700.0,0.0,454.0,-22246.0
6693,廣閎科,上櫃,206.0,-3.058823529411765,-103991.0,0,-116173.0,-220164.0,-21422146.0,0.0,-23931638.0,-45353784.0
6697,東捷資訊,上櫃,41.15,0.12165450121654502,1000.0,0,0,1000.0,41150.0,0.0,0.0,41150.0
6703,軒郁,上櫃,100.5,0.0,1000.0,0,0,1000.0,100500.0,0.0,0.0,100500.0
6708,天擎,上櫃,62.4,9.859154929577464,22000.0,0,3711.0,25711.0,1372800.0,0.0,231566.4,1604366.4
6712,長聖,上櫃,161.0,-0.6172839506172839,-130098.0,0,-260.0,-130358.0,-20945778.0,0.0,-41860.0,-20987638.0
6716,應廣,上櫃,121.0,2.9787234042553195,1004.0,0,2755.0,3759.0,121484.0,0.0,333355.0,454839.0
6720,久昌,上櫃,126.0,-0.3952569169960474,-3000.0,0,-288.0,-3288.0,-378000.0,0.0,-36288.0,-414288.0
6725,矽科宏晟,上櫃,220.5,-0.22624434389140274,10950.0,0,-2000.0,8950.0,2414475.0,0.0,-441000.0,1973475.0
6727,亞泰金屬,上櫃,516.0,5.737704918032787,198191.0,0,13377.0,211568.0,102266556.0,0.0,6902532.0,109169088.0
6728,上洋,上櫃,108.5,-0.45871559633027525,4000.0,0,-30.0,3970.0,434000.0,0.0,-3255.0,430745.0
6732,昇佳電子,上櫃,154.5,1.644736842105263,39652.0,0,137.0,39789.0,6126234.0,0.0,21166.5,6147400.5
6733,博晟生醫,上櫃,25.1,0.6012024048096192,-10100.0,0,-50.0,-10150.0,-253510.0,0.0,-1255.0,-254765.0
6735,美達科技,上櫃,67.5,1.0479041916167664,14000.0,0,0,14000.0,945000.0,0.0,0.0,945000.0
6739,竹陞科技,上櫃,1175.0,6.334841628959276,34264.0,0,3954.0,38218.0,40260200.0,0.0,4645950.0,44906150.0
6741,91APP*-KY,上櫃,55.1,-0.8992805755395683,-86000.0,0,695.0,-85305.0,-4738600.0,0.0,38294.5,-4700305.5
6751,智聯服務,上櫃,44.5,1.1363636363636365,-1000.0,0,82.0,-918.0,-44500.0,0.0,3649.0,-40851.0
6752,叡揚,上櫃,96.5,0.3118503118503118,905.0,0,0,905.0,87332.5,0.0,0.0,87332.5
6761,穩得,上櫃,168.0,2.127659574468085,19020.0,0,2225.0,21245.0,3195360.0,0.0,373800.0,3569160.0
6763,綠界科技*,上櫃,41.45,0.6067961165048543,50000.0,0,-5.0,49995.0,2072500.0000000002,0.0,-207.25,2072292.7500000002
6785,昱展新藥,上櫃,94.7,-0.6295907660020986,2000.0,0,0,2000.0,189400.0,0.0,0.0,189400.0
6788,華景電,上櫃,360.0,3.896103896103896,112356.0,0,13551.0,125907.0,40448160.0,0.0,4878360.0,45326520.0
6791,虎門科技,上櫃,100.0,-0.4975124378109453,-1000.0,0,0,-1000.0,-100000.0,0.0,0.0,-100000.0
6803,崑鼎,上櫃,267.0,0.0,-16000.0,0,0,-16000.0,-4272000.0,0.0,0.0,-4272000.0
6804,明係,上櫃,18.35,0.0,0,0,0,0,0.0,0.0,0.0,0.0
6811,宏碁資訊,上櫃,240.0,-1.4373716632443532,11250.0,0,-29868.0,-18618.0,2700000.0,0.0,-7168320.0,-4468320.0
6821,聯寶,上櫃,46.45,9.940828402366865,110000.0,0,1884.0,111884.0,5109500.0,0.0,87511.8,5197011.800000001
6823,濾能,上櫃,61.1,0.6589785831960462,2000.0,0,-38.0,1962.0,122200.0,0.0,-2321.8,119878.2
6829,千附精密,上櫃,208.0,1.4634146341463417,1140.0,0,1167.0,2307.0,237120.0,0.0,242736.0,479856.0
6840,東研信超,上櫃,98.7,-0.6042296072507553,-44000.0,0,1000.0,-43000.0,-4342800.0,0.0,98700.0,-4244100.0
6841,長佳智能,上櫃,56.5,-0.8771929824561403,18030.0,0,-2437.0,15593.0,1018695.0,0.0,-137690.5,881004.5
6843,進典,上櫃,38.6,0.39011703511053314,3000.0,0,0,3000.0,115800.0,0.0,0.0,115800.0
6859,伯特光,上櫃,122.5,1.6597510373443984,12992.0,0,-782.0,12210.0,1591520.0,0.0,-95795.0,1495725.0
6865,偉康科技,上櫃,27.65,0.0,0,0,100.0,100.0,0.0,0.0,2765.0,2765.0
6870,騰雲,上櫃,312.0,-0.7949125596184419,3845.0,0,-130.0,3715.0,1199640.0,0.0,-40560.0,1159080.0
6872,浩宇生醫,上櫃,23.1,0.43478260869565216,-13000.0,0,-23.0,-13023.0,-300300.0,0.0,-531.3000000000001,-300831.30000000005
6874,倍力,上櫃,70.4,0.0,1000.0,0,0,1000.0,70400.0,0.0,0.0,70400.0
6875,國邑*,上櫃,29.9,-4.472843450479233,-330000.0,0,-106.0,-330106.0,-9867000.0,0.0,-3169.3999999999996,-9870169.4
6877,鏵友益,上櫃,152.0,9.747292418772563,-6000.0,0,1997.0,-4003.0,-912000.0,0.0,303544.0,-608456.0
6894,衛司特,上櫃,363.0,0.8333333333333334,14000.0,0,-194.0,13806.0,5082000.0,0.0,-70422.0,5011578.0
6895,宏碩系統,上櫃,149.5,-0.9933774834437087,5000.0,0,903.0,5903.0,747500.0,0.0,134998.5,882498.5
6899,創為精密,上櫃,49.5,0.0,-2000.0,0,0,-2000.0,-99000.0,0.0,0.0,-99000.0
6903,巨漢,上櫃,317.0,0.31645569620253167,27047.0,0,2602.0,29649.0,8573899.0,0.0,824834.0,9398733.0
6907,雅特力-KY,上櫃,200.5,1.0075566750629723,285047.0,0,-3387.0,281660.0,57151923.5,0.0,-679093.5,56472830.0
6913,鴻呈,上櫃,130.0,0.7751937984496124,-34792.0,0,-178.0,-34970.0,-4522960.0,0.0,-23140.0,-4546100.0
6922,宸曜,上櫃,212.5,-3.8461538461538463,-18676.0,0,-6657.0,-25333.0,-3968650.0,0.0,-1414612.5,-5383262.5
6925,意藍,上櫃,68.5,-4.993065187239945,11430.0,0,0,11430.0,782955.0,0.0,0.0,782955.0
6945,圓祥生技,上櫃,136.0,-4.895104895104895,-54158.0,0,-3000.0,-57158.0,-7365488.0,0.0,-408000.0,-7773488.0
6953,家碩,上櫃,256.0,1.3861386138613863,-1000.0,0,-29578.0,-30578.0,-256000.0,0.0,-7571968.0,-7827968.0
6961,旅天下,上櫃,47.4,-0.5246589716684156,-3000.0,0,0,-3000.0,-142200.0,0.0,0.0,-142200.0
6967,汎瑋材料,上櫃,70.0,-2.097902097902098,43000.0,0,0,43000.0,3010000.0,0.0,0.0,3010000.0
6968,萬達寵物,上櫃,41.3,-0.3618817852834741,-1000.0,0,165.0,-835.0,-41300.0,0.0,6814.499999999999,-34485.5
6971,惠民實業,上櫃,23.45,0.6437768240343348,1000.0,0,0,1000.0,23450.0,0.0,0.0,23450.0
6982,大井泵浦,上櫃,45.0,0.6711409395973154,8000.0,0,550.0,8550.0,360000.0,0.0,24750.0,384750.0
6983,華洋精機,上櫃,355.0,0.56657223796034,-1000.0,0,921.0,-79.0,-355000.0,0.0,326955.0,-28045.0
6986,和迅,上櫃,44.0,0.0,-17000.0,0,-10000.0,-27000.0,-748000.0,0.0,-440000.0,-1188000.0
6996,力領科技,上櫃,169.5,0.0,-8000.0,0,-1.0,-8001.0,-1356000.0,0.0,-169.5,-1356169.5
7402,邑錡,上櫃,101.0,0.4975124378109453,10462.0,0,-183.0,10279.0,1056662.0,0.0,-18483.0,1038179.0
7547,碩網,上櫃,64.1,0.0,5000.0,0,0,5000.0,320500.0,0.0,0.0,320500.0
7556,意德士,上櫃,273.0,4.0,32000.0,0,-573.0,31427.0,8736000.0,0.0,-156429.0,8579571.0
7642,昶瑞機電,上櫃,68.8,0.879765395894428,1000.0,0,0,1000.0,68800.0,0.0,0.0,68800.0
7703,銳澤,上櫃,205.0,0.0,8000.0,0,3.0,8003.0,1640000.0,0.0,615.0,1640615.0
7704,明遠精密,上櫃,61.0,-0.32679738562091504,0,0,-13.0,-13.0,0.0,0.0,-793.0,-793.0
7709,榮田,上櫃,85.3,-0.5827505827505828,25000.0,0,0,25000.0,2132500.0,0.0,0.0,2132500.0
7712,博盛半導體,上櫃,170.5,0.8875739644970414,-94794.0,0,5535.0,-89259.0,-16162377.0,0.0,943717.5,-15218659.5
7714,創泓科技,上櫃,171.0,0.8849557522123894,-20825.0,0,-103.0,-20928.0,-3561075.0,0.0,-17613.0,-3578688.0
7715,裕山,上櫃,28.25,-0.3527336860670194,0,0,-116.0,-116.0,0.0,0.0,-3277.0,-3277.0
7717,萊德光電-KY,上櫃,561.0,1.8148820326678767,49782.0,0,-23389.0,26393.0,27927702.0,0.0,-13121229.0,14806473.0
7718,友鋮,上櫃,45.85,-0.32608695652173914,-1000.0,0,-30.0,-1030.0,-45850.0,0.0,-1375.5,-47225.5
7723,築間,上櫃,18.25,0.0,0,0,0,0,0.0,0.0,0.0,0.0
7728,光焱科技,上櫃,645.0,-0.6163328197226503,0,0,-644.0,-644.0,0.0,0.0,-415380.0,-415380.0
7734,印能科技,上櫃,2825.0,1.073345259391771,24144.0,-28000.0,3240.0,-616.0,68206800.0,-79100000.0,9153000.0,-1740200.0
7738,東聯互動,上櫃,155.0,-0.641025641025641,1000.0,0,0,1000.0,155000.0,0.0,0.0,155000.0
7743,金利食安,上櫃,25.25,1.0,9000.0,0,0,9000.0,227250.0,0.0,0.0,227250.0
7744,崴寶,上櫃,527.0,-1.86219739292365,-4980.0,0,-440.0,-5420.0,-2624460.0,0.0,-231880.0,-2856340.0
7747,昕奇雲端,上櫃,112.0,0.4484304932735426,0,0,-300000.0,-300000.0,0.0,0.0,-33600000.0,-33600000.0
7751,竑騰,上櫃,1590.0,-2.4539877300613497,38998.0,33000.0,-33082.0,38916.0,62006820.0,52470000.0,-52600380.0,61876440.0
7753,星亞,上櫃,35.7,0.0,4000.0,0,0,4000.0,142800.0,0.0,0.0,142800.0
7757,金色三麥,上櫃,89.1,-0.11210762331838567,3000.0,0,-3000.0,0,267300.0,0.0,-267300.0,0.0
7767,仁大資訊,上櫃,46.1,-0.4319654427645789,1000.0,0,0,1000.0,46100.0,0.0,0.0,46100.0
7770,君曜,上櫃,43.35,4.583835946924005,4000.0,0,-8000.0,-4000.0,173400.0,0.0,-346800.0,-173400.0
7772,耀穎,上櫃,186.0,1.0869565217391304,3000.0,0,0,3000.0,558000.0,0.0,0.0,558000.0
7777,能率亞洲,上櫃,39.2,2.4836601307189543,1029211.0,0,35805.0,1065016.0,40345071.2,0.0,1403556.0,41748627.2
7792,安葆,上櫃,425.0,0.9501187648456058,3000.0,0,4000.0,7000.0,1275000.0,0.0,1700000.0,2975000.0
7805,威聯通,上櫃,489.5,-0.10204081632653061,2200.0,0,0,2200.0,1076900.0,0.0,0.0,1076900.0
7810,捷創科技,上櫃,245.0,4.25531914893617,61098.0,0,9143.0,70241.0,14969010.0,0.0,2240035.0,17209045.0
7814,海昌生技,上櫃,28.2,-0.7042253521126761,12000.0,0,-4000.0,8000.0,338400.0,0.0,-112800.0,225600.0
7820,立盈,上櫃,112.0,1.8181818181818181,3000.0,0,0,3000.0,336000.0,0.0,0.0,336000.0
7825,和亞智慧,上櫃,84.9,-0.8177570093457943,-97000.0,0,0,-97000.0,-8235300.000000001,0.0,0.0,-8235300.000000001
7828,創新服務,上櫃,1850.0,-1.3333333333333335,-29050.0,0,700.0,-28350.0,-53742500.0,0.0,1295000.0,-52447500.0
7839,達人網,上櫃,42.95,-0.11627906976744186,0,0,-2000.0,-2000.0,0.0,0.0,-85900.0,-85900.0
7842,天能綠電,上櫃,96.8,-0.9211873080859775,-4000.0,0,0,-4000.0,-387200.0,0.0,0.0,-387200.0
7856,漢測,上櫃,4195.0,-2.441860465116279,-94176.0,47620.0,-1000.0,-47556.0,-395068320.0,199765900.0,-4195000.0,-199497420.0
8024,佑華,上櫃,12.5,1.214574898785425,0,0,1.0,1.0,0.0,0.0,12.5,12.5
8027,鈦昇,上櫃,213.5,1.9093078758949882,-643713.0,0,5377.0,-638336.0,-137432725.5,0.0,1147989.5,-136284736.0
8032,光菱,上櫃,36.1,-0.2762430939226519,4000.0,0,-103.0,3897.0,144400.0,0.0,-3718.3,140681.7
8034,榮群,上櫃,19.85,-0.5012531328320802,-1000.0,0,-101.0,-1101.0,-19850.0,0.0,-2004.8500000000001,-21854.850000000002
8038,長園科,上櫃,34.8,2.8064992614475632,46090.0,0,-414.0,45676.0,1603931.9999999998,0.0,-14407.199999999999,1589524.7999999998
8040,九暘,上櫃,95.7,0.31446540880503143,-161134.0,0,-7354.0,-168488.0,-15420523.8,0.0,-703777.8,-16124301.6
8042,金山電,上櫃,121.0,2.5423728813559325,-225179.0,0,105842.0,-119337.0,-27246659.0,0.0,12806882.0,-14439777.0
8043,蜜望實,上櫃,142.0,2.527075812274368,-318337.0,0,-10254.0,-328591.0,-45203854.0,0.0,-1456068.0,-46659922.0
8044,網家,上櫃,24.35,0.6198347107438016,2001.0,0,-633.0,1368.0,48724.350000000006,0.0,-15413.550000000001,33310.8
8047,星雲,上櫃,51.6,1.1764705882352942,4000.0,0,0,4000.0,206400.0,0.0,0.0,206400.0
8048,德勝,上櫃,51.3,0.984251968503937,59.0,0,-496.0,-437.0,3026.7,0.0,-25444.8,-22418.1
8049,晶采,上櫃,24.85,0.20161290322580644,-49000.0,0,-648.0,-49648.0,-1217650.0,0.0,-16102.800000000001,-1233752.8
8050,廣積,上櫃,62.2,-1.892744479495268,-252042.0,0,-4069.0,-256111.0,-15677012.4,0.0,-253091.80000000002,-15930104.200000001
8054,安國,上櫃,89.5,-0.33407572383073497,44041.0,0,-1657.0,42384.0,3941669.5,0.0,-148301.5,3793368.0
8059,凱碩,上櫃,18.05,2.849002849002849,13211.0,0,0,13211.0,238458.55000000002,0.0,0.0,238458.55000000002
8064,東捷,上櫃,141.5,-1.3937282229965158,-265010.0,0,2681.0,-262329.0,-37498915.0,0.0,379361.5,-37119553.5
8066,來思達,上櫃,14.95,0.0,0,0,0,0,0.0,0.0,0.0,0.0
8068,全達,上櫃,17.75,0.0,2000.0,0,-249.0,1751.0,35500.0,0.0,-4419.75,31080.25
8069,元太,上櫃,143.5,-0.3472222222222222,-2933799.0,-13040.0,-39960.0,-2986799.0,-421000156.5,-1871240.0,-5734260.0,-428605656.5
8071,能率網通,上櫃,22.4,1.8181818181818183,65441.0,0,-43.0,65398.0,1465878.4,0.0,-963.1999999999999,1464915.2
8074,鉅橡,上櫃,56.9,9.845559845559846,24015.0,0,25271.0,49286.0,1366453.5,0.0,1437919.9,2804373.4
8076,伍豐,上櫃,21.85,1.1574074074074074,-1430.0,0,2647.0,1217.0,-31245.500000000004,0.0,57836.950000000004,26591.45
8080,泰霖,上櫃,,,0,0,136.0,136.0,,,,
8083,瑞穎,上櫃,157.5,0.6389776357827476,9785.0,0,-467.0,9318.0,1541137.5,0.0,-73552.5,1467585.0
8084,巨虹,上櫃,21.8,-9.917355371900827,42000.0,0,0,42000.0,915600.0,0.0,0.0,915600.0
8085,福華,上櫃,14.7,0.6849315068493151,20996.0,0,1.0,20997.0,308641.2,0.0,14.7,308655.89999999997
8086,宏捷科,上櫃,120.0,4.3478260869565215,603677.0,0,120431.0,724108.0,72441240.0,0.0,14451720.0,86892960.0
8087,麗升能源,上櫃,24.0,1.694915254237288,-5000.0,0,0,-5000.0,-120000.0,0.0,0.0,-120000.0
8088,品安,上櫃,44.45,1.8327605956471933,85000.0,0,239.0,85239.0,3778250.0000000005,0.0,10623.550000000001,3788873.5500000003
8089,康全電訊,上櫃,19.6,0.0,18000.0,0,0,18000.0,352800.0,0.0,0.0,352800.0
8091,翔名,上櫃,237.0,9.976798143851507,39060.0,0,15405.0,54465.0,9257220.0,0.0,3650985.0,12908205.0
8092,建暐,上櫃,12.3,-1.9920318725099602,8000.0,0,-406.0,7594.0,98400.0,0.0,-4993.8,93406.20000000001
8093,保銳,上櫃,25.25,0.0,-15000.0,0,0,-15000.0,-378750.0,0.0,0.0,-378750.0
8096,擎亞,上櫃,89.0,1.7142857142857144,629250.0,0,17781.0,647031.0,56003250.0,0.0,1582509.0,57585759.0
8097,常珵,上櫃,48.8,0.5149330587023687,11000.0,0,0,11000.0,536800.0,0.0,0.0,536800.0
8099,大世科,上櫃,60.4,0.1658374792703151,-8000.0,0,235.0,-7765.0,-483200.0,0.0,14194.0,-469006.0
8102,傑霖科技,上櫃,59.6,1.0169491525423728,2000.0,0,0,2000.0,119200.0,0.0,0.0,119200.0
8107,大億金茂,上櫃,11.95,1.2711864406779663,7000.0,0,2.0,7002.0,83650.0,0.0,23.9,83673.9
8109,博大,上櫃,146.5,1.384083044982699,200198.0,-31000.0,-4467.0,164731.0,29329007.0,-4541500.0,-654415.5,24133091.5
8111,立碁,上櫃,85.8,10.0,680989.0,0,418081.0,1099070.0,58428856.199999996,0.0,35871349.8,94300206.0
8121,越峰,上櫃,34.1,-1.5873015873015877,-522534.0,0,-10953.0,-533487.0,-17818409.400000002,0.0,-373497.3,-18191906.7
8147,正淩,上櫃,143.5,0.0,-111960.0,0,34301.0,-77659.0,-16066260.0,0.0,4922193.5,-11144066.5
8155,博智,上櫃,323.0,3.0303030303030303,204615.0,0,23049.0,227664.0,66090645.0,0.0,7444827.0,73535472.0
8171,天宇,上櫃,20.65,-0.24154589371980678,76000.0,0,-234.0,75766.0,1569400.0,0.0,-4832.099999999999,1564567.9
8176,智捷,上櫃,9.77,0.6179196704428425,-3000.0,0,-752.0,-3752.0,-29310.0,0.0,-7347.04,-36657.04
8182,加高,上櫃,46.4,4.858757062146892,-826089.0,0,-34088.0,-860177.0,-38330529.6,0.0,-1581683.2,-39912212.8
8227,巨有科技,上櫃,370.0,1.7881705639614855,-103030.0,0,-9185.0,-112215.0,-38121100.0,0.0,-3398450.0,-41519550.0
8234,新漢,上櫃,63.3,0.47619047619047616,110880.0,0,-806.0,110074.0,7018704.0,0.0,-51019.799999999996,6967684.199999999
8240,華宏,上櫃,60.6,0.6644518272425249,-338422.0,0,-23836.0,-362258.0,-20508373.2,0.0,-1444461.6,-21952834.8
8255,朋程,上櫃,153.0,2.341137123745819,214905.0,0,5392.0,220297.0,32880465.0,0.0,824976.0,33705441.0
8277,商丞,上櫃,15.2,-1.935483870967742,4000.0,0,0,4000.0,60800.0,0.0,0.0,60800.0
8279,生展,上櫃,79.5,-1.608910891089109,-7000.0,0,0,-7000.0,-556500.0,0.0,0.0,-556500.0
8284,三竹,上櫃,67.8,0.2958579881656805,-1000.0,0,134.0,-866.0,-67800.0,0.0,9085.199999999999,-58714.799999999996
8289,泰藝,上櫃,56.1,10.0,29000.0,0,21237.0,50237.0,1626900.0,0.0,1191395.7,2818295.7
8299,群聯,上櫃,2095.0,-0.7109004739336493,-434039.0,14892.0,-17015.0,-436162.0,-909311705.0,31198740.0,-35646425.0,-913759390.0
8342,益張,上櫃,83.5,0.0,1000.0,0,0,1000.0,83500.0,0.0,0.0,83500.0
8349,恒耀,上櫃,40.4,-0.24691358024691357,-3430.0,0,-740.0,-4170.0,-138572.0,0.0,-29896.0,-168468.0
8354,冠好,上櫃,16.75,0.0,0,0,0,0,0.0,0.0,0.0,0.0
8358,金居,上櫃,519.0,2.7722772277227725,517540.0,-10900.0,145304.0,651944.0,268603260.0,-5657100.0,75412776.0,338358936.0
8383,千附,上櫃,68.4,0.7363770250368188,38757.0,0,6478.0,45235.0,2650978.8000000003,0.0,443095.2,3094074.0000000005
8390,金益鼎,上櫃,90.5,0.22148394241417502,-53090.0,0,-1450.0,-54540.0,-4804645.0,0.0,-131225.0,-4935870.0
8401,白紗科,上櫃,22.8,0.4405286343612335,0,0,-649.0,-649.0,0.0,0.0,-14797.2,-14797.2
8403,盛弘,上櫃,18.9,0.0,-8000.0,0,0,-8000.0,-151200.0,0.0,0.0,-151200.0
8415,大國鋼,上櫃,35.25,-0.8438818565400845,-109000.0,0,-9471.0,-118471.0,-3842250.0,0.0,-333852.75,-4176102.75
8416,實威,上櫃,171.0,1.183431952662722,-1000.0,0,0,-1000.0,-171000.0,0.0,0.0,-171000.0
8421,旭源,上櫃,13.0,0.0,5000.0,0,-5000.0,0,65000.0,0.0,-65000.0,0.0
8423,保綠-KY,上櫃,18.0,0.0,1000.0,0,0,1000.0,18000.0,0.0,0.0,18000.0
8426,紅木-KY,上櫃,20.6,-0.24213075060532685,-1000.0,0,47.0,-953.0,-20600.0,0.0,968.2,-19631.800000000003
8431,匯鑽科,上櫃,64.1,-0.9273570324574962,78409.0,0,5444.0,83853.0,5026016.899999999,0.0,348960.39999999997,5374977.3
8432,東生華,上櫃,51.1,0.7889546351084813,1000.0,0,-32.0,968.0,51100.0,0.0,-1635.2,49464.8
8433,弘帆,上櫃,52.8,0.0,0,0,-76.0,-76.0,0.0,0.0,-4012.7999999999997,-4012.7999999999997
8435,鉅邁,上櫃,53.2,-0.18761726078799248,1000.0,0,-99.0,901.0,53200.0,0.0,-5266.8,47933.200000000004
8436,大江,上櫃,104.0,-0.9523809523809524,-280000.0,-1323.0,693.0,-280630.0,-29120000.0,-137592.0,72072.0,-29185520.0
8437,大地-KY,上櫃,10.5,-0.9433962264150945,-3000.0,0,0,-3000.0,-31500.0,0.0,0.0,-31500.0
8440,綠電,上櫃,20.25,0.24752475247524752,0,0,-929.0,-929.0,0.0,0.0,-18812.25,-18812.25
8446,華研,上櫃,84.5,-0.47114252061248524,2000.0,0,-175.0,1825.0,169000.0,0.0,-14787.5,154212.5
8450,霹靂,上櫃,14.25,-0.34965034965034963,1000.0,0,-368.0,632.0,14250.0,0.0,-5244.0,9006.0
8472,納維康,上櫃,65.3,-5.635838150289017,9000.0,0,0,9000.0,587700.0,0.0,0.0,587700.0
8489,三貝德,上櫃,22.25,-0.8908685968819601,-3000.0,0,-373.0,-3373.0,-66750.0,0.0,-8299.25,-75049.25
8905,裕國,上櫃,,,0,0,-145.0,-145.0,,,,
8906,花王,上櫃,28.5,-1.5544041450777204,-5000.0,0,-121.0,-5121.0,-142500.0,0.0,-3448.5,-145948.5
8908,欣雄,上櫃,39.8,-0.9950248756218907,4000.0,0,0,4000.0,159200.0,0.0,0.0,159200.0
8916,光隆,上櫃,40.95,-0.12195121951219512,0,0,5002.0,5002.0,0.0,0.0,204831.90000000002,204831.90000000002
8924,大田,上櫃,49.5,-0.8016032064128258,0,0,164.0,164.0,0.0,0.0,8118.0,8118.0
8927,北基,上櫃,19.15,0.26178010471204194,-7000.0,0,0,-7000.0,-134050.0,0.0,0.0,-134050.0
8928,鉅明,上櫃,22.9,-0.43478260869565216,0,0,-913.0,-913.0,0.0,0.0,-20907.699999999997,-20907.699999999997
8930,青鋼,上櫃,28.6,-0.34843205574912894,-1000.0,0,0,-1000.0,-28600.0,0.0,0.0,-28600.0
8931,大汽電,上櫃,42.85,0.4689331770222744,-2000.0,0,-95.0,-2095.0,-85700.0,0.0,-4070.75,-89770.75
8932,智通*,上櫃,91.1,-0.7625272331154684,-168680.0,0,-133524.0,-302204.0,-15366747.999999998,0.0,-12164036.399999999,-27530784.4
8933,愛地雅,上櫃,4.59,-0.21739130434782608,10000.0,0,0,10000.0,45900.0,0.0,0.0,45900.0
8935,邦泰,上櫃,19.2,-0.5181347150259068,-13000.0,0,0,-13000.0,-249600.0,0.0,0.0,-249600.0
8936,國統,上櫃,52.3,-0.759013282732448,322000.0,-3209.0,9890.0,328681.0,16840600.0,-167830.69999999998,517247.0,17190016.3
8937,合騏*,上櫃,25.2,-1.1764705882352942,10000.0,0,0,10000.0,252000.0,0.0,0.0,252000.0
8938,明安,上櫃,52.2,0.0,-4000.0,0,-212.0,-4212.0,-208800.0,0.0,-11066.400000000001,-219866.40000000002
8942,森鉅,上櫃,40.05,-0.24906600249066008,-22761.0,0,-864.0,-23625.0,-911578.0499999999,0.0,-34603.2,-946181.2499999999
9949,琉園,上櫃,24.3,0.0,3000.0,0,580.0,3580.0,72900.0,0.0,14094.0,86994.0
9950,萬國通,上櫃,10.2,-0.4878048780487805,0,0,-909.0,-909.0,0.0,0.0,-9271.8,-9271.8
9951,皇田,上櫃,46.9,-0.2127659574468085,-1000.0,0,-4851.0,-5851.0,-46900.0,0.0,-227511.9,-274411.89999999997
9960,邁達康,上櫃,38.0,1.3333333333333335,11000.0,0,-776.0,10224.0,418000.0,0.0,-29488.0,388512.0
9962,有益,上櫃,10.35,0.0,-8000.0,0,-937.0,-8937.0,-82800.0,0.0,-9697.949999999999,-92497.95
