code,name,mkt,close,chg,foreign,trust,dealer,total,foreign_amt,trust_amt,dealer_amt,total_amt
1303,南亞,上市,,,30203488.0,1825000.0,1793166.0,33821654.0,,,,
00403A,主動統一升級50,上市,,,1952070.0,0,31464451.0,33416521.0,,,,
2409,友達,上市,,,15537128.0,0,7505050.0,23042178.0,,,,
6505,台塑化,上市,,,8411155.0,8088000.0,60670.0,16559825.0,,,,
6770,力積電,上市,,,15263585.0,4000.0,307156.0,15574741.0,,,,
4958,臻鼎-KY,上市,,,9983568.0,2941000.0,356374.0,13280942.0,,,,
00632R,元大台灣50反1,上市,,,-63000.0,0,12887618.0,12824618.0,,,,
2002,中鋼,上市,,,10050129.0,9000.0,-180000.0,9879129.0,,,,
3231,緯創,上市,,,8079740.0,31000.0,439055.0,8549795.0,,,,
3481,群創,上市,,,5882780.0,12000.0,1261017.0,7155797.0,,,,
2426,鼎元,上市,,,7053914.0,0,94142.0,7148056.0,,,,
2344,華邦電,上市,,,7390748.0,-2002000.0,667244.0,6055992.0,,,,
00940,元大台灣價值高息,上市,,,2436002.0,0,2969816.0,5405818.0,,,,
009820,元大納斯達克精選,上市,,,983000.0,0,4062698.0,5045698.0,,,,
2484,希華,上市,,,4941316.0,0,53654.0,4994970.0,,,,
00664R,國泰臺灣加權反1,上市,,,0,0,4902000.0,4902000.0,,,,
00988A,主動統一全球創新,上市,,,792486.0,0,3018000.0,3810486.0,,,,
2882,國泰金,上市,,,3743010.0,-146000.0,110357.0,3707367.0,,,,
2883,凱基金,上市,,,1546848.0,732000.0,1226633.0,3505481.0,,,,
2340,台亞,上市,,,3025234.0,0,411703.0,3436937.0,,,,
3006,晶豪科,上市,,,2900127.0,20000.0,353366.0,3273493.0,,,,
3717,聯嘉投控,上市,,,3291000.0,0,-83713.0,3207287.0,,,,
2317,鴻海,上市,,,3091044.0,-28041.0,-78207.0,2984796.0,,,,
2337,旺宏,上市,,,2738707.0,9000.0,214967.0,2962674.0,,,,
9105,泰金寶-DR,上市,,,2144301.0,0,743714.0,2888015.0,,,,
2436,偉詮電,上市,,,2249891.0,-14000.0,555472.0,2791363.0,,,,
00407A,主動凱基台灣,上市,,,-1376900.0,0,3959185.0,2582285.0,,,,
2891,中信金,上市,,,1392658.0,189000.0,980582.0,2562240.0,,,,
3016,嘉晶,上市,,,2406738.0,0,129393.0,2536131.0,,,,
4906,正文,上市,,,2077611.0,0,433796.0,2511407.0,,,,
6133,金橋,上市,,,2471125.0,0,12255.0,2483380.0,,,,
1717,長興,上市,,,2448647.0,2000.0,1039.0,2451686.0,,,,
6209,今國光,上市,,,2202538.0,0,195956.0,2398494.0,,,,
009824,群益美國科技巨頭,上市,,,1452000.0,0,814141.0,2266141.0,,,,
2313,華通,上市,,,1329348.0,747000.0,27449.0,2103797.0,,,,
00951,台新日本半導體,上市,,,1482864.0,0,587682.0,2070546.0,,,,
00686R,群益臺灣加權反1,上市,,,23000.0,0,2004306.0,2027306.0,,,,
00882,中信中國高股息,上市,,,1000.0,0,1973848.0,1974848.0,,,,
2881,富邦金,上市,,,4214038.0,-1687000.0,-562121.0,1964917.0,,,,
2376,技嘉,上市,,,1778058.0,2000.0,167010.0,1947068.0,,,,
2399,映泰,上市,,,1668603.0,0,33438.0,1702041.0,,,,
3035,智原,上市,,,1569855.0,-18000.0,134171.0,1686026.0,,,,
3714,富采,上市,,,1647283.0,0,31540.0,1678823.0,,,,
4540,全球傳動,上市,,,1668192.0,0,6000.0,1674192.0,,,,
1711,永光,上市,,,1596808.0,0,61872.0,1658680.0,,,,
2408,南亞科,上市,,,2281592.0,-898000.0,205114.0,1588706.0,,,,
2332,友訊,上市,,,1538970.0,0,7000.0,1545970.0,,,,
8046,南電,上市,,,1587749.0,-91000.0,18654.0,1515403.0,,,,
1718,中纖,上市,,,1388821.0,0,23000.0,1411821.0,,,,
00900,富邦特選高股息30,上市,,,2039000.0,0,-633793.0,1405207.0,,,,
3189,景碩,上市,,,1103879.0,287000.0,-48824.0,1342055.0,,,,
4960,誠美材,上市,,,1335280.0,0,-5638.0,1329642.0,,,,
00997A,主動群益美國增長,上市,,,1609560.0,0,-359002.0,1250558.0,,,,
6120,達運,上市,,,1232411.0,0,1643.0,1234054.0,,,,
6153,嘉聯益,上市,,,1073076.0,0,136236.0,1209312.0,,,,
2049,上銀,上市,,,1054762.0,0,131674.0,1186436.0,,,,
00945B,凱基美國非投等債,上市,,,-147508.0,0,1332094.0,1184586.0,,,,
2614,東森,上市,,,1175337.0,0,0,1175337.0,,,,
6901,鑽石投資,上市,,,1154808.0,0,17000.0,1171808.0,,,,
00676R,富邦臺灣加權反1,上市,,,0,0,1168530.0,1168530.0,,,,
3149,正達,上市,,,1152680.0,0,279.0,1152959.0,,,,
00693U,期街口S&P黃豆,上市,,,32100.0,0,1076835.0,1108935.0,,,,
2369,菱生,上市,,,1014240.0,0,44150.0,1058390.0,,,,
00954,中信日本半導體,上市,,,463000.0,0,583944.0,1046944.0,,,,
6456,GIS-KY,上市,,,721100.0,0,324529.0,1045629.0,,,,
3518,柏騰,上市,,,1019000.0,0,6482.0,1025482.0,,,,
2382,廣達,上市,,,894127.0,-27000.0,154793.0,1021920.0,,,,
3665,貿聯-KY,上市,,,720485.0,307000.0,-24649.0,1002836.0,,,,
4956,光鋐,上市,,,968167.0,0,685.0,968852.0,,,,
2498,宏達電,上市,,,565118.0,0,388997.0,954115.0,,,,
00983D,主動富邦複合收益,上市,,,-81000.0,0,1026419.0,945419.0,,,,
4576,大銀微系統,上市,,,788396.0,0,112912.0,901308.0,,,,
1721,國慶科技,上市,,,896344.0,0,0,896344.0,,,,
1709,和益,上市,,,851308.0,0,42207.0,893515.0,,,,
1513,中興電,上市,,,741227.0,101000.0,51112.0,893339.0,,,,
3034,聯詠,上市,,,1000075.0,-186000.0,78538.0,892613.0,,,,
6116,彩晶,上市,,,-711300.0,0,1601976.0,890676.0,,,,
3036,文曄,上市,,,848548.0,-15000.0,29863.0,863411.0,,,,
3576,聯合再生,上市,,,858866.0,0,0,858866.0,,,,
2305,全友,上市,,,801100.0,0,15000.0,816100.0,,,,
1597,直得,上市,,,729690.0,0,79317.0,809007.0,,,,
2388,威盛,上市,,,732540.0,20000.0,51821.0,804361.0,,,,
1301,台塑,上市,,,790550.0,0,-200.0,790350.0,,,,
1102,亞泥,上市,,,398156.0,25000.0,333094.0,756250.0,,,,
2031,新光鋼,上市,,,735347.0,5000.0,1463.0,741810.0,,,,
00946,群益科技高息成長,上市,,,562000.0,0,152046.0,714046.0,,,,
00653L,富邦印度正2,上市,,,0,0,704197.0,704197.0,,,,
5876,上海商銀,上市,,,299552.0,40000.0,361209.0,700761.0,,,,
2379,瑞昱,上市,,,702805.0,10000.0,-16345.0,696460.0,,,,
2451,創見,上市,,,666931.0,17000.0,10210.0,694141.0,,,,
1514,亞力,上市,,,682605.0,0,8058.0,690663.0,,,,
2352,佳世達,上市,,,669699.0,0,2242.0,671941.0,,,,
9921,巨大,上市,,,660213.0,0,10657.0,670870.0,,,,
00671R,富邦NASDAQ反1,上市,,,0,0,666050.0,666050.0,,,,
6414,樺漢,上市,,,600740.0,-3000.0,57842.0,655582.0,,,,
2489,瑞軒,上市,,,780114.0,13700.0,-145964.0,647850.0,,,,
6962,奕力-KY,上市,,,618000.0,10000.0,-3800.0,624200.0,,,,
3014,聯陽,上市,,,596270.0,16480.0,9458.0,622208.0,,,,
8105,凌巨,上市,,,591770.0,0,184.0,591954.0,,,,
6191,精成科,上市,,,595030.0,0,-7233.0,587797.0,,,,
6189,豐藝,上市,,,586970.0,3000.0,-7102.0,582868.0,,,,
2402,毅嘉,上市,,,431119.0,0,138033.0,569152.0,,,,
3019,亞光,上市,,,476697.0,0,90181.0,566878.0,,,,
6166,凌華,上市,,,682738.0,0,-124247.0,558491.0,,,,
2302,麗正,上市,,,544153.0,0,3002.0,547155.0,,,,
2464,盟立,上市,,,659704.0,0,-117905.0,541799.0,,,,
00897,富邦基因免疫生技,上市,,,456000.0,0,75953.0,531953.0,,,,
6168,宏齊,上市,,,464000.0,0,65000.0,529000.0,,,,
6269,台郡,上市,,,500448.0,0,27017.0,527465.0,,,,
2439,美律,上市,,,487517.0,-2000.0,18449.0,503966.0,,,,
00402A,主動安聯美國科技,上市,,,328684.0,0,162932.0,491616.0,,,,
9904,寶成,上市,,,424398.0,-51000.0,116718.0,490116.0,,,,
6438,迅得,上市,,,479781.0,0,10126.0,489907.0,,,,
6706,惠特,上市,,,287842.0,0,195675.0,483517.0,,,,
2501,國建,上市,,,473000.0,0,1531.0,474531.0,,,,
4551,智伸科,上市,,,295986.0,131000.0,42556.0,469542.0,,,,
6206,飛捷,上市,,,387844.0,-2000.0,83326.0,469170.0,,,,
2485,兆赫,上市,,,473960.0,0,-6343.0,467617.0,,,,
2347,聯強,上市,,,347231.0,14600.0,105784.0,467615.0,,,,
3706,神達,上市,,,479717.0,-11000.0,-16107.0,452610.0,,,,
4142,國光生,上市,,,450360.0,0,557.0,450917.0,,,,
4739,康普,上市,,,403647.0,0,47100.0,450747.0,,,,
00410A,主動永豐科技趨勢,上市,,,-20000.0,0,456819.0,436819.0,,,,
2493,揚博,上市,,,447277.0,0,-25130.0,422147.0,,,,
2254,巨鎧精密-創,上市,,,421000.0,0,-2762.0,418238.0,,,,
1617,榮星,上市,,,407000.0,0,10000.0,417000.0,,,,
3550,聯穎,上市,,,409476.0,0,1138.0,410614.0,,,,
2486,一詮,上市,,,408209.0,0,-3645.0,404564.0,,,,
4526,東台,上市,,,403702.0,0,842.0,404544.0,,,,
3049,精金,上市,,,369000.0,0,29086.0,398086.0,,,,
8110,華東,上市,,,457944.0,0,-67027.0,390917.0,,,,
2357,華碩,上市,,,403659.0,-95500.0,81408.0,389567.0,,,,
3005,神基,上市,,,318407.0,22566.0,45170.0,386143.0,,,,
3591,艾笛森,上市,,,436226.0,0,-59000.0,377226.0,,,,
00990A,主動元大AI新經濟,上市,,,-282813.0,0,651376.0,368563.0,,,,
2236,百達-KY,上市,,,433922.0,0,-68104.0,365818.0,,,,
6533,晶心科,上市,,,350730.0,-5000.0,13685.0,359415.0,,,,
2883B,凱基金乙特,上市,,,488000.0,0,-140000.0,348000.0,,,,
00952,凱基台灣AI50,上市,,,-6000.0,0,348884.0,342884.0,,,,
8028,昇陽半導體,上市,,,-2008153.0,2202000.0,136022.0,329869.0,,,,
2476,鉅祥,上市,,,286296.0,0,29824.0,316120.0,,,,
3535,晶彩科,上市,,,303685.0,0,4463.0,308148.0,,,,
3030,德律,上市,,,242076.0,0,64491.0,306567.0,,,,
2444,兆勁,上市,,,304526.0,0,0,304526.0,,,,
3021,鴻名,上市,,,294000.0,0,9997.0,303997.0,,,,
2905,三商,上市,,,273533.0,0,26280.0,299813.0,,,,
2495,普安,上市,,,297137.0,0,-2000.0,295137.0,,,,
1710,東聯,上市,,,332613.0,0,-38129.0,294484.0,,,,
2385,群光,上市,,,285969.0,-30300.0,32408.0,288077.0,,,,
00898,國泰基因免疫革命,上市,,,132000.0,0,156050.0,288050.0,,,,
4566,時碩工業,上市,,,249321.0,0,37111.0,286432.0,,,,
6405,悅城,上市,,,285000.0,0,113.0,285113.0,,,,
00984A,主動安聯台灣高息,上市,,,615000.0,0,-329939.0,285061.0,,,,
00983A,主動中信ARK創新,上市,,,-279000.0,0,556189.0,277189.0,,,,
00706L,期元大S&P日圓正2,上市,,,0,0,275876.0,275876.0,,,,
4746,台耀,上市,,,390000.0,-115000.0,0,275000.0,,,,
1444,力麗,上市,,,357888.0,0,-85000.0,272888.0,,,,
2491,吉祥全,上市,,,267999.0,0,0,267999.0,,,,
1612,宏泰,上市,,,249894.0,4000.0,10334.0,264228.0,,,,
1409,新纖,上市,,,536765.0,1000.0,-273970.0,263795.0,,,,
6937,天虹,上市,,,196145.0,0,64596.0,260741.0,,,,
2105,正新,上市,,,-52889.0,23000.0,285021.0,255132.0,,,,
2527,宏璟,上市,,,252054.0,0,107.0,252161.0,,,,
2543,皇昌,上市,,,253071.0,0,-939.0,252132.0,,,,
3305,昇貿,上市,,,226766.0,0,16236.0,243002.0,,,,
2401,凌陽,上市,,,174783.0,10000.0,57066.0,241849.0,,,,
00987A,主動台新優勢成長,上市,,,150000.0,0,91238.0,241238.0,,,,
4720,德淵,上市,,,241101.0,0,0,241101.0,,,,
1305,華夏,上市,,,257109.0,0,-17088.0,240021.0,,,,
2338,光罩,上市,,,204248.0,0,31457.0,235705.0,,,,
8215,明基材,上市,,,234711.0,0,-14.0,234697.0,,,,
1773,勝一,上市,,,215487.0,1000.0,10249.0,226736.0,,,,
6278,台表科,上市,,,268976.0,-159000.0,114585.0,224561.0,,,,
3437,榮創,上市,,,222674.0,0,0,222674.0,,,,
6112,邁達特,上市,,,221009.0,0,729.0,221738.0,,,,
5469,瀚宇博,上市,,,218449.0,0,1000.0,219449.0,,,,
2367,燿華,上市,,,224097.0,0,-5425.0,218672.0,,,,
3312,弘憶股,上市,,,217130.0,0,0,217130.0,,,,
8104,錸寶,上市,,,215456.0,0,0,215456.0,,,,
00915,凱基優選高股息30,上市,,,717000.0,0,-501637.0,215363.0,,,,
2374,佳能,上市,,,219000.0,0,-4950.0,214050.0,,,,
2316,楠梓電,上市,,,170344.0,0,36890.0,207234.0,,,,
2467,志聖,上市,,,170950.0,0,35704.0,206654.0,,,,
6526,達發,上市,,,211639.0,0,-6205.0,205434.0,,,,
2393,億光,上市,,,498100.0,-296852.0,4050.0,205298.0,,,,
9958,世紀鋼,上市,,,198605.0,0,3985.0,202590.0,,,,
4961,天鈺,上市,,,186771.0,-2000.0,17059.0,201830.0,,,,
2465,麗臺,上市,,,198982.0,0,0,198982.0,,,,
6213,聯茂,上市,,,420317.0,181000.0,-402918.0,198399.0,,,,
3645,達邁,上市,,,204233.0,0,-6473.0,197760.0,,,,
9802,鈺齊-KY,上市,,,203416.0,0,-9000.0,194416.0,,,,
5471,松翰,上市,,,190150.0,0,2000.0,192150.0,,,,
2365,昆盈,上市,,,191000.0,0,0,191000.0,,,,
2029,盛餘,上市,,,199455.0,0,-9000.0,190455.0,,,,
8163,達方,上市,,,180016.0,0,5751.0,185767.0,,,,
00936,台新永續高息中小,上市,,,888000.0,0,-705090.0,182910.0,,,,
1736,喬山,上市,,,180084.0,0,2335.0,182419.0,,,,
00735,國泰臺韓科技,上市,,,144000.0,0,31736.0,175736.0,,,,
2727,王品,上市,,,293941.0,-99000.0,-22668.0,172273.0,,,,
1307,三芳,上市,,,178538.0,5000.0,-12000.0,171538.0,,,,
00941,中信上游半導體,上市,,,202032.0,0,-32245.0,169787.0,,,,
2850,新產,上市,,,145463.0,0,22949.0,168412.0,,,,
2377,微星,上市,,,64548.0,-3000.0,106580.0,168128.0,,,,
4564,元翎,上市,,,167240.0,0,-27.0,167213.0,,,,
2351,順德,上市,,,126488.0,0,39002.0,165490.0,,,,
2405,輔信,上市,,,164186.0,0,0,164186.0,,,,
00910,第一金太空衛星,上市,,,70000.0,0,93097.0,163097.0,,,,
6226,光鼎,上市,,,144010.0,0,19000.0,163010.0,,,,
8131,福懋科,上市,,,161762.0,0,188.0,161950.0,,,,
00999A,主動野村臺灣高息,上市,,,142000.0,0,19204.0,161204.0,,,,
8438,昶昕,上市,,,159888.0,0,434.0,160322.0,,,,
6743,安普新,上市,,,154547.0,3633.0,2000.0,160180.0,,,,
6525,捷敏-KY,上市,,,151539.0,0,6562.0,158101.0,,,,
1528,恩德,上市,,,158699.0,0,-954.0,157745.0,,,,
3094,聯傑,上市,,,154980.0,0,0,154980.0,,,,
6885,全福生技,上市,,,153020.0,0,-1000.0,152020.0,,,,
4722,國精化,上市,,,128033.0,0,23316.0,151349.0,,,,
6869,雲豹能源,上市,,,155873.0,0,-5999.0,149874.0,,,,
3051,力特,上市,,,139001.0,0,7000.0,146001.0,,,,
5234,達興材料,上市,,,162968.0,0,-17068.0,145900.0,,,,
3033,威健,上市,,,263019.0,0,-117709.0,145310.0,,,,
8249,菱光,上市,,,138891.0,0,4000.0,142891.0,,,,
6742,澤米,上市,,,142064.0,0,0,142064.0,,,,
5285,界霖,上市,,,140711.0,0,1024.0,141735.0,,,,
9938,百和,上市,,,119000.0,20535.0,2036.0,141571.0,,,,
6695,芯鼎,上市,,,141071.0,0,101.0,141172.0,,,,
009813,貝萊德標普卓越50,上市,,,50.0,0,139647.0,139697.0,,,,
2328,廣宇,上市,,,117614.0,0,21000.0,138614.0,,,,
6799,來頡,上市,,,135223.0,0,0,135223.0,,,,
00916,國泰全球品牌50,上市,,,107000.0,0,25345.0,132345.0,,,,
009800,中信NASDAQ,上市,,,8000.0,0,124179.0,132179.0,,,,
6225,天瀚,上市,,,132000.0,0,0,132000.0,,,,
2913,農林,上市,,,152800.0,0,-24000.0,128800.0,,,,
3419,譁裕,上市,,,129000.0,0,-1974.0,127026.0,,,,
3413,京鼎,上市,,,106517.0,0,19424.0,125941.0,,,,
2258,鴻華先進-創,上市,,,124944.0,0,997.0,125941.0,,,,
6909,創控,上市,,,125000.0,0,0,125000.0,,,,
4949,有成精密,上市,,,124100.0,0,0,124100.0,,,,
2547,日勝生,上市,,,77000.0,44080.0,-205.0,120875.0,,,,
1527,鑽全,上市,,,120000.0,0,0,120000.0,,,,
6831,邁科,上市,,,90098.0,0,29812.0,119910.0,,,,
7795,長廣,上市,,,123331.0,0,-5222.0,118109.0,,,,
1582,信錦,上市,,,116840.0,0,-242.0,116598.0,,,,
1522,堤維西,上市,,,139194.0,0,-23219.0,115975.0,,,,
6491,晶碩,上市,,,116224.0,0,-439.0,115785.0,,,,
6224,聚鼎,上市,,,112411.0,0,3000.0,115411.0,,,,
6589,台康生技,上市,,,115363.0,0,-16.0,115347.0,,,,
6152,百一,上市,,,112096.0,0,2000.0,114096.0,,,,
6579,研揚,上市,,,76972.0,0,36266.0,113238.0,,,,
3047,訊舟,上市,,,82000.0,0,27995.0,109995.0,,,,
3592,瑞鼎,上市,,,101987.0,8000.0,0,109987.0,,,,
8081,致新,上市,,,97483.0,10400.0,2000.0,109883.0,,,,
009801,中信美國創新科技,上市,,,23000.0,0,86609.0,109609.0,,,,
2375,凱美,上市,,,114047.0,0,-5409.0,108638.0,,,,
4976,佳凌,上市,,,108000.0,0,-172.0,107828.0,,,,
3041,揚智,上市,,,106819.0,0,1000.0,107819.0,,,,
6472,保瑞,上市,,,118881.0,0,-11536.0,107345.0,,,,
1447,力鵬,上市,,,103858.0,0,0,103858.0,,,,
3504,揚明光,上市,,,96000.0,0,6302.0,102302.0,,,,
3545,敦泰,上市,,,74325.0,10000.0,16020.0,100345.0,,,,
3583,辛耘,上市,,,71124.0,0,27819.0,98943.0,,,,
6108,競國,上市,,,83800.0,0,15000.0,98800.0,,,,
2397,友通,上市,,,89160.0,0,9000.0,98160.0,,,,
3059,華晶科,上市,,,97000.0,0,-531.0,96469.0,,,,
3715,定穎投控,上市,,,50226.0,0,45707.0,95933.0,,,,
8464,億豐,上市,,,65974.0,30000.0,-176.0,95798.0,,,,
4968,立積,上市,,,67950.0,20000.0,6376.0,94326.0,,,,
7711,永擎,上市,,,92081.0,0,2066.0,94147.0,,,,
6670,復盛應用,上市,,,93728.0,0,0,93728.0,,,,
00971,野村美國研發龍頭,上市,,,6000.0,0,86415.0,92415.0,,,,
6235,華孚,上市,,,90093.0,0,1724.0,91817.0,,,,
6789,采鈺,上市,,,74223.0,2000.0,15131.0,91354.0,,,,
1810,和成,上市,,,91473.0,0,-243.0,91230.0,,,,
4164,承業醫,上市,,,100190.0,0,-10096.0,90094.0,,,,
6443,元晶,上市,,,89316.0,0,156.0,89472.0,,,,
5284,jpp-KY,上市,,,83202.0,0,4187.0,87389.0,,,,
1714,和桐,上市,,,72944.0,0,14406.0,87350.0,,,,
2536,宏普,上市,,,87000.0,0,0,87000.0,,,,
9919,康那香,上市,,,87000.0,0,0,87000.0,,,,
8103,瀚荃,上市,,,119368.0,0,-34279.0,85089.0,,,,
3050,鈺德,上市,,,39020.0,0,45000.0,84020.0,,,,
00939,統一台灣高息動能,上市,,,1297102.0,0,-1213362.0,83740.0,,,,
00634R,富邦上証反1,上市,,,-200000.0,0,282139.0,82139.0,,,,
3694,海華,上市,,,81000.0,0,1.0,81001.0,,,,
00648R,元大S&P500反1,上市,,,0,0,81000.0,81000.0,,,,
6164,華興,上市,,,81000.0,0,0,81000.0,,,,
2429,銘旺科,上市,,,81000.0,0,0,81000.0,,,,
4755,三福化,上市,,,80494.0,0,0,80494.0,,,,
8476,台境*,上市,,,81240.0,0,-1000.0,80240.0,,,,
6202,盛群,上市,,,94455.0,10000.0,-24497.0,79958.0,,,,
1218,泰山,上市,,,78000.0,0,0,78000.0,,,,
4967,十銓,上市,,,82111.0,-2000.0,-2630.0,77481.0,,,,
00674R,期元大S&P黃金反1,上市,,,0,0,77437.0,77437.0,,,,
2017,官田鋼,上市,,,77277.0,0,0,77277.0,,,,
1558,伸興,上市,,,75234.0,0,0,75234.0,,,,
1795,美時,上市,,,100072.0,0,-25837.0,74235.0,,,,
4545,銘鈺,上市,,,64000.0,0,10000.0,74000.0,,,,
8021,尖點,上市,,,102227.0,-30000.0,0,72227.0,,,,
2534,宏盛,上市,,,73000.0,0,-1003.0,71997.0,,,,
00654R,富邦印度反1,上市,,,0,0,71934.0,71934.0,,,,
3022,威強電,上市,,,63907.0,0,6867.0,70774.0,,,,
6605,帝寶,上市,,,72035.0,0,-3079.0,68956.0,,,,
6668,中揚光,上市,,,63185.0,0,5000.0,68185.0,,,,
00986A,主動台新龍頭成長,上市,,,121000.0,0,-53832.0,67168.0,,,,
7822,倍利科,上市,,,26695.0,36000.0,3182.0,65877.0,,,,
3617,碩天,上市,,,65343.0,0,-358.0,64985.0,,,,
00911,兆豐洲際半導體,上市,,,-928.0,0,65000.0,64072.0,,,,
6141,柏承,上市,,,63929.0,0,0,63929.0,,,,
2072,世紀風電,上市,,,59231.0,0,3314.0,62545.0,,,,
6994,富威電力,上市,,,62000.0,0,0,62000.0,,,,
2059,川湖,上市,,,68970.0,-19200.0,10886.0,60656.0,,,,
00733,富邦臺灣中小,上市,,,81000.0,0,-21954.0,59046.0,,,,
6698,旭暉應材,上市,,,59000.0,0,0,59000.0,,,,
5608,四維航,上市,,,39665.0,0,18997.0,58662.0,,,,
6830,汎銓,上市,,,58445.0,0,-429.0,58016.0,,,,
3533,嘉澤,上市,,,68747.0,10000.0,-20855.0,57892.0,,,,
5203,訊連,上市,,,56398.0,0,9.0,56407.0,,,,
009809,富邦淨零ESG50,上市,,,0,0,55232.0,55232.0,,,,
4927,泰鼎-KY,上市,,,55155.0,0,0,55155.0,,,,
1603,華電,上市,,,55000.0,0,0,55000.0,,,,
4952,凌通,上市,,,55010.0,0,-248.0,54762.0,,,,
6658,聯策,上市,,,53678.0,0,951.0,54629.0,,,,
6197,佳必琪,上市,,,66712.0,0,-12545.0,54167.0,,,,
9911,櫻花,上市,,,56026.0,0,-2000.0,54026.0,,,,
8016,矽創,上市,,,36025.0,16000.0,2000.0,54025.0,,,,
4562,穎漢,上市,,,54000.0,0,16.0,54016.0,,,,
6719,力智,上市,,,43339.0,10000.0,142.0,53481.0,,,,
3058,立德,上市,,,52000.0,0,0,52000.0,,,,
9940,信義,上市,,,47000.0,0,4139.0,51139.0,,,,
8201,無敵,上市,,,46000.0,0,3728.0,49728.0,,,,
7788,松川精密,上市,,,73420.0,0,-24256.0,49164.0,,,,
3622,洋華,上市,,,47000.0,0,2095.0,49095.0,,,,
00996A,主動兆豐台灣豐收,上市,,,130000.0,0,-81481.0,48519.0,,,,
1702,南僑,上市,,,48501.0,0,-185.0,48316.0,,,,
7730,暉盛-創,上市,,,48000.0,0,-114.0,47886.0,,,,
00683L,期元大美元指正2,上市,,,0,0,47503.0,47503.0,,,,
00700,富邦恒生國企,上市,,,12000.0,0,35312.0,47312.0,,,,
2468,華經,上市,,,47000.0,0,0,47000.0,,,,
6944,兆聯實業,上市,,,44851.0,0,2092.0,46943.0,,,,
00944,野村趨勢動能高息,上市,,,-15000.0,0,61670.0,46670.0,,,,
2415,錩新,上市,,,46000.0,0,0,46000.0,,,,
00972,野村日本動能高息,上市,,,100.0,0,45100.0,45200.0,,,,
2455,全新,上市,,,-109309.0,35000.0,119416.0,45107.0,,,,
3092,鴻碩,上市,,,45000.0,0,0,45000.0,,,,
1466,聚隆,上市,,,43000.0,0,0,43000.0,,,,
4934,太極,上市,,,39850.0,0,2000.0,41850.0,,,,
00908,富邦入息REITs+,上市,,,0,0,40569.0,40569.0,,,,
3257,虹冠電,上市,,,40109.0,0,0,40109.0,,,,
2539,櫻花建,上市,,,57890.0,-26620.0,5783.0,37053.0,,,,
7749,意騰-KY,上市,,,29000.0,10000.0,-2661.0,36339.0,,,,
3588,通嘉,上市,,,36110.0,0,131.0,36241.0,,,,
1563,巧新,上市,,,41597.0,0,-5735.0,35862.0,,,,
00932,兆豐永續高息等權,上市,,,33000.0,0,2296.0,35296.0,,,,
1560,中砂,上市,,,46725.0,2000.0,-14115.0,34610.0,,,,
4916,事欣科,上市,,,86312.0,0,-52039.0,34273.0,,,,
2414,精技,上市,,,27495.0,0,6000.0,33495.0,,,,
5269,祥碩,上市,,,24084.0,-1000.0,10077.0,33161.0,,,,
2417,圓剛,上市,,,33000.0,0,0,33000.0,,,,
2483,百容,上市,,,32000.0,0,1000.0,33000.0,,,,
9910,豐泰,上市,,,25005.0,9000.0,-1089.0,32916.0,,,,
00903,富邦元宇宙,上市,,,-33000.0,0,65594.0,32594.0,,,,
3011,今皓,上市,,,31000.0,0,0,31000.0,,,,
3164,景岳,上市,,,31000.0,0,0,31000.0,,,,
1590,亞德客-KY,上市,,,48937.0,-19000.0,548.0,30485.0,,,,
7740,熙特爾-創,上市,,,31000.0,0,-548.0,30452.0,,,,
00657,國泰日經225,上市,,,78000.0,0,-47929.0,30071.0,,,,
6689,伊雲谷,上市,,,30022.0,0,0,30022.0,,,,
009818,華南永昌NASDAQxT,上市,,,0,0,29950.0,29950.0,,,,
00926,凱基全球菁英55,上市,,,61000.0,0,-31313.0,29687.0,,,,
2413,環科,上市,,,28500.0,0,581.0,29081.0,,,,
2471,資通,上市,,,28001.0,0,1000.0,29001.0,,,,
1217,愛之味,上市,,,29000.0,0,0,29000.0,,,,
1568,倉佑,上市,,,27886.0,0,737.0,28623.0,,,,
2535,達欣工,上市,,,27507.0,0,980.0,28487.0,,,,
3054,立萬利,上市,,,28000.0,0,0,28000.0,,,,
2453,凌群,上市,,,28000.0,0,0,28000.0,,,,
6776,展碁國際,上市,,,28000.0,0,0,28000.0,,,,
2530,華建,上市,,,14540.0,25321.0,-12000.0,27861.0,,,,
6625,必應,上市,,,30000.0,0,-2346.0,27654.0,,,,
1786,科妍,上市,,,27000.0,0,369.0,27369.0,,,,
3701,大眾控,上市,,,52250.0,0,-26189.0,26061.0,,,,
3712,永崴投控,上市,,,26000.0,0,0,26000.0,,,,
4137,麗豐-KY,上市,,,23763.0,2031.0,0,25794.0,,,,
6215,和椿,上市,,,25109.0,0,648.0,25757.0,,,,
1598,岱宇,上市,,,17627.0,0,8000.0,25627.0,,,,
3346,麗清,上市,,,17437.0,0,7860.0,25297.0,,,,
2901,欣欣,上市,,,21010.0,0,2000.0,23010.0,,,,
4555,氣立,上市,,,22000.0,0,1000.0,23000.0,,,,
2427,三商電,上市,,,21324.0,0,1000.0,22324.0,,,,
2613,中櫃,上市,,,14000.0,0,8000.0,22000.0,,,,
00682U,期元大美元指數,上市,,,0,0,22000.0,22000.0,,,,
00710B,復華彭博非投等債,上市,,,-6000.0,0,27156.0,21156.0,,,,
6957,裕慶-KY,上市,,,20519.0,0,407.0,20926.0,,,,
2731,雄獅,上市,,,21014.0,0,-129.0,20885.0,,,,
00656R,國泰中國A50反1,上市,,,0,0,20736.0,20736.0,,,,
7786,東方風能,上市,,,20000.0,0,0,20000.0,,,,
6552,易華電,上市,,,18000.0,0,2000.0,20000.0,,,,
3027,盛達,上市,,,20000.0,0,0,20000.0,,,,
3652,精聯,上市,,,18000.0,0,1000.0,19000.0,,,,
3057,喬鼎,上市,,,18000.0,0,1000.0,19000.0,,,,
1515,力山,上市,,,13900.0,0,4908.0,18808.0,,,,
00783,富邦中証500,上市,,,5000.0,0,13761.0,18761.0,,,,
4104,佳醫,上市,,,17612.0,0,1000.0,18612.0,,,,
2233,宇隆,上市,,,21000.0,0,-3141.0,17859.0,,,,
2597,潤弘,上市,,,16942.0,1000.0,-714.0,17228.0,,,,
00943,兆豐電子高息等權,上市,,,10000.0,0,7016.0,17016.0,,,,
3716,中化控股,上市,,,8000.0,0,9000.0,17000.0,,,,
8114,振樺電,上市,,,17990.0,-2000.0,912.0,16902.0,,,,
7721,微程式,上市,,,16000.0,0,0,16000.0,,,,
6117,迎廣,上市,,,42000.0,0,-26000.0,16000.0,,,,
00666R,富邦恒生國企反1,上市,,,-2000.0,0,18000.0,16000.0,,,,
3025,星通,上市,,,16000.0,0,0,16000.0,,,,
2420,新巨,上市,,,17001.0,0,-1403.0,15598.0,,,,
1414,東和,上市,,,15554.0,0,0,15554.0,,,,
6756,威鋒電子,上市,,,15000.0,0,21.0,15021.0,,,,
5706,鳳凰,上市,,,18000.0,0,-3000.0,15000.0,,,,
3532,台勝科,上市,,,70452.0,1000.0,-56702.0,14750.0,,,,
4771,望隼,上市,,,14043.0,0,1.0,14044.0,,,,
4912,聯德控股-KY,上市,,,14000.0,0,0,14000.0,,,,
7791,皇家可口,上市,,,14000.0,0,0,14000.0,,,,
2881B,富邦金乙特,上市,,,0,0,14000.0,14000.0,,,,
5288,豐祥-KY,上市,,,23813.0,-10000.0,0,13813.0,,,,
3062,建漢,上市,,,14513.0,0,-877.0,13636.0,,,,
3311,閎暉,上市,,,12534.0,0,1000.0,13534.0,,,,
8422,可寧衛*,上市,,,63100.0,1000.0,-51000.0,13100.0,,,,
4557,永新-KY,上市,,,13000.0,0,0,13000.0,,,,
6272,驊陞,上市,,,11000.0,0,2000.0,13000.0,,,,
1418,東華,上市,,,13000.0,0,0,13000.0,,,,
2887H,台新新光庚特二,上市,,,12000.0,0,0,12000.0,,,,
1533,車王電,上市,,,12000.0,0,0,12000.0,,,,
4807,日成-KY,上市,,,12000.0,0,0,12000.0,,,,
2312,金寶,上市,,,31100.0,2000.0,-21160.0,11940.0,,,,
00728,第一金工業30,上市,,,19000.0,0,-7283.0,11717.0,,,,
1231,聯華食,上市,,,9013.0,0,2000.0,11013.0,,,,
5484,慧友,上市,,,11000.0,0,0,11000.0,,,,
2231,為升,上市,,,15011.0,0,-4498.0,10513.0,,,,
00731,復華富時高息低波,上市,,,5000.0,0,5400.0,10400.0,,,,
3416,融程電,上市,,,-12000.0,0,22269.0,10269.0,,,,
6947,台鎔科技,上市,,,10085.0,0,0,10085.0,,,,
5244,弘凱,上市,,,10000.0,0,0,10000.0,,,,
020039,元大加權N,上市,,,0,0,10000.0,10000.0,,,,
2887G,台新新光庚特一,上市,,,10000.0,0,0,10000.0,,,,
2438,翔耀,上市,,,11000.0,0,-1000.0,10000.0,,,,
00678,群益那斯達克生技,上市,,,21000.0,0,-11243.0,9757.0,,,,
2363,矽統,上市,,,-357631.0,10000.0,357051.0,9420.0,,,,
8499,鼎炫-KY,上市,,,9000.0,0,0,9000.0,,,,
6283,淳安,上市,,,9000.0,0,0,9000.0,,,,
3338,泰碩,上市,,,8314.0,0,0,8314.0,,,,
7780,大研生醫*,上市,,,10000.0,0,-1723.0,8277.0,,,,
7689,大鵬科CLMX,上市,,,8198.0,0,0,8198.0,,,,
1215,卜蜂,上市,,,6604.0,0,1534.0,8138.0,,,,
4178,永笙-KY,上市,,,7000.0,0,1000.0,8000.0,,,,
4426,利勤,上市,,,8000.0,0,0,8000.0,,,,
2939,永邑-KY,上市,,,8000.0,0,0,8000.0,,,,
4414,如興,上市,,,0,0,8000.0,8000.0,,,,
8011,台通,上市,,,8000.0,0,0,8000.0,,,,
8070,長華*,上市,,,1001.0,0,6916.0,7917.0,,,,
1219,福壽,上市,,,7459.0,0,0,7459.0,,,,
6805,富世達,上市,,,122545.0,-111000.0,-4262.0,7283.0,,,,
3447,展達,上市,,,7000.0,0,0,7000.0,,,,
0057,富邦摩台,上市,,,1000.0,0,6000.0,7000.0,,,,
1903,士紙,上市,,,6005.0,0,906.0,6911.0,,,,
4766,南寶,上市,,,5994.0,0,756.0,6750.0,,,,
2395,研華,上市,,,-545730.0,528000.0,24273.0,6543.0,,,,
2228,劍麟,上市,,,6000.0,0,13.0,6013.0,,,,
3530,晶相光,上市,,,6004.0,0,0,6004.0,,,,
1526,日馳,上市,,,6000.0,0,0,6000.0,,,,
7835,永悅健康-創,上市,,,11000.0,0,-5000.0,6000.0,,,,
2460,建通,上市,,,5000.0,0,1000.0,6000.0,,,,
2007,燁興,上市,,,6000.0,0,0,6000.0,,,,
5236,凌陽創新,上市,,,-8049.0,10000.0,4000.0,5951.0,,,,
2906,高林,上市,,,-14000.0,0,19268.0,5268.0,,,,
6792,詠業,上市,,,4000.0,0,1000.0,5000.0,,,,
6794,向榮生技,上市,,,5000.0,0,0,5000.0,,,,
1471,首利,上市,,,-1000.0,0,6000.0,5000.0,,,,
5258,虹堡,上市,,,5000.0,0,-241.0,4759.0,,,,
8261,富鼎,上市,,,30995.0,5000.0,-31580.0,4415.0,,,,
3557,嘉威,上市,,,4199.0,0,0,4199.0,,,,
1340,勝悅-KY,上市,,,4000.0,0,0,4000.0,,,,
6431,光麗-KY,上市,,,2000.0,0,2000.0,4000.0,,,,
2250,IKKA-KY,上市,,,4000.0,0,0,4000.0,,,,
8478,東哥遊艇,上市,,,3783.0,0,0,3783.0,,,,
1441,大東,上市,,,4.0,0,3000.0,3004.0,,,,
1525,江申,上市,,,3000.0,0,0,3000.0,,,,
3686,達能,上市,,,3000.0,0,0,3000.0,,,,
6921,嘉雨思-創,上市,,,3000.0,0,0,3000.0,,,,
8045,達運光電,上市,,,3000.0,0,0,3000.0,,,,
1731,美吾華,上市,,,3000.0,0,0,3000.0,,,,
00861,元大全球未來通訊,上市,,,46000.0,0,-43087.0,2913.0,,,,
3528,安馳,上市,,,1799.0,0,1000.0,2799.0,,,,
3705,永信,上市,,,2447.0,0,0,2447.0,,,,
2545,皇翔,上市,,,3000.0,0,-583.0,2417.0,,,,
00640L,富邦日本正2,上市,,,12000.0,0,-9973.0,2027.0,,,,
9912,偉聯,上市,,,2000.0,0,0,2000.0,,,,
6914,阜爾運通,上市,,,2000.0,0,0,2000.0,,,,
2511,太子,上市,,,2000.0,0,0,2000.0,,,,
4572,駐龍,上市,,,2000.0,0,0,2000.0,,,,
1423,利華,上市,,,1000.0,0,1000.0,2000.0,,,,
1516,川飛,上市,,,2000.0,0,0,2000.0,,,,
3679,新至陞,上市,,,1000.0,949.0,0,1949.0,,,,
6854,錼創科技-KY創,上市,,,5000.0,0,-3758.0,1242.0,,,,
5292,華懋,上市,,,1120.0,0,9.0,1129.0,,,,
6928,攸泰科技,上市,,,1000.0,0,0,1000.0,,,,
6934,心誠鎂,上市,,,1000.0,0,0,1000.0,,,,
020029,元大ESG高股息N,上市,,,0,0,1000.0,1000.0,,,,
3607,谷崧,上市,,,1000.0,0,0,1000.0,,,,
4581,光隆精密-KY,上市,,,1000.0,0,0,1000.0,,,,
3321,同泰,上市,,,1000.0,0,0,1000.0,,,,
2723,美食-KY,上市,,,-4000.0,0,5000.0,1000.0,,,,
1517,利奇,上市,,,1000.0,0,0,1000.0,,,,
2248,華勝-KY,上市,,,1000.0,0,0,1000.0,,,,
6906,現觀科,上市,,,1000.0,0,0,1000.0,,,,
3023,信邦,上市,,,-11698.0,-2000.0,14414.0,716.0,,,,
006203,元大MSCI台灣,上市,,,0,0,714.0,714.0,,,,
00636K,國泰中國A50+U,上市,,,0,0,300.0,300.0,,,,
00689R,國泰20年美債反1,上市,,,0,0,300.0,300.0,,,,
9930,中聯資源,上市,,,0,0,257.0,257.0,,,,
7750,新代,上市,,,3116.0,0,-2890.0,226.0,,,,
4571,鈞興-KY,上市,,,5185.0,0,-5000.0,185.0,,,,
6924,榮惠-KY創,上市,,,150.0,0,-7.0,143.0,,,,
00851,台新全球AI,上市,,,100.0,0,0,100.0,,,,
8473,山林水,上市,,,1087.0,0,-1000.0,87.0,,,,
8940,新天地,上市,,,0,0,0,0,,,,
8482,商億-KY,上市,,,0,0,0,0,,,,
00668K,國泰美國道瓊+U,上市,,,0,0,0,0,,,,
00657K,國泰日經225+U,上市,,,0,0,0,0,,,,
00643K,群益深証中小+R,上市,,,0,0,0,0,,,,
7736,虎山,上市,,,0,0,0,0,,,,
6674,鋐寶科技,上市,,,0,0,0,0,,,,
6504,南六,上市,,,0,0,0,0,,,,
6201,亞弘電,上市,,,0,0,0,0,,,,
4439,冠星-KY,上市,,,0,0,0,0,,,,
2642,宅配通,上市,,,0,0,0,0,,,,
1626,艾美特-KY,上市,,,-1000.0,0,1000.0,0,,,,
1432,大魯閣,上市,,,0,0,0,0,,,,
6807,峰源-KY,上市,,,0,0,0,0,,,,
1413,宏洲,上市,,,-1000.0,0,1000.0,0,,,,
6955,邦睿生技-創,上市,,,0,0,-8.0,-8.0,,,,
6796,晉弘,上市,,,-52.0,0,0,-52.0,,,,
006204,永豐臺灣加權,上市,,,3000.0,0,-3142.0,-142.0,,,,
00703,台新MSCI中國,上市,,,0,0,-285.0,-285.0,,,,
1476,儒鴻,上市,,,-512.0,2000.0,-2096.0,-608.0,,,,
2364,倫飛,上市,,,-2784.0,0,2000.0,-784.0,,,,
6862,三集瑞-KY,上市,,,-805.0,0,0,-805.0,,,,
6782,視陽,上市,,,-1581.0,0,767.0,-814.0,,,,
00709,富邦歐洲,上市,,,0,0,-906.0,-906.0,,,,
1338,廣華-KY,上市,,,-12989.0,0,12000.0,-989.0,,,,
1475,業旺,上市,,,-1000.0,0,0,-1000.0,,,,
2314,台揚,上市,,,-1000.0,0,0,-1000.0,,,,
2028,威致,上市,,,2000.0,0,-3000.0,-1000.0,,,,
2748,雲品,上市,,,-1000.0,0,0,-1000.0,,,,
4190,佐登-KY,上市,,,-1000.0,0,0,-1000.0,,,,
4169,泰宗,上市,,,-1000.0,0,0,-1000.0,,,,
4148,全宇生技-KY,上市,,,-1000.0,0,0,-1000.0,,,,
3168,眾福科,上市,,,-1000.0,0,0,-1000.0,,,,
020037,元大金融高股息N,上市,,,0,0,-1000.0,-1000.0,,,,
8467,波力-KY,上市,,,-1000.0,0,0,-1000.0,,,,
8488,吉源-KY,上市,,,-2000.0,0,1000.0,-1000.0,,,,
020038,元大ESG配息N,上市,,,0,0,-1000.0,-1000.0,,,,
020000,富邦特選蘋果N,上市,,,0,0,-1000.0,-1000.0,,,,
6936,永鴻生技,上市,,,-1000.0,0,0,-1000.0,,,,
6918,愛派司,上市,,,-1000.0,0,0,-1000.0,,,,
6671,三能-KY,上市,,,-1000.0,0,0,-1000.0,,,,
6585,鼎基,上市,,,-1000.0,0,0,-1000.0,,,,
8443,阿瘦,上市,,,-1000.0,0,0,-1000.0,,,,
4994,傳奇,上市,,,-1000.0,0,0,-1000.0,,,,
2488,漢平,上市,,,-2000.0,0,1000.0,-1000.0,,,,
4438,廣越,上市,,,-1000.0,0,-5.0,-1005.0,,,,
2032,新鋼,上市,,,-1987.0,0,980.0,-1007.0,,,,
00775B,台新投等債15+,上市,,,0,0,-1031.0,-1031.0,,,,
1817,凱撒衛,上市,,,-3000.0,0,1947.0,-1053.0,,,,
2355,敬鵬,上市,,,-1247.0,0,106.0,-1141.0,,,,
6890,來億-KY,上市,,,-2000.0,0,835.0,-1165.0,,,,
1342,八貫,上市,,,-2352.0,0,1182.0,-1170.0,,,,
3515,華擎,上市,,,-1000.0,0,-627.0,-1627.0,,,,
7631,聚賢研發-創,上市,,,-1611.0,0,-251.0,-1862.0,,,,
4441,振大環球,上市,,,-1960.0,0,0,-1960.0,,,,
00714,群益道瓊美國地產,上市,,,0,0,-1998.0,-1998.0,,,,
020036,元大金融配息N,上市,,,0,0,-2000.0,-2000.0,,,,
6666,羅麗芬-KY,上市,,,-2000.0,0,0,-2000.0,,,,
8429,金麗-KY,上市,,,-2000.0,0,0,-2000.0,,,,
7732,金興精密,上市,,,-2000.0,0,0,-2000.0,,,,
7760,享溫馨,上市,,,-2000.0,0,0,-2000.0,,,,
3432,台端,上市,,,-2000.0,0,0,-2000.0,,,,
1467,南緯,上市,,,-9000.0,0,7000.0,-2000.0,,,,
1225,福懋油,上市,,,-3000.0,0,1000.0,-2000.0,,,,
2114,鑫永銓,上市,,,-2000.0,0,0,-2000.0,,,,
6771,平和環保-創,上市,,,-1000.0,0,-1000.0,-2000.0,,,,
9943,好樂迪,上市,,,-2000.0,0,0,-2000.0,,,,
6573,虹揚-KY,上市,,,-4000.0,0,2000.0,-2000.0,,,,
6581,鋼聯,上市,,,-2000.0,0,0,-2000.0,,,,
4930,燦星網,上市,,,-2000.0,0,0,-2000.0,,,,
1735,日勝化,上市,,,-2000.0,0,-110.0,-2110.0,,,,
4585,達明,上市,,,-2200.0,0,0,-2200.0,,,,
00684R,期元大美元指反1,上市,,,0,0,-2330.0,-2330.0,,,,
6908,宏碁遊戲-創,上市,,,-4000.0,0,1660.0,-2340.0,,,,
1453,大將,上市,,,-2450.0,0,0,-2450.0,,,,
1472,三洋實業,上市,,,5000.0,0,-8000.0,-3000.0,,,,
1435,中福,上市,,,-3000.0,0,0,-3000.0,,,,
1539,巨庭,上市,,,-3000.0,0,0,-3000.0,,,,
1783,和康生,上市,,,-3000.0,0,0,-3000.0,,,,
2013,中鋼構,上市,,,-3000.0,0,0,-3000.0,,,,
4569,六方科-KY,上市,,,-3000.0,0,0,-3000.0,,,,
3669,圓展,上市,,,-4000.0,0,1000.0,-3000.0,,,,
2836A,高雄銀甲特,上市,,,-3000.0,0,0,-3000.0,,,,
6835,圓裕,上市,,,-3000.0,0,0,-3000.0,,,,
6655,科定,上市,,,-3000.0,0,0,-3000.0,,,,
6754,匯僑設計,上市,,,-3000.0,0,0,-3000.0,,,,
8367,建新國際,上市,,,-3000.0,0,0,-3000.0,,,,
6165,浪凡,上市,,,-3000.0,0,0,-3000.0,,,,
8481,政伸,上市,,,-3000.0,0,0,-3000.0,,,,
3018,隆銘綠能,上市,,,-3000.0,0,0,-3000.0,,,,
6951,青新-創,上市,,,-3000.0,0,0,-3000.0,,,,
1456,怡華,上市,,,-3039.0,0,0,-3039.0,,,,
8487,愛爾達-創,上市,,,-3000.0,0,-41.0,-3041.0,,,,
5243,乙盛-KY,上市,,,167.0,0,-3606.0,-3439.0,,,,
4532,瑞智,上市,,,-14693.0,11242.0,0,-3451.0,,,,
8222,寶一,上市,,,-3710.0,0,0,-3710.0,,,,
6216,居易,上市,,,-4000.0,0,222.0,-3778.0,,,,
1537,廣隆,上市,,,-3984.0,0,0,-3984.0,,,,
1732,毛寶,上市,,,-4000.0,0,0,-4000.0,,,,
1439,雋揚,上市,,,-4000.0,0,0,-4000.0,,,,
2024,志聯,上市,,,-4000.0,0,0,-4000.0,,,,
2882B,國泰金乙特,上市,,,0,0,-4000.0,-4000.0,,,,
7821,神數,上市,,,-4000.0,0,0,-4000.0,,,,
6722,輝創,上市,,,-4000.0,0,0,-4000.0,,,,
9944,新麗,上市,,,-4000.0,0,0,-4000.0,,,,
00736,國泰新興市場,上市,,,0,0,-4000.0,-4000.0,,,,
6952,大武山,上市,,,-4000.0,0,0,-4000.0,,,,
1443,立益物流,上市,,,-4000.0,0,0,-4000.0,,,,
2702,華園,上市,,,-4000.0,0,0,-4000.0,,,,
1470,大統新創,上市,,,-4000.0,0,0,-4000.0,,,,
9929,秋雨,上市,,,-4000.0,0,0,-4000.0,,,,
00660,元大歐洲50,上市,,,-19.0,0,-4000.0,-4019.0,,,,
00771,元大US高息特別股,上市,,,0,0,-4421.0,-4421.0,,,,
3003,健和興,上市,,,-4783.0,0,-4.0,-4787.0,,,,
8442,威宏-KY,上市,,,-6000.0,1184.0,0,-4816.0,,,,
2482,連宇,上市,,,-5000.0,0,171.0,-4829.0,,,,
7823,奧義賽博-KY創,上市,,,-8000.0,0,3000.0,-5000.0,,,,
7818,溢泰實業,上市,,,-5000.0,0,0,-5000.0,,,,
7705,三商餐飲,上市,,,-7000.0,0,2000.0,-5000.0,,,,
6614,資拓宏宇,上市,,,-5000.0,0,0,-5000.0,,,,
6183,關貿,上市,,,-2000.0,0,-3000.0,-5000.0,,,,
6464,台數科,上市,,,-5000.0,0,0,-5000.0,,,,
8463,潤泰材,上市,,,-5000.0,0,0,-5000.0,,,,
9924,福興,上市,,,-5000.0,0,0,-5000.0,,,,
2904,匯僑,上市,,,-5000.0,0,0,-5000.0,,,,
2712,遠雄來,上市,,,-5000.0,0,0,-5000.0,,,,
2433,互盛電,上市,,,-5000.0,0,0,-5000.0,,,,
3494,誠研,上市,,,-5000.0,0,0,-5000.0,,,,
1233,天仁,上市,,,-5000.0,0,0,-5000.0,,,,
1725,元禎,上市,,,-9000.0,0,4000.0,-5000.0,,,,
1752,南光,上市,,,-5000.0,0,0,-5000.0,,,,
1535,中宇,上市,,,-5000.0,0,0,-5000.0,,,,
1530,亞崴,上市,,,-5000.0,0,0,-5000.0,,,,
1541,錩泰,上市,,,-5000.0,0,0,-5000.0,,,,
1474,弘裕,上市,,,-5000.0,0,0,-5000.0,,,,
6657,華安,上市,,,-5001.0,0,0,-5001.0,,,,
00965,元大航太防衛科技,上市,,,1116.0,0,-6261.0,-5145.0,,,,
7803,雲象科技-創,上市,,,-7000.0,0,1844.0,-5156.0,,,,
3138,耀登,上市,,,-4900.0,0,-553.0,-5453.0,,,,
6416,瑞祺電通,上市,,,-4994.0,0,-904.0,-5898.0,,,,
4737,華廣,上市,,,-6000.0,0,0,-6000.0,,,,
6887,寶綠特-KY,上市,,,-4000.0,0,-2000.0,-6000.0,,,,
9926,新海,上市,,,-6000.0,0,0,-6000.0,,,,
4560,強信-KY,上市,,,-6000.0,0,0,-6000.0,,,,
2929,淘帝-KY,上市,,,-6000.0,0,0,-6000.0,,,,
1512,瑞利,上市,,,-6000.0,0,0,-6000.0,,,,
1776,展宇,上市,,,-6000.0,0,0,-6000.0,,,,
1324,地球,上市,,,-6000.0,0,0,-6000.0,,,,
2373,震旦行,上市,,,-6000.0,0,0,-6000.0,,,,
2431,聯昌,上市,,,-6000.0,0,0,-6000.0,,,,
2424,隴華,上市,,,-6000.0,0,0,-6000.0,,,,
2432,倚天酷碁-創,上市,,,0,0,-6000.0,-6000.0,,,,
4582,聚恆-創,上市,,,-7000.0,0,1000.0,-6000.0,,,,
1730,花仙子,上市,,,-6000.0,0,0,-6000.0,,,,
00702,國泰標普低波高息,上市,,,0,0,-6611.0,-6611.0,,,,
3308,聯德,上市,,,-11000.0,0,4290.0,-6710.0,,,,
2008,高興昌,上市,,,-7000.0,0,0,-7000.0,,,,
1410,南染,上市,,,-7000.0,0,0,-7000.0,,,,
1583,程泰,上市,,,-7000.0,0,0,-7000.0,,,,
4935,茂林-KY,上市,,,-7000.0,0,0,-7000.0,,,,
6281,全國電,上市,,,-7000.0,0,0,-7000.0,,,,
4588,玖鼎電力,上市,,,-7000.0,0,0,-7000.0,,,,
6534,正瀚-創,上市,,,-7000.0,0,-7.0,-7007.0,,,,
6128,上福,上市,,,-13000.0,0,5898.0,-7102.0,,,,
3004,豐達科,上市,,,-7604.0,0,-123.0,-7727.0,,,,
2887Z1,台新新光己特,上市,,,-8000.0,0,0,-8000.0,,,,
2722,夏都,上市,,,-8000.0,0,0,-8000.0,,,,
4583,台灣精銳,上市,,,-7000.0,0,-1000.0,-8000.0,,,,
5546,永固-KY,上市,,,-8000.0,0,0,-8000.0,,,,
9918,欣天然,上市,,,-8000.0,0,0,-8000.0,,,,
9931,欣高,上市,,,-8000.0,0,0,-8000.0,,,,
2380,虹光,上市,,,-8000.0,0,0,-8000.0,,,,
1437,勤益控,上市,,,-15000.0,0,7000.0,-8000.0,,,,
1315,達新,上市,,,-8000.0,0,0,-8000.0,,,,
6277,宏正,上市,,,-8000.0,0,0,-8000.0,,,,
6606,建德工業,上市,,,-11000.0,0,3000.0,-8000.0,,,,
9902,台火,上市,,,-8000.0,0,-60.0,-8060.0,,,,
3356,奇偶,上市,,,-16820.0,0,8000.0,-8820.0,,,,
1726,永記,上市,,,-9000.0,0,0,-9000.0,,,,
1468,昶和,上市,,,-10000.0,0,1000.0,-9000.0,,,,
2430,燦坤,上市,,,-9000.0,0,0,-9000.0,,,,
1323,永裕,上市,,,-9000.0,0,0,-9000.0,,,,
6136,富爾特,上市,,,-9065.0,0,0,-9065.0,,,,
2425,承啟,上市,,,-9919.0,0,0,-9919.0,,,,
2762,世界健身-KY,上市,,,-9979.0,0,0,-9979.0,,,,
2945,三商家購,上市,,,-10000.0,0,0,-10000.0,,,,
2910,統領,上市,,,-10000.0,0,0,-10000.0,,,,
1454,台富,上市,,,-10000.0,0,0,-10000.0,,,,
1236,宏亞,上市,,,-10000.0,0,0,-10000.0,,,,
1108,幸福,上市,,,-10000.0,0,0,-10000.0,,,,
6184,大豐電,上市,,,-10000.0,0,0,-10000.0,,,,
7812,稜研科技*-創,上市,,,-10000.0,0,0,-10000.0,,,,
020031,統一IC設計臺灣N,上市,,,0,0,-10000.0,-10000.0,,,,
5283,禾聯碩,上市,,,-10000.0,0,0,-10000.0,,,,
1806,冠軍,上市,,,-10000.0,0,0,-10000.0,,,,
4106,雃博,上市,,,-10000.0,0,0,-10000.0,,,,
009810,玉山全球藍籌100,上市,,,-1000.0,0,-9229.0,-10229.0,,,,
2442,新美齊,上市,,,-10380.0,0,0,-10380.0,,,,
1616,億泰,上市,,,-10000.0,0,-502.0,-10502.0,,,,
2022,聚亨,上市,,,-4509.0,0,-6000.0,-10509.0,,,,
1256,鮮活果汁-KY,上市,,,-9573.0,0,-1000.0,-10573.0,,,,
6230,尼得科超眾,上市,,,-11000.0,0,50.0,-10950.0,,,,
6757,台灣虎航,上市,,,44040.0,0,-55000.0,-10960.0,,,,
5533,皇鼎,上市,,,-11000.0,0,0,-11000.0,,,,
9946,三發地產,上市,,,-25000.0,0,14000.0,-11000.0,,,,
1463,強盛新,上市,,,-11000.0,0,0,-11000.0,,,,
3296,勝德,上市,,,-13140.0,0,2000.0,-11140.0,,,,
00899,FT潔淨能源,上市,,,-1000.0,0,-10511.0,-11511.0,,,,
1760,寶齡富錦,上市,,,-11620.0,0,0,-11620.0,,,,
00647L,元大S&P500正2,上市,,,0,0,-11734.0,-11734.0,,,,
1339,昭輝,上市,,,-12000.0,0,263.0,-11737.0,,,,
6477,安集,上市,,,-17948.0,0,6000.0,-11948.0,,,,
1110,東泥,上市,,,-14960.0,0,3000.0,-11960.0,,,,
5538,東明-KY,上市,,,-12000.0,0,0,-12000.0,,,,
8466,美吉吉-KY,上市,,,-12000.0,0,0,-12000.0,,,,
1438,三地開發,上市,,,-13000.0,0,1000.0,-12000.0,,,,
1521,大億,上市,,,-12000.0,0,0,-12000.0,,,,
6861,睿生光電,上市,,,-21196.0,0,9179.0,-12017.0,,,,
2247,汎德永業,上市,,,-13000.0,972.0,0,-12028.0,,,,
2739,寒舍,上市,,,-13050.0,0,1000.0,-12050.0,,,,
1220,台榮,上市,,,-12135.0,0,0,-12135.0,,,,
4999,鑫禾,上市,,,-13000.0,0,447.0,-12553.0,,,,
6965,中傑-KY,上市,,,-13000.0,0,0,-13000.0,,,,
1203,味王,上市,,,-13000.0,0,0,-13000.0,,,,
1465,偉全,上市,,,-12000.0,0,-1000.0,-13000.0,,,,
2115,六暉-KY,上市,,,-13000.0,0,0,-13000.0,,,,
2459,敦吉,上市,,,-13000.0,0,0,-13000.0,,,,
4440,宜新實業,上市,,,-7000.0,0,-6000.0,-13000.0,,,,
4133,亞諾法,上市,,,-13000.0,0,0,-13000.0,,,,
3052,夆典,上市,,,-13000.0,0,0,-13000.0,,,,
00920,富邦ESG綠色電力,上市,,,-17000.0,0,3911.0,-13089.0,,,,
5515,建國,上市,,,-20975.0,0,7000.0,-13975.0,,,,
5215,科嘉-KY,上市,,,-14000.0,0,0,-14000.0,,,,
3150,鈺寶-創,上市,,,-12000.0,0,-2000.0,-14000.0,,,,
2440,太空梭,上市,,,-14000.0,0,0,-14000.0,,,,
1906,寶隆,上市,,,-12000.0,0,-2000.0,-14000.0,,,,
1762,中化生,上市,,,-18000.0,0,4000.0,-14000.0,,,,
2705,六福,上市,,,-14000.0,0,0,-14000.0,,,,
1623,大東電,上市,,,-14010.0,0,0,-14010.0,,,,
3046,建碁,上市,,,-14122.0,0,0,-14122.0,,,,
2477,美隆電,上市,,,-18376.0,3400.0,0,-14976.0,,,,
1531,高林股,上市,,,-15000.0,0,0,-15000.0,,,,
2450,神腦,上市,,,-15000.0,0,0,-15000.0,,,,
2616,山隆,上市,,,-15000.0,0,0,-15000.0,,,,
5007,三星,上市,,,-15000.0,0,0,-15000.0,,,,
4942,嘉彰,上市,,,-15000.0,0,0,-15000.0,,,,
9937,全國,上市,,,-15000.0,0,0,-15000.0,,,,
1337,再生-KY,上市,,,-15813.0,0,0,-15813.0,,,,
1587,吉茂,上市,,,-16000.0,0,0,-16000.0,,,,
2516,新建,上市,,,-16000.0,0,0,-16000.0,,,,
6931,青松健康,上市,,,-18000.0,0,2000.0,-16000.0,,,,
3266,昇陽,上市,,,-17000.0,0,1000.0,-16000.0,,,,
6409,旭隼,上市,,,-12151.0,-4000.0,125.0,-16026.0,,,,
6863,永道-KY,上市,,,-15000.0,0,-1505.0,-16505.0,,,,
00711B,復華彭博新興債,上市,,,0,0,-16801.0,-16801.0,,,,
1232,大統益,上市,,,-16988.0,0,0,-16988.0,,,,
3038,全台,上市,,,-17000.0,0,0,-17000.0,,,,
2911,麗嬰房,上市,,,-17000.0,0,0,-17000.0,,,,
2227,裕日車,上市,,,-17086.0,0,0,-17086.0,,,,
2239,英利-KY,上市,,,-18000.0,0,0,-18000.0,,,,
9906,欣巴巴,上市,,,-18000.0,0,0,-18000.0,,,,
01007T,兆豐國泰R2,上市,,,-18000.0,0,0,-18000.0,,,,
3060,銘異,上市,,,-20393.0,0,2297.0,-18096.0,,,,
6243,迅杰,上市,,,-18667.0,0,286.0,-18381.0,,,,
00901,永豐智能車供應鏈,上市,,,8000.0,0,-26667.0,-18667.0,,,,
6115,鎰勝,上市,,,-20000.0,0,1000.0,-19000.0,,,,
7765,中華資安,上市,,,-18000.0,0,-1000.0,-19000.0,,,,
1445,大宇,上市,,,-19000.0,0,0,-19000.0,,,,
2701,萬企,上市,,,-19000.0,0,0,-19000.0,,,,
2514,龍邦,上市,,,-19000.0,0,0,-19000.0,,,,
6958,日盛台駿,上市,,,-20000.0,0,0,-20000.0,,,,
1109,信大,上市,,,-20000.0,0,0,-20000.0,,,,
5907,大洋-KY,上市,,,-20000.0,0,0,-20000.0,,,,
5306,桂盟,上市,,,-20000.0,0,0,-20000.0,,,,
6591,動力-KY,上市,,,-20000.0,0,-301.0,-20301.0,,,,
6916,華凌,上市,,,-20000.0,0,-618.0,-20618.0,,,,
4119,旭富,上市,,,-19546.0,0,-1125.0,-20671.0,,,,
00642U,期元大S&P石油,上市,,,-37134.0,0,16383.0,-20751.0,,,,
006206,元大上證50,上市,,,0,0,-20910.0,-20910.0,,,,
3450,聯鈞,上市,,,17404.0,0,-38345.0,-20941.0,,,,
2237,華德動能-創,上市,,,-21000.0,0,0,-21000.0,,,,
5434,崇越,上市,,,-18219.0,0,-3082.0,-21301.0,,,,
6790,永豐實,上市,,,-25000.0,3000.0,302.0,-21698.0,,,,
0051,元大中型100,上市,,,-1000.0,0,-20785.0,-21785.0,,,,
2546,根基,上市,,,-28097.0,0,6000.0,-22097.0,,,,
3135,凌航,上市,,,-19343.0,0,-2880.0,-22223.0,,,,
00668,國泰美國道瓊,上市,,,0,0,-22892.0,-22892.0,,,,
5525,順天,上市,,,-23000.0,0,0,-23000.0,,,,
1614,三洋電,上市,,,-23000.0,0,0,-23000.0,,,,
1321,大洋,上市,,,-25000.0,0,2000.0,-23000.0,,,,
8462,柏文,上市,,,-23082.0,0,-30.0,-23112.0,,,,
1524,耿鼎,上市,,,-23944.0,0,0,-23944.0,,,,
8341,日友,上市,,,-24000.0,0,0,-24000.0,,,,
1473,台南,上市,,,-24000.0,0,0,-24000.0,,,,
6715,嘉基,上市,,,-18000.0,0,-6020.0,-24020.0,,,,
00752,中信中國50,上市,,,-71000.0,0,46827.0,-24173.0,,,,
1529,樂事綠能,上市,,,-24534.0,0,0,-24534.0,,,,
2497,怡利電,上市,,,-25438.0,0,870.0,-24568.0,,,,
1235,興泰,上市,,,-25000.0,0,0,-25000.0,,,,
6645,金萬林-創,上市,,,-25000.0,0,0,-25000.0,,,,
1452,宏益,上市,,,-25004.0,0,0,-25004.0,,,,
00989A,主動摩根美國科技,上市,,,-1619000.0,0,1592523.0,-26477.0,,,,
3704,合勤控,上市,,,-29000.0,0,2508.0,-26492.0,,,,
00982T,平衡兆豐台美動能,上市,,,0,0,-26506.0,-26506.0,,,,
2434,統懋,上市,,,-26722.0,0,0,-26722.0,,,,
4736,泰博,上市,,,-26810.0,0,0,-26810.0,,,,
00638R,元大滬深300反1,上市,,,0,0,-26951.0,-26951.0,,,,
1419,新紡,上市,,,-33000.0,0,6000.0,-27000.0,,,,
3002,歐格,上市,,,-27000.0,0,-114.0,-27114.0,,,,
7722,LINEPAY,上市,,,-25183.0,0,-2000.0,-27183.0,,,,
9942,茂順,上市,,,-29000.0,0,0,-29000.0,,,,
2706,第一店,上市,,,-29000.0,0,0,-29000.0,,,,
2524,京城,上市,,,-31000.0,0,2000.0,-29000.0,,,,
1457,宜進,上市,,,-29000.0,0,0,-29000.0,,,,
1540,喬福,上市,,,-29900.0,0,0,-29900.0,,,,
1459,聯發,上市,,,-18000.0,0,-12000.0,-30000.0,,,,
4108,懷特,上市,,,-35000.0,0,5000.0,-30000.0,,,,
7768,頌勝科技,上市,,,-30000.0,0,0,-30000.0,,,,
2611,志信,上市,,,-41541.0,0,11000.0,-30541.0,,,,
3130,一零四,上市,,,-31000.0,0,0,-31000.0,,,,
6781,AES-KY,上市,,,-34217.0,0,2810.0,-31407.0,,,,
3015,全漢,上市,,,-33500.0,0,2000.0,-31500.0,,,,
00730,富邦臺灣優質高息,上市,,,-12000.0,0,-19901.0,-31901.0,,,,
02001L,富邦蘋果正二N,上市,,,0,0,-32000.0,-32000.0,,,,
4552,力達-KY,上市,,,-34000.0,0,2000.0,-32000.0,,,,
6142,友勁,上市,,,-32000.0,0,0,-32000.0,,,,
8374,羅昇,上市,,,-16000.0,0,-16045.0,-32045.0,,,,
2423,固緯,上市,,,-32701.0,0,0,-32701.0,,,,
1451,年興,上市,,,-33000.0,0,0,-33000.0,,,,
00876,元大全球5G,上市,,,0,0,-33232.0,-33232.0,,,,
2923,鼎固-KY,上市,,,-57990.0,0,24000.0,-33990.0,,,,
1446,宏和,上市,,,-34000.0,0,0,-34000.0,,,,
6873,泓德能源,上市,,,-33072.0,0,-1000.0,-34072.0,,,,
00737,國泰AI機器人,上市,,,-137998.0,0,103646.0,-34352.0,,,,
2608,嘉里大榮,上市,,,-37000.0,0,1560.0,-35440.0,,,,
5225,東科-KY,上市,,,-36000.0,0,403.0,-35597.0,,,,
5222,全訊,上市,,,-35002.0,0,-677.0,-35679.0,,,,
2480,敦陽科,上市,,,-36286.0,0,421.0,-35865.0,,,,
5522,遠雄,上市,,,-67422.0,9519.0,22000.0,-35903.0,,,,
1713,國化,上市,,,-36000.0,0,0,-36000.0,,,,
1805,寶徠,上市,,,-40000.0,0,4000.0,-36000.0,,,,
7610,聯友金屬-創,上市,,,-36642.0,0,-220.0,-36862.0,,,,
6923,中台,上市,,,-37000.0,0,0,-37000.0,,,,
00669R,國泰美國道瓊反1,上市,,,0,0,-37000.0,-37000.0,,,,
2012,春雨,上市,,,-41000.0,0,4000.0,-37000.0,,,,
4536,拓凱,上市,,,-36989.0,0,-32.0,-37021.0,,,,
2033,佳大,上市,,,-37026.0,0,0,-37026.0,,,,
2753,八方雲集,上市,,,-39325.0,2007.0,0,-37318.0,,,,
009808,華南永昌優選50,上市,,,109000.0,0,-146394.0,-37394.0,,,,
00717,富邦美國特別股,上市,,,-27000.0,0,-11000.0,-38000.0,,,,
6451,訊芯-KY,上市,,,-38929.0,0,658.0,-38271.0,,,,
2062,橋椿,上市,,,-39253.0,0,284.0,-38969.0,,,,
2243,宏旭-KY,上市,,,-40999.0,0,2000.0,-38999.0,,,,
9905,大華,上市,,,-39000.0,0,0,-39000.0,,,,
006207,復華滬深,上市,,,-261700.0,0,222223.0,-39477.0,,,,
2390,云辰,上市,,,-44000.0,0,4000.0,-40000.0,,,,
9955,佳龍,上市,,,-42000.0,0,1000.0,-41000.0,,,,
6598,ABC-KY,上市,,,-43000.0,0,2000.0,-41000.0,,,,
3043,科風,上市,,,-42000.0,0,0,-42000.0,,,,
00852L,國泰美國道瓊正2,上市,,,0,0,-42023.0,-42023.0,,,,
9908,大台北,上市,,,-43000.0,0,650.0,-42350.0,,,,
2359,所羅門,上市,,,-41017.0,0,-1869.0,-42886.0,,,,
1325,恆大,上市,,,-43023.0,0,0,-43023.0,,,,
6192,巨路,上市,,,-43000.0,0,-50.0,-43050.0,,,,
4764,雙鍵,上市,,,166341.0,-205521.0,-4258.0,-43438.0,,,,
2820,華票,上市,,,-95507.0,0,52000.0,-43507.0,,,,
1618,合機,上市,,,-43000.0,0,-536.0,-43536.0,,,,
6768,志強-KY,上市,,,-47000.0,3000.0,-26.0,-44026.0,,,,
6582,申豐,上市,,,-45000.0,0,0,-45000.0,,,,
9939,宏全,上市,,,-43953.0,0,-1487.0,-45440.0,,,,
1734,杏輝,上市,,,-45629.0,0,0,-45629.0,,,,
1604,聲寶,上市,,,-45928.0,0,0,-45928.0,,,,
6024,群益期,上市,,,-46000.0,0,0,-46000.0,,,,
00661,元大日經225,上市,,,253000.0,0,-299209.0,-46209.0,,,,
3013,晟銘電,上市,,,-46000.0,0,-316.0,-46316.0,,,,
5519,隆大,上市,,,-46350.0,0,-359.0,-46709.0,,,,
020034,元大IC設計N,上市,,,0,0,-47000.0,-47000.0,,,,
1615,大山,上市,,,-47000.0,0,0,-47000.0,,,,
3032,偉訓,上市,,,-47940.0,0,0,-47940.0,,,,
00757,統一FANG+,上市,,,32095.0,0,-80291.0,-48196.0,,,,
6838,台新藥,上市,,,-48000.0,0,-1000.0,-49000.0,,,,
1789,神隆,上市,,,-62177.0,0,12922.0,-49255.0,,,,
6412,群電,上市,,,-28000.0,0,-21621.0,-49621.0,,,,
1720,生達,上市,,,-49764.0,0,0,-49764.0,,,,
7827,漢康-KY創,上市,,,-52612.0,0,114.0,-52498.0,,,,
2102,泰豐,上市,,,-53063.0,0,0,-53063.0,,,,
8033,雷虎,上市,,,-53991.0,0,473.0,-53518.0,,,,
2540,愛山林,上市,,,-53780.0,0,0,-53780.0,,,,
00934,中信成長高股息,上市,,,-57800.0,0,3108.0,-54692.0,,,,
6446,藥華藥,上市,,,50725.0,0,-105607.0,-54882.0,,,,
912000,晨訊科-DR,上市,,,-55000.0,0,0,-55000.0,,,,
1449,佳和,上市,,,-57285.0,0,998.0,-56287.0,,,,
00645,富邦日本,上市,,,10.0,103000.0,-159997.0,-56987.0,,,,
2462,良得電,上市,,,-57000.0,0,0,-57000.0,,,,
2645,長榮航太,上市,,,-70987.0,0,13616.0,-57371.0,,,,
2348,海悅,上市,,,-54000.0,0,-3486.0,-57486.0,,,,
9103,美德醫療-DR,上市,,,-58000.0,0,-320.0,-58320.0,,,,
4989,榮科,上市,,,-60699.0,0,2356.0,-58343.0,,,,
3040,遠見,上市,,,-59000.0,0,0,-59000.0,,,,
2816,旺旺保,上市,,,-59820.0,0,0,-59820.0,,,,
3543,州巧,上市,,,-61616.0,0,1.0,-61615.0,,,,
2849,安泰銀,上市,,,-83000.0,0,21000.0,-62000.0,,,,
2509,全坤建,上市,,,-63000.0,0,0,-63000.0,,,,
00895,富邦未來車,上市,,,-5000.0,0,-58164.0,-63164.0,,,,
2630,亞航,上市,,,-40599.0,0,-23050.0,-63649.0,,,,
8072,陞泰,上市,,,-64000.0,0,0,-64000.0,,,,
6988,威力暘-創,上市,,,-66000.0,0,2000.0,-64000.0,,,,
1460,宏遠,上市,,,-64236.0,0,0,-64236.0,,,,
1434,福懋,上市,,,-65771.0,0,0,-65771.0,,,,
2020,美亞,上市,,,-78748.0,0,10922.0,-67826.0,,,,
1416,廣豐,上市,,,-67000.0,0,-1000.0,-68000.0,,,,
2107,厚生,上市,,,-68338.0,0,0,-68338.0,,,,
1733,五鼎,上市,,,-69001.0,0,0,-69001.0,,,,
0053,元大電子,上市,,,13.0,0,-69658.0,-69645.0,,,,
4590,富田-創,上市,,,-69950.0,0,140.0,-69810.0,,,,
1234,黑松,上市,,,-70000.0,0,-462.0,-70462.0,,,,
2109,華豐,上市,,,-71000.0,0,0,-71000.0,,,,
4155,訊映,上市,,,-71000.0,0,0,-71000.0,,,,
009812,野村日本東證,上市,,,-11925.0,0,-59149.0,-71074.0,,,,
00893,國泰智能電動車,上市,,,-4000.0,0,-69210.0,-73210.0,,,,
3406,玉晶光,上市,,,-23911.0,-9000.0,-40369.0,-73280.0,,,,
2538,基泰,上市,,,-69000.0,0,-5000.0,-74000.0,,,,
9935,慶豐富,上市,,,-78612.0,4183.0,0,-74429.0,,,,
00675L,富邦臺灣加權正2,上市,,,19000.0,0,-93916.0,-74916.0,,,,
2387,精元,上市,,,-84000.0,7795.0,-342.0,-76547.0,,,,
6969,成信實業*-創,上市,,,-75000.0,0,-1720.0,-76720.0,,,,
9917,中保科,上市,,,-88695.0,1000.0,10000.0,-77695.0,,,,
3010,華立,上市,,,-74950.0,-1000.0,-1947.0,-77897.0,,,,
00670L,富邦NASDAQ正2,上市,,,-23000.0,0,-57071.0,-80071.0,,,,
7799,禾榮科,上市,,,-79659.0,0,-1000.0,-80659.0,,,,
6902,GOGOLOOK,上市,,,-78846.0,0,-2000.0,-80846.0,,,,
3045,台灣大,上市,,,-211031.0,0,129509.0,-81522.0,,,,
8454,富邦媒,上市,,,-81100.0,0,-866.0,-81966.0,,,,
1536,和大,上市,,,-82080.0,0,-94.0,-82174.0,,,,
2419,仲琦,上市,,,-100771.0,0,18000.0,-82771.0,,,,
3501,維熹,上市,,,-83000.0,0,0,-83000.0,,,,
6415,矽力*-KY,上市,,,57703.0,-133000.0,-7979.0,-83276.0,,,,
2704,國賓,上市,,,-86000.0,0,2000.0,-84000.0,,,,
1532,勤美,上市,,,-84951.0,0,0,-84951.0,,,,
1464,得力,上市,,,-85000.0,0,0,-85000.0,,,,
009802,富邦旗艦50,上市,,,957000.0,0,-1042651.0,-85651.0,,,,
020020,元大台股領航N,上市,,,0,0,-86000.0,-86000.0,,,,
3443,創意,上市,,,33502.0,-175000.0,54611.0,-86887.0,,,,
8162,微矽電子-創,上市,,,-72946.0,0,-14679.0,-87625.0,,,,
6753,龍德造船,上市,,,-74975.0,0,-12780.0,-87755.0,,,,
4977,眾達-KY,上市,,,-138684.0,0,49722.0,-88962.0,,,,
5607,遠雄港,上市,,,-91000.0,0,1000.0,-90000.0,,,,
5521,工信,上市,,,-90000.0,0,-109.0,-90109.0,,,,
009827,玉山未來全球算力,上市,,,42000.0,0,-132982.0,-90982.0,,,,
00739,元大MSCI A股,上市,,,-2000.0,0,-90558.0,-92558.0,,,,
8271,宇瞻,上市,,,-103000.0,0,9001.0,-93999.0,,,,
2207,和泰車,上市,,,-94215.0,1000.0,-991.0,-94206.0,,,,
2851,中再保,上市,,,-62340.0,-4000.0,-28623.0,-94963.0,,,,
2832,台產,上市,,,-99080.0,4377.0,-433.0,-95136.0,,,,
2636,台驊控股,上市,,,-100000.0,0,4739.0,-95261.0,,,,
2707,晶華,上市,,,-94975.0,0,-395.0,-95370.0,,,,
3596,智易,上市,,,-97674.0,0,2283.0,-95391.0,,,,
2852,第一保,上市,,,-96000.0,0,0,-96000.0,,,,
3056,富華新,上市,,,-97000.0,0,0,-97000.0,,,,
00921,兆豐龍頭等權重,上市,,,-3000.0,0,-95377.0,-98377.0,,,,
9934,成霖,上市,,,-120843.0,0,22000.0,-98843.0,,,,
1737,臺鹽,上市,,,-101123.0,0,0,-101123.0,,,,
4306,炎洲,上市,,,-103983.0,0,2000.0,-101983.0,,,,
6541,泰福-KY,上市,,,-102256.0,0,-128.0,-102384.0,,,,
00763U,期街口道瓊銅,上市,,,-15000.0,0,-87667.0,-102667.0,,,,
3229,晟鈦,上市,,,-103445.0,0,0,-103445.0,,,,
0061,元大寶滬深,上市,,,-171000.0,0,66875.0,-104125.0,,,,
00949,復華日本龍頭,上市,,,9000.0,0,-113901.0,-104901.0,,,,
8213,志超,上市,,,-105000.0,0,-305.0,-105305.0,,,,
3376,新日興,上市,,,-63720.0,0,-42144.0,-105864.0,,,,
00994A,主動第一金台股優,上市,,,-331000.0,0,224991.0,-106009.0,,,,
2612,中航,上市,,,-45594.0,0,-60756.0,-106350.0,,,,
00982D,主動富邦動態入息,上市,,,-30000.0,0,-76594.0,-106594.0,,,,
7855,和運租車,上市,,,-107000.0,0,0,-107000.0,,,,
1436,華友聯,上市,,,-108000.0,0,0,-108000.0,,,,
1455,集盛,上市,,,-191000.0,0,82979.0,-108021.0,,,,
6515,穎崴,上市,,,-40920.0,-68000.0,-567.0,-109487.0,,,,
1506,正道,上市,,,-111000.0,0,0,-111000.0,,,,
3661,世芯-KY,上市,,,-92703.0,-2000.0,-16448.0,-111151.0,,,,
00762,元大全球AI,上市,,,-10000.0,0,-101737.0,-111737.0,,,,
1504,東元,上市,,,-121314.0,-3000.0,10864.0,-113450.0,,,,
6177,達麗,上市,,,-136897.0,22804.0,0,-114093.0,,,,
00636,國泰中國A50,上市,,,-20000.0,0,-95517.0,-115517.0,,,,
00991B,貝萊德A級公司債,上市,,,-334000.0,0,217099.0,-116901.0,,,,
2461,光群雷,上市,,,-122033.0,0,1000.0,-121033.0,,,,
00902,中信電池及儲能,上市,,,-137000.0,0,15506.0,-121494.0,,,,
00701,國泰股利精選30,上市,,,11000.0,0,-135291.0,-124291.0,,,,
8411,福貞-KY,上市,,,-26000.0,0,-100000.0,-126000.0,,,,
2025,千興,上市,,,-124073.0,0,-3000.0,-127073.0,,,,
00651R,復華香港反1,上市,,,-82000.0,0,-45250.0,-127250.0,,,,
1417,嘉裕,上市,,,-130000.0,0,0,-130000.0,,,,
2915,潤泰全,上市,,,-146005.0,0,14943.0,-131062.0,,,,
3028,增你強,上市,,,-109884.0,6100.0,-28333.0,-132117.0,,,,
2607,榮運,上市,,,-138339.0,0,293.0,-138046.0,,,,
2204,中華,上市,,,-164049.0,18598.0,7193.0,-138258.0,,,,
2101,南港,上市,,,-145562.0,0,5553.0,-140009.0,,,,
9925,新保,上市,,,-140000.0,0,-297.0,-140297.0,,,,
6271,同欣電,上市,,,-155327.0,0,10973.0,-144354.0,,,,
009811,統一美國50,上市,,,-20000.0,0,-125436.0,-145436.0,,,,
00885,富邦越南,上市,,,141187.0,0,-288458.0,-147271.0,,,,
6691,洋基工程,上市,,,-110779.0,-26600.0,-14097.0,-151476.0,,,,
00956,中信日經高股息,上市,,,-86000.0,0,-67983.0,-153983.0,,,,
1477,聚陽,上市,,,-163776.0,13001.0,-3786.0,-154561.0,,,,
2015,豐興,上市,,,-157913.0,0,3000.0,-154913.0,,,,
00963,中信全球高股息,上市,,,-30000.0,0,-126400.0,-156400.0,,,,
1103,嘉泥,上市,,,-157000.0,0,0,-157000.0,,,,
2537,聯上發,上市,,,-159062.0,0,0,-159062.0,,,,
2038,海光,上市,,,-160926.0,0,1000.0,-159926.0,,,,
2108,南帝,上市,,,-181760.0,0,20436.0,-161324.0,,,,
3563,牧德,上市,,,-192170.0,0,30324.0,-161846.0,,,,
1316,上曜,上市,,,-162683.0,0,0,-162683.0,,,,
2457,飛宏,上市,,,-154805.0,0,-10227.0,-165032.0,,,,
00408A,主動第一金優股息,上市,,,18000.0,0,-186626.0,-168626.0,,,,
3708,上緯投控,上市,,,-169410.0,0,-19.0,-169429.0,,,,
2206,三陽工業,上市,,,-182234.0,2000.0,7000.0,-173234.0,,,,
2412,中華電,上市,,,-152945.0,-67000.0,46000.0,-173945.0,,,,
3653,健策,上市,,,-309035.0,127738.0,5592.0,-175705.0,,,,
2010,春源,上市,,,-173456.0,0,-3000.0,-176456.0,,,,
7769,鴻勁,上市,,,66836.0,-250149.0,5305.0,-178008.0,,,,
2528,皇普,上市,,,-130000.0,10268.0,-59000.0,-178732.0,,,,
3037,欣興,上市,,,-765924.0,483693.0,103228.0,-179003.0,,,,
1611,中電,上市,,,-169000.0,0,-14000.0,-183000.0,,,,
9927,泰銘,上市,,,-185035.0,0,0,-185035.0,,,,
8404,百和興業-KY,上市,,,-187000.0,0,595.0,-186405.0,,,,
2908,特力,上市,,,-189651.0,0,0,-189651.0,,,,
6282,康舒,上市,,,-76756.0,-10000.0,-103204.0,-189960.0,,,,
1319,東陽,上市,,,-198820.0,3000.0,5787.0,-190033.0,,,,
00985A,主動野村台灣50,上市,,,17100.0,0,-210967.0,-193867.0,,,,
1201,味全,上市,,,-194000.0,0,0,-194000.0,,,,
2441,超豐,上市,,,-274634.0,54000.0,24897.0,-195737.0,,,,
2505,國揚,上市,,,-191643.0,0,-5000.0,-196643.0,,,,
00993A,主動安聯台灣,上市,,,-30000.0,0,-170187.0,-200187.0,,,,
3380,明泰,上市,,,-229983.0,1000.0,27389.0,-201594.0,,,,
5534,長虹,上市,,,-121004.0,-83000.0,1572.0,-202432.0,,,,
9136,巨騰-DR,上市,,,-206000.0,0,0,-206000.0,,,,
4195,基米-創,上市,,,-61000.0,0,-148138.0,-209138.0,,,,
00650L,復華香港正2,上市,,,-32000.0,0,-180613.0,-212613.0,,,,
4770,上品,上市,,,-239346.0,0,26127.0,-213219.0,,,,
2329,華泰,上市,,,-216011.0,0,1835.0,-214176.0,,,,
006205,富邦上証,上市,,,-5000.0,101000.0,-310672.0,-214672.0,,,,
2349,錸德,上市,,,-218550.0,0,3000.0,-215550.0,,,,
2428,興勤,上市,,,-209598.0,-1000.0,-4988.0,-215586.0,,,,
2331,精英,上市,,,-223000.0,0,0,-223000.0,,,,
6449,鈺邦,上市,,,-222264.0,0,-1501.0,-223765.0,,,,
1723,中碳,上市,,,-223651.0,0,-4194.0,-227845.0,,,,
00652,富邦印度,上市,,,-113843.0,0,-117073.0,-230916.0,,,,
6214,精誠,上市,,,-223045.0,10000.0,-19383.0,-232428.0,,,,
009817,國泰日本不動產,上市,,,0,0,-233423.0,-233423.0,,,,
2458,義隆,上市,,,-226594.0,3000.0,-10821.0,-234415.0,,,,
2506,太設,上市,,,-236000.0,0,0,-236000.0,,,,
1309,台達化,上市,,,-218225.0,0,-17843.0,-236068.0,,,,
3024,憶聲,上市,,,-240709.0,0,1000.0,-239709.0,,,,
4938,和碩,上市,,,-634544.0,-96000.0,488170.0,-242374.0,,,,
2211,長榮鋼,上市,,,-264725.0,5000.0,14846.0,-244879.0,,,,
1707,葡萄王,上市,,,-247746.0,2000.0,540.0,-245206.0,,,,
6442,光聖,上市,,,-241650.0,0,-7784.0,-249434.0,,,,
00938,凱基優選30,上市,,,-1000.0,0,-250076.0,-251076.0,,,,
00770,國泰北美科技,上市,,,-47494.0,0,-203981.0,-251475.0,,,,
9914,美利達,上市,,,-22000.0,-236000.0,4420.0,-253580.0,,,,
1907,永豐餘,上市,,,-243576.0,3000.0,-19000.0,-259576.0,,,,
00960,野村全球航運龍頭,上市,,,-1760.0,0,-259087.0,-260847.0,,,,
2362,藍天,上市,,,-268774.0,0,1802.0,-266972.0,,,,
1442,名軒,上市,,,17300.0,0,-284602.0,-267302.0,,,,
6669,緯穎,上市,,,-169816.0,-91000.0,-8429.0,-269245.0,,,,
00912,中信臺灣智慧50,上市,,,-9000.0,0,-266694.0,-275694.0,,,,
2520,冠德,上市,,,-254544.0,0,-21857.0,-276401.0,,,,
2069,運錩,上市,,,-276443.0,0,-2000.0,-278443.0,,,,
1808,潤隆,上市,,,-297000.0,0,16000.0,-281000.0,,,,
00641R,富邦日本反1,上市,,,0,0,-283000.0,-283000.0,,,,
3048,益登,上市,,,-297000.0,0,5683.0,-291317.0,,,,
00875,國泰網路資安,上市,,,-41909.0,0,-253436.0,-295345.0,,,,
2014,中鴻,上市,,,-300897.0,0,0,-300897.0,,,,
00715L,期街口布蘭特正2,上市,,,-297000.0,0,-4536.0,-301536.0,,,,
1727,中華化,上市,,,-253541.0,0,-48602.0,-302143.0,,,,
1104,環泥,上市,,,-303305.0,1000.0,0,-302305.0,,,,
1503,士電,上市,,,-284671.0,-1000.0,-22074.0,-307745.0,,,,
6558,興能高,上市,,,-307870.0,0,0,-307870.0,,,,
2006,東和鋼鐵,上市,,,-306425.0,0,-2345.0,-308770.0,,,,
2201,裕隆,上市,,,-326914.0,0,15086.0,-311828.0,,,,
2421,建準,上市,,,-209115.0,-5000.0,-98819.0,-312934.0,,,,
8926,台汽電,上市,,,-321865.0,1000.0,6954.0,-313911.0,,,,
6834,天二科技,上市,,,-329451.0,0,14280.0,-315171.0,,,,
2472,立隆電,上市,,,-302159.0,0,-19791.0,-321950.0,,,,
00643,群益深証中小,上市,,,10000.0,0,-332932.0,-322932.0,,,,
00995A,主動中信台灣卓越,上市,,,136000.0,0,-458983.0,-322983.0,,,,
2371,大同,上市,,,-585636.0,0,261931.0,-323705.0,,,,
00692,富邦公司治理,上市,,,-17950.0,0,-306246.0,-324196.0,,,,
1326,台化,上市,,,203801.0,0,-529884.0,-326083.0,,,,
3008,大立光,上市,,,-278144.0,1000.0,-51289.0,-328433.0,,,,
00907,永豐優息存股,上市,,,226000.0,0,-555345.0,-329345.0,,,,
2342,茂矽,上市,,,-479327.0,0,145670.0,-333657.0,,,,
00690,兆豐藍籌30,上市,,,0,0,-334712.0,-334712.0,,,,
3209,全科,上市,,,-337894.0,0,-1169.0,-339063.0,,,,
00850,元大臺灣ESG永續,上市,,,36000.0,0,-378399.0,-342399.0,,,,
6196,帆宣,上市,,,-337544.0,0,-7723.0,-345267.0,,,,
2548,華固,上市,,,-356180.0,3300.0,5619.0,-347261.0,,,,
00924,復華S&P500成長,上市,,,-56900.0,0,-297093.0,-353993.0,,,,
2106,建大,上市,,,-360000.0,0,-417.0,-360417.0,,,,
2241,艾姆勒,上市,,,-366089.0,0,18.0,-366071.0,,,,
6592,和潤企業,上市,,,-389391.0,0,19614.0,-369777.0,,,,
1310,台苯,上市,,,-389867.0,0,20000.0,-369867.0,,,,
5531,鄉林,上市,,,-374000.0,0,0,-374000.0,,,,
00904,台新臺灣半導體30,上市,,,-53000.0,0,-332408.0,-385408.0,,,,
2030,彰源,上市,,,-336000.0,0,-65295.0,-401295.0,,,,
3029,零壹,上市,,,-396683.0,0,-8145.0,-404828.0,,,,
3605,宏致,上市,,,-427560.0,0,14914.0,-412646.0,,,,
2478,大毅,上市,,,-438884.0,0,11425.0,-427459.0,,,,
2912,統一超,上市,,,-445364.0,-15000.0,31000.0,-429364.0,,,,
1712,興農,上市,,,-446948.0,16996.0,237.0,-429715.0,,,,
2009,第一銅,上市,,,-419675.0,0,-12309.0,-431984.0,,,,
2368,金像電,上市,,,-1429677.0,803910.0,193180.0,-432587.0,,,,
00913,兆豐台灣晶圓製造,上市,,,-44465.0,0,-400642.0,-445107.0,,,,
9941,裕融,上市,,,-113740.0,-328402.0,-6798.0,-448940.0,,,,
2617,台航,上市,,,-440300.0,0,-9505.0,-449805.0,,,,
4904,遠傳,上市,,,-792308.0,0,339216.0,-453092.0,,,,
1308,亞聚,上市,,,-449485.0,0,-12673.0,-462158.0,,,,
3044,健鼎,上市,,,-371278.0,-118000.0,24098.0,-465180.0,,,,
1227,佳格,上市,,,-469000.0,0,244.0,-468756.0,,,,
2383,台光電,上市,,,-282423.0,-187675.0,-9154.0,-479252.0,,,,
2103,台橡,上市,,,-497814.0,0,17757.0,-480057.0,,,,
1519,華城,上市,,,-509211.0,34000.0,-6318.0,-481529.0,,,,
4915,致伸,上市,,,-458475.0,3000.0,-26130.0,-481605.0,,,,
1210,大成,上市,,,-505056.0,1000.0,19532.0,-484524.0,,,,
1909,榮成,上市,,,-497586.0,0,9000.0,-488586.0,,,,
2360,致茂,上市,,,-25606.0,-446000.0,-18887.0,-490493.0,,,,
3055,蔚華科,上市,,,-485504.0,0,-13776.0,-499280.0,,,,
2887I,台新新光辛特,上市,,,-505000.0,0,0,-505000.0,,,,
6426,統新,上市,,,-575054.0,0,69760.0,-505294.0,,,,
2404,漢唐,上市,,,-848690.0,403000.0,-60990.0,-506680.0,,,,
0055,元大MSCI金融,上市,,,57109.0,0,-564742.0,-507633.0,,,,
00681R,元大美債20反1,上市,,,1000.0,0,-519000.0,-518000.0,,,,
1101,台泥,上市,,,-301243.0,1000.0,-220002.0,-520245.0,,,,
00905,FT臺灣Smart,上市,,,-68966.0,0,-455860.0,-524826.0,,,,
8996,高力,上市,,,-727813.0,189000.0,11930.0,-526883.0,,,,
1722,台肥,上市,,,-531891.0,1000.0,0,-530891.0,,,,
6933,AMAX-KY,上市,,,-548873.0,0,13172.0,-535701.0,,,,
1313,聯成,上市,,,-575244.0,0,11790.0,-563454.0,,,,
3702,大聯大,上市,,,-449270.0,-21000.0,-101041.0,-571311.0,,,,
00894,中信小資高價30,上市,,,-35000.0,0,-547651.0,-582651.0,,,,
2023,燁輝,上市,,,-592471.0,2000.0,0,-590471.0,,,,
3167,大量,上市,,,-582553.0,0,-9543.0,-592096.0,,,,
6205,詮欣,上市,,,-596483.0,0,3964.0,-592519.0,,,,
2474,可成,上市,,,-622143.0,-6000.0,21296.0,-606847.0,,,,
6550,北極星藥業-KY,上市,,,-657374.0,0,39000.0,-618374.0,,,,
009804,聯邦台精彩50,上市,,,-51000.0,0,-572024.0,-623024.0,,,,
2208,台船,上市,,,-627561.0,0,2000.0,-625561.0,,,,
3090,日電貿,上市,,,-594890.0,0,-35980.0,-630870.0,,,,
3673,TPK-KY,上市,,,-843518.0,0,210960.0,-632558.0,,,,
8210,勤誠,上市,,,-633198.0,0,-9225.0,-642423.0,,,,
6919,康霈*,上市,,,-631341.0,0,-14219.0,-645560.0,,,,
6949,沛爾生醫*-創,上市,,,-597429.0,0,-58598.0,-656027.0,,,,
00917,中信特選金融,上市,,,27000.0,0,-695172.0,-668172.0,,,,
2903,遠百,上市,,,-703734.0,0,34933.0,-668801.0,,,,
00639,富邦深100,上市,,,1000.0,0,-680943.0,-679943.0,,,,
2466,冠西電,上市,,,-702918.0,0,2000.0,-700918.0,,,,
3703,欣陸,上市,,,-701000.0,0,0,-701000.0,,,,
2406,國碩,上市,,,-717316.0,0,4761.0,-712555.0,,,,
6176,瑞儀,上市,,,-694835.0,-30000.0,1438.0,-723397.0,,,,
00896,中信綠能及電動車,上市,,,201000.0,0,-926587.0,-725587.0,,,,
1304,台聚,上市,,,-618309.0,0,-115044.0,-733353.0,,,,
3026,禾伸堂,上市,,,-877457.0,185000.0,-56255.0,-748712.0,,,,
8039,台虹,上市,,,-1009153.0,70000.0,187669.0,-751484.0,,,,
1440,南紡,上市,,,-774333.0,0,20000.0,-754333.0,,,,
00663L,國泰臺灣加權正2,上市,,,-10000.0,0,-759791.0,-769791.0,,,,
00830,國泰費城半導體,上市,,,-1026517.0,0,254310.0,-772207.0,,,,
1608,華榮,上市,,,-848634.0,0,4213.0,-844421.0,,,,
1904,正隆,上市,,,-881476.0,0,13000.0,-868476.0,,,,
4763,材料*-KY,上市,,,-928094.0,8000.0,30422.0,-889672.0,,,,
3017,奇鋐,上市,,,-452792.0,-513100.0,46804.0,-919088.0,,,,
9933,中鼎,上市,,,-996741.0,1000.0,68757.0,-926984.0,,,,
1609,大亞,上市,,,-937383.0,0,-1562.0,-938945.0,,,,
2885,元大金,上市,,,-2950685.0,1331000.0,679344.0,-940341.0,,,,
6672,騰輝電子-KY,上市,,,-899995.0,0,-47589.0,-947584.0,,,,
00930,永豐ESG低碳高息,上市,,,85000.0,0,-1055618.0,-970618.0,,,,
6285,啟碁,上市,,,-884864.0,2000.0,-121658.0,-1004522.0,,,,
6155,鈞寶,上市,,,-1063534.0,0,46626.0,-1016908.0,,,,
2634,漢翔,上市,,,-1095856.0,2000.0,11848.0,-1082008.0,,,,
009805,台新美國電力基建,上市,,,-458820.0,0,-624639.0,-1083459.0,,,,
00655L,國泰中國A50正2,上市,,,106000.0,0,-1191881.0,-1085881.0,,,,
4919,新唐,上市,,,-1173315.0,11000.0,26498.0,-1135817.0,,,,
00964,中信亞太高股息,上市,,,-44000.0,0,-1113111.0,-1157111.0,,,,
2836,高雄銀,上市,,,-1171490.0,0,0,-1171490.0,,,,
2504,國產,上市,,,-1247622.0,29499.0,14758.0,-1203365.0,,,,
9907,統一實,上市,,,-1275860.0,46305.0,212.0,-1229343.0,,,,
2354,鴻準,上市,,,-1083171.0,2000.0,-157206.0,-1238377.0,,,,
00923,群益台ESG低碳50,上市,,,-82954.0,0,-1157687.0,-1240641.0,,,,
3031,佰鴻,上市,,,-1247337.0,0,-2746.0,-1250083.0,,,,
2646,星宇航空,上市,,,-1183899.0,2000.0,-76000.0,-1257899.0,,,,
00892,富邦台灣半導體,上市,,,-96796.0,0,-1166171.0,-1262967.0,,,,
2104,國際中橡,上市,,,-1303346.0,0,30773.0,-1272573.0,,,,
3042,晶技,上市,,,-2638681.0,1050000.0,315231.0,-1273450.0,,,,
1216,統一,上市,,,-1719729.0,-69000.0,494144.0,-1294585.0,,,,
00865B,國泰US短期公債,上市,,,-212000.0,0,-1098137.0,-1310137.0,,,,
2345,智邦,上市,,,-632095.0,-736046.0,1908.0,-1366233.0,,,,
5880,合庫金,上市,,,-2250947.0,-1000.0,846568.0,-1405379.0,,,,
2801,彰銀,上市,,,-1281143.0,-98000.0,-27763.0,-1406906.0,,,,
1708,東鹼,上市,,,-1473372.0,0,-11824.0,-1485196.0,,,,
2880,華南金,上市,,,-2826738.0,-53000.0,1385118.0,-1494620.0,,,,
6531,愛普*,上市,,,-1393994.0,-5000.0,-96610.0,-1495604.0,,,,
9945,潤泰新,上市,,,-1484000.0,0,-21316.0,-1505316.0,,,,
2637,慧洋-KY,上市,,,-1498003.0,1000.0,-29949.0,-1526952.0,,,,
00405A,主動富邦台灣龍耀,上市,,,-1528635.0,0,-7883.0,-1536518.0,,,,
5388,中磊,上市,,,-1545391.0,0,5843.0,-1539548.0,,,,
2392,正崴,上市,,,-1428000.0,0,-143311.0,-1571311.0,,,,
2886,兆豐金,上市,,,-3664530.0,487000.0,1565023.0,-1612507.0,,,,
2884,玉山金,上市,,,-2727040.0,221000.0,850654.0,-1655386.0,,,,
1402,遠東新,上市,,,-1640379.0,4000.0,-45192.0,-1681571.0,,,,
2353,宏碁,上市,,,-1721914.0,16000.0,23247.0,-1682667.0,,,,
3711,日月光投控,上市,,,-723983.0,-927000.0,-39273.0,-1690256.0,,,,
006208,富邦台50,上市,,,-396376.0,-125000.0,-1186567.0,-1707943.0,,,,
2618,長榮航,上市,,,-3068282.0,924000.0,420505.0,-1723777.0,,,,
6139,亞翔,上市,,,-1609609.0,-1000.0,-114251.0,-1724860.0,,,,
00981T,平衡凱基雙核收息,上市,,,-8000.0,0,-1721244.0,-1729244.0,,,,
00401A,主動摩根台灣鑫收,上市,,,-2416000.0,0,641406.0,-1774594.0,,,,
009819,中信數據及電力,上市,,,-1003000.0,0,-771954.0,-1774954.0,,,,
2027,大成鋼,上市,,,-1569570.0,-2000.0,-251174.0,-1822744.0,,,,
2610,華航,上市,,,-1707958.0,-216000.0,47238.0,-1876720.0,,,,
009803,玉山市值動能50,上市,,,-678920.0,0,-1205887.0,-1884807.0,,,,
1229,聯華,上市,,,-1959585.0,3000.0,-4553.0,-1961138.0,,,,
1905,華紙,上市,,,-1984152.0,0,-37568.0,-2021720.0,,,,
6005,群益證,上市,,,-2030062.0,4000.0,0,-2026062.0,,,,
2515,中工,上市,,,-1976114.0,0,-56951.0,-2033065.0,,,,
2323,中環,上市,,,-2050123.0,0,-15148.0,-2065271.0,,,,
2606,裕民,上市,,,-2044573.0,1000.0,-39153.0,-2082726.0,,,,
8112,至上,上市,,,-2065656.0,-27000.0,-14671.0,-2107327.0,,,,
1802,台玻,上市,,,-2038839.0,0,-80331.0,-2119170.0,,,,
2303,聯電,上市,,,-12782614.0,9537000.0,1096624.0,-2148990.0,,,,
2034,允強,上市,,,-2188221.0,0,28145.0,-2160076.0,,,,
6257,矽格,上市,,,-2126454.0,22000.0,-101123.0,-2205577.0,,,,
2897,王道銀行,上市,,,-2213945.0,0,0,-2213945.0,,,,
00947,台新臺灣IC設計,上市,,,195410.0,0,-2416015.0,-2220605.0,,,,
00662,富邦NASDAQ,上市,,,146778.0,96000.0,-2541183.0,-2298405.0,,,,
5871,中租-KY,上市,,,-2344298.0,-33000.0,23951.0,-2353347.0,,,,
00909,國泰數位支付服務,上市,,,-3164595.0,0,759627.0,-2404968.0,,,,
2308,台達電,上市,,,-2790202.0,379972.0,-3784.0,-2414014.0,,,,
2838,聯邦銀,上市,,,-2488963.0,5000.0,34789.0,-2449174.0,,,,
00646,元大S&P500,上市,,,-56544.0,318000.0,-2710756.0,-2449300.0,,,,
00962,台新AI優息動能,上市,,,-3000.0,0,-2494437.0,-2497437.0,,,,
2845,遠東銀,上市,,,-2588000.0,0,-17076.0,-2605076.0,,,,
1312,國喬,上市,,,-2628569.0,0,-2161.0,-2630730.0,,,,
2542,興富發,上市,,,-2534257.0,-159500.0,52083.0,-2641674.0,,,,
2855,統一證,上市,,,-2641673.0,-600.0,0,-2642273.0,,,,
2890,永豐金,上市,,,-3317110.0,-197000.0,858906.0,-2655204.0,,,,
1809,中釉,上市,,,-2855650.0,0,46956.0,-2808694.0,,,,
2330,台積電,上市,,,-3736382.0,628676.0,117497.0,-2990209.0,,,,
2892,第一金,上市,,,-3536945.0,382000.0,70421.0,-3084524.0,,,,
2603,長榮,上市,,,-3221855.0,-100.0,19322.0,-3202633.0,,,,
2301,光寶科,上市,,,-3230216.0,2000.0,-33673.0,-3261889.0,,,,
2615,萬海,上市,,,-2107812.0,-37000.0,-1210433.0,-3355245.0,,,,
2481,強茂,上市,,,-3192860.0,180000.0,-407473.0,-3420333.0,,,,
00633L,富邦上証正2,上市,,,245000.0,0,-3674666.0,-3429666.0,,,,
2889,國票金,上市,,,-3631000.0,0,41.0,-3630959.0,,,,
6239,力成,上市,,,-3711572.0,27000.0,-52176.0,-3736748.0,,,,
00688L,國泰20年美債正2,上市,,,-1268000.0,0,-2640905.0,-3908905.0,,,,
00708L,期元大S&P黃金正2,上市,,,23300.0,0,-4019533.0,-3996233.0,,,,
2356,英業達,上市,,,-4059310.0,-67000.0,102124.0,-4024186.0,,,,
00992A,主動群益科技創新,上市,,,-2251190.0,0,-1844145.0,-4095335.0,,,,
0052,富邦科技,上市,,,-3287134.0,0,-835219.0,-4122353.0,,,,
1605,華新,上市,,,-3894323.0,4000.0,-276599.0,-4166922.0,,,,
00404A,主動聯博動能50,上市,,,-1864000.0,0,-2603929.0,-4467929.0,,,,
00980A,主動野村臺灣優選,上市,,,-1211960.0,0,-3281855.0,-4493815.0,,,,
00881,國泰台灣科技龍頭,上市,,,-2374385.0,0,-2326883.0,-4701268.0,,,,
00929,復華台灣科技優息,上市,,,-1515243.0,0,-3281717.0,-4796960.0,,,,
2454,聯發科,上市,,,-4669389.0,-59444.0,-85383.0,-4814216.0,,,,
00985B,群益ESG投等債0-5,上市,,,-4145000.0,0,-898090.0,-5043090.0,,,,
2633,台灣高鐵,上市,,,-5166841.0,80000.0,4935.0,-5081906.0,,,,
2605,新興,上市,,,-4703867.0,-200000.0,-330897.0,-5234764.0,,,,
00635U,期元大S&P黃金,上市,,,-97784.0,0,-5431745.0,-5529529.0,,,,
009828,中信台日韓PCB,上市,,,-974200.0,0,-4562911.0,-5537111.0,,,,
00665L,富邦恒生國企正2,上市,,,-149000.0,0,-5453178.0,-5602178.0,,,,
00922,國泰台灣領袖50,上市,,,-490688.0,0,-5195970.0,-5686658.0,,,,
00738U,期元大道瓊白銀,上市,,,19610.0,0,-5779918.0,-5760308.0,,,,
00982A,主動群益台灣強棒,上市,,,-2108956.0,0,-3829091.0,-5938047.0,,,,
2609,陽明,上市,,,-5903084.0,11000.0,-338494.0,-6230578.0,,,,
00935,野村臺灣新科技50,上市,,,-2155002.0,0,-4199800.0,-6354802.0,,,,
00409A,主動復華全球50,上市,,,-9595401.0,0,3104644.0,-6490757.0,,,,
00713,元大台灣高息低波,上市,,,-290455.0,0,-6474114.0,-6764569.0,,,,
2492,華新科,上市,,,-7559673.0,-61000.0,-479791.0,-8100464.0,,,,
2834,臺企銀,上市,,,-8188275.0,9000.0,-4759.0,-8184034.0,,,,
009826,貝萊德世界股票,上市,,,-540150.0,0,-7729258.0,-8269408.0,,,,
00991A,主動復華未來50,上市,,,-9958637.0,0,972417.0,-8986220.0,,,,
00961,FT臺灣永續高息,上市,,,-1224450.0,0,-8115235.0,-9339685.0,,,,
00891,中信關鍵半導體,上市,,,-3989780.0,0,-5642035.0,-9631815.0,,,,
2887,台新新光金,上市,,,-11665083.0,662000.0,966978.0,-10036105.0,,,,
00919,群益台灣精選高息,上市,,,-2514741.0,0,-7949306.0,-10464047.0,,,,
009829,大華韓國KOSPI50,上市,,,8680016.0,0,-19229502.0,-10549486.0,,,,
1314,中石化,上市,,,-10771239.0,0,-62025.0,-10833264.0,,,,
009821,野村稀土關鍵資源,上市,,,-1342000.0,0,-9811161.0,-11153161.0,,,,
2812,台中銀,上市,,,-11633119.0,0,-48146.0,-11681265.0,,,,
00927,群益半導體收益,上市,,,-2990600.0,0,-8720515.0,-11711115.0,,,,
00400A,主動國泰動能高息,上市,,,-6510240.0,0,-6302030.0,-12812270.0,,,,
00753L,中信中國50正2,上市,,,-4187000.0,0,-8738604.0,-12925604.0,,,,
2449,京元電子,上市,,,-12634181.0,1000.0,-548218.0,-13181399.0,,,,
00673R,期元大S&P原油反1,上市,,,-221000.0,0,-13167960.0,-13388960.0,,,,
2324,仁寶,上市,,,-13959215.0,11000.0,217402.0,-13730813.0,,,,
00878,國泰永續高股息,上市,,,98015.0,0,-16790039.0,-16692024.0,,,,
2327,國巨*,上市,,,-15516938.0,-1518584.0,-377894.0,-17413416.0,,,,
00984D,主動聯博全球非投,上市,,,-745000.0,-19000.0,-17934000.0,-18698000.0,,,,
00680L,元大美債20正2,上市,,,-2079000.0,0,-16677716.0,-18756716.0,,,,
00637L,元大滬深300正2,上市,,,731000.0,0,-21141343.0,-20410343.0,,,,
8150,南茂,上市,,,-20626616.0,1000.0,-676573.0,-21302189.0,,,,
00918,大華優利高填息30,上市,,,-1642830.0,0,-24356987.0,-25999817.0,,,,
0056,元大高股息,上市,,,-5088991.0,262000.0,-22594421.0,-27421412.0,,,,
00953B,群益優選非投等債,上市,,,-9549000.0,0,-20427587.0,-29976587.0,,,,
00981A,主動統一台股增長,上市,,,-15437408.0,0,-14918160.0,-30355568.0,,,,
00631L,元大台灣50正2,上市,,,-7480635.0,0,-28000699.0,-35481334.0,,,,
00712,復華富時不動產,上市,,,-11125900.0,0,-52117787.0,-63243687.0,,,,
0050,元大台灣50,上市,,,-68121726.0,2250000.0,-344370.0,-66216096.0,,,,
00685L,群益臺灣加權正2,上市,,,-1017600.0,0,-84152376.0,-85169976.0,,,,
009816,凱基台灣TOP50,上市,,,-10625485.0,0,-78239626.0,-88865111.0,,,,
00406A,主動中信台灣收益,上市,,,-62118011.0,0,-495907126.0,-558025137.0,,,,
00411A,主動統一前沿科技,上櫃,10.33,-1.3371537726838587,-743000.0,0,1079914.0,336914.0,-7675190.0,0.0,11155511.62,3480321.62
006201,元大富櫃50,上櫃,46.0,-0.36820446177171323,0,25000.0,-23264.0,1736.0,0.0,1150000.0,-1070144.0,79856.0
00679B,元大美債20年,上櫃,24.72,-2.2151898734177218,-7253294.0,0,-22583422.0,-29836716.0,-179301427.67999998,0.0,-558262191.84,-737563619.52
00687B,國泰20年美債,上櫃,25.67,-2.3211567732115674,-2276000.0,0,-18186757.0,-20462757.0,-58424920.00000001,0.0,-466854052.19000006,-525278972.19000006
00687C,國泰20年美債+櫃U,上櫃,8.7,-2.2471910112359557,0,0,0,0,0.0,0.0,0.0,0.0
00694B,富邦美債1-3,上櫃,41.58,-0.1440922190201729,55000.0,0,-87845.0,-32845.0,2286900.0,0.0,-3652595.0999999996,-1365695.0999999999
00695B,富邦美債7-10,上櫃,33.63,-0.9133765468473776,42000.0,0,-180562.0,-138562.0,1412460.0,0.0,-6072300.0600000005,-4659840.0600000005
00696B,富邦美債20年,上櫃,26.92,-2.2512708787218587,389000.0,0,-1109400.0,-720400.0,10471880.0,0.0,-29865048.000000004,-19393168.0
00697B,元大美債7-10,上櫃,33.89,-0.7903981264637002,-26000.0,0,-564673.0,-590673.0,-881140.0,0.0,-19136767.97,-20017907.97
00719B,元大美債1-3,上櫃,30.91,-0.12924071082390953,-183970.0,0,-1305770.0,-1489740.0,-5686512.7,0.0,-40361350.7,-46047863.4
00720B,元大投資級公司債,上櫃,30.9,-1.9980970504281639,-1380000.0,0,-4670042.0,-6050042.0,-42642000.0,0.0,-144304297.79999998,-186946297.79999998
00722B,群益投資級電信債,上櫃,33.15,-2.039007092198582,-700000.0,0,-966481.0,-1666481.0,-23205000.0,0.0,-32038845.15,-55243845.15
00723B,群益投資級科技債,上櫃,28.36,-2.206896551724138,-1000.0,0,-22902.0,-23902.0,-28360.0,0.0,-649500.72,-677860.72
00724B,群益投資級金融債,上櫃,31.56,-2.048417132216015,-193000.0,0,-157998.0,-350998.0,-6091080.0,0.0,-4986416.88,-11077496.879999999
00725B,國泰投資級公司債,上櫃,32.93,-1.9648704971717774,-1405000.0,0,-2527025.0,-3932025.0,-46266650.0,0.0,-83214933.25,-129481583.25
00726B,國泰新興投等債,上櫃,31.22,-1.5762925598991173,-79000.0,0,8528.0,-70472.0,-2466380.0,0.0,266244.16,-2200135.84
00727B,國泰優選非投等債,上櫃,38.95,-0.3581478639038117,0,0,-6081.0,-6081.0,0.0,0.0,-236854.95,-236854.95
00734B,台新JPM新興債,上櫃,14.96,-1.772816808929744,-24000.0,0,24333.0,333.0,-359040.0,0.0,364021.68,4981.68
00740B,富邦全球投等債,上櫃,35.95,-1.9634578674665937,-556000.0,0,-78612.0,-634612.0,-19988200.0,0.0,-2826101.4000000004,-22814301.400000002
00741B,富邦全球非投等債,上櫃,36.9,-0.10828370330265295,0,0,-11472.0,-11472.0,0.0,0.0,-423316.8,-423316.8
00746B,富邦A級公司債,上櫃,33.26,-1.8299881936245574,-106000.0,0,83438.0,-22562.0,-3525560.0,0.0,2775147.88,-750412.12
00749B,凱基新興債10+,上櫃,29.86,-2.0019691499835903,-1000.0,0,-1000.0,-2000.0,-29860.0,0.0,-29860.0,-59720.0
00750B,凱基科技債10+,上櫃,30.6,-2.2051773729626074,-1000.0,0,1000.0,0,-30600.0,0.0,30600.0,0.0
00751B,元大AAA至A公司債,上櫃,28.92,-2.165087956698241,-593850.0,0,-9024881.0,-9618731.0,-17174142.0,0.0,-260999558.52,-278173700.52000004
00754B,群益AAA-AA公司債,上櫃,30.32,-2.256608639587363,-4000.0,0,-19470.0,-23470.0,-121280.0,0.0,-590330.4,-711610.4
00755B,群益投資級公用債,上櫃,30.54,-1.8637532133676094,0,0,-37762.0,-37762.0,0.0,0.0,-1153251.48,-1153251.48
00756B,群益投等新興公債,上櫃,29.14,-1.984527413387151,-118000.0,0,61142.0,-56858.0,-3438520.0,0.0,1781677.8800000001,-1656842.12
00758B,復華能源債,上櫃,48.54,-2.0581113801452786,0,0,-164.0,-164.0,0.0,0.0,-7960.5599999999995,-7960.5599999999995
00759B,復華製藥債,上櫃,50.8,-2.213666987487969,0,0,-98.0,-98.0,0.0,0.0,-4978.4,-4978.4
00760B,復華新興企業債,上櫃,50.5,-1.9417475728155338,0,0,-3054.0,-3054.0,0.0,0.0,-154227.0,-154227.0
00761B,國泰A級公司債,上櫃,31.86,-2.0295202952029525,-345000.0,0,226244.0,-118756.0,-10991700.0,0.0,7208133.84,-3783566.16
00764B,群益25年美債,上櫃,25.63,-2.3246951219512195,7000.0,0,-438588.0,-431588.0,179410.0,0.0,-11241010.44,-11061600.44
00768B,復華20年美債,上櫃,45.99,-2.3566878980891723,-45000.0,0,-246151.0,-291151.0,-2069550.0,0.0,-11320484.49,-13390034.49
00772B,中信高評級公司債,上櫃,31.17,-2.1042713567839195,-4933000.0,0,1178364.0,-3754636.0,-153761610.0,0.0,36729605.88,-117032004.12
00773B,中信優先金融債,上櫃,33.31,-2.000588408355399,-893000.0,0,601241.0,-291759.0,-29745830.000000004,0.0,20027337.71,-9718492.290000001
00777B,凱基AAA至A公司債,上櫃,30.09,-2.082655385616661,-1000.0,0,-12000.0,-13000.0,-30090.0,0.0,-361080.0,-391170.0
00778B,凱基金融債20+,上櫃,31.86,-2.14987714987715,0,0,-2000.0,-2000.0,0.0,0.0,-63720.0,-63720.0
00779B,凱基美債25+,上櫃,25.86,-2.30449565545901,-38000.0,0,-13000.0,-51000.0,-982680.0,0.0,-336180.0,-1318860.0
00780B,國泰A級金融債,上櫃,35.31,-1.2031337437045326,0,0,-5171.0,-5171.0,0.0,0.0,-182588.01,-182588.01
00781B,國泰A級科技債,上櫃,25.77,-1.9779383796120198,0,0,-58006.0,-58006.0,0.0,0.0,-1494814.6199999999,-1494814.6199999999
00782B,國泰A級公用債,上櫃,28.42,-1.9323671497584543,8000.0,0,-193046.0,-185046.0,227360.0,0.0,-5486367.32,-5259007.32
00785B,富邦金融投等債,上櫃,32.68,-2.155688622754491,25000.0,0,-26138.0,-1138.0,817000.0,0.0,-854189.84,-37189.84
00786B,元大10年IG銀行債,上櫃,30.7,-1.791426743442099,0,0,-10627.0,-10627.0,0.0,0.0,-326248.89999999997,-326248.89999999997
00787B,元大10年IG醫療債,上櫃,30.27,-2.0388349514563107,-1000.0,0,-25933.0,-26933.0,-30270.0,0.0,-784991.91,-815261.91
00788B,元大10年IG電能債,上櫃,28.1,-2.090592334494773,0,0,-11008.0,-11008.0,0.0,0.0,-309324.8,-309324.8
00789B,復華公司債A3,上櫃,44.41,-2.459916538546014,0,0,-7160.0,-7160.0,0.0,0.0,-317975.6,-317975.6
00791B,復華信用債1-5,上櫃,56.0,-0.7971656333038087,4000.0,0,-8965.0,-4965.0,224000.0,0.0,-502040.0,-278040.0
00792B,群益A級公司債,上櫃,29.16,-2.3115577889447234,0,0,-20668.0,-20668.0,0.0,0.0,-602678.88,-602678.88
00795B,中信美國公債20年,上櫃,24.83,-2.2825659189295555,-1747900.0,0,-2766280.0,-4514180.0,-43400357.0,0.0,-68686732.39999999,-112087089.39999999
00799B,國泰A級醫療債,上櫃,27.55,-1.9921736036997513,-12000.0,0,-237203.0,-249203.0,-330600.0,0.0,-6534942.65,-6865542.65
00834B,第一金金融債10+,上櫃,31.94,-2.2942795962067914,0,0,-2000.0,-2000.0,0.0,0.0,-63880.0,-63880.0
00836B,永豐10年A公司債,上櫃,26.43,-2.6519337016574585,-79000.0,0,50174.0,-28826.0,-2087970.0,0.0,1326098.82,-761871.1799999999
00840B,凱基IG精選15+,上櫃,27.68,-2.0870180403254333,0,0,-1000.0,-1000.0,0.0,0.0,-27680.0,-27680.0
00841B,凱基AAA-AA公司債,上櫃,26.43,-2.328159645232816,-2000.0,0,-2000.0,-4000.0,-52860.0,0.0,-52860.0,-105720.0
00842B,台新美元銀行債,上櫃,28.36,-1.8345448251990308,0,0,-305233.0,-305233.0,0.0,0.0,-8656407.879999999,-8656407.879999999
00844B,台新15年IG金融債,上櫃,29.39,-1.9025367156208277,-6000.0,0,5831.0,-169.0,-176340.0,0.0,171373.09,-4966.91
00845B,富邦新興投等債,上櫃,31.57,-1.4361536059943802,-63000.0,0,60917.0,-2083.0,-1988910.0,0.0,1923149.69,-65760.31
00846B,富邦歐洲銀行債,上櫃,34.07,-1.332174920359108,0,0,-2257.0,-2257.0,0.0,0.0,-76895.99,-76895.99
00847B,中信美國市政債,上櫃,23.52,-1.5899581589958163,0,0,5960.0,5960.0,0.0,0.0,140179.2,140179.2
00848B,中信新興亞洲債,上櫃,32.43,-1.667677380230443,-18000.0,0,16812.0,-1188.0,-583740.0,0.0,545213.16,-38526.84
00849B,中信EM主權債0-5,上櫃,37.12,-0.322234156820623,7000.0,0,-5356.0,1644.0,259839.99999999997,0.0,-198814.71999999997,61025.28
00853B,統一美債10年Aa-A,上櫃,25.53,-2.0713463751438437,-158000.0,0,87282.0,-70718.0,-4033740.0,0.0,2228309.46,-1805430.54
00856B,永豐1-3年美公債,上櫃,37.0,-0.21574973031283715,0,0,-1200.0,-1200.0,0.0,0.0,-44400.0,-44400.0
00857B,永豐20年美公債,上櫃,21.37,-2.241537053979872,-2000.0,0,-552226.0,-554226.0,-42740.0,0.0,-11801069.620000001,-11843809.620000001
00858,永豐美國500大,上櫃,36.0,-0.33222591362126247,-11917.0,0,-15303.0,-27220.0,-429012.0,0.0,-550908.0,-979920.0
00859B,群益0-1年美債,上櫃,40.61,-0.04922471080482402,236500.0,0,-6201.0,230299.0,9604265.0,0.0,-251822.61,9352442.39
00860B,群益1-5Y投資級債,上櫃,37.66,-0.21197668256491786,0,0,-1000.0,-1000.0,0.0,0.0,-37660.0,-37660.0
00862B,中信投資級公司債,上櫃,29.25,-2.2393048128342246,-1007000.0,0,950571.0,-56429.0,-29454750.0,0.0,27804201.75,-1650548.25
00863B,中信全球電信債,上櫃,29.38,-2.2296173044925127,-6000.0,0,-16328.0,-22328.0,-176280.0,0.0,-479716.63999999996,-655996.64
00864B,中信美國公債0-1,上櫃,46.15,-0.043318171973142736,-175000.0,0,-183000.0,-358000.0,-8076250.0,0.0,-8445450.0,-16521700.0
00867B,台新A-BBB電信債,上櫃,28.24,-2.821748107364074,-39000.0,0,21780.0,-17220.0,-1101360.0,0.0,615067.2,-486292.8
00870B,元大15年EM主權債,上櫃,26.22,-2.6726057906458798,-305000.0,0,329858.0,24858.0,-7997100.0,0.0,8648876.76,651776.76
00877,復華中國5G,上櫃,35.31,-6.907461112575798,-146000.0,0,-2304058.0,-2450058.0,-5155260.0,0.0,-81356287.98,-86511547.98
00884B,中信低碳新興債,上櫃,27.62,-2.333804809052334,-1000.0,0,-1106.0,-2106.0,-27620.0,0.0,-30547.72,-58167.72
00886,永豐美國科技,上櫃,49.48,-0.36246476037051956,0,0,-2049.0,-2049.0,0.0,0.0,-101384.51999999999,-101384.51999999999
00887,永豐中國科技50大,上櫃,15.3,-3.7130270610446816,-494000.0,0,507561.0,13561.0,-7558200.0,0.0,7765683.300000001,207483.30000000002
00888,永豐台灣ESG,上櫃,35.85,-0.4166666666666667,-1578629.0,0,-961367.0,-2539996.0,-56593849.650000006,0.0,-34465006.95,-91058856.60000001
00890B,凱基ESG BBB債15+,上櫃,29.94,-2.411994784876141,-8000.0,0,8000.0,0,-239520.0,0.0,239520.0,0.0
00928,中信上櫃ESG 30,上櫃,33.1,-0.6900690069006901,0,0,47735.0,47735.0,0.0,0.0,1580028.5,1580028.5
00931B,統一美債20年,上櫃,12.51,-2.1126760563380285,-524900.0,0,-1485273.0,-2010173.0,-6566499.0,0.0,-18580765.23,-25147264.23
00933B,國泰10Y+金融債,上櫃,14.97,-1.7716535433070866,-772000.0,0,-14197358.0,-14969358.0,-11556840.0,0.0,-212534449.26000002,-224091289.26000002
00937B,群益ESG投等債20+,上櫃,13.8,-2.19702338766832,-34831530.0,0,-27984898.0,-62816428.0,-480675114.0,0.0,-386191592.40000004,-866866706.4000001
00942B,台新美A公司債20+,上櫃,13.21,-2.3651145602365116,-162000.0,0,-105547.0,-267547.0,-2140020.0,0.0,-1394275.87,-3534295.87
00948B,中信優息投資級債,上櫃,8.81,-2.219755826859046,-2898000.0,0,-106559.0,-3004559.0,-25531380.0,0.0,-938784.79,-26470164.790000003
00950B,凱基A級公司債,上櫃,13.14,-2.086438152011923,-128000.0,0,-2232746.0,-2360746.0,-1681920.0,0.0,-29338282.44,-31020202.44
00955,中信日本商社,上櫃,15.77,-1.9278606965174132,-1566980.0,0,103708.0,-1463272.0,-24711274.599999998,0.0,1635475.16,-23075799.439999998
00957B,兆豐US優選投等債,上櫃,12.5,-2.1909233176838816,-13000.0,0,-364152.0,-377152.0,-162500.0,0.0,-4551900.0,-4714400.0
00958B,永豐ESG銀行債15+,上櫃,8.65,-2.0385050962627407,-1055000.0,0,905330.0,-149670.0,-9125750.0,0.0,7831104.5,-1294645.5
00959B,大華投等美債15Y+,上櫃,8.79,-2.115812917594655,-361000.0,0,-1331898.0,-1692898.0,-3173189.9999999995,0.0,-11707383.419999998,-14880573.419999998
00966B,統一ESG投等債15+,上櫃,13.02,-2.2522522522522523,-531000.0,0,641634.0,110634.0,-6913620.0,0.0,8354074.68,1440454.68
00967B,元大優息美債,上櫃,8.52,-1.8433179723502304,8000.0,0,-479581.0,-471581.0,68160.0,0.0,-4086030.1199999996,-4017870.1199999996
00968B,元大優息投等債,上櫃,8.66,-1.9252548131370328,-376000.0,0,-1943074.0,-2319074.0,-3256160.0,0.0,-16827020.84,-20083180.84
00969B,元大零息超長美債,上櫃,7.52,-3.959131545338442,-163000.0,0,-1023577.0,-1186577.0,-1225760.0,0.0,-7697299.039999999,-8923059.04
00970B,台新BBB投等債20+,上櫃,8.74,-2.0179372197309418,-120000.0,0,-764954.0,-884954.0,-1048800.0,0.0,-6685697.96,-7734497.96
009806,台新標普500,上櫃,13.69,-0.363901018922853,1000.0,0,-1125.0,-125.0,13690.0,0.0,-15401.25,-1711.25
009807,台新標普科技精選,上櫃,17.66,-0.8422234699606963,0,0,21049.0,21049.0,0.0,0.0,371725.34,371725.34
00980B,台新特選IG債10+,上櫃,8.86,-1.991150442477876,0,0,-156508.0,-156508.0,0.0,0.0,-1386660.88,-1386660.88
00980D,主動聯博投等入息,上櫃,19.48,-1.2671059300557528,-89000.0,-43000.0,309943.0,177943.0,-1733720.0,-837640.0,6037689.640000001,3466329.64
00980T,平衡凱基美國TOP,上櫃,12.02,-0.0831255195344971,3000.0,0,-9946.0,-6946.0,36060.0,0.0,-119550.92,-83490.92
009814,富邦標普500,上櫃,11.38,-0.26292725679228746,-13000.0,25000.0,-142338.0,-130338.0,-147940.0,284500.0,-1619806.4400000002,-1483246.4400000002
009815,大華美國MAG7+,上櫃,11.89,-0.3352891869237217,80000.0,0,-419969.0,-339969.0,951200.0,0.0,-4993431.41,-4042231.41
00981B,第一金優選非投債,上櫃,8.96,-0.6651884700665187,-7249000.0,0,-2760911.0,-10009911.0,-64951040.00000001,0.0,-24737762.560000002,-89688802.56
00981D,主動中信非投等債,上櫃,10.07,-0.8858267716535433,-135000.0,0,35812.0,-99188.0,-1359450.0,0.0,360626.84,-998823.16
009822,華南永昌未來金融,上櫃,9.46,-4.251012145748987,-5000.0,0,-549068.0,-554068.0,-47300.00000000001,0.0,-5194183.28,-5241483.28
009823,群益S&P500,上櫃,10.43,-0.28680688336520077,-338000.0,0,236639.0,-101361.0,-3525340.0,0.0,2468144.77,-1057195.23
009825,聯邦美國金融創新,上櫃,9.8,-1.2096774193548387,-2000.0,0,-136847.0,-138847.0,-19600.0,0.0,-1341100.6,-1360700.6
00982B,FT投資級債20+,上櫃,9.16,-1.6111707841031147,0,0,-499640.0,-499640.0,0.0,0.0,-4576702.4,-4576702.4
00983B,大華優利美公債20,上櫃,14.49,-2.2267206477732797,-98000.0,0,-104321.0,-202321.0,-1420020.0,0.0,-1511611.29,-2931631.29
00984B,大華優利美A債15,上櫃,15.25,-2.1808851828094933,-843000.0,0,-302257.0,-1145257.0,-12855750.0,0.0,-4609419.25,-17465169.25
00985D,主動貝萊德優投等,上櫃,9.47,-1.865284974093264,-770500.0,0,-1383148.0,-2153648.0,-7296635.000000001,0.0,-13098411.56,-20395046.560000002
00986B,FT金融債10+,上櫃,9.26,-1.0683760683760686,-30000.0,0,-234.0,-30234.0,-277800.0,0.0,-2166.84,-279966.83999999997
00986D,主動復華金融債息,上櫃,13.89,-1.3494318181818181,-285000.0,0,585230.0,300230.0,-3958650.0,0.0,8128844.7,4170194.7
00987B,野村10+澳洲公債,上櫃,15.32,-0.7772020725388601,-139000.0,0,108549.0,-30451.0,-2129480.0,0.0,1662970.68,-466509.32
00987D,主動統一美債量化,上櫃,9.52,-1.9567456230690012,0,0,-813249.0,-813249.0,0.0,0.0,-7742130.4799999995,-7742130.4799999995
00988B,玉山嚴選非投債,上櫃,19.18,-0.673226307612636,-404000.0,0,-129883.0,-533883.0,-7748720.0,0.0,-2491155.94,-10239875.94
00989B,台新美國非投等債,上櫃,9.87,-0.6042296072507553,-504000.0,0,-1940888.0,-2444888.0,-4974480.0,0.0,-19156564.56,-24131044.56
00990B,國泰收益非投等債,上櫃,9.85,-0.30364372469635625,0,0,-518544.0,-518544.0,0.0,0.0,-5107658.399999999,-5107658.399999999
00998A,主動復華金融股息,上櫃,16.65,0.12026458208057728,1177100.0,0,-2345499.0,-1168399.0,19598715.0,0.0,-39052558.349999994,-19453843.349999998
020025,統一亞洲半導體N,上櫃,39.69,-1.5869080089263576,0,0,237000.0,237000.0,0.0,0.0,9406530.0,9406530.0
020041,兆豐半導體氣候N,上櫃,20.82,-0.6205250596658712,0,0,14000.0,14000.0,0.0,0.0,291480.0,291480.0
1240,茂生農經,上櫃,53.8,-2.536231884057971,0,0,-272.0,-272.0,0.0,0.0,-14633.599999999999,-14633.599999999999
1259,安心,上櫃,68.0,0.0,0,0,-4000.0,-4000.0,0.0,0.0,-272000.0,-272000.0
1264,德麥,上櫃,244.0,-0.2044989775051125,1000.0,0,-22.0,978.0,244000.0,0.0,-5368.0,238632.0
1268,漢來美食,上櫃,175.5,0.5730659025787965,9896.0,0,0,9896.0,1736748.0,0.0,0.0,1736748.0
1294,漢田生技,上櫃,50.2,-0.19880715705765406,-3000.0,0,-44.0,-3044.0,-150600.0,0.0,-2208.8,-152808.80000000002
1295,生合,上櫃,47.15,0.10615711252653928,-10000.0,0,0,-10000.0,-471500.0,0.0,0.0,-471500.0
1336,台翰,上櫃,16.8,-1.7543859649122806,-8000.0,0,294.0,-7706.0,-134400.0,0.0,4939.2,-129460.8
1565,精華,上櫃,95.9,0.41884816753926707,-19000.0,0,-3200.0,-22200.0,-1822100.0,0.0,-306880.0,-2128980.0
1569,濱川,上櫃,65.0,0.46367851622874806,-308659.0,0,483.0,-308176.0,-20062835.0,0.0,31395.0,-20031440.0
1570,力肯,上櫃,33.0,0.45662100456621,3000.0,0,-1.0,2999.0,99000.0,0.0,-33.0,98967.0
1580,新麥,上櫃,97.1,0.10309278350515465,3002.0,0,29.0,3031.0,291494.2,0.0,2815.8999999999996,294310.1
1584,精剛,上櫃,18.05,0.2777777777777778,-108094.0,0,-2816.0,-110910.0,-1951096.7000000002,0.0,-50828.8,-2001925.5
1586,和勤,上櫃,18.0,0.0,67000.0,0,-93.0,66907.0,1206000.0,0.0,-1674.0,1204326.0
1591,駿吉-KY,上櫃,41.1,1.7326732673267324,41059.0,0,0,41059.0,1687524.9000000001,0.0,0.0,1687524.9000000001
1593,祺驊,上櫃,31.65,-0.4716981132075472,-3000.0,0,0,-3000.0,-94950.0,0.0,0.0,-94950.0
1595,川寶,上櫃,77.6,0.2583979328165375,-170732.0,0,38317.0,-132415.0,-13248803.2,0.0,2973399.1999999997,-10275404.0
1742,台蠟,上櫃,17.7,1.1428571428571428,0,0,0,0,0.0,0.0,0.0,0.0
1777,生泰,上櫃,74.0,-0.4037685060565276,-1000.0,0,0,-1000.0,-74000.0,0.0,0.0,-74000.0
1780,立弘,上櫃,25.2,2.0242914979757085,-1000.0,0,0,-1000.0,-25200.0,0.0,0.0,-25200.0
1781,合世,上櫃,9.99,-0.5970149253731343,0,0,-20.0,-20.0,0.0,0.0,-199.8,-199.8
1784,訊聯,上櫃,61.3,0.0,-8000.0,0,-757.0,-8757.0,-490400.0,0.0,-46404.1,-536804.1
1785,光洋科,上櫃,98.0,2.296450939457203,945954.0,13000.0,-129276.0,829678.0,92703492.0,1274000.0,-12669048.0,81308444.0
1788,杏昌,上櫃,128.0,0.0,0,0,0,0,0.0,0.0,0.0,0.0
1796,金穎生技,上櫃,28.8,-2.3728813559322033,-1000.0,0,-244.0,-1244.0,-28800.0,0.0,-7027.2,-35827.200000000004
1799,易威,上櫃,28.4,-1.7301038062283738,7000.0,0,0,7000.0,198800.0,0.0,0.0,198800.0
1813,寶利徠,上櫃,11.3,0.0,0,0,0,0,0.0,0.0,0.0,0.0
1815,富喬,上櫃,116.0,0.0,-3001502.0,-5000.0,76236.0,-2930266.0,-348174232.0,-580000.0,8843376.0,-339910856.0
2061,風青,上櫃,59.4,10.0,786431.0,0,16860.0,803291.0,46714001.4,0.0,1001484.0,47715485.4
2063,世鎧,上櫃,23.45,-0.6355932203389831,-6000.0,0,-629.0,-6629.0,-140700.0,0.0,-14750.05,-155450.05
2064,晉椿,上櫃,11.9,0.0,0,0,-2.0,-2.0,0.0,0.0,-23.8,-23.8
2065,世豐,上櫃,35.15,-0.14204545454545456,2000.0,0,0,2000.0,70300.0,0.0,0.0,70300.0
2066,世德,上櫃,52.7,-0.37807183364839314,-4000.0,0,-22.0,-4022.0,-210800.0,0.0,-1159.4,-211959.40000000002
2070,精湛,上櫃,62.8,2.9508196721311477,19981.0,0,316.0,20297.0,1254806.8,0.0,19844.8,1274651.5999999999
2221,大甲,上櫃,180.0,9.75609756097561,66806.0,0,30000.0,96806.0,12025080.0,0.0,5400000.0,17425080.0
2230,泰茂,上櫃,21.75,-3.1180400890868594,-24027.0,0,-108.0,-24135.0,-522587.25,0.0,-2349.0,-524936.25
2596,綠意,上櫃,35.25,-0.5641748942172073,-2810.0,0,0,-2810.0,-99052.5,0.0,0.0,-99052.5
2640,大車隊,上櫃,158.5,0.9554140127388535,695.0,0,-52.0,643.0,110157.5,0.0,-8242.0,101915.5
2641,正德,上櫃,17.3,-1.4245014245014245,-487625.0,0,-2574.0,-490199.0,-8435912.5,0.0,-44530.200000000004,-8480442.700000001
2718,全心投控,上櫃,40.65,-0.3676470588235294,1000.0,856.0,0,1856.0,40650.0,34796.4,0.0,75446.4
2719,燦星旅,上櫃,19.2,-1.7902813299232736,-2000.0,0,0,-2000.0,-38400.0,0.0,0.0,-38400.0
2729,瓦城,上櫃,158.0,0.31746031746031744,-925.0,0,0,-925.0,-146150.0,0.0,0.0,-146150.0
2732,六角,上櫃,64.4,1.8987341772151896,1000.0,0,0,1000.0,64400.00000000001,0.0,0.0,64400.00000000001
2734,易飛網,上櫃,14.4,-0.6896551724137931,-4000.0,0,-229.0,-4229.0,-57600.0,0.0,-3297.6,-60897.6
2736,富野,上櫃,11.35,0.8888888888888888,0,0,0,0,0.0,0.0,0.0,0.0
2743,山富,上櫃,53.3,-1.841620626151013,1000.0,0,-3000.0,-2000.0,53300.0,0.0,-159900.0,-106600.0
2745,五福,上櫃,84.0,-0.7092198581560284,-5950.0,0,232.0,-5718.0,-499800.0,0.0,19488.0,-480312.0
2751,王座,上櫃,52.6,-3.1307550644567215,-1000.0,0,0,-1000.0,-52600.0,0.0,0.0,-52600.0
2752,豆府,上櫃,177.5,-0.2808988764044944,1000.0,0,0,1000.0,177500.0,0.0,0.0,177500.0
2754,亞洲藏壽司,上櫃,68.0,-0.43923865300146414,1000.0,0,-84.0,916.0,68000.0,0.0,-5712.0,62288.0
2755,揚秦,上櫃,99.0,0.303951367781155,0,0,-30.0,-30.0,0.0,0.0,-2970.0,-2970.0
2756,聯發國際,上櫃,62.5,-0.7936507936507936,-1000.0,0,30.0,-970.0,-62500.0,0.0,1875.0,-60625.0
2916,滿心,上櫃,40.55,-0.12315270935960593,1000.0,0,0,1000.0,40550.0,0.0,0.0,40550.0
2926,誠品生活,上櫃,29.55,-1.8272425249169437,1000.0,0,0,1000.0,29550.0,0.0,0.0,29550.0
2938,床的世界,上櫃,18.55,-1.8518518518518514,5000.0,0,0,5000.0,92750.0,0.0,0.0,92750.0
3066,李洲,上櫃,29.5,7.664233576642336,576029.0,0,375.0,576404.0,16992855.5,0.0,11062.5,17003918.0
3071,協禧,上櫃,22.9,-0.43478260869565216,-1000.0,0,-241.0,-1241.0,-22900.0,0.0,-5518.9,-28418.899999999998
3073,天方能源,上櫃,20.6,1.477832512315271,1000.0,0,-520.0,480.0,20600.0,0.0,-10712.0,9888.0
3078,僑威,上櫃,45.65,0.4400440044004401,10000.0,14181.0,19127.0,43308.0,456500.0,647362.65,873147.5499999999,1977010.2
3081,聯亞,上櫃,2650.0,-1.8518518518518516,-48274.0,1834.0,-9014.0,-55454.0,-127926100.0,4860100.0,-23887100.0,-146953100.0
3083,網龍,上櫃,22.7,-0.6564551422319476,1000.0,0,-20.0,980.0,22700.0,0.0,-454.0,22246.0
3086,華義*,上櫃,27.7,-2.1201413427561837,22000.0,0,9.0,22009.0,609400.0,0.0,249.29999999999998,609649.2999999999
3088,艾訊,上櫃,136.0,5.019305019305019,615064.0,0,11032.0,626096.0,83648704.0,0.0,1500352.0,85149056.0
3093,港建*,上櫃,43.9,-2.0089285714285716,116978.0,0,-988.0,115990.0,5135334.2,0.0,-43373.2,5091961.0
3105,穩懋,上櫃,493.0,-1.7928286852589643,-1507103.0,437000.0,-2730.0,-1072833.0,-743001779.0,215441000.0,-1345890.0,-528906669.0
3114,好德,上櫃,35.0,2.18978102189781,-506000.0,0,-4644.0,-510644.0,-17710000.0,0.0,-162540.0,-17872540.0
3115,富榮綱,上櫃,8.6,7.769423558897244,1000.0,0,0,1000.0,8600.0,0.0,0.0,8600.0
3118,進階,上櫃,31.35,1.6207455429497568,1000.0,0,-6.0,994.0,31350.0,0.0,-188.10000000000002,31161.9
3122,笙泉,上櫃,23.5,-2.083333333333333,3000.0,0,-110.0,2890.0,70500.0,0.0,-2585.0,67915.0
3128,昇銳,上櫃,20.35,0.0,-1000.0,0,-104.0,-1104.0,-20350.0,0.0,-2116.4,-22466.4
3131,弘塑,上櫃,2475.0,2.6970954356846475,129553.0,-276.0,7889.0,137166.0,320643675.0,-683100.0,19525275.0,339485850.0
3141,晶宏,上櫃,85.2,1.5494636471990464,-33852.0,0,-54473.0,-88325.0,-2884190.4,0.0,-4641099.600000001,-7525290.0
3147,大綜,上櫃,243.0,0.0,18209.0,0,-15112.0,3097.0,4424787.0,0.0,-3672216.0,752571.0
3152,璟德,上櫃,226.0,-2.375809935205184,-4967.0,0,-185.0,-5152.0,-1122542.0,0.0,-41810.0,-1164352.0
3162,精確,上櫃,80.9,9.918478260869563,919018.0,0,37444.0,956462.0,74348556.2,0.0,3029219.6,77377775.80000001
3163,波若威,上櫃,646.0,-1.0719754977029097,-67093.0,-3000.0,-814.0,-70907.0,-43342078.0,-1938000.0,-525844.0,-45805922.0
3169,亞信,上櫃,115.5,0.8733624454148471,242497.0,0,-1516.0,240981.0,28008403.5,0.0,-175098.0,27833305.5
3171,炎洲流通,上櫃,58.3,-1.1864406779661016,-1000.0,0,1105.0,105.0,-58300.0,0.0,64421.5,6121.5
3176,基亞,上櫃,37.35,-1.0596026490066226,-62992.0,0,-3.0,-62995.0,-2352751.2,0.0,-112.05000000000001,-2352863.25
3178,公準,上櫃,69.4,0.7256894049346879,5000.0,0,230.0,5230.0,347000.0,0.0,15962.000000000002,362962.00000000006
3188,鑫龍騰,上櫃,23.45,-0.2127659574468085,3000.0,0,-153.0,2847.0,70350.0,0.0,-3587.85,66762.15
3205,佰研,上櫃,46.75,-0.42598509052183176,17000.0,0,4.0,17004.0,794750.0,0.0,187.0,794937.0
3206,志豐,上櫃,34.55,-0.14450867052023125,2000.0,0,0,2000.0,69100.0,0.0,0.0,69100.0
3207,耀勝,上櫃,38.25,0.7905138339920948,32000.0,0,2776.0,34776.0,1224000.0,0.0,106182.0,1330182.0
3211,順達,上櫃,386.0,1.9815059445178336,-139930.0,1800.0,138017.0,-113.0,-54012980.0,694800.0,53274562.0,-43618.0
3213,茂訊,上櫃,125.5,0.8032128514056224,78380.0,0,-617.0,77763.0,9836690.0,0.0,-77433.5,9759256.5
3217,優群,上櫃,130.0,0.3861003861003861,41000.0,0,393.0,41393.0,5330000.0,0.0,51090.0,5381090.0
3218,大學光,上櫃,133.5,-0.7434944237918215,-48000.0,0,-450.0,-48450.0,-6408000.0,0.0,-60075.0,-6468075.0
3219,倚強科,上櫃,125.5,9.606986899563319,-169551.0,0,38337.0,-131214.0,-21278650.5,0.0,4811293.5,-16467357.0
3221,台嘉碩,上櫃,50.8,3.462321792260693,985941.0,0,53602.0,1039543.0,50085802.8,0.0,2722981.5999999996,52808784.4
3224,三顧,上櫃,31.0,-2.8213166144200628,18000.0,0,-175.0,17825.0,558000.0,0.0,-5425.0,552575.0
3226,龍鋒,上櫃,60.1,2.735042735042735,7000.0,0,0,7000.0,420700.0,0.0,0.0,420700.0
3227,原相,上櫃,185.5,1.08991825613079,116844.0,20000.0,23725.0,160569.0,21674562.0,3710000.0,4400987.5,29785549.5
3228,金麗科,上櫃,180.0,3.4482758620689653,225580.0,5000.0,-66015.0,164565.0,40604400.0,900000.0,-11882700.0,29621700.0
3230,錦明,上櫃,41.7,3.731343283582089,224500.0,0,-718.0,223782.0,9361650.0,0.0,-29940.600000000002,9331709.4
3232,昱捷,上櫃,20.8,-1.4218009478672986,1000.0,0,0,1000.0,20800.0,0.0,0.0,20800.0
3234,光環,上櫃,174.5,-1.9662921348314606,-339438.0,0,47.0,-339391.0,-59231931.0,0.0,8201.5,-59223729.5
3236,千如,上櫃,44.1,0.5701254275940707,6871.0,0,3651.0,10522.0,303011.10000000003,0.0,161009.1,464020.2
3252,海灣,上櫃,15.45,0.9803921568627451,-1000.0,0,0,-1000.0,-15450.0,0.0,0.0,-15450.0
3260,威剛,上櫃,377.0,-0.26455026455026454,-821204.0,15100.0,45752.0,-760352.0,-309593908.0,5692700.0,17248504.0,-286652704.0
3264,欣銓,上櫃,241.5,-1.8292682926829267,-2582718.0,-706000.0,-131566.0,-3420284.0,-623726397.0,-170499000.0,-31773189.0,-825998586.0
3265,台星科,上櫃,180.5,-1.366120218579235,-230181.0,0,-61785.0,-291966.0,-41547670.5,0.0,-11152192.5,-52699863.0
3268,海德威,上櫃,21.5,7.769423558897244,-20000.0,0,887.0,-19113.0,-430000.0,0.0,19070.5,-410929.5
3272,東碩,上櫃,13.7,-1.792114695340502,25000.0,0,943.0,25943.0,342500.0,0.0,12919.099999999999,355419.1
3276,宇環,上櫃,13.85,0.3623188405797102,3000.0,0,-5.0,2995.0,41550.0,0.0,-69.25,41480.75
3284,太普高,上櫃,19.4,-1.772151898734177,-13000.0,0,32.0,-12968.0,-252199.99999999997,0.0,620.8,-251579.19999999998
3285,微端,上櫃,41.6,0.36188178528347403,-1000.0,0,137.0,-863.0,-41600.0,0.0,5699.2,-35900.8
3287,廣寰科,上櫃,41.2,0.3654080389768574,51000.0,0,-1.0,50999.0,2101200.0,0.0,-41.2,2101158.8000000003
3288,點晶,上櫃,20.9,-0.4761904761904762,1000.0,0,-271.0,729.0,20900.0,0.0,-5663.9,15236.099999999999
3289,宜特,上櫃,139.5,-0.35714285714285715,139729.0,0,-645.0,139084.0,19492195.5,0.0,-89977.5,19402218.0
3290,東浦,上櫃,47.8,3.3513513513513513,98613.0,0,-34750.0,63863.0,4713701.399999999,0.0,-1661050.0,3052651.4
3293,鈊象,上櫃,779.0,2.3653088042049935,1165619.0,0,-25252.0,1140367.0,908017201.0,0.0,-19671308.0,888345893.0
3294,英濟,上櫃,32.9,-2.2288261515601784,-61958.0,0,-408.0,-62366.0,-2038418.2,0.0,-13423.199999999999,-2051841.4
3297,杭特,上櫃,32.85,-4.366812227074235,-14952.0,0,419.0,-14533.0,-491173.2,0.0,13764.150000000001,-477409.05000000005
3303,岱稜,上櫃,48.35,0.3112033195020747,67000.0,0,65.0,67065.0,3239450.0,0.0,3142.75,3242592.75
3306,鼎天,上櫃,47.6,4.271631982475356,65000.0,0,512.0,65512.0,3094000.0,0.0,24371.2,3118371.2
3310,佳穎,上櫃,68.9,0.8784773060029281,-3000.0,0,0,-3000.0,-206700.00000000003,0.0,0.0,-206700.00000000003
3313,斐成,上櫃,10.5,0.0,0,0,22.0,22.0,0.0,0.0,231.0,231.0
3317,尼克森,上櫃,65.4,-4.245973645680819,-1585881.0,0,-29221.0,-1615102.0,-103716617.4,0.0,-1911053.4000000001,-105627670.80000001
3322,建舜電,上櫃,11.1,0.0,23000.0,0,-18.0,22982.0,255300.0,0.0,-199.79999999999998,255100.19999999998
3323,加百裕,上櫃,29.35,5.385996409335727,157001.0,0,890.0,157891.0,4607979.350000001,0.0,26121.5,4634100.850000001
3324,雙鴻,上櫃,1630.0,-4.678362573099415,-709996.0,178419.0,-48707.0,-580284.0,-1157293480.0,290822970.0,-79392410.0,-945862920.0
3325,旭品,上櫃,11.7,-2.0920502092050213,-2000.0,0,0,-2000.0,-23400.0,0.0,0.0,-23400.0
3339,泰谷,上櫃,46.2,-2.11864406779661,20343.0,0,53.0,20396.0,939846.6000000001,0.0,2448.6000000000004,942295.2000000001
3349,寶德,上櫃,19.95,0.2512562814070352,3000.0,0,110.0,3110.0,59850.0,0.0,2194.5,62044.5
3354,律勝,上櫃,29.25,-2.5,-28997.0,0,-270.0,-29267.0,-848162.25,0.0,-7897.5,-856059.75
3357,臺慶科,上櫃,203.0,-1.4563106796116505,-15997.0,0,-19250.0,-35247.0,-3247391.0,0.0,-3907750.0,-7155141.0
3360,尚立,上櫃,15.1,0.3322259136212625,41000.0,0,-40.0,40960.0,619100.0,0.0,-604.0,618496.0
3362,先進光,上櫃,171.0,-1.1560693641618496,83156.0,0,-24032.0,59124.0,14219676.0,0.0,-4109472.0,10110204.0
3363,上詮,上櫃,652.0,0.0,139624.0,0,38.0,139662.0,91034848.0,0.0,24776.0,91059624.0
3372,典範,上櫃,16.3,3.164556962025316,-88258.0,0,8000.0,-80258.0,-1438605.4000000001,0.0,130400.0,-1308205.4000000001
3373,熱映,上櫃,16.05,0.3125,1000.0,0,0,1000.0,16050.0,0.0,0.0,16050.0
3374,精材,上櫃,455.0,1.3363028953229399,219522.0,-2428.0,478723.0,695817.0,99882510.0,-1104740.0,217818965.0,316596735.0
3379,彬台,上櫃,27.3,0.1834862385321101,31000.0,0,-30.0,30970.0,846300.0,0.0,-819.0,845481.0
3388,崇越電,上櫃,81.6,-0.4878048780487805,19000.0,0,-298.0,18702.0,1550400.0,0.0,-24316.8,1526083.2
3390,旭軟,上櫃,22.3,2.059496567505721,1000.0,0,-2574.0,-1574.0,22300.0,0.0,-57400.200000000004,-35100.200000000004
3402,漢科,上櫃,131.0,1.1583011583011582,107839.0,0,7475.0,115314.0,14126909.0,0.0,979225.0,15106134.0
3430,奇鈦科,上櫃,112.5,0.0,-77977.0,0,196.0,-77781.0,-8772412.5,0.0,22050.0,-8750362.5
3434,哲固,上櫃,31.55,-0.15822784810126583,14000.0,0,0,14000.0,441700.0,0.0,0.0,441700.0
3438,類比科,上櫃,61.3,0.3273322422258593,13000.0,0,24.0,13024.0,796900.0,0.0,1471.1999999999998,798371.2
3441,聯一光,上櫃,185.0,2.209944751381215,-99000.0,0,1000.0,-98000.0,-18315000.0,0.0,185000.0,-18130000.0
3444,利機,上櫃,80.6,0.37359900373599003,81004.0,0,755.0,81759.0,6528922.399999999,0.0,60852.99999999999,6589775.399999999
3455,由田,上櫃,267.0,3.488372093023256,146855.0,0,139834.0,286689.0,39210285.0,0.0,37335678.0,76545963.0
3466,德晉,上櫃,23.85,-0.20920502092050208,-15000.0,0,693.0,-14307.0,-357750.0,0.0,16528.05,-341221.95
3467,台灣精材,上櫃,74.6,-8.466257668711657,211.0,0,-15018.0,-14807.0,15740.599999999999,0.0,-1120342.7999999998,-1104602.2
3479,安勤,上櫃,138.5,1.8382352941176472,138062.0,0,-123.0,137939.0,19121587.0,0.0,-17035.5,19104551.5
3483,力致,上櫃,77.5,0.0,32964.0,0,-1015.0,31949.0,2554710.0,0.0,-78662.5,2476047.5
3484,崧騰,上櫃,46.75,1.0810810810810811,15000.0,0,797.0,15797.0,701250.0,0.0,37259.75,738509.75
3485,敘豐,上櫃,201.0,0.5,-1863.0,0,391.0,-1472.0,-374463.0,0.0,78591.0,-295872.0
3489,森寶,上櫃,23.25,2.6490066225165565,52000.0,0,-808.0,51192.0,1209000.0,0.0,-18786.0,1190214.0
3490,單井,上櫃,45.1,0.11098779134295228,30066.0,0,-288.0,29778.0,1355976.6,0.0,-12988.800000000001,1342987.8
3491,昇達科,上櫃,1510.0,-2.8938906752411575,-165737.0,-9863.0,-70102.0,-245702.0,-250262870.0,-14893130.0,-105854020.0,-371010020.0
3498,陽程,上櫃,235.0,9.813084112149532,-573604.0,0,8701.0,-564903.0,-134796940.0,0.0,2044735.0,-132752205.0
3499,環天科,上櫃,13.7,0.0,0,0,65.0,65.0,0.0,0.0,890.5,890.5
3508,位速,上櫃,25.95,-0.9541984732824428,61381.0,0,2000.0,63381.0,1592836.95,0.0,51900.0,1644736.95
3511,矽瑪,上櫃,19.45,0.2577319587628866,23000.0,0,0,23000.0,447350.0,0.0,0.0,447350.0
3512,皇龍,上櫃,19.2,-0.2597402597402597,1000.0,0,0,1000.0,19200.0,0.0,0.0,19200.0
3516,亞帝歐,上櫃,25.0,-0.398406374501992,1000.0,0,18.0,1018.0,25000.0,0.0,450.0,25450.0
3520,華盈,上櫃,17.1,-0.5813953488372092,-76000.0,0,0,-76000.0,-1299600.0,0.0,0.0,-1299600.0
3521,台鋼建設,上櫃,11.75,-0.423728813559322,-2000.0,0,-50.0,-2050.0,-23500.0,0.0,-587.5,-24087.5
3522,御嵿,上櫃,12.55,-0.7905138339920948,7000.0,0,200.0,7200.0,87850.0,0.0,2510.0,90360.0
3526,凡甲,上櫃,270.5,0.1851851851851852,-18657.0,1100.0,-6551.0,-24108.0,-5046718.5,297550.0,-1772045.5,-6521214.0
3527,聚積,上櫃,51.6,1.1764705882352942,17000.0,0,0,17000.0,877200.0,0.0,0.0,877200.0
3529,力旺,上櫃,3305.0,2.321981424148607,-724406.0,242969.0,-13258.0,-494695.0,-2394161830.0,803012545.0,-43817690.0,-1634966975.0
3537,堡達,上櫃,52.6,-1.1278195488721803,0,0,192.0,192.0,0.0,0.0,10099.2,10099.2
3540,曜越,上櫃,22.7,-0.21978021978021978,70083.0,0,0,70083.0,1590884.0999999999,0.0,0.0,1590884.0999999999
3541,西柏,上櫃,24.45,-0.20408163265306123,-1000.0,0,86.0,-914.0,-24450.0,0.0,2102.7,-22347.3
3546,宇峻,上櫃,72.7,-0.5471956224350205,-5691.0,0,-1037.0,-6728.0,-413735.7,0.0,-75389.90000000001,-489125.60000000003
3548,兆利,上櫃,77.1,0.0,33073.0,0,51.0,33124.0,2549928.3,0.0,3932.1,2553860.4
3551,世禾,上櫃,186.5,2.191780821917808,400105.0,0,14031.0,414136.0,74619582.5,0.0,2616781.5,77236364.0
3552,同致,上櫃,43.45,-4.295154185022025,-164000.0,0,-5137.0,-169137.0,-7125800.000000001,0.0,-223202.65000000002,-7349002.65
3555,博士旺,上櫃,168.0,1.2048192771084338,19000.0,0,-13550.0,5450.0,3192000.0,0.0,-2276400.0,915600.0
3556,禾瑞亞,上櫃,57.9,0.6956521739130435,28140.0,0,188.0,28328.0,1629306.0,0.0,10885.199999999999,1640191.2
3558,神準,上櫃,124.5,2.0491803278688523,19001.0,0,13499.0,32500.0,2365624.5,0.0,1680625.5,4046250.0
3564,其陽,上櫃,50.4,1.9211324570273005,96000.0,0,-45744.0,50256.0,4838400.0,0.0,-2305497.6,2532902.4
3567,逸昌,上櫃,25.8,0.78125,0,0,59.0,59.0,0.0,0.0,1522.2,1522.2
3570,大塚,上櫃,167.0,-0.5952380952380952,3322.0,0,0,3322.0,554774.0,0.0,0.0,554774.0
3577,泓格,上櫃,122.0,7.017543859649122,41743.0,0,13196.0,54939.0,5092646.0,0.0,1609912.0,6702558.0
3580,友威科,上櫃,111.0,8.823529411764707,-140812.0,0,-193.0,-141005.0,-15630132.0,0.0,-21423.0,-15651555.0
3581,博磊,上櫃,106.5,2.403846153846154,38439.0,0,-531.0,37908.0,4093753.5,0.0,-56551.5,4037202.0
3587,閎康,上櫃,239.5,0.41928721174004197,7408.0,0,79.0,7487.0,1774216.0,0.0,18920.5,1793136.5
3594,磐儀,上櫃,47.2,1.070663811563169,77000.0,0,-2870.0,74130.0,3634400.0,0.0,-135464.0,3498936.0
3597,映興,上櫃,27.85,0.5415162454873645,-9000.0,0,-119.0,-9119.0,-250650.0,0.0,-3314.15,-253964.15000000002
3609,三一東林,上櫃,23.5,1.9522776572668112,-14000.0,0,-10.0,-14010.0,-329000.0,0.0,-235.0,-329235.0
3611,鼎翰,上櫃,183.0,0.0,6000.0,0,0,6000.0,1098000.0,0.0,0.0,1098000.0
3615,安可,上櫃,41.65,9.894459102902376,657461.0,0,5829.0,663290.0,27383250.65,0.0,242777.85,27626028.5
3623,富晶通,上櫃,29.15,3.0035335689045937,97178.0,0,593.0,97771.0,2832738.6999999997,0.0,17285.95,2850024.65
3624,光頡,上櫃,140.0,0.0,136396.0,-385000.0,-101346.0,-349950.0,19095440.0,-53900000.0,-14188440.0,-48993000.0
3625,西勝,上櫃,11.2,-2.608695652173913,-75000.0,0,0,-75000.0,-840000.0,0.0,0.0,-840000.0
3628,盈正,上櫃,72.9,-1.884253028263795,-1000.0,0,-1.0,-1001.0,-72900.0,0.0,-72.9,-72972.90000000001
3630,新鉅科,上櫃,26.65,-1.2962962962962963,-2511.0,0,-390.0,-2901.0,-66918.15,0.0,-10393.5,-77311.65
3631,晟楠,上櫃,39.95,-0.49813200498132004,-5000.0,0,0,-5000.0,-199750.0,0.0,0.0,-199750.0
3646,艾恩特,上櫃,24.8,0.20202020202020202,-3000.0,0,0,-3000.0,-74400.0,0.0,0.0,-74400.0
3663,鑫科,上櫃,62.4,1.4634146341463417,181000.0,0,-548.0,180452.0,11294400.0,0.0,-34195.2,11260204.799999999
3664,安瑞-KY,上櫃,8.86,0.0,1000.0,0,0,1000.0,8860.0,0.0,0.0,8860.0
3666,光耀,上櫃,25.3,0.3968253968253969,7000.0,0,-1.0,6999.0,177100.0,0.0,-25.3,177074.7
3672,康聯訊,上櫃,12.5,-0.7936507936507938,-6000.0,0,0,-6000.0,-75000.0,0.0,0.0,-75000.0
3675,德微,上櫃,334.0,-0.2985074626865672,-271381.0,70000.0,-98280.0,-299661.0,-90641254.0,23380000.0,-32825520.0,-100086774.0
3680,家登,上櫃,548.0,1.107011070110701,216312.0,-1348.0,34356.0,249320.0,118538976.0,-738704.0,18827088.0,136627360.0
3684,榮昌,上櫃,53.4,0.37593984962406024,-2000.0,0,0,-2000.0,-106800.0,0.0,0.0,-106800.0
3685,元創精密,上櫃,35.2,0.0,53000.0,0,-4.0,52996.0,1865600.0000000002,0.0,-140.8,1865459.2000000002
3687,歐買尬,上櫃,60.3,0.0,5000.0,0,845.0,5845.0,301500.0,0.0,50953.5,352453.5
3689,湧德,上櫃,110.0,-0.4524886877828055,101664.0,0,-257.0,101407.0,11183040.0,0.0,-28270.0,11154770.0
3691,碩禾,上櫃,118.5,-2.066115702479339,-49447.0,0,-4679.0,-54126.0,-5859469.5,0.0,-554461.5,-6413931.0
3693,營邦,上櫃,702.0,-3.7037037037037033,-280560.0,0,-10786.0,-291346.0,-196953120.0,0.0,-7571772.0,-204524892.0
3707,漢磊,上櫃,72.9,0.13736263736263735,-1353274.0,0,6815.0,-1346459.0,-98653674.60000001,0.0,496813.50000000006,-98156861.10000001
3709,鑫聯大投控,上櫃,64.0,1.4263074484944533,55062.0,0,1000.0,56062.0,3523968.0,0.0,64000.0,3587968.0
3710,連展投控,上櫃,8.52,8.951406649616368,15816.0,0,0,15816.0,134752.32,0.0,0.0,134752.32
3713,新晶投控,上櫃,13.9,-0.7142857142857143,-3000.0,0,75.0,-2925.0,-41700.0,0.0,1042.5,-40657.5
3718,中光電投控,上櫃,64.6,-0.7680491551459294,85044.0,0,-18996.0,66048.0,5493842.399999999,0.0,-1227141.5999999999,4266700.8
4102,永日,上櫃,18.35,-0.8108108108108109,0,0,0,0,0.0,0.0,0.0,0.0
4105,東洋,上櫃,78.8,0.6385696040868455,108390.0,8136.0,0,116526.0,8541132.0,641116.7999999999,0.0,9182248.799999999
4107,邦特,上櫃,110.5,0.45454545454545453,0,0,-109.0,-109.0,0.0,0.0,-12044.5,-12044.5
4109,加捷生醫,上櫃,11.05,0.0,9000.0,0,-1.0,8999.0,99450.0,0.0,-11.05,99438.95000000001
4111,濟生,上櫃,28.8,0.34843205574912894,-4000.0,0,0,-4000.0,-115200.0,0.0,0.0,-115200.0
4113,聯上,上櫃,15.55,0.0,-101000.0,0,0,-101000.0,-1570550.0,0.0,0.0,-1570550.0
4114,健喬,上櫃,29.3,-0.3401360544217687,94000.0,0,-708.0,93292.0,2754200.0,0.0,-20744.4,2733455.6
4116,明基醫,上櫃,39.4,0.2544529262086514,-1000.0,0,-650.0,-1650.0,-39400.0,0.0,-25610.0,-65010.0
4120,友華,上櫃,46.1,0.21739130434782608,-1000.0,0,0,-1000.0,-46100.0,0.0,0.0,-46100.0
4121,優盛,上櫃,12.75,-0.390625,-1000.0,0,0,-1000.0,-12750.0,0.0,0.0,-12750.0
4123,晟德,上櫃,31.0,0.16155088852988692,430336.0,0,-25021.0,405315.0,13340416.0,0.0,-775651.0,12564765.0
4126,太醫,上櫃,77.9,0.12853470437017994,-4000.0,0,72.0,-3928.0,-311600.0,0.0,5608.8,-305991.2
4127,天良,上櫃,47.5,-2.464065708418891,52000.0,0,-11728.0,40272.0,2470000.0,0.0,-557080.0,1912920.0
4128,中天,上櫃,15.0,1.01010101010101,248000.0,0,-1907.0,246093.0,3720000.0,0.0,-28605.0,3691395.0
4129,聯合,上櫃,82.9,0.7290400972053462,11000.0,0,0,11000.0,911900.0000000001,0.0,0.0,911900.0000000001
4131,浩泰,上櫃,31.95,-0.15625,6000.0,0,0,6000.0,191700.0,0.0,0.0,191700.0
4138,曜亞,上櫃,55.1,-2.131438721136767,-13000.0,0,0,-13000.0,-716300.0,0.0,0.0,-716300.0
4139,馬光-KY,上櫃,41.65,0.24067388688327318,6000.0,0,0,6000.0,249900.0,0.0,0.0,249900.0
4147,中裕,上櫃,63.0,1.4492753623188406,268107.0,0,816.0,268923.0,16890741.0,0.0,51408.0,16942149.0
4153,鈺緯,上櫃,31.5,-0.31645569620253167,1000.0,0,62.0,1062.0,31500.0,0.0,1953.0,33453.0
4157,太景*-KY,上櫃,8.68,-1.92090395480226,-303714.0,0,54.0,-303660.0,-2636237.52,0.0,468.71999999999997,-2635768.8
4160,訊聯基因,上櫃,39.05,-1.0139416983523448,2000.0,0,-394.0,1606.0,78100.0,0.0,-15385.699999999999,62714.299999999996
4161,聿新科,上櫃,22.05,-0.8988764044943821,0,0,0,0,0.0,0.0,0.0,0.0
4162,智擎,上櫃,55.4,-0.18018018018018017,-33000.0,0,-568.0,-33568.0,-1828200.0,0.0,-31467.2,-1859667.2
4163,鐿鈦,上櫃,135.0,0.7462686567164178,4000.0,0,-854.0,3146.0,540000.0,0.0,-115290.0,424710.0
4166,友霖,上櫃,23.85,-0.625,-3000.0,0,0,-3000.0,-71550.0,0.0,0.0,-71550.0
4167,松瑞藥,上櫃,19.55,0.7731958762886596,311687.0,0,15395.0,327082.0,6093480.850000001,0.0,300972.25,6394453.100000001
4168,醣聯,上櫃,21.7,-1.1389521640091116,-6000.0,0,-2.0,-6002.0,-130200.0,0.0,-43.4,-130243.4
4171,瑞基,上櫃,16.5,1.5384615384615385,2000.0,0,-1.0,1999.0,33000.0,0.0,-16.5,32983.5
4173,久裕,上櫃,17.1,0.0,-5000.0,0,-536.0,-5536.0,-85500.0,0.0,-9165.6,-94665.6
4174,浩鼎,上櫃,35.65,9.861325115562405,258003.0,0,25521.0,283524.0,9197806.95,0.0,909823.6499999999,10107630.6
4175,杏一,上櫃,50.5,-0.9803921568627451,1000.0,0,0,1000.0,50500.0,0.0,0.0,50500.0
4188,安克,上櫃,13.9,-2.1126760563380276,15000.0,0,130.0,15130.0,208500.0,0.0,1807.0,210307.0
4205,中華食,上櫃,68.5,0.0,1000.0,0,303.0,1303.0,68500.0,0.0,20755.5,89255.5
4207,環泰,上櫃,19.45,-0.5115089514066496,-32000.0,0,0,-32000.0,-622400.0,0.0,0.0,-622400.0
4303,信立,上櫃,33.4,-1.9089574155653453,35600.0,0,13517.0,49117.0,1189040.0,0.0,451467.8,1640507.8
4304,勝昱,上櫃,17.7,-1.6666666666666667,-12000.0,0,0,-12000.0,-212400.0,0.0,0.0,-212400.0
4305,世坤,上櫃,41.75,-0.47675804529201427,-1000.0,0,0,-1000.0,-41750.0,0.0,0.0,-41750.0
4401,東隆興,上櫃,13.85,1.465201465201465,-2000.0,0,-1.0,-2001.0,-27700.0,0.0,-13.85,-27713.85
4402,郡都開發,上櫃,14.15,0.3546099290780142,1000.0,0,-1004.0,-4.0,14150.0,0.0,-14206.6,-56.6
4406,新昕纖,上櫃,10.25,0.0,-5000.0,0,0,-5000.0,-51250.0,0.0,0.0,-51250.0
4413,飛寶企業,上櫃,20.5,-3.0732860520094567,3000.0,0,0,3000.0,61500.0,0.0,0.0,61500.0
4416,三圓,上櫃,13.75,0.3649635036496351,183000.0,0,9000.0,192000.0,2516250.0,0.0,123750.0,2640000.0
4417,金洲,上櫃,49.65,-0.30120481927710846,-13000.0,0,-19.0,-13019.0,-645450.0,0.0,-943.35,-646393.35
4419,皇家美食,上櫃,49.0,4.25531914893617,1000.0,0,0,1000.0,49000.0,0.0,0.0,49000.0
4420,光明,上櫃,35.8,0.0,-2000.0,804.0,0,-1196.0,-71600.0,28783.199999999997,0.0,-42816.799999999996
4430,耀億,上櫃,17.8,2.8901734104046244,-3000.0,0,0,-3000.0,-53400.0,0.0,0.0,-53400.0
4432,銘旺實,上櫃,15.4,-0.6451612903225806,1000.0,0,-32.0,968.0,15400.0,0.0,-492.8,14907.2
4433,興采,上櫃,18.05,-1.366120218579235,-2000.0,0,-128.0,-2128.0,-36100.0,0.0,-2310.4,-38410.4
4442,竣邦-KY,上櫃,53.2,-1.4814814814814816,0,0,0,0,0.0,0.0,0.0,0.0
4502,健信,上櫃,15.7,0.0,1000.0,0,-15.0,985.0,15700.0,0.0,-235.5,15464.5
4503,金雨,上櫃,24.0,-0.4149377593360996,9000.0,0,-183.0,8817.0,216000.0,0.0,-4392.0,211608.0
4506,崇友,上櫃,118.0,-0.42194092827004215,-10460.0,0,-198.0,-10658.0,-1234280.0,0.0,-23364.0,-1257644.0
4510,高鋒,上櫃,43.05,-0.11600928074245942,89000.0,0,1239.0,90239.0,3831449.9999999995,0.0,53338.95,3884788.9499999997
4513,福裕,上櫃,16.3,-0.911854103343465,56000.0,0,2000.0,58000.0,912800.0,0.0,32600.0,945400.0
4523,永彰,上櫃,23.85,1.059322033898305,-4000.0,0,-815.0,-4815.0,-95400.0,0.0,-19437.75,-114837.75
4527,方土霖,上櫃,40.9,0.12239902080783355,0,0,-67.0,-67.0,0.0,0.0,-2740.2999999999997,-2740.2999999999997
4528,江興鍛,上櫃,14.85,-0.6688963210702342,-1000.0,0,-89.0,-1089.0,-14850.0,0.0,-1321.6499999999999,-16171.65
4530,天意能創,上櫃,24.2,0.41493775933609967,-2000.0,0,0,-2000.0,-48400.0,0.0,0.0,-48400.0
4533,協易機,上櫃,25.5,1.3916500994035785,28001.0,0,-13653.0,14348.0,714025.5,0.0,-348151.5,365874.0
4534,慶騰,上櫃,31.3,-0.9493670886075948,-26896.0,0,-1.0,-26897.0,-841844.8,0.0,-31.3,-841876.1
4538,大詠城,上櫃,17.55,0.2857142857142857,3000.0,0,0,3000.0,52650.0,0.0,0.0,52650.0
4541,晟田,上櫃,59.3,0.0,85000.0,0,-1000.0,84000.0,5040500.0,0.0,-59300.0,4981200.0
4542,科嶠,上櫃,339.0,3.353658536585366,30000.0,0,4000.0,34000.0,10170000.0,0.0,1356000.0,11526000.0
4543,萬在,上櫃,28.5,0.1757469244288225,-5050.0,0,-336.0,-5386.0,-143925.0,0.0,-9576.0,-153501.0
4549,桓達,上櫃,96.2,-0.9268795056642637,7000.0,0,-372.0,6628.0,673400.0,0.0,-35786.4,637613.6
4550,長佳,上櫃,24.15,0.625,-1000.0,0,0,-1000.0,-24150.0,0.0,0.0,-24150.0
4554,橙的,上櫃,28.05,-0.7079646017699116,-250.0,0,136.0,-114.0,-7012.5,0.0,3814.8,-3197.7000000000003
4556,旭然,上櫃,92.4,0.3257328990228013,-42000.0,0,117.0,-41883.0,-3880800.0000000005,0.0,10810.800000000001,-3869989.2
4558,寶緯,上櫃,16.9,-1.1695906432748542,-1000.0,0,0,-1000.0,-16900.0,0.0,0.0,-16900.0
4561,健椿,上櫃,41.9,-0.9456264775413713,0,0,250.0,250.0,0.0,0.0,10475.0,10475.0
4563,百德,上櫃,51.4,0.3906250000000001,1324.0,0,594.0,1918.0,68053.59999999999,0.0,30531.6,98585.2
4568,科際精密,上櫃,39.05,-0.38265306122448983,-1000.0,0,0,-1000.0,-39050.0,0.0,0.0,-39050.0
4577,達航科技,上櫃,84.0,0.23866348448687352,32000.0,0,302.0,32302.0,2688000.0,0.0,25368.0,2713368.0
4580,捷流閥業,上櫃,81.0,0.24752475247524752,-9000.0,0,872.0,-8128.0,-729000.0,0.0,70632.0,-658368.0
4702,中美實,上櫃,9.32,-0.21413276231263384,-8000.0,0,-204.0,-8204.0,-74560.0,0.0,-1901.28,-76461.28
4706,大恭,上櫃,33.85,-0.4411764705882353,-1000.0,0,0,-1000.0,-33850.0,0.0,0.0,-33850.0
4707,磐亞,上櫃,29.65,-1.1666666666666665,-210458.0,0,-38260.0,-248718.0,-6240079.699999999,0.0,-1134409.0,-7374488.699999999
4711,永純,上櫃,16.2,-0.9174311926605505,-8000.0,0,-251.0,-8251.0,-129600.0,0.0,-4066.2,-133666.19999999998
4714,永捷,上櫃,11.8,-0.8403361344537815,-56965.0,0,496.0,-56469.0,-672187.0,0.0,5852.8,-666334.2000000001
4716,大立,上櫃,16.9,-0.8797653958944283,59999.0,0,0,59999.0,1013983.0999999999,0.0,0.0,1013983.0999999999
4721,美琪瑪,上櫃,79.8,3.10077519379845,-34935.0,0,5730.0,-29205.0,-2787813.0,0.0,457254.0,-2330559.0
4726,永昕,上櫃,22.65,1.342281879194631,8000.0,0,-600.0,7400.0,181200.0,0.0,-13590.0,167610.0
4728,雙美,上櫃,399.5,1.139240506329114,-1000.0,0,0,-1000.0,-399500.0,0.0,0.0,-399500.0
4729,熒茂,上櫃,18.8,0.0,15000.0,0,-30.0,14970.0,282000.0,0.0,-564.0,281436.0
4735,豪展,上櫃,36.2,1.1173184357541899,22000.0,0,-121.0,21879.0,796400.0000000001,0.0,-4380.200000000001,792019.8
4741,泓瀚,上櫃,40.05,5.9523809523809526,4000.0,0,-9998.0,-5998.0,160200.0,0.0,-400419.89999999997,-240219.9
4743,合一,上櫃,45.7,2.1229050279329607,277136.0,0,-15603.0,261533.0,12665115.200000001,0.0,-713057.1000000001,11952058.100000001
4744,皇將,上櫃,28.65,2.1390374331550803,-9000.0,0,0,-9000.0,-257850.0,0.0,0.0,-257850.0
4745,合富-KY,上櫃,12.1,1.2552301255230125,18000.0,0,-42.0,17958.0,217800.0,0.0,-508.2,217291.8
4747,強生*,上櫃,23.6,-0.8403361344537815,-3000.0,0,482.0,-2518.0,-70800.0,0.0,11375.2,-59424.8
4749,新應材,上櫃,764.0,4.945054945054945,64651.0,-1207.0,49097.0,112541.0,49393364.0,-922148.0,37510108.0,85981324.0
4754,國碳科,上櫃,37.7,-0.26455026455026454,-1000.0,0,0,-1000.0,-37700.0,0.0,0.0,-37700.0
4760,勤凱,上櫃,260.0,-3.165735567970205,-46000.0,0,-84048.0,-130048.0,-11960000.0,0.0,-21852480.0,-33812480.0
4767,誠泰科技,上櫃,28.3,1.7985611510791366,3000.0,0,2000.0,5000.0,84900.0,0.0,56600.0,141500.0
4768,晶呈科技,上櫃,357.5,10.0,-44371.0,0,51975.0,7604.0,-15862632.5,0.0,18581062.5,2718430.0
4772,台特化,上櫃,271.0,9.054325955734406,277680.0,0,132696.0,410376.0,75251280.0,0.0,35960616.0,111211896.0
4903,聯光通,上櫃,42.8,-0.46511627906976744,-191068.0,0,0,-191068.0,-8177710.399999999,0.0,0.0,-8177710.399999999
4905,台聯電,上櫃,76.7,-1.1597938144329896,-1000.0,0,-9.0,-1009.0,-76700.0,0.0,-690.3000000000001,-77390.3
4907,富宇,上櫃,45.25,0.0,-5000.0,0,0,-5000.0,-226250.0,0.0,0.0,-226250.0
4908,前鼎,上櫃,205.5,-2.142857142857143,-26579.0,0,-15525.0,-42104.0,-5461984.5,0.0,-3190387.5,-8652372.0
4909,新復興,上櫃,35.8,4.221251819505095,-39000.0,0,498.0,-38502.0,-1396200.0,0.0,17828.399999999998,-1378371.5999999999
4911,德英,上櫃,28.45,-1.3864818024263432,0,0,0,0,0.0,0.0,0.0,0.0
4923,力士,上櫃,61.2,-4.375,116116.0,0,1221.0,117337.0,7106299.2,0.0,74725.2,7181024.4
4924,欣厚-KY,上櫃,15.0,-6.832298136645963,-63793.0,0,-117.0,-63910.0,-956895.0,0.0,-1755.0,-958650.0
4931,新盛力,上櫃,246.0,1.8633540372670807,173390.0,0,21404.0,194794.0,42653940.0,0.0,5265384.0,47919324.0
4933,友輝,上櫃,53.4,0.1876172607879925,5000.0,0,-1000.0,4000.0,267000.0,0.0,-53400.0,213600.0
4939,亞電,上櫃,75.3,2.170963364993216,-254220.0,0,32348.0,-221872.0,-19142766.0,0.0,2435804.4,-16706961.6
4946,辣椒,上櫃,102.0,4.081632653061225,2000.0,0,-466.0,1534.0,204000.0,0.0,-47532.0,156468.0
4950,金耘國際,上櫃,15.55,-1.2698412698412698,-1000.0,0,0,-1000.0,-15550.0,0.0,0.0,-15550.0
4951,精拓科,上櫃,90.2,2.2675736961451247,8198.0,0,-4956.0,3242.0,739459.6,0.0,-447031.2,292428.4
4953,緯致,上櫃,116.5,-0.851063829787234,-10975.0,0,-579.0,-11554.0,-1278587.5,0.0,-67453.5,-1346041.0
4966,譜瑞-KY,上櫃,569.0,-0.5244755244755245,30028.0,0,-335.0,29693.0,17085932.0,0.0,-190615.0,16895317.0
4971,IET-KY,上櫃,540.0,-2.1739130434782608,-66675.0,0,619.0,-66056.0,-36004500.0,0.0,334260.0,-35670240.0
4972,湯石照明,上櫃,16.35,0.0,-1000.0,0,713.0,-287.0,-16350.000000000002,0.0,11657.550000000001,-4692.450000000001
4973,廣穎,上櫃,135.0,0.7462686567164178,49070.0,0,-649.0,48421.0,6624450.0,0.0,-87615.0,6536835.0
4974,亞泰,上櫃,70.6,0.14184397163120568,16000.0,0,41.0,16041.0,1129600.0,0.0,2894.6,1132494.5999999999
4979,華星光,上櫃,567.0,0.7104795737122558,-56000.0,0,125314.0,69314.0,-31752000.0,0.0,71053038.0,39301038.0
4991,環宇-KY,上櫃,474.5,2.373247033441208,463598.0,170000.0,-33939.0,599659.0,219977251.0,80665000.0,-16104055.5,284538195.5
4995,晶達,上櫃,50.1,0.6024096385542168,-1000.0,0,1000.0,0,-50100.0,0.0,50100.0,0.0
5009,榮剛,上櫃,32.6,1.875,24710.0,0,31013.0,55723.0,805546.0,0.0,1011023.8,1816569.8
5011,久陽,上櫃,18.75,2.459016393442623,32000.0,0,0,32000.0,600000.0,0.0,0.0,600000.0
5013,強新,上櫃,35.25,9.984399375975041,52000.0,0,4266.0,56266.0,1833000.0,0.0,150376.5,1983376.5
5014,建錩,上櫃,10.2,2.926337033299697,64000.0,0,141.0,64141.0,652800.0,0.0,1438.1999999999998,654238.2
5015,華祺,上櫃,21.35,-0.6976744186046512,0,0,0,0,0.0,0.0,0.0,0.0
5201,凱衛,上櫃,29.55,0.8532423208191127,-5000.0,0,-609.0,-5609.0,-147750.0,0.0,-17995.95,-165745.95
5202,力新,上櫃,14.25,-2.3972602739726026,25425.0,0,38.0,25463.0,362306.25,0.0,541.5,362847.75
5206,坤悅,上櫃,22.75,-0.437636761487965,-40360.0,0,0,-40360.0,-918190.0,0.0,0.0,-918190.0
5209,新鼎,上櫃,166.5,0.0,-24610.0,476.0,-8000.0,-32134.0,-4097565.0,79254.0,-1332000.0,-5350311.0
5210,寶碩,上櫃,30.25,1.001669449081803,91001.0,0,0,91001.0,2752780.25,0.0,0.0,2752780.25
5211,蒙恬,上櫃,20.2,0.49751243781094534,-1000.0,0,-135.0,-1135.0,-20200.0,0.0,-2727.0,-22927.0
5212,凌網,上櫃,48.9,1.875,-2000.0,0,0,-2000.0,-97800.0,0.0,0.0,-97800.0
5213,亞昕,上櫃,20.8,0.0,12000.0,0,-1000.0,11000.0,249600.0,0.0,-20800.0,228800.0
5220,萬達光電,上櫃,22.0,10.0,18000.0,0,0,18000.0,396000.0,0.0,0.0,396000.0
5223,安力-KY,上櫃,23.0,1.545253863134658,1000.0,0,-2.0,998.0,23000.0,0.0,-46.0,22954.0
5227,立凱-KY,上櫃,30.65,1.8272425249169437,9722.0,0,227.0,9949.0,297979.3,0.0,6957.549999999999,304936.85
5228,鈺鎧,上櫃,39.35,-1.0062893081761008,-5000.0,0,325.0,-4675.0,-196750.0,0.0,12788.75,-183961.25
5230,雷笛克光學,上櫃,22.15,-4.935622317596567,-199955.0,0,-235.0,-200190.0,-4429003.25,0.0,-5205.25,-4434208.5
5245,智晶,上櫃,20.6,-1.9047619047619049,3000.0,0,-26000.0,-23000.0,61800.00000000001,0.0,-535600.0,-473800.00000000006
5251,天鉞電,上櫃,30.0,-1.800327332242226,34000.0,0,9.0,34009.0,1020000.0,0.0,270.0,1020270.0
5263,智崴,上櫃,89.6,-0.5549389567147615,-30000.0,0,-1992.0,-31992.0,-2688000.0,0.0,-178483.19999999998,-2866483.1999999997
5272,笙科,上櫃,17.15,-0.29069767441860467,5000.0,0,-86.0,4914.0,85750.0,0.0,-1474.8999999999999,84275.09999999999
5274,信驊,上櫃,19395.0,-2.218300983110663,-17578.0,13979.0,1195.0,-2404.0,-340925310.0,271122705.0,23177025.0,-46625580.0
5278,尚凡*,上櫃,23.9,1.702127659574468,7000.0,0,120.0,7120.0,167300.0,0.0,2868.0,170168.0
5287,數字,上櫃,137.5,0.36496350364963503,-19827.0,1245.0,600.0,-17982.0,-2726212.5,171187.5,82500.0,-2472525.0
5289,宜鼎,上櫃,1280.0,-1.9157088122605364,-35857.0,2497.0,-1467.0,-34827.0,-45896960.0,3196160.0,-1877760.0,-44578560.0
5291,邑昇,上櫃,58.8,2.6178010471204187,71000.0,0,-1630.0,69370.0,4174800.0,0.0,-95844.0,4078956.0
5299,杰力,上櫃,100.0,-1.477832512315271,35160.0,0,357.0,35517.0,3516000.0,0.0,35700.0,3551700.0
5301,寶得利,上櫃,4.99,0.6048387096774194,1000.0,0,0,1000.0,4990.0,0.0,0.0,4990.0
5302,太欣,上櫃,9.72,-0.8163265306122448,5000.0,0,0,5000.0,48600.0,0.0,0.0,48600.0
5309,系統電,上櫃,59.1,9.851301115241634,2545437.0,0,234020.0,2779457.0,150435326.70000002,0.0,13830582.0,164265908.70000002
5310,天剛,上櫃,29.0,3.7567084078711988,-900.0,0,2339.0,1439.0,-26100.0,0.0,67831.0,41731.0
5312,寶島科,上櫃,89.9,-0.6629834254143646,1000.0,0,0,1000.0,89900.0,0.0,0.0,89900.0
5314,世紀*,上櫃,27.45,3.977272727272728,-145083.0,0,372000.0,226917.0,-3982528.35,0.0,10211400.0,6228871.649999999
5315,光聯,上櫃,18.7,-0.7957559681697612,-8000.0,0,0,-8000.0,-149600.0,0.0,0.0,-149600.0
5321,美而快,上櫃,67.5,-3.1563845050215207,-45650.0,0,-328.0,-45978.0,-3081375.0,0.0,-22140.0,-3103515.0
5324,士開,上櫃,12.4,-0.4016064257028112,-6000.0,0,0,-6000.0,-74400.0,0.0,0.0,-74400.0
5328,華容,上櫃,52.3,-0.38095238095238093,25210.0,0,-17667.0,7543.0,1318483.0,0.0,-923984.1,394498.89999999997
5340,建榮,上櫃,80.5,-0.984009840098401,109150.0,0,-45188.0,63962.0,8786575.0,0.0,-3637634.0,5148941.0
5344,立衛,上櫃,13.35,-1.8382352941176472,-3000.0,0,-360.0,-3360.0,-40050.0,0.0,-4806.0,-44856.0
5345,馥鴻,上櫃,22.0,1.6166281755196306,-2000.0,0,-900.0,-2900.0,-44000.0,0.0,-19800.0,-63800.0
5347,世界,上櫃,178.5,4.69208211143695,3573522.0,76000.0,538979.0,4188501.0,637873677.0,13566000.0,96207751.5,747647428.5
5351,鈺創,上櫃,109.5,1.3888888888888888,936990.0,70000.0,26398.0,1033388.0,102600405.0,7665000.0,2890581.0,113155986.0
5353,台林,上櫃,28.45,1.0657193605683837,1000.0,0,0,1000.0,28450.0,0.0,0.0,28450.0
5355,佳總,上櫃,7.0,2.9411764705882355,17000.0,0,0,17000.0,119000.0,0.0,0.0,119000.0
5356,協益,上櫃,25.5,-1.3539651837524176,4000.0,0,-120.0,3880.0,102000.0,0.0,-3060.0,98940.0
5364,力麗店,上櫃,8.35,0.24009603841536614,-2000.0,0,0,-2000.0,-16700.0,0.0,0.0,-16700.0
5381,光譜,上櫃,23.2,-0.21505376344086022,78810.0,0,0,78810.0,1828392.0,0.0,0.0,1828392.0
5386,青雲,上櫃,285.0,0.0,21460.0,0,-3806.0,17654.0,6116100.0,0.0,-1084710.0,5031390.0
5392,能率,上櫃,39.4,0.12706480304955528,-87000.0,0,-1603.0,-88603.0,-3427800.0,0.0,-63158.2,-3490958.1999999997
5398,慕康生醫,上櫃,13.9,0.0,-3000.0,0,-193.0,-3193.0,-41700.0,0.0,-2682.7000000000003,-44382.700000000004
5403,中菲,上櫃,92.9,-0.10752688172043011,-6000.0,0,0,-6000.0,-557400.0,0.0,0.0,-557400.0
5410,國眾,上櫃,33.2,0.6060606060606061,19000.0,0,-23.0,18977.0,630800.0,0.0,-763.6,630036.4
5425,台半,上櫃,95.8,1.3756613756613756,2292742.0,0,22238.0,2314980.0,219644683.6,0.0,2130400.4,221775084.0
5426,振發,上櫃,27.8,-0.35842293906810035,101063.0,0,377.0,101440.0,2809551.4,0.0,10480.6,2820032.0
5432,新門,上櫃,160.5,-4.179104477611941,-16908.0,0,-10178.0,-27086.0,-2713734.0,0.0,-1633569.0,-4347303.0
5438,東友,上櫃,17.0,-0.5847953216374269,-1000.0,0,-300.0,-1300.0,-17000.0,0.0,-5100.0,-22100.0
5439,高技,上櫃,253.0,0.0,45378.0,0,-14769.0,30609.0,11480634.0,0.0,-3736557.0,7744077.0
5443,均豪,上櫃,109.5,2.336448598130841,695477.0,0,11890.0,707367.0,76154731.5,0.0,1301955.0,77456686.5
5450,南良,上櫃,14.75,-0.6734006734006734,-2000.0,0,-1009.0,-3009.0,-29500.0,0.0,-14882.75,-44382.75
5452,佶優,上櫃,27.15,-1.2727272727272725,22878.0,0,0,22878.0,621137.7,0.0,0.0,621137.7
5457,宣德,上櫃,23.5,-1.4675052410901466,-256017.0,0,996.0,-255021.0,-6016399.5,0.0,23406.0,-5992993.5
5460,同協,上櫃,16.9,0.2967359050445104,1000.0,0,0,1000.0,16900.0,0.0,0.0,16900.0
5464,霖宏,上櫃,90.0,1.2373453318335208,199000.0,0,2873.0,201873.0,17910000.0,0.0,258570.0,18168570.0
5465,富驊,上櫃,34.7,1.461988304093567,-310790.0,0,6629.0,-304161.0,-10784413.0,0.0,230026.30000000002,-10554386.700000001
5468,凱鈺,上櫃,25.55,4.0733197556008145,56000.0,0,273.0,56273.0,1430800.0,0.0,6975.150000000001,1437775.1500000001
5474,聰泰,上櫃,158.0,-1.8633540372670807,25000.0,0,-7421.0,17579.0,3950000.0,0.0,-1172518.0,2777482.0
5475,德宏,上櫃,180.5,-0.2762430939226519,-83789.0,0,-355.0,-84144.0,-15123914.5,0.0,-64077.5,-15187992.0
5478,智冠,上櫃,97.0,0.0,-8000.0,0,1765.0,-6235.0,-776000.0,0.0,171205.0,-604795.0
5481,新華,上櫃,22.0,0.45662100456621013,6000.0,0,0,6000.0,132000.0,0.0,0.0,132000.0
5483,中美晶,上櫃,189.0,0.2652519893899204,3757573.0,-13000.0,103017.0,3847590.0,710181297.0,-2457000.0,19470213.0,727194510.0
5487,通泰,上櫃,28.5,-1.21317157712305,-4000.0,0,-130.0,-4130.0,-114000.0,0.0,-3705.0,-117705.0
5488,松普,上櫃,11.75,-0.8438818565400845,4000.0,0,-1.0,3999.0,47000.0,0.0,-11.75,46988.25
5489,彩富,上櫃,42.2,-4.090909090909091,-11000.0,0,145.0,-10855.0,-464200.00000000006,0.0,6119.0,-458081.00000000006
5490,同亨,上櫃,25.45,0.0,19947.0,0,-302.0,19645.0,507651.14999999997,0.0,-7685.9,499965.25
5493,三聯,上櫃,90.6,-2.370689655172414,-46934.0,0,390.0,-46544.0,-4252220.399999999,0.0,35334.0,-4216886.399999999
5498,凱崴,上櫃,49.85,-0.499001996007984,-51487.0,0,-2807.0,-54294.0,-2566626.95,0.0,-139928.95,-2706555.9
5508,永信建,上櫃,53.0,-0.37593984962406013,-59000.0,0,-828.0,-59828.0,-3127000.0,0.0,-43884.0,-3170884.0
5511,德昌,上櫃,69.7,-0.5706134094151212,34377.0,0,155.0,34532.0,2396076.9,0.0,10803.5,2406880.4
5512,力麒,上櫃,7.7,-0.12970168612191957,177000.0,0,-66.0,176934.0,1362900.0,0.0,-508.2,1362391.8
5529,鉅陞,上櫃,26.5,0.9523809523809524,8000.0,0,0,8000.0,212000.0,0.0,0.0,212000.0
5530,龍巖,上櫃,48.75,-0.2047082906857728,2120.0,0,0,2120.0,103350.0,0.0,0.0,103350.0
5536,聖暉*,上櫃,902.0,0.0,-116217.0,12500.0,-3720.0,-107437.0,-104827734.0,11275000.0,-3355440.0,-96908174.0
5543,桓鼎-KY,上櫃,26.95,-0.1851851851851852,2959.0,0,245.0,3204.0,79745.05,0.0,6602.75,86347.8
5547,久舜,上櫃,20.0,0.5025125628140704,-1000.0,0,0,-1000.0,-20000.0,0.0,0.0,-20000.0
5548,安倉,上櫃,20.2,0.0,1000.0,0,27.0,1027.0,20200.0,0.0,545.4,20745.399999999998
5603,陸海,上櫃,13.4,-1.107011070110701,-5000.0,0,-166.0,-5166.0,-67000.0,0.0,-2224.4,-69224.40000000001
5604,中連,上櫃,30.95,-0.8012820512820514,0,0,0,0,0.0,0.0,0.0,0.0
5609,中菲行,上櫃,78.2,-0.5089058524173028,-49000.0,0,0,-49000.0,-3831800.0,0.0,0.0,-3831800.0
5701,劍湖山,上櫃,4.07,-1.9277108433734937,8000.0,0,0,8000.0,32560.000000000004,0.0,0.0,32560.000000000004
5704,老爺知,上櫃,22.5,-0.4424778761061947,-1000.0,0,0,-1000.0,-22500.0,0.0,0.0,-22500.0
5864,致和證,上櫃,36.9,0.27173913043478265,-318518.0,0,0,-318518.0,-11753314.2,0.0,0.0,-11753314.2
5902,德記,上櫃,34.2,-0.14598540145985403,1000.0,0,0,1000.0,34200.0,0.0,0.0,34200.0
5903,全家,上櫃,186.5,-0.267379679144385,4000.0,0,1000.0,5000.0,746000.0,0.0,186500.0,932500.0
5904,寶雅*,上櫃,68.8,-0.7215007215007215,-831176.0,192800.0,8932.0,-629444.0,-57184908.8,13264640.0,614521.6,-43305747.199999996
5905,南仁湖,上櫃,7.4,1.9283746556473829,-38000.0,0,263.0,-37737.0,-281200.0,0.0,1946.2,-279253.8
6015,宏遠證,上櫃,17.4,-1.1363636363636365,-174871.0,0,0,-174871.0,-3042755.4,0.0,0.0,-3042755.4
6016,康和證,上櫃,23.5,-0.423728813559322,118010.0,0,0,118010.0,2773235.0,0.0,0.0,2773235.0
6021,美好證,上櫃,41.1,-1.6746411483253585,-109031.0,0,0,-109031.0,-4481174.100000001,0.0,0.0,-4481174.100000001
6023,元大期,上櫃,86.0,-0.4629629629629629,158951.0,0,-15000.0,143951.0,13669786.0,0.0,-1290000.0,12379786.0
6026,福邦證,上櫃,15.9,0.3154574132492114,-85868.0,13304.0,0,-72564.0,-1365301.2,211533.6,0.0,-1153767.6
6028,公勝保經,上櫃,98.8,-0.4032258064516129,1000.0,0,0,1000.0,98800.0,0.0,0.0,98800.0
6101,寬魚國際,上櫃,37.25,-1.8445322793148877,-9000.0,0,-1000.0,-10000.0,-335250.0,0.0,-37250.0,-372500.0
6103,合邦,上櫃,41.8,2.2004889975550124,-2500.0,0,0,-2500.0,-104500.0,0.0,0.0,-104500.0
6104,創惟,上櫃,91.0,1.1111111111111112,113000.0,10000.0,160.0,123160.0,10283000.0,910000.0,14560.0,11207560.0
6109,亞元,上櫃,10.35,-0.9569377990430623,-4000.0,0,393.0,-3607.0,-41400.0,0.0,4067.5499999999997,-37332.45
6111,光聚晶電,上櫃,37.8,2.0242914979757085,-29000.0,0,444.0,-28556.0,-1096200.0,0.0,16783.199999999997,-1079416.7999999998
6113,亞矽,上櫃,22.15,-0.22522522522522523,-2000.0,0,0,-2000.0,-44300.0,0.0,0.0,-44300.0
6114,久威,上櫃,23.25,-0.2145922746781116,-3000.0,0,0,-3000.0,-69750.0,0.0,0.0,-69750.0
6118,建達,上櫃,15.95,-0.3125,-33000.0,0,-107.0,-33107.0,-526350.0,0.0,-1706.6499999999999,-528056.65
6121,新普,上櫃,379.5,0.9308510638297872,37405.0,1800.0,3012.0,42217.0,14195197.5,683100.0,1143054.0,16021351.5
6122,擎邦,上櫃,59.7,2.5773195876288657,210669.0,2794.0,6748.0,220211.0,12576939.3,166801.80000000002,402855.60000000003,13146596.700000001
6123,上奇,上櫃,43.2,0.8168028004667445,5000.0,0,828.0,5828.0,216000.0,0.0,35769.600000000006,251769.6
6125,廣運,上櫃,49.25,1.337448559670782,41501.0,0,1204.0,42705.0,2043924.25,0.0,59297.0,2103221.25
6126,信音,上櫃,30.8,0.32573289902280134,30647.0,0,-28.0,30619.0,943927.6,0.0,-862.4,943065.2000000001
6127,九豪,上櫃,51.0,6.6945606694560675,1376075.0,0,-17679.0,1358396.0,70179825.0,0.0,-901629.0,69278196.0
6129,普誠,上櫃,14.65,-0.6779661016949153,-19960.0,0,-483.0,-20443.0,-292414.0,0.0,-7075.95,-299489.95
6130,上亞科技,上櫃,23.8,1.7094017094017093,19000.0,0,0,19000.0,452200.0,0.0,0.0,452200.0
6134,萬旭,上櫃,29.25,0.17123287671232879,18100.0,0,-3399.0,14701.0,529425.0,0.0,-99420.75,430004.25
6138,茂達,上櫃,278.5,-0.17921146953405018,140340.0,9000.0,-2350.0,146990.0,39084690.0,2506500.0,-654475.0,40936715.0
6140,訊達,上櫃,20.75,-2.1226415094339623,-18598.0,0,-148.0,-18746.0,-385908.5,0.0,-3071.0,-388979.5
6143,振曜,上櫃,81.0,-0.6134969325153374,-52000.0,0,-455.0,-52455.0,-4212000.0,0.0,-36855.0,-4248855.0
6144,得利影,上櫃,12.55,0.0,-1000.0,0,0,-1000.0,-12550.0,0.0,0.0,-12550.0
6146,耕興,上櫃,180.0,-0.5524861878453038,48000.0,-1000.0,-65.0,46935.0,8640000.0,-180000.0,-11700.0,8448300.0
6147,頎邦,上櫃,208.5,-2.3419203747072603,-1155021.0,-288000.0,-27786.0,-1470807.0,-240821878.5,-60048000.0,-5793381.0,-306663259.5
6148,驊宏資,上櫃,38.5,-1.7857142857142856,-7532.0,0,98.0,-7434.0,-289982.0,0.0,3773.0,-286209.0
6150,撼訊,上櫃,62.1,1.9704433497536946,32414.0,0,21624.0,54038.0,2012909.4000000001,0.0,1342850.4000000001,3355759.8000000003
6151,晉倫,上櫃,34.75,-0.7142857142857143,-1000.0,0,511.0,-489.0,-34750.0,0.0,17757.25,-16992.75
6154,順發,上櫃,14.15,-0.35211267605633806,6000.0,0,0,6000.0,84900.0,0.0,0.0,84900.0
6156,松上,上櫃,21.65,3.0952380952380953,21181.0,0,-1066.0,20115.0,458568.64999999997,0.0,-23078.899999999998,435489.75
6158,禾昌,上櫃,17.25,-0.5763688760806917,0,0,0,0,0.0,0.0,0.0,0.0
6160,欣技,上櫃,13.9,0.0,-15000.0,0,-177.0,-15177.0,-208500.0,0.0,-2460.3,-210960.30000000002
6161,捷波,上櫃,49.0,-0.3051881993896236,16000.0,0,1000.0,17000.0,784000.0,0.0,49000.0,833000.0
6163,華電網,上櫃,41.5,0.24154589371980678,-54285.0,0,-3941.0,-58226.0,-2252827.5,0.0,-163551.5,-2416379.0
6167,久正,上櫃,10.2,-1.4492753623188406,-26000.0,0,-781.0,-26781.0,-265200.0,0.0,-7966.2,-273166.19999999995
6169,昱泉,上櫃,12.0,-0.8264462809917356,0,0,711.0,711.0,0.0,0.0,8532.0,8532.0
6170,統振,上櫃,48.8,0.8264462809917356,29000.0,0,-797.0,28203.0,1415200.0,0.0,-38893.6,1376306.4
6171,大城地產,上櫃,26.6,0.7575757575757576,-7000.0,0,0,-7000.0,-186200.0,0.0,0.0,-186200.0
6173,信昌電,上櫃,297.5,-2.936378466557912,28623.0,0,-22022.0,6601.0,8515342.5,0.0,-6551545.0,1963797.5
6174,安碁,上櫃,45.05,0.22246941045606233,93128.0,0,2778.0,95906.0,4195416.399999999,0.0,125148.9,4320565.3
6175,立敦,上櫃,69.2,-0.7173601147776184,-11920.0,0,4000.0,-7920.0,-824864.0,0.0,276800.0,-548064.0
6179,亞通,上櫃,37.45,2.322404371584699,1040105.0,0,-62030.0,978075.0,38951932.25,0.0,-2323023.5,36628908.75
6180,橘子,上櫃,41.1,1.231527093596059,114215.0,0,0,114215.0,4694236.5,0.0,0.0,4694236.5
6182,合晶,上櫃,121.0,0.4149377593360996,-13818776.0,0,-516732.0,-14335508.0,-1672071896.0,0.0,-62524572.0,-1734596468.0
6185,幃翔,上櫃,12.35,-0.8032128514056226,-12000.0,0,-269.0,-12269.0,-148200.0,0.0,-3322.15,-151522.15
6186,新潤,上櫃,29.0,0.0,29500.0,0,-1008.0,28492.0,855500.0,0.0,-29232.0,826268.0
6187,萬潤,上櫃,1310.0,9.623430962343097,699054.0,-81845.0,7566.0,624775.0,915760740.0,-107216950.0,9911460.0,818455250.0
6188,廣明,上櫃,61.6,-0.6451612903225806,-55277.0,0,-3658.0,-58935.0,-3405063.2,0.0,-225332.80000000002,-3630396.0
6190,萬泰科,上櫃,69.3,1.0204081632653061,259093.0,0,-9469.0,249624.0,17955144.9,0.0,-656201.7,17298943.2
6194,育富,上櫃,29.6,-3.109656301145663,11000.0,0,0,11000.0,325600.0,0.0,0.0,325600.0
6195,詩肯,上櫃,28.3,0.7117437722419928,0,0,25.0,25.0,0.0,0.0,707.5,707.5
6199,天品,上櫃,126.0,1.6129032258064515,-205470.0,0,31099.0,-174371.0,-25889220.0,0.0,3918474.0,-21970746.0
6203,海韻電,上櫃,59.9,0.5033557046979865,22000.0,0,0,22000.0,1317800.0,0.0,0.0,1317800.0
6204,艾華,上櫃,103.0,-4.186046511627907,-59658.0,0,57.0,-59601.0,-6144774.0,0.0,5871.0,-6138903.0
6207,雷科,上櫃,137.5,10.0,-486031.0,0,-1696.0,-487727.0,-66829262.5,0.0,-233200.0,-67062462.5
6208,日揚,上櫃,74.6,0.4037685060565276,29980.0,0,705.0,30685.0,2236508.0,0.0,52592.99999999999,2289101.0
6210,慶生,上櫃,17.75,-0.2808988764044944,-5000.0,0,0,-5000.0,-88750.0,0.0,0.0,-88750.0
6217,中探針,上櫃,173.0,1.7647058823529411,215992.0,0,78.0,216070.0,37366616.0,0.0,13494.0,37380110.0
6218,豪勉,上櫃,63.2,-0.628930817610063,-65000.0,0,0,-65000.0,-4108000.0,0.0,0.0,-4108000.0
6219,富旺,上櫃,12.15,0.8298755186721992,-2000.0,0,28.0,-1972.0,-24300.0,0.0,340.2,-23959.8
6220,岳豐,上櫃,25.25,0.0,-20000.0,0,50.0,-19950.0,-505000.0,0.0,1262.5,-503737.5
6221,晉泰,上櫃,32.85,2.018633540372671,21000.0,0,0,21000.0,689850.0,0.0,0.0,689850.0
6222,立軒,上櫃,18.8,2.1739130434782608,-1000.0,0,0,-1000.0,-18800.0,0.0,0.0,-18800.0
6223,旺矽,上櫃,5185.0,-4.247460757156047,194322.0,-398335.0,14777.0,-189236.0,1007559570.0,-2065366975.0,76618745.0,-981188660.0
6227,茂綸,上櫃,136.0,0.36900369003690037,84175.0,0,22887.0,107062.0,11447800.0,0.0,3112632.0,14560432.0
6228,全譜,上櫃,19.8,5.882352941176471,-2000.0,0,164.0,-1836.0,-39600.0,0.0,3247.2000000000003,-36352.8
6229,研通,上櫃,24.0,1.2658227848101267,4000.0,0,-215.0,3785.0,96000.0,0.0,-5160.0,90840.0
6231,系微,上櫃,241.0,2.553191489361702,-16034.0,0,2469.0,-13565.0,-3864194.0,0.0,595029.0,-3269165.0
6233,旺玖,上櫃,21.8,2.107728337236534,35000.0,0,-1.0,34999.0,763000.0,0.0,-21.8,762978.2000000001
6234,高僑,上櫃,38.9,2.7741083223249667,169262.0,0,11.0,169273.0,6584291.8,0.0,427.9,6584719.7
6237,驊訊,上櫃,36.2,-2.1621621621621623,-61000.0,0,-350.0,-61350.0,-2208200.0,0.0,-12670.000000000002,-2220870.0
6240,松崗,上櫃,25.5,-2.6717557251908395,-4000.0,0,226.0,-3774.0,-102000.0,0.0,5763.0,-96237.0
6241,鑫永洋,上櫃,15.55,0.6472491909385114,14000.0,0,-360.0,13640.0,217700.0,0.0,-5598.0,212102.0
6244,茂迪,上櫃,23.5,-0.21231422505307856,486571.0,0,41064.0,527635.0,11434418.5,0.0,965004.0,12399422.5
6245,立端,上櫃,88.7,3.5005834305717616,510343.0,0,9709.0,520052.0,45267424.1,0.0,861188.3,46128612.4
6246,臺龍,上櫃,12.9,0.78125,-2000.0,0,0,-2000.0,-25800.0,0.0,0.0,-25800.0
6248,沛波,上櫃,16.85,0.2976190476190476,7000.0,0,-21.0,6979.0,117950.00000000001,0.0,-353.85,117596.15000000001
6259,百徽,上櫃,29.3,0.5145797598627787,39000.0,0,-755.0,38245.0,1142700.0,0.0,-22121.5,1120578.5
6261,久元,上櫃,78.4,0.12771392081736907,18966.0,0,-272.0,18694.0,1486934.4000000001,0.0,-21324.800000000003,1465609.6
6263,普萊德,上櫃,155.5,-0.9554140127388535,18080.0,0,-695.0,17385.0,2811440.0,0.0,-108072.5,2703367.5
6264,富裔,上櫃,6.01,0.0,0,0,367.0,367.0,0.0,0.0,2205.67,2205.67
6265,方土昶,上櫃,47.8,-1.3415892672858618,-56000.0,0,-19806.0,-75806.0,-2676800.0,0.0,-946726.7999999999,-3623526.8
6266,泰詠,上櫃,24.85,-0.2008032128514056,14000.0,0,-416.0,13584.0,347900.0,0.0,-10337.6,337562.4
6270,倍微,上櫃,30.25,1.851851851851852,89722.0,0,188.0,89910.0,2714090.5,0.0,5687.0,2719777.5
6274,台燿,上櫃,1485.0,-0.6688963210702341,-156404.0,-312000.0,19732.0,-448672.0,-232259940.0,-463320000.0,29302020.0,-666277920.0
6275,元山,上櫃,46.55,1.4161220043572986,71000.0,0,189.0,71189.0,3305050.0,0.0,8797.949999999999,3313847.9499999997
6276,安鈦克,上櫃,19.45,-1.0178117048346056,1000.0,0,-102.0,898.0,19450.0,0.0,-1983.8999999999999,17466.1
6279,胡連,上櫃,111.5,-0.8888888888888888,-1602.0,0,1781.0,179.0,-178623.0,0.0,198581.5,19958.5
6284,佳邦,上櫃,77.0,3.633916554508749,195925.0,0,1007.0,196932.0,15086225.0,0.0,77539.0,15163764.0
6290,良維,上櫃,269.5,-1.6423357664233578,-13833.0,0,-79206.0,-93039.0,-3727993.5,0.0,-21346017.0,-25074010.5
6291,沛亨,上櫃,499.0,3.0991735537190084,-8020.0,10000.0,30777.0,32757.0,-4001980.0,4990000.0,15357723.0,16345743.0
6292,迅德,上櫃,66.8,-0.2985074626865672,51992.0,0,0,51992.0,3473065.5999999996,0.0,0.0,3473065.5999999996
6294,智基,上櫃,28.25,-0.8771929824561403,1000.0,0,0,1000.0,28250.0,0.0,0.0,28250.0
6411,晶焱,上櫃,77.5,-0.7682458386683739,19352.0,0,132.0,19484.0,1499780.0,0.0,10230.0,1510010.0
6417,韋僑,上櫃,102.0,0.0,2000.0,0,0,2000.0,204000.0,0.0,0.0,204000.0
6418,詠昇,上櫃,34.6,0.1447178002894356,-2000.0,0,156.0,-1844.0,-69200.0,0.0,5397.6,-63802.4
6419,京晨科,上櫃,152.0,2.013422818791946,26155.0,0,166.0,26321.0,3975560.0,0.0,25232.0,4000792.0
6423,億而得,上櫃,85.9,-1.0368663594470044,6000.0,0,0,6000.0,515400.00000000006,0.0,0.0,515400.00000000006
6425,易發,上櫃,74.0,4.078762306610408,163226.0,0,19896.0,183122.0,12078724.0,0.0,1472304.0,13551028.0
6432,今展科,上櫃,59.5,-1.490066225165563,-970.0,0,-65.0,-1035.0,-57715.0,0.0,-3867.5,-61582.5
6435,大中,上櫃,252.5,-0.39447731755424065,5169.0,0,-5572.0,-403.0,1305172.5,0.0,-1406930.0,-101757.5
6441,廣錠,上櫃,24.75,-0.6024096385542169,-23950.0,0,1566.0,-22384.0,-592762.5,0.0,38758.5,-554004.0
6461,益得,上櫃,24.3,2.1008403361344534,1000.0,0,223.0,1223.0,24300.0,0.0,5418.900000000001,29718.9
6462,神盾,上櫃,103.0,3.3099297893681037,300020.0,30000.0,5853.0,335873.0,30902060.0,3090000.0,602859.0,34594919.0
6465,威潤,上櫃,41.45,-0.4801920768307323,22000.0,0,154.0,22154.0,911900.0000000001,0.0,6383.3,918283.3
6469,大樹,上櫃,64.5,0.46728971962616817,108667.0,0,217.0,108884.0,7009021.5,0.0,13996.5,7023018.0
6470,宇智,上櫃,42.7,-0.6976744186046512,5000.0,0,-53.0,4947.0,213500.0,0.0,-2263.1000000000004,211236.90000000002
6474,華豫寧,上櫃,35.5,-0.1406469760900141,2000.0,0,0,2000.0,71000.0,0.0,0.0,71000.0
6485,點序,上櫃,70.0,-0.14265335235378035,-32300.0,0,51.0,-32249.0,-2261000.0,0.0,3570.0,-2257430.0
6486,互動,上櫃,80.6,0.0,20039.0,0,311.0,20350.0,1615143.4,0.0,25066.6,1640210.0
6488,環球晶,上櫃,945.0,-0.31645569620253167,-758654.0,-45400.0,52920.0,-751134.0,-716928030.0,-42903000.0,50009400.0,-709821630.0
6492,生華科,上櫃,34.15,-0.14619883040935677,-1500.0,0,0,-1500.0,-51225.0,0.0,0.0,-51225.0
6494,九齊,上櫃,50.8,-0.9746588693957117,15000.0,0,921.0,15921.0,762000.0,0.0,46786.799999999996,808786.7999999999
6498,久禾光,上櫃,67.5,1.0479041916167664,0,0,0,0,0.0,0.0,0.0,0.0
6499,益安,上櫃,74.5,1.915184678522572,72111.0,0,0,72111.0,5372269.5,0.0,0.0,5372269.5
6506,雙邦,上櫃,18.5,-0.5376344086021505,-1000.0,0,-900.0,-1900.0,-18500.0,0.0,-16650.0,-35150.0
6508,惠光,上櫃,27.0,-1.279707495429616,-3000.0,0,473.0,-2527.0,-81000.0,0.0,12771.0,-68229.0
6509,聚和,上櫃,48.15,1.2618296529968454,180134.0,0,-6050.0,174084.0,8673452.1,0.0,-291307.5,8382144.6
6510,精測,上櫃,3140.0,-5.13595166163142,59595.0,-71242.0,-11008.0,-22655.0,187128300.0,-223699880.0,-34565120.0,-71136700.0
6512,啟發電,上櫃,20.25,0.0,0,0,-281.0,-281.0,0.0,0.0,-5690.25,-5690.25
6516,勤崴國際,上櫃,56.2,-1.4035087719298245,2000.0,0,28.0,2028.0,112400.0,0.0,1573.6000000000001,113973.6
6517,保勝光學,上櫃,62.8,-0.4754358161648178,10000.0,0,-75.0,9925.0,628000.0,0.0,-4710.0,623290.0
6523,達爾膚,上櫃,90.4,0.8928571428571428,8000.0,0,0,8000.0,723200.0,0.0,0.0,723200.0
6527,明達醫,上櫃,75.0,0.0,-1000.0,0,0,-1000.0,-75000.0,0.0,0.0,-75000.0
6530,創威,上櫃,99.5,-0.5,-21705.0,0,-91.0,-21796.0,-2159647.5,0.0,-9054.5,-2168702.0
6532,瑞耘,上櫃,108.0,9.644670050761421,753000.0,0,-158.0,752842.0,81324000.0,0.0,-17064.0,81306936.0
6535,順藥,上櫃,80.7,0.2484472049689441,18992.0,-40000.0,-770.0,-21778.0,1532654.4000000001,-3228000.0,-62139.0,-1757484.6
6538,倉和,上櫃,358.5,-9.924623115577889,64489.0,0,39914.0,104403.0,23119306.5,0.0,14309169.0,37428475.5
6546,正基,上櫃,58.6,-0.3401360544217687,104120.0,0,-370.0,103750.0,6101432.0,0.0,-21682.0,6079750.0
6547,高端疫苗,上櫃,60.9,1.839464882943144,739616.0,0,-95024.0,644592.0,45042614.4,0.0,-5786961.6,39255652.8
6548,長科*,上櫃,71.8,0.7012622720897617,310000.0,-6000.0,15414.0,319414.0,22258000.0,-430800.0,1106725.2,22933925.2
6556,勝品,上櫃,61.9,0.487012987012987,1000.0,0,0,1000.0,61900.0,0.0,0.0,61900.0
6560,欣普羅,上櫃,32.4,-0.7656967840735069,-7000.0,0,1.0,-6999.0,-226800.0,0.0,32.4,-226767.59999999998
6561,是方,上櫃,308.5,0.16233766233766234,-17000.0,-5900.0,11793.0,-11107.0,-5244500.0,-1820150.0,3638140.5,-3426509.5
6568,宏觀,上櫃,144.0,0.6993006993006993,-5792.0,0,-11243.0,-17035.0,-834048.0,0.0,-1618992.0,-2453040.0
6569,醫揚,上櫃,92.0,-0.3250270855904659,5000.0,0,0,5000.0,460000.0,0.0,0.0,460000.0
6570,維田,上櫃,47.75,2.3579849946409435,-17000.0,0,52.0,-16948.0,-811750.0,0.0,2483.0,-809267.0
6574,霈方,上櫃,119.5,0.8438818565400843,-7000.0,0,237.0,-6763.0,-836500.0,0.0,28321.5,-808178.5
6576,逸達,上櫃,79.7,-0.6234413965087281,-64000.0,0,-172.0,-64172.0,-5100800.0,0.0,-13708.4,-5114508.4
6577,勁豐,上櫃,79.4,-0.5012531328320802,0,491.0,0,491.0,0.0,38985.4,0.0,38985.4
6578,達邦蛋白,上櫃,16.55,-0.6006006006006006,-2000.0,0,0,-2000.0,-33100.0,0.0,0.0,-33100.0
6584,南俊國際,上櫃,543.0,-0.1838235294117647,-37996.0,0,-598.0,-38594.0,-20631828.0,0.0,-324714.0,-20956542.0
6588,東典光電,上櫃,107.5,-4.017857142857143,106219.0,0,245.0,106464.0,11418542.5,0.0,26337.5,11444880.0
6590,普鴻,上櫃,66.2,-1.0463378176382658,1000.0,0,0,1000.0,66200.0,0.0,0.0,66200.0
6593,台灣銘板,上櫃,32.25,0.6240249609984401,5000.0,0,0,5000.0,161250.0,0.0,0.0,161250.0
6596,寬宏藝術,上櫃,96.9,0.10330578512396695,21858.0,0,19.0,21877.0,2118040.2,0.0,1841.1000000000001,2119881.3000000003
6597,立誠,上櫃,68.5,-0.2911208151382824,-1000.0,0,0,-1000.0,-68500.0,0.0,0.0,-68500.0
6603,富強鑫,上櫃,29.25,7.142857142857142,140602.0,0,14943.0,155545.0,4112608.5,0.0,437082.75,4549691.25
6609,瀧澤科,上櫃,39.6,-0.5025125628140703,-8000.0,0,258.0,-7742.0,-316800.0,0.0,10216.800000000001,-306583.2
6612,奈米醫材,上櫃,71.8,-0.13908205841446455,2451.0,0,-884.0,1567.0,175981.8,0.0,-63471.2,112510.59999999999
6613,朋億*,上櫃,270.0,-0.18484288354898337,38083.0,0,0,38083.0,10282410.0,0.0,0.0,10282410.0
6615,慧智,上櫃,33.4,-1.7647058823529411,1000.0,0,0,1000.0,33400.0,0.0,0.0,33400.0
6617,共信-KY,上櫃,133.0,-2.9197080291970803,-24000.0,0,570.0,-23430.0,-3192000.0,0.0,75810.0,-3116190.0
6620,漢達,上櫃,136.0,9.67741935483871,-126298.0,0,101005.0,-25293.0,-17176528.0,0.0,13736680.0,-3439848.0
6624,萬年清,上櫃,39.2,-0.12738853503184716,-2000.0,0,0,-2000.0,-78400.0,0.0,0.0,-78400.0
6629,泰金-KY,上櫃,103.5,0.48543689320388345,0,0,548.0,548.0,0.0,0.0,56718.0,56718.0
6637,醫影,上櫃,54.1,-0.5514705882352942,-2000.0,0,-347.0,-2347.0,-108200.0,0.0,-18772.7,-126972.7
6640,均華,上櫃,1040.0,2.9702970297029703,99000.0,-80000.0,18688.0,37688.0,102960000.0,-83200000.0,19435520.0,39195520.0
6642,富致,上櫃,80.7,2.9336734693877546,57000.0,0,83.0,57083.0,4599900.0,0.0,6698.1,4606598.100000001
6643,M31,上櫃,505.0,-1.9417475728155338,-275209.0,-11000.0,-2654.0,-288863.0,-138980545.0,-5555000.0,-1340270.0,-145875815.0
6649,台生材,上櫃,36.8,-2.6455026455026456,-3000.0,0,0,-3000.0,-110399.99999999999,0.0,0.0,-110399.99999999999
6651,全宇昕,上櫃,150.5,0.6688963210702341,99938.0,0,264.0,100202.0,15040669.0,0.0,39732.0,15080401.0
6654,天正國際,上櫃,200.0,4.166666666666666,4000.0,0,108.0,4108.0,800000.0,0.0,21600.0,821600.0
6664,群翊,上櫃,370.0,3.2078103207810322,208204.0,0,34274.0,242478.0,77035480.0,0.0,12681380.0,89716860.0
6667,信紘科,上櫃,259.0,-0.9560229445506693,81520.0,0,6465.0,87985.0,21113680.0,0.0,1674435.0,22788115.0
6679,鈺太,上櫃,206.0,1.728395061728395,37048.0,30000.0,-15191.0,51857.0,7631888.0,6180000.0,-3129346.0,10682542.0
6680,鑫創電子,上櫃,51.3,-2.8409090909090913,0,0,0,0,0.0,0.0,0.0,0.0
6683,雍智科技,上櫃,1475.0,-2.9605263157894735,120233.0,25000.0,15124.0,160357.0,177343675.0,36875000.0,22307900.0,236526575.0
6684,安格,上櫃,50.9,4.1965199590583415,70000.0,0,165.0,70165.0,3563000.0,0.0,8398.5,3571398.5
6690,安碁資訊,上櫃,177.5,-0.8379888268156425,-28963.0,0,-8396.0,-37359.0,-5140932.5,0.0,-1490290.0,-6631222.5
6692,進能服,上櫃,23.2,2.428256070640177,1000.0,0,0,1000.0,23200.0,0.0,0.0,23200.0
6693,廣閎科,上櫃,218.0,4.05727923627685,-602933.0,0,-11000.0,-613933.0,-131439394.0,0.0,-2398000.0,-133837394.0
6697,東捷資訊,上櫃,41.1,-0.24271844660194172,-1000.0,0,0,-1000.0,-41100.0,0.0,0.0,-41100.0
6703,軒郁,上櫃,100.0,-0.4975124378109453,-4000.0,970.0,0,-3030.0,-400000.0,97000.0,0.0,-303000.0
6708,天擎,上櫃,47.05,9.929906542056075,0,0,110000.0,110000.0,0.0,0.0,5175500.0,5175500.0
6712,長聖,上櫃,161.5,1.2539184952978055,35043.0,0,1000.0,36043.0,5659444.5,0.0,161500.0,5820944.5
6716,應廣,上櫃,114.5,-0.43478260869565216,28123.0,0,-5.0,28118.0,3220083.5,0.0,-572.5,3219511.0
6720,久昌,上櫃,127.5,0.39370078740157477,0,0,-93.0,-93.0,0.0,0.0,-11857.5,-11857.5
6721,信實,上櫃,50.0,-0.19960079840319364,-2000.0,0,0,-2000.0,-100000.0,0.0,0.0,-100000.0
6725,矽科宏晟,上櫃,217.5,1.6355140186915886,30040.0,0,-4449.0,25591.0,6533700.0,0.0,-967657.5,5566042.5
6727,亞泰金屬,上櫃,483.0,-4.356435643564356,-564854.0,0,-2869.0,-567723.0,-272824482.0,0.0,-1385727.0,-274210209.0
6728,上洋,上櫃,108.0,-0.4608294930875576,-1000.0,0,0,-1000.0,-108000.0,0.0,0.0,-108000.0
6730,常廣,上櫃,32.0,-0.3115264797507788,-1000.0,0,0,-1000.0,-32000.0,0.0,0.0,-32000.0
6732,昇佳電子,上櫃,151.0,1.342281879194631,22416.0,0,493.0,22909.0,3384816.0,0.0,74443.0,3459259.0
6733,博晟生醫,上櫃,25.1,0.6012024048096192,-11000.0,0,0,-11000.0,-276100.0,0.0,0.0,-276100.0
6735,美達科技,上櫃,64.9,1.7241379310344827,19000.0,0,-203.0,18797.0,1233100.0,0.0,-13174.7,1219925.3
6739,竹陞科技,上櫃,1125.0,1.3513513513513513,-22761.0,0,-2321.0,-25082.0,-25606125.0,0.0,-2611125.0,-28217250.0
6741,91APP*-KY,上櫃,55.4,0.3623188405797102,-16785.0,0,-667.0,-17452.0,-929889.0,0.0,-36951.799999999996,-966840.7999999999
6751,智聯服務,上櫃,44.95,2.391799544419134,0,0,10.0,10.0,0.0,0.0,449.5,449.5
6752,叡揚,上櫃,95.9,-0.5186721991701244,2910.0,0,12.0,2922.0,279069.0,0.0,1150.8000000000002,280219.8
6761,穩得,上櫃,163.5,0.9259259259259258,27182.0,0,686.0,27868.0,4444257.0,0.0,112161.0,4556418.0
6763,綠界科技*,上櫃,41.15,-0.6038647342995169,6600.0,0,-34.0,6566.0,271590.0,0.0,-1399.1,270190.89999999997
6785,昱展新藥,上櫃,96.2,-2.6315789473684212,-13000.0,0,-523.0,-13523.0,-1250600.0,0.0,-50312.6,-1300912.6
6788,華景電,上櫃,344.5,1.6224188790560472,45355.0,0,180.0,45535.0,15624797.5,0.0,62010.0,15686807.5
6791,虎門科技,上櫃,99.1,0.0,1000.0,0,-10.0,990.0,99100.0,0.0,-991.0,98109.0
6803,崑鼎,上櫃,266.5,0.18796992481203006,-8000.0,0,-161.0,-8161.0,-2132000.0,0.0,-42906.5,-2174906.5
6804,明係,上櫃,18.1,-0.821917808219178,-5000.0,0,0,-5000.0,-90500.0,0.0,0.0,-90500.0
6811,宏碁資訊,上櫃,239.5,-2.044989775051125,-68058.0,0,-40053.0,-108111.0,-16299891.0,0.0,-9592693.5,-25892584.5
6821,聯寶,上櫃,40.95,0.8620689655172413,7000.0,0,-1000.0,6000.0,286650.0,0.0,-40950.0,245700.00000000003
6823,濾能,上櫃,63.0,4.825291181364393,64000.0,0,-169.0,63831.0,4032000.0,0.0,-10647.0,4021353.0
6829,千附精密,上櫃,208.5,-0.47732696897374705,-18000.0,0,-2365.0,-20365.0,-3753000.0,0.0,-493102.5,-4246102.5
6840,東研信超,上櫃,99.5,-3.3980582524271843,-48000.0,0,-4000.0,-52000.0,-4776000.0,0.0,-398000.0,-5174000.0
6841,長佳智能,上櫃,55.3,2.9795158286778403,10050.0,0,1171.0,11221.0,555765.0,0.0,64756.299999999996,620521.2999999999
6843,進典,上櫃,38.35,-0.6476683937823834,1000.0,0,0,1000.0,38350.0,0.0,0.0,38350.0
6846,綠茵,上櫃,58.2,-1.5228426395939088,1000.0,0,0,1000.0,58200.0,0.0,0.0,58200.0
6859,伯特光,上櫃,120.0,-0.8264462809917356,-2000.0,0,0,-2000.0,-240000.0,0.0,0.0,-240000.0
6865,偉康科技,上櫃,28.0,-0.17825311942959002,1000.0,0,0,1000.0,28000.0,0.0,0.0,28000.0
6870,騰雲,上櫃,330.5,-1.7830609212481425,-2949.0,0,5432.0,2483.0,-974644.5,0.0,1795276.0,820631.5
6872,浩宇生醫,上櫃,24.0,7.3825503355704685,21000.0,0,0,21000.0,504000.0,0.0,0.0,504000.0
6874,倍力,上櫃,70.2,0.4291845493562231,0,0,-1000.0,-1000.0,0.0,0.0,-70200.0,-70200.0
6875,國邑*,上櫃,31.35,-1.5698587127158554,-37000.0,0,-309.0,-37309.0,-1159950.0,0.0,-9687.15,-1169637.1500000001
6877,鏵友益,上櫃,128.0,4.489795918367347,29000.0,0,541.0,29541.0,3712000.0,0.0,69248.0,3781248.0
6894,衛司特,上櫃,362.0,-1.3623978201634876,-2281.0,0,1080.0,-1201.0,-825722.0,0.0,390960.0,-434762.0
6895,宏碩系統,上櫃,145.0,0.0,4000.0,0,0,4000.0,580000.0,0.0,0.0,580000.0
6899,創為精密,上櫃,49.5,0.20242914979757085,-1000.0,0,0,-1000.0,-49500.0,0.0,0.0,-49500.0
6903,巨漢,上櫃,304.5,-1.4563106796116505,3983.0,0,1563.0,5546.0,1212823.5,0.0,475933.5,1688757.0
6907,雅特力-KY,上櫃,180.5,-0.8241758241758242,1000.0,10000.0,-869.0,10131.0,180500.0,1805000.0,-156854.5,1828645.5
6910,德鴻,上櫃,26.5,1.9230769230769231,3000.0,0,0,3000.0,79500.0,0.0,0.0,79500.0
6913,鴻呈,上櫃,127.0,-0.39215686274509803,-5794.0,0,-1487.0,-7281.0,-735838.0,0.0,-188849.0,-924687.0
6922,宸曜,上櫃,225.0,6.132075471698113,130804.0,0,16714.0,147518.0,29430900.0,0.0,3760650.0,33191550.0
6925,意藍,上櫃,75.0,9.970674486803519,-15000.0,0,-4734.0,-19734.0,-1125000.0,0.0,-355050.0,-1480050.0
6945,圓祥生技,上櫃,140.0,1.4492753623188406,3000.0,0,0,3000.0,420000.0,0.0,0.0,420000.0
6953,家碩,上櫃,241.0,2.11864406779661,8000.0,0,-260.0,7740.0,1928000.0,0.0,-62660.0,1865340.0
6961,旅天下,上櫃,47.65,1.1677282377919322,1000.0,0,0,1000.0,47650.0,0.0,0.0,47650.0
6967,汎瑋材料,上櫃,67.2,2.28310502283105,24286.0,0,2.0,24288.0,1632019.2,0.0,134.4,1632153.6
6968,萬達寵物,上櫃,41.55,0.0,-1000.0,0,-348.0,-1348.0,-41550.0,0.0,-14459.4,-56009.399999999994
6971,惠民實業,上櫃,23.7,-1.0438413361169103,1000.0,0,0,1000.0,23700.0,0.0,0.0,23700.0
6982,大井泵浦,上櫃,43.5,0.0,2000.0,0,-500.0,1500.0,87000.0,0.0,-21750.0,65250.0
6983,華洋精機,上櫃,346.0,-0.7173601147776184,12000.0,0,-10.0,11990.0,4152000.0,0.0,-3460.0,4148540.0
6986,和迅,上櫃,44.0,-0.6772009029345373,1000.0,0,0,1000.0,44000.0,0.0,0.0,44000.0
6996,力領科技,上櫃,168.5,-1.461988304093567,-3090.0,0,-75.0,-3165.0,-520665.0,0.0,-12637.5,-533302.5
6997,博弘,上櫃,68.0,1.7964071856287425,-2000.0,0,0,-2000.0,-136000.0,0.0,0.0,-136000.0
7402,邑錡,上櫃,99.1,-0.7014028056112225,46000.0,0,-556.0,45444.0,4558600.0,0.0,-55099.6,4503500.399999999
7556,意德士,上櫃,267.5,1.1342155009451798,42000.0,0,1086.0,43086.0,11235000.0,0.0,290505.0,11525505.0
7584,樂意,上櫃,28.95,6.433823529411765,-1000.0,0,-19.0,-1019.0,-28950.0,0.0,-550.05,-29500.05
7642,昶瑞機電,上櫃,68.5,-3.248587570621469,-1000.0,0,-278.0,-1278.0,-68500.0,0.0,-19043.0,-87543.0
7703,銳澤,上櫃,199.5,-1.7241379310344827,-10990.0,0,112.0,-10878.0,-2192505.0,0.0,22344.0,-2170161.0
7704,明遠精密,上櫃,61.3,-1.129032258064516,3000.0,0,-69.0,2931.0,183900.0,0.0,-4229.7,179670.3
7708,全家餐飲,上櫃,91.9,0.10893246187363834,4000.0,0,0,4000.0,367600.0,0.0,0.0,367600.0
7709,榮田,上櫃,86.5,-1.3683010262257695,-64000.0,0,-1310.0,-65310.0,-5536000.0,0.0,-113315.0,-5649315.0
7712,博盛半導體,上櫃,161.0,-1.2269938650306749,-12800.0,0,-5655.0,-18455.0,-2060800.0,0.0,-910455.0,-2971255.0
7714,創泓科技,上櫃,162.0,-2.4096385542168677,34000.0,0,-1496.0,32504.0,5508000.0,0.0,-242352.0,5265648.0
7715,裕山,上櫃,27.6,0.36363636363636365,5000.0,0,-71.0,4929.0,138000.0,0.0,-1959.6000000000001,136040.4
7717,萊德光電-KY,上櫃,592.0,-0.33670033670033667,-13072.0,0,40124.0,27052.0,-7738624.0,0.0,23753408.0,16014784.0
7718,友鋮,上櫃,46.7,1.9650655021834058,-2000.0,0,0,-2000.0,-93400.0,0.0,0.0,-93400.0
7723,築間,上櫃,18.3,0.0,0,0,0,0,0.0,0.0,0.0,0.0
7728,光焱科技,上櫃,607.0,2.0168067226890756,11000.0,0,267.0,11267.0,6677000.0,0.0,162069.0,6839069.0
7734,印能科技,上櫃,2680.0,-2.5454545454545454,-20817.0,0,-7170.0,-27987.0,-55789560.0,0.0,-19215600.0,-75005160.0
7738,東聯互動,上櫃,156.0,-0.6369426751592357,1000.0,0,0,1000.0,156000.0,0.0,0.0,156000.0
7743,金利食安,上櫃,24.3,-4.330708661417323,-4000.0,0,0,-4000.0,-97200.0,0.0,0.0,-97200.0
7744,崴寶,上櫃,523.0,-3.683241252302026,-10000.0,0,-450.0,-10450.0,-5230000.0,0.0,-235350.0,-5465350.0
7751,竑騰,上櫃,1555.0,2.6402640264026402,17685.0,0,4143.0,21828.0,27500175.0,0.0,6442365.0,33942540.0
7753,星亞,上櫃,35.6,0.8498583569405098,-2000.0,0,0,-2000.0,-71200.0,0.0,0.0,-71200.0
7757,金色三麥,上櫃,90.5,-0.5494505494505495,-2000.0,0,0,-2000.0,-181000.0,0.0,0.0,-181000.0
7767,仁大資訊,上櫃,46.2,-0.9646302250803858,2000.0,0,0,2000.0,92400.0,0.0,0.0,92400.0
7770,君曜,上櫃,42.95,8.734177215189874,2000.0,0,-12000.0,-10000.0,85900.0,0.0,-515400.00000000006,-429500.0
7772,耀穎,上櫃,176.0,-2.2222222222222223,841.0,0,1000.0,1841.0,148016.0,0.0,176000.0,324016.0
7777,能率亞洲,上櫃,35.6,0.14064697609001406,21000.0,0,2316.0,23316.0,747600.0,0.0,82449.6,830049.6
7792,安葆,上櫃,416.0,-4.477611940298507,-201916.0,0,-13483.0,-215399.0,-83997056.0,0.0,-5608928.0,-89605984.0
7805,威聯通,上櫃,489.0,-1.8072289156626504,-15000.0,0,-642.0,-15642.0,-7335000.0,0.0,-313938.0,-7648938.0
7810,捷創科技,上櫃,227.5,2.247191011235955,8670.0,0,5439.0,14109.0,1972425.0,0.0,1237372.5,3209797.5
7814,海昌生技,上櫃,28.4,-0.3508771929824561,0,0,-4000.0,-4000.0,0.0,0.0,-113600.0,-113600.0
7819,精誠金融,上櫃,34.3,-0.1455604075691412,0,0,0,0,0.0,0.0,0.0,0.0
7820,立盈,上櫃,108.5,0.4629629629629629,-1000.0,0,0,-1000.0,-108500.0,0.0,0.0,-108500.0
7825,和亞智慧,上櫃,83.6,1.70316301703163,-31000.0,0,-2000.0,-33000.0,-2591600.0,0.0,-167200.0,-2758800.0
7828,創新服務,上櫃,1900.0,-3.5532994923857872,-16988.0,0,-6033.0,-23021.0,-32277200.0,0.0,-11462700.0,-43739900.0
7839,達人網,上櫃,43.3,0.34762456546929316,-1000.0,0,-5000.0,-6000.0,-43300.0,0.0,-216500.0,-259799.99999999997
7856,漢測,上櫃,4315.0,-6.297502714440825,24003.0,77000.0,8000.0,109003.0,103572945.0,332255000.0,34520000.0,470347945.0
8024,佑華,上櫃,12.55,-0.3968253968253968,3000.0,0,363.0,3363.0,37650.0,0.0,4555.650000000001,42205.65
8027,鈦昇,上櫃,202.0,9.782608695652174,757400.0,0,59126.0,816526.0,152994800.0,0.0,11943452.0,164938252.0
8032,光菱,上櫃,35.8,-0.5555555555555556,10000.0,0,-312.0,9688.0,358000.0,0.0,-11169.599999999999,346830.39999999997
8034,榮群,上櫃,20.5,0.2444987775061125,22000.0,0,329.0,22329.0,451000.0,0.0,6744.5,457744.5
8038,長園科,上櫃,32.45,-0.460122699386503,30000.0,0,25.0,30025.0,973500.0000000001,0.0,811.2500000000001,974311.2500000001
8040,九暘,上櫃,100.0,5.82010582010582,119250.0,0,33302.0,152552.0,11925000.0,0.0,3330200.0,15255200.0
8042,金山電,上櫃,111.5,-2.1929824561403506,-689760.0,0,-73957.0,-763717.0,-76908240.0,0.0,-8246205.5,-85154445.5
8043,蜜望實,上櫃,131.5,-1.1278195488721803,-64630.0,0,-8576.0,-73206.0,-8498845.0,0.0,-1127744.0,-9626589.0
8044,網家,上櫃,24.1,1.0482180293501047,29084.0,0,-1.0,29083.0,700924.4,0.0,-24.1,700900.3
8047,星雲,上櫃,51.0,3.6585365853658534,1000.0,0,606.0,1606.0,51000.0,0.0,30906.0,81906.0
8048,德勝,上櫃,50.4,0.5988023952095808,-9030.0,0,290.0,-8740.0,-455112.0,0.0,14616.0,-440496.0
8049,晶采,上櫃,24.5,0.0,9000.0,0,-254.0,8746.0,220500.0,0.0,-6223.0,214277.0
8050,廣積,上櫃,65.7,7.352941176470589,2333199.0,0,51443.0,2384642.0,153291174.3,0.0,3379805.1,156670979.4
8054,安國,上櫃,87.2,3.0732860520094563,164207.0,20000.0,4251.0,188458.0,14318850.4,1744000.0,370687.2,16433537.6
8059,凱碩,上櫃,17.3,-2.259887005649718,-23800.0,0,-1.0,-23801.0,-411740.0,0.0,-17.3,-411757.3
8064,東捷,上櫃,141.5,1.7985611510791366,-868521.0,0,151110.0,-717411.0,-122895721.5,0.0,21382065.0,-101513656.5
8066,來思達,上櫃,15.0,1.3513513513513513,0,0,-131.0,-131.0,0.0,0.0,-1965.0,-1965.0
8068,全達,上櫃,17.6,-1.4005602240896358,-14000.0,0,-150.0,-14150.0,-246400.00000000003,0.0,-2640.0,-249040.00000000003
8069,元太,上櫃,142.5,-2.3972602739726026,-1171878.0,13000.0,-7408.0,-1166286.0,-166992615.0,1852500.0,-1055640.0,-166195755.0
8071,能率網通,上櫃,21.85,-0.228310502283105,92000.0,0,0,92000.0,2010200.0000000002,0.0,0.0,2010200.0000000002
8074,鉅橡,上櫃,50.8,-0.39215686274509803,-21000.0,0,-666.0,-21666.0,-1066800.0,0.0,-33832.799999999996,-1100632.8
8076,伍豐,上櫃,21.5,-0.9216589861751152,-104425.0,0,0,-104425.0,-2245137.5,0.0,0.0,-2245137.5
8083,瑞穎,上櫃,155.5,0.0,5000.0,0,-177.0,4823.0,777500.0,0.0,-27523.5,749976.5
8084,巨虹,上櫃,29.8,-9.969788519637461,8100.0,0,217.0,8317.0,241380.0,0.0,6466.6,247846.6
8085,福華,上櫃,14.25,0.35211267605633806,-13000.0,0,-530.0,-13530.0,-185250.0,0.0,-7552.5,-192802.5
8086,宏捷科,上櫃,110.0,-0.4524886877828055,1378.0,0,-11769.0,-10391.0,151580.0,0.0,-1294590.0,-1143010.0
8087,麗升能源,上櫃,23.0,-1.0752688172043012,0,0,97.0,97.0,0.0,0.0,2231.0,2231.0
8088,品安,上櫃,42.25,0.955794504181601,30240.0,0,442.0,30682.0,1277640.0,0.0,18674.5,1296314.5
8089,康全電訊,上櫃,19.15,-0.5194805194805194,1000.0,0,22.0,1022.0,19150.0,0.0,421.29999999999995,19571.3
8091,翔名,上櫃,220.0,1.6166281755196306,78542.0,0,-15000.0,63542.0,17279240.0,0.0,-3300000.0,13979240.0
8092,建暐,上櫃,12.55,-2.713178294573643,-12000.0,0,405.0,-11595.0,-150600.0,0.0,5082.75,-145517.25
8096,擎亞,上櫃,88.7,4.846335697399526,-342523.0,0,242634.0,-99889.0,-30381790.1,0.0,21521635.8,-8860154.3
8097,常珵,上櫃,48.15,0.0,-14000.0,0,-88817.0,-102817.0,-674100.0,0.0,-4276538.55,-4950638.55
8099,大世科,上櫃,59.8,-1.1570247933884297,-1000.0,0,0,-1000.0,-59800.0,0.0,0.0,-59800.0
8107,大億金茂,上櫃,12.05,-0.823045267489712,-6000.0,0,0,-6000.0,-72300.0,0.0,0.0,-72300.0
8109,博大,上櫃,134.5,1.893939393939394,91139.0,0,33528.0,124667.0,12258195.5,0.0,4509516.0,16767711.5
8111,立碁,上櫃,79.7,4.319371727748691,324575.0,0,32402.0,356977.0,25868627.5,0.0,2582439.4,28451066.900000002
8121,越峰,上櫃,31.9,4.078303425774878,-1666403.0,0,4405.0,-1661998.0,-53158255.699999996,0.0,140519.5,-53017736.199999996
8147,正淩,上櫃,148.0,8.424908424908425,89596.0,0,123551.0,213147.0,13260208.0,0.0,18285548.0,31545756.0
8155,博智,上櫃,306.0,-8.928571428571429,-986378.0,0,17121.0,-969257.0,-301831668.0,0.0,5239026.0,-296592642.0
8171,天宇,上櫃,20.6,0.7334963325183373,-1000.0,0,0,-1000.0,-20600.0,0.0,0.0,-20600.0
8176,智捷,上櫃,9.78,0.0,-3000.0,0,-45.0,-3045.0,-29339.999999999996,0.0,-440.09999999999997,-29780.1
8182,加高,上櫃,41.2,1.8541409147095178,368025.0,0,4328.0,372353.0,15162630.000000002,0.0,178313.6,15340943.600000001
8227,巨有科技,上櫃,337.0,9.9510603588907,-180082.0,0,44807.0,-135275.0,-60687634.0,0.0,15099959.0,-45587675.0
8234,新漢,上櫃,62.1,1.4705882352941175,40990.0,0,277.0,41267.0,2545479.0,0.0,17201.7,2562680.7
8240,華宏,上櫃,54.5,4.807692307692308,-436000.0,0,-9792.0,-445792.0,-23762000.0,0.0,-533664.0,-24295664.0
8255,朋程,上櫃,145.0,1.7543859649122806,110197.0,0,3590.0,113787.0,15978565.0,0.0,520550.0,16499115.0
8277,商丞,上櫃,15.6,-0.9523809523809523,-18000.0,0,0,-18000.0,-280800.0,0.0,0.0,-280800.0
8279,生展,上櫃,78.7,0.639386189258312,3000.0,0,-4.0,2996.0,236100.0,0.0,-314.8,235785.2
8284,三竹,上櫃,68.0,0.0,0,0,-28.0,-28.0,0.0,0.0,-1904.0,-1904.0
8289,泰藝,上櫃,46.05,2.905027932960894,21352.0,0,1342.0,22694.0,983259.6,0.0,61799.1,1045058.7
8291,尚茂,上櫃,28.9,-2.857142857142857,1000.0,0,0,1000.0,28900.0,0.0,0.0,28900.0
8299,群聯,上櫃,2115.0,-0.4705882352941176,-45423.0,1330.0,36512.0,-7581.0,-96069645.0,2812950.0,77222880.0,-16033815.0
8349,恒耀,上櫃,39.6,0.0,-44739.0,0,0,-44739.0,-1771664.4000000001,0.0,0.0,-1771664.4000000001
8354,冠好,上櫃,16.9,-1.1695906432748542,0,0,99.0,99.0,0.0,0.0,1673.1,1673.1
8358,金居,上櫃,498.0,-2.5440313111545985,-2708654.0,-3700.0,-1132103.0,-3844457.0,-1348909692.0,-1842600.0,-563787294.0,-1914539586.0
8383,千附,上櫃,67.6,-0.4418262150220914,28100.0,0,-63196.0,-35096.0,1899559.9999999998,0.0,-4272049.6,-2372489.5999999996
8390,金益鼎,上櫃,89.4,-0.6666666666666666,-19000.0,0,-4597.0,-23597.0,-1698600.0,0.0,-410971.80000000005,-2109571.8000000003
8401,白紗科,上櫃,22.75,0.0,1000.0,0,0,1000.0,22750.0,0.0,0.0,22750.0
8403,盛弘,上櫃,19.05,0.5277044854881268,-2000.0,0,0,-2000.0,-38100.0,0.0,0.0,-38100.0
8410,森田,上櫃,28.0,0.7194244604316548,0,0,445.0,445.0,0.0,0.0,12460.0,12460.0
8415,大國鋼,上櫃,35.15,-0.846262341325811,-234162.0,0,-183.0,-234345.0,-8230794.3,0.0,-6432.45,-8237226.75
8421,旭源,上櫃,12.85,0.3906250000000001,3000.0,0,310.0,3310.0,38550.0,0.0,3983.5,42533.5
8423,保綠-KY,上櫃,18.05,0.0,-1000.0,0,0,-1000.0,-18050.0,0.0,0.0,-18050.0
8426,紅木-KY,上櫃,20.65,0.24271844660194178,26000.0,0,-1.0,25999.0,536900.0,0.0,-20.65,536879.35
8431,匯鑽科,上櫃,66.3,4.739336492890995,673211.0,0,771.0,673982.0,44633889.3,0.0,51117.299999999996,44685006.6
8432,東生華,上櫃,50.6,0.796812749003984,12000.0,0,0,12000.0,607200.0,0.0,0.0,607200.0
8433,弘帆,上櫃,53.0,0.5692599620493358,0,0,-102.0,-102.0,0.0,0.0,-5406.0,-5406.0
8435,鉅邁,上櫃,53.0,0.1890359168241966,3000.0,0,0,3000.0,159000.0,0.0,0.0,159000.0
8436,大江,上櫃,105.5,0.4761904761904762,122648.0,0,300.0,122948.0,12939364.0,0.0,31650.0,12971014.0
8437,大地-KY,上櫃,10.1,-5.164319248826291,-4000.0,0,-2.0,-4002.0,-40400.0,0.0,-20.2,-40420.2
8440,綠電,上櫃,20.95,3.45679012345679,-3000.0,0,241.0,-2759.0,-62850.0,0.0,5048.95,-57801.049999999996
8446,華研,上櫃,84.4,-0.3541912632821723,3000.0,0,652.0,3652.0,253200.00000000003,0.0,55028.8,308228.80000000005
8450,霹靂,上櫃,14.4,0.34843205574912894,0,0,229.0,229.0,0.0,0.0,3297.6,3297.6
8472,納維康,上櫃,73.1,-5.064935064935065,0,0,-232.0,-232.0,0.0,0.0,-16959.199999999997,-16959.199999999997
8477,創業家,上櫃,14.1,-1.7421602787456445,0,0,-320.0,-320.0,0.0,0.0,-4512.0,-4512.0
8489,三貝德,上櫃,22.25,-1.3303769401330374,5000.0,0,-558.0,4442.0,111250.0,0.0,-12415.5,98834.5
8905,裕國,上櫃,35.15,1.0057471264367817,1000.0,0,765.0,1765.0,35150.0,0.0,26889.75,62039.75
8906,花王,上櫃,28.8,-0.6896551724137931,-1000.0,0,563.0,-437.0,-28800.0,0.0,16214.4,-12585.6
8908,欣雄,上櫃,40.25,0.4993757802746568,1000.0,0,0,1000.0,40250.0,0.0,0.0,40250.0
8916,光隆,上櫃,41.1,0.6119951040391677,-1000.0,0,192.0,-808.0,-41100.0,0.0,7891.200000000001,-33208.8
8917,欣泰,上櫃,54.5,-0.9090909090909091,-1000.0,0,-1000.0,-2000.0,-54500.0,0.0,-54500.0,-109000.0
8924,大田,上櫃,49.4,0.20283975659229214,-6000.0,2053.0,-347.0,-4294.0,-296400.0,101418.2,-17141.8,-212123.6
8927,北基,上櫃,18.8,-1.0526315789473684,-2830.0,0,0,-2830.0,-53204.0,0.0,0.0,-53204.0
8928,鉅明,上櫃,22.9,-1.716738197424893,-4000.0,0,0,-4000.0,-91600.0,0.0,0.0,-91600.0
8929,富堡,上櫃,12.9,-0.3861003861003861,1000.0,0,0,1000.0,12900.0,0.0,0.0,12900.0
8930,青鋼,上櫃,28.7,-0.34722222222222227,1000.0,0,0,1000.0,28700.0,0.0,0.0,28700.0
8931,大汽電,上櫃,43.15,0.23228803716608598,-3658.0,0,0,-3658.0,-157842.69999999998,0.0,0.0,-157842.69999999998
8932,智通*,上櫃,93.4,0.8639308855291578,370380.0,0,-109633.0,260747.0,34593492.0,0.0,-10239722.200000001,24353769.8
8933,愛地雅,上櫃,4.58,0.2188183807439825,3000.0,0,0,3000.0,13740.0,0.0,0.0,13740.0
8935,邦泰,上櫃,19.3,9.971509971509972,-42000.0,0,654.0,-41346.0,-810600.0,0.0,12622.2,-797977.8
8936,國統,上櫃,51.9,-0.38387715930902117,-105991.0,0,4298.0,-101693.0,-5500932.899999999,0.0,223066.19999999998,-5277866.7
8937,合騏*,上櫃,25.1,-5.639097744360902,-44000.0,0,5111.0,-38889.0,-1104400.0,0.0,128286.1,-976113.9
8938,明安,上櫃,52.7,1.151631477927063,3000.0,3956.0,0,6956.0,158100.0,208481.2,0.0,366581.2
8942,森鉅,上櫃,40.2,-0.7407407407407407,-56000.0,0,0,-56000.0,-2251200.0,0.0,0.0,-2251200.0
9949,琉園,上櫃,24.25,1.0416666666666665,0,0,-118.0,-118.0,0.0,0.0,-2861.5,-2861.5
9951,皇田,上櫃,47.1,-1.1542497376705143,-6000.0,0,-18329.0,-24329.0,-282600.0,0.0,-863295.9,-1145895.9000000001
9960,邁達康,上櫃,41.2,4.701397712833545,-2000.0,0,672.0,-1328.0,-82400.0,0.0,27686.4,-54713.600000000006
9962,有益,上櫃,10.15,0.49504950495049505,12000.0,0,746.0,12746.0,121800.0,0.0,7571.900000000001,129371.90000000001
