code,name,mkt,close,chg,foreign,trust,dealer,total,foreign_amt,trust_amt,dealer_amt,total_amt
00632R,元大台灣50反1,上市,,,-116000.0,0,44564373.0,44448373.0,,,,
00403A,主動統一升級50,上市,,,30088917.0,0,9081338.0,39170255.0,,,,
1301,台塑,上市,,,14225022.0,13940000.0,-972995.0,27192027.0,,,,
2408,南亞科,上市,,,21773270.0,192527.0,220379.0,22186176.0,,,,
1314,中石化,上市,,,21624156.0,0,118226.0,21742382.0,,,,
3231,緯創,上市,,,15508764.0,872893.0,324326.0,16705983.0,,,,
00961,FT臺灣永續高息,上市,,,8268000.0,0,8282460.0,16550460.0,,,,
00673R,期元大S&P原油反1,上市,,,-60000.0,0,10696025.0,10636025.0,,,,
2002,中鋼,上市,,,10325186.0,3000.0,145000.0,10473186.0,,,,
1101,台泥,上市,,,10143068.0,-11000.0,31045.0,10163113.0,,,,
00405A,主動富邦台灣龍耀,上市,,,54100.0,0,9293819.0,9347919.0,,,,
00988A,主動統一全球創新,上市,,,3968325.0,0,3995000.0,7963325.0,,,,
00941,中信上游半導體,上市,,,3583000.0,0,4351125.0,7934125.0,,,,
1102,亞泥,上市,,,7341816.0,-80000.0,173235.0,7435051.0,,,,
1216,統一,上市,,,4818307.0,1911188.0,387151.0,7116646.0,,,,
1312,國喬,上市,,,8931149.0,0,-2281087.0,6650062.0,,,,
9904,寶成,上市,,,6440372.0,62000.0,125605.0,6627977.0,,,,
009820,元大納斯達克精選,上市,,,7000.0,0,6266483.0,6273483.0,,,,
00990A,主動元大AI新經濟,上市,,,472700.0,0,5715003.0,6187703.0,,,,
2886,兆豐金,上市,,,10105597.0,-5228334.0,1299004.0,6176267.0,,,,
00409A,主動復華全球50,上市,,,3029000.0,0,3047673.0,6076673.0,,,,
2609,陽明,上市,,,5245184.0,-21000.0,544986.0,5769170.0,,,,
00882,中信中國高股息,上市,,,117000.0,0,5432598.0,5549598.0,,,,
00997A,主動群益美國增長,上市,,,3235000.0,0,2297355.0,5532355.0,,,,
2340,台亞,上市,,,5006879.0,0,247980.0,5254859.0,,,,
2313,華通,上市,,,4035870.0,708000.0,276185.0,5020055.0,,,,
2801,彰銀,上市,,,4988658.0,1000.0,-30188.0,4959470.0,,,,
6278,台表科,上市,,,4599929.0,56000.0,-47067.0,4608862.0,,,,
1326,台化,上市,,,4600490.0,5000.0,-93106.0,4512384.0,,,,
2027,大成鋼,上市,,,1203123.0,2989000.0,234007.0,4426130.0,,,,
00953B,群益優選非投等債,上市,,,4315000.0,0,-133453.0,4181547.0,,,,
3702,大聯大,上市,,,3300198.0,55000.0,684870.0,4040068.0,,,,
9945,潤泰新,上市,,,3535621.0,35000.0,321866.0,3892487.0,,,,
2305,全友,上市,,,3697975.0,-5000.0,41283.0,3734258.0,,,,
00402A,主動安聯美國科技,上市,,,1097000.0,0,2567046.0,3664046.0,,,,
2542,興富發,上市,,,3831323.0,-330000.0,-70096.0,3431227.0,,,,
3026,禾伸堂,上市,,,2745371.0,499000.0,1445.0,3245816.0,,,,
1711,永光,上市,,,2936696.0,0,218944.0,3155640.0,,,,
2241,艾姆勒,上市,,,3098189.0,0,34949.0,3133138.0,,,,
1310,台苯,上市,,,3056855.0,0,-5000.0,3051855.0,,,,
1313,聯成,上市,,,2988592.0,0,0,2988592.0,,,,
1710,東聯,上市,,,2401820.0,0,456905.0,2858725.0,,,,
2412,中華電,上市,,,2791917.0,399601.0,-379000.0,2812518.0,,,,
00940,元大台灣價值高息,上市,,,-258000.0,0,3030646.0,2772646.0,,,,
1434,福懋,上市,,,2495140.0,0,38712.0,2533852.0,,,,
2889,國票金,上市,,,2321159.0,0,-1051.0,2320108.0,,,,
2104,國際中橡,上市,,,2161569.0,0,116215.0,2277784.0,,,,
4958,臻鼎-KY,上市,,,2140109.0,234710.0,-170069.0,2204750.0,,,,
2484,希華,上市,,,1640759.0,-6000.0,464303.0,2099062.0,,,,
1455,集盛,上市,,,2090897.0,0,-3706.0,2087191.0,,,,
1409,新纖,上市,,,2057946.0,3000.0,2555.0,2063501.0,,,,
009819,中信數據及電力,上市,,,1590000.0,0,391981.0,1981981.0,,,,
1440,南紡,上市,,,1836773.0,0,74000.0,1910773.0,,,,
2855,統一證,上市,,,1819776.0,41000.0,0,1860776.0,,,,
009824,群益美國科技巨頭,上市,,,349000.0,0,1476584.0,1825584.0,,,,
2353,宏碁,上市,,,1709262.0,-12000.0,94046.0,1791308.0,,,,
00735,國泰臺韓科技,上市,,,54524.0,0,1699556.0,1754080.0,,,,
1709,和益,上市,,,1746348.0,0,-11000.0,1735348.0,,,,
2439,美律,上市,,,1537956.0,-2000.0,198981.0,1734937.0,,,,
8150,南茂,上市,,,1912520.0,24000.0,-239246.0,1697274.0,,,,
00664R,國泰臺灣加權反1,上市,,,0,0,1650830.0,1650830.0,,,,
00984D,主動聯博全球非投,上市,,,-16000.0,0,1635000.0,1619000.0,,,,
3042,晶技,上市,,,1691288.0,381000.0,-462275.0,1610013.0,,,,
00830,國泰費城半導體,上市,,,1056395.0,0,507727.0,1564122.0,,,,
3045,台灣大,上市,,,1532764.0,-61518.0,71996.0,1543242.0,,,,
3706,神達,上市,,,1484399.0,35000.0,-3133.0,1516266.0,,,,
1304,台聚,上市,,,1459866.0,0,39240.0,1499106.0,,,,
00757,統一FANG+,上市,,,126010.0,0,1315463.0,1441473.0,,,,
00954,中信日本半導體,上市,,,-3000.0,0,1403652.0,1400652.0,,,,
2504,國產,上市,,,932449.0,-11238.0,419000.0,1340211.0,,,,
1476,儒鴻,上市,,,1008548.0,225000.0,32632.0,1266180.0,,,,
4906,正文,上市,,,1259258.0,0,1754.0,1261012.0,,,,
3711,日月光投控,上市,,,1049977.0,-233217.0,435106.0,1251866.0,,,,
2368,金像電,上市,,,-285233.0,1454273.0,60987.0,1230027.0,,,,
00676R,富邦臺灣加權反1,上市,,,41000.0,0,1172683.0,1213683.0,,,,
1305,華夏,上市,,,1200420.0,0,10540.0,1210960.0,,,,
6213,聯茂,上市,,,1086914.0,-14000.0,46529.0,1119443.0,,,,
3031,佰鴻,上市,,,1080045.0,0,-3000.0,1077045.0,,,,
4720,德淵,上市,,,1066741.0,0,174.0,1066915.0,,,,
4763,材料*-KY,上市,,,983828.0,53000.0,23142.0,1059970.0,,,,
2302,麗正,上市,,,1038544.0,-4000.0,15967.0,1050511.0,,,,
9103,美德醫療-DR,上市,,,690000.0,0,304496.0,994496.0,,,,
00662,富邦NASDAQ,上市,,,-82267.0,0,1076626.0,994359.0,,,,
00991A,主動復華未來50,上市,,,683104.0,0,291343.0,974447.0,,,,
2520,冠德,上市,,,965299.0,0,3107.0,968406.0,,,,
5876,上海商銀,上市,,,760527.0,-203000.0,404837.0,962364.0,,,,
3037,欣興,上市,,,1828296.0,-849485.0,-42998.0,935813.0,,,,
6197,佳必琪,上市,,,850877.0,4000.0,66754.0,921631.0,,,,
2393,億光,上市,,,1055091.0,-93515.0,-92168.0,869408.0,,,,
3661,世芯-KY,上市,,,72713.0,773000.0,4086.0,849799.0,,,,
1229,聯華,上市,,,828267.0,8000.0,10000.0,846267.0,,,,
00896,中信綠能及電動車,上市,,,748130.0,0,91633.0,839763.0,,,,
2108,南帝,上市,,,812459.0,0,377.0,812836.0,,,,
009805,台新美國電力基建,上市,,,-5400.0,0,802216.0,796816.0,,,,
2455,全新,上市,,,1468597.0,-563000.0,-129196.0,776401.0,,,,
00951,台新日本半導體,上市,,,54465.0,0,719377.0,773842.0,,,,
1721,國慶科技,上市,,,770526.0,0,-1000.0,769526.0,,,,
3016,嘉晶,上市,,,849900.0,0,-87422.0,762478.0,,,,
2912,統一超,上市,,,726685.0,21000.0,2632.0,750317.0,,,,
1477,聚陽,上市,,,778346.0,-27496.0,-2630.0,748220.0,,,,
4934,太極,上市,,,742370.0,0,4998.0,747368.0,,,,
00999A,主動野村臺灣高息,上市,,,463000.0,0,258798.0,721798.0,,,,
2851,中再保,上市,,,723997.0,0,-8589.0,715408.0,,,,
2345,智邦,上市,,,141320.0,455918.0,78546.0,675784.0,,,,
2606,裕民,上市,,,644937.0,13000.0,12723.0,670660.0,,,,
00688L,國泰20年美債正2,上市,,,41000.0,0,619858.0,660858.0,,,,
2615,萬海,上市,,,611311.0,6000.0,31478.0,648789.0,,,,
2605,新興,上市,,,534950.0,0,106144.0,641094.0,,,,
3533,嘉澤,上市,,,545398.0,36000.0,56929.0,638327.0,,,,
00916,國泰全球品牌50,上市,,,380000.0,0,233058.0,613058.0,,,,
1723,中碳,上市,,,602520.0,-1000.0,3791.0,605311.0,,,,
1316,上曜,上市,,,603557.0,0,-808.0,602749.0,,,,
00713,元大台灣高息低波,上市,,,628981.0,82000.0,-111897.0,599084.0,,,,
00715L,期街口布蘭特正2,上市,,,273000.0,0,322247.0,595247.0,,,,
00946,群益科技高息成長,上市,,,-79000.0,0,667383.0,588383.0,,,,
2103,台橡,上市,,,545240.0,0,33403.0,578643.0,,,,
00706L,期元大S&P日圓正2,上市,,,1000.0,0,567484.0,568484.0,,,,
2357,華碩,上市,,,570408.0,-94247.0,89766.0,565927.0,,,,
1319,東陽,上市,,,580707.0,2000.0,-21582.0,561125.0,,,,
3416,融程電,上市,,,652889.0,0,-111464.0,541425.0,,,,
3034,聯詠,上市,,,318001.0,168000.0,45053.0,531054.0,,,,
8213,志超,上市,,,531678.0,0,-4068.0,527610.0,,,,
2105,正新,上市,,,420000.0,-97000.0,198476.0,521476.0,,,,
3591,艾笛森,上市,,,496731.0,0,2000.0,498731.0,,,,
2637,慧洋-KY,上市,,,465620.0,19000.0,10852.0,495472.0,,,,
2034,允強,上市,,,482108.0,0,12610.0,494718.0,,,,
2646,星宇航空,上市,,,511633.0,5000.0,-28000.0,488633.0,,,,
2347,聯強,上市,,,508992.0,-182000.0,149027.0,476019.0,,,,
00900,富邦特選高股息30,上市,,,470000.0,0,-4543.0,465457.0,,,,
1309,台達化,上市,,,507842.0,0,-46577.0,461265.0,,,,
009802,富邦旗艦50,上市,,,-86000.0,0,543492.0,457492.0,,,,
2915,潤泰全,上市,,,456098.0,0,1303.0,457401.0,,,,
4904,遠傳,上市,,,-344004.0,809350.0,-12700.0,452646.0,,,,
4960,誠美材,上市,,,431287.0,0,11810.0,443097.0,,,,
1528,恩德,上市,,,441541.0,0,0,441541.0,,,,
2014,中鴻,上市,,,378429.0,0,63000.0,441429.0,,,,
009813,貝萊德標普卓越50,上市,,,227300.0,0,200000.0,427300.0,,,,
4746,台耀,上市,,,426547.0,0,0,426547.0,,,,
2023,燁輝,上市,,,415332.0,5000.0,0,420332.0,,,,
2540,愛山林,上市,,,414642.0,0,0,414642.0,,,,
00638R,元大滬深300反1,上市,,,0,0,394500.0,394500.0,,,,
00993A,主動安聯台灣,上市,,,442000.0,0,-51527.0,390473.0,,,,
2543,皇昌,上市,,,342682.0,0,40000.0,382682.0,,,,
6214,精誠,上市,,,367790.0,6000.0,2382.0,376172.0,,,,
2527,宏璟,上市,,,369990.0,0,4000.0,373990.0,,,,
2476,鉅祥,上市,,,354540.0,0,14119.0,368659.0,,,,
2206,三陽工業,上市,,,362292.0,5000.0,0,367292.0,,,,
00902,中信電池及儲能,上市,,,-2000.0,0,361645.0,359645.0,,,,
00407A,主動凱基台灣,上市,,,-4681910.0,0,5037009.0,355099.0,,,,
9938,百和,上市,,,358551.0,-6262.0,-4693.0,347596.0,,,,
00641R,富邦日本反1,上市,,,0,0,334300.0,334300.0,,,,
7780,大研生醫*,上市,,,369657.0,0,-36665.0,332992.0,,,,
3167,大量,上市,,,329844.0,0,2000.0,331844.0,,,,
8996,高力,上市,,,314650.0,-5000.0,17153.0,326803.0,,,,
2355,敬鵬,上市,,,340124.0,0,-13944.0,326180.0,,,,
2903,遠百,上市,,,349993.0,0,-30000.0,319993.0,,,,
8046,南電,上市,,,392970.0,-15992.0,-63863.0,313115.0,,,,
009801,中信美國創新科技,上市,,,146000.0,0,166003.0,312003.0,,,,
2328,廣宇,上市,,,269066.0,0,39048.0,308114.0,,,,
1708,東鹼,上市,,,364898.0,-10000.0,-48593.0,306305.0,,,,
4564,元翎,上市,,,303375.0,0,2000.0,305375.0,,,,
3023,信邦,上市,,,254546.0,19000.0,30448.0,303994.0,,,,
2727,王品,上市,,,299443.0,0,-186.0,299257.0,,,,
3010,華立,上市,,,296406.0,-1000.0,1114.0,296520.0,,,,
00733,富邦臺灣中小,上市,,,104000.0,0,189773.0,293773.0,,,,
3056,富華新,上市,,,293263.0,0,0,293263.0,,,,
6742,澤米,上市,,,291719.0,0,-403.0,291316.0,,,,
6672,騰輝電子-KY,上市,,,251196.0,20000.0,15207.0,286403.0,,,,
6239,力成,上市,,,685660.0,145000.0,-544798.0,285862.0,,,,
3090,日電貿,上市,,,303142.0,-7000.0,-11001.0,285141.0,,,,
1810,和成,上市,,,270187.0,0,12001.0,282188.0,,,,
1402,遠東新,上市,,,397301.0,-107000.0,-10394.0,279907.0,,,,
2547,日勝生,上市,,,286577.0,-12530.0,1000.0,275047.0,,,,
6901,鑽石投資,上市,,,253650.0,0,17043.0,270693.0,,,,
2535,達欣工,上市,,,268411.0,0,772.0,269183.0,,,,
6415,矽力*-KY,上市,,,263981.0,5000.0,-764.0,268217.0,,,,
1722,台肥,上市,,,265129.0,5000.0,-1983.0,268146.0,,,,
2379,瑞昱,上市,,,95044.0,127000.0,45520.0,267564.0,,,,
2025,千興,上市,,,263962.0,0,0,263962.0,,,,
4178,永笙-KY,上市,,,264000.0,0,-3710.0,260290.0,,,,
1905,華紙,上市,,,296507.0,0,-36711.0,259796.0,,,,
4142,國光生,上市,,,257130.0,0,-307.0,256823.0,,,,
00885,富邦越南,上市,,,53000.0,0,199937.0,252937.0,,,,
9921,巨大,上市,,,250092.0,1000.0,500.0,251592.0,,,,
3189,景碩,上市,,,232432.0,97000.0,-78269.0,251163.0,,,,
00995A,主動中信台灣卓越,上市,,,116110.0,0,134922.0,251032.0,,,,
6285,啟碁,上市,,,154939.0,9000.0,82957.0,246896.0,,,,
2377,微星,上市,,,674547.0,-497000.0,67518.0,245065.0,,,,
6526,達發,上市,,,160942.0,50000.0,27738.0,238680.0,,,,
00669R,國泰美國道瓊反1,上市,,,0,0,237300.0,237300.0,,,,
2421,建準,上市,,,322470.0,11000.0,-97330.0,236140.0,,,,
4927,泰鼎-KY,上市,,,148241.0,0,86905.0,235146.0,,,,
2812,台中銀,上市,,,232000.0,0,0,232000.0,,,,
009811,統一美國50,上市,,,-4000.0,0,234649.0,230649.0,,,,
1808,潤隆,上市,,,251029.0,0,-27000.0,224029.0,,,,
2020,美亞,上市,,,218100.0,0,3000.0,221100.0,,,,
2406,國碩,上市,,,240000.0,-15000.0,-6000.0,219000.0,,,,
3094,聯傑,上市,,,209500.0,0,8000.0,217500.0,,,,
2607,榮運,上市,,,217466.0,0,0,217466.0,,,,
1218,泰山,上市,,,216179.0,0,0,216179.0,,,,
8105,凌巨,上市,,,217104.0,0,-1162.0,215942.0,,,,
1215,卜蜂,上市,,,214105.0,1000.0,0,215105.0,,,,
6541,泰福-KY,上市,,,215000.0,0,0,215000.0,,,,
2892,第一金,上市,,,85897.0,129893.0,-2159.0,213631.0,,,,
6426,統新,上市,,,203100.0,0,9669.0,212769.0,,,,
2634,漢翔,上市,,,134601.0,-23000.0,97657.0,209258.0,,,,
00987A,主動台新優勢成長,上市,,,93000.0,0,113211.0,206211.0,,,,
1522,堤維西,上市,,,205320.0,0,-1000.0,204320.0,,,,
1907,永豐餘,上市,,,214761.0,7000.0,-21000.0,200761.0,,,,
3550,聯穎,上市,,,203881.0,-4000.0,-380.0,199501.0,,,,
8476,台境*,上市,,,201000.0,-5000.0,-1000.0,195000.0,,,,
2106,建大,上市,,,192137.0,0,0,192137.0,,,,
2530,華建,上市,,,194000.0,-3154.0,0,190846.0,,,,
9941,裕融,上市,,,189000.0,0,-3000.0,186000.0,,,,
4526,東台,上市,,,190126.0,0,-5724.0,184402.0,,,,
6658,聯策,上市,,,177352.0,0,6169.0,183521.0,,,,
1736,喬山,上市,,,181858.0,1000.0,407.0,183265.0,,,,
7827,漢康-KY創,上市,,,187996.0,0,-5167.0,182829.0,,,,
2428,興勤,上市,,,39918.0,-1000.0,142034.0,180952.0,,,,
9907,統一實,上市,,,196292.0,-16139.0,0,180153.0,,,,
1717,長興,上市,,,241413.0,5000.0,-66786.0,179627.0,,,,
2444,兆勁,上市,,,178026.0,0,1000.0,179026.0,,,,
1773,勝一,上市,,,210537.0,2000.0,-33793.0,178744.0,,,,
2493,揚博,上市,,,102608.0,-5000.0,75521.0,173129.0,,,,
5269,祥碩,上市,,,127337.0,13000.0,30756.0,171093.0,,,,
3705,永信,上市,,,160848.0,0,10000.0,170848.0,,,,
5880,合庫金,上市,,,171019.0,13065.0,-15000.0,169084.0,,,,
2201,裕隆,上市,,,144457.0,32000.0,-11973.0,164484.0,,,,
6416,瑞祺電通,上市,,,158433.0,0,0,158433.0,,,,
00752,中信中國50,上市,,,52063.0,0,106012.0,158075.0,,,,
6670,復盛應用,上市,,,156532.0,0,448.0,156980.0,,,,
6271,同欣電,上市,,,-82447.0,208000.0,27609.0,153162.0,,,,
00770,國泰北美科技,上市,,,62131.0,0,90901.0,153032.0,,,,
4915,致伸,上市,,,1378935.0,-1234000.0,6210.0,151145.0,,,,
8162,微矽電子-創,上市,,,149916.0,0,-808.0,149108.0,,,,
8926,台汽電,上市,,,93684.0,0,53373.0,147057.0,,,,
3653,健策,上市,,,247986.0,-52932.0,-49437.0,145617.0,,,,
2883B,凱基金乙特,上市,,,140000.0,0,5000.0,145000.0,,,,
2362,藍天,上市,,,141000.0,0,4000.0,145000.0,,,,
4807,日成-KY,上市,,,144000.0,0,-673.0,143327.0,,,,
00982D,主動富邦動態入息,上市,,,5000.0,0,138000.0,143000.0,,,,
2731,雄獅,上市,,,138316.0,0,1000.0,139316.0,,,,
3005,神基,上市,,,197860.0,25227.0,-83775.0,139312.0,,,,
6205,詮欣,上市,,,137523.0,0,608.0,138131.0,,,,
00763U,期街口道瓊銅,上市,,,-8000.0,0,143398.0,135398.0,,,,
2395,研華,上市,,,164376.0,-23569.0,-7039.0,133768.0,,,,
6691,洋基工程,上市,,,124652.0,3000.0,5318.0,132970.0,,,,
2461,光群雷,上市,,,129879.0,0,2000.0,131879.0,,,,
3673,TPK-KY,上市,,,345776.0,0,-215855.0,129921.0,,,,
6136,富爾特,上市,,,130664.0,0,-1000.0,129664.0,,,,
2107,厚生,上市,,,128112.0,0,0,128112.0,,,,
00994A,主動第一金台股優,上市,,,-7458880.0,0,7582664.0,123784.0,,,,
1712,興農,上市,,,125108.0,-3494.0,782.0,122396.0,,,,
6598,ABC-KY,上市,,,118926.0,0,2000.0,120926.0,,,,
6873,泓德能源,上市,,,119584.0,0,0,119584.0,,,,
1560,中砂,上市,,,140822.0,7000.0,-28823.0,118999.0,,,,
1762,中化生,上市,,,118000.0,0,-2000.0,116000.0,,,,
2017,官田鋼,上市,,,113824.0,0,0,113824.0,,,,
3030,德律,上市,,,111578.0,1000.0,1082.0,113660.0,,,,
1904,正隆,上市,,,123038.0,0,-9923.0,113115.0,,,,
3447,展達,上市,,,113000.0,0,0,113000.0,,,,
2010,春源,上市,,,112279.0,0,0,112279.0,,,,
6196,帆宣,上市,,,115447.0,2000.0,-5241.0,112206.0,,,,
3050,鈺德,上市,,,112000.0,0,0,112000.0,,,,
6515,穎崴,上市,,,549374.0,-444000.0,5973.0,111347.0,,,,
2850,新產,上市,,,111248.0,0,0,111248.0,,,,
9955,佳龍,上市,,,109642.0,0,0,109642.0,,,,
6155,鈞寶,上市,,,190509.0,-3000.0,-79999.0,107510.0,,,,
9917,中保科,上市,,,165257.0,-58000.0,0,107257.0,,,,
2390,云辰,上市,,,107000.0,0,0,107000.0,,,,
00983D,主動富邦複合收益,上市,,,420000.0,0,-313279.0,106721.0,,,,
00926,凱基全球菁英55,上市,,,1120.0,0,104816.0,105936.0,,,,
3029,零壹,上市,,,72826.0,0,32789.0,105615.0,,,,
00924,復華S&P500成長,上市,,,-3842.0,0,108415.0,104573.0,,,,
1308,亞聚,上市,,,109148.0,0,-6903.0,102245.0,,,,
00936,台新永續高息中小,上市,,,36000.0,0,64384.0,100384.0,,,,
6277,宏正,上市,,,93500.0,0,6216.0,99716.0,,,,
1615,大山,上市,,,86000.0,0,12501.0,98501.0,,,,
2617,台航,上市,,,96342.0,0,605.0,96947.0,,,,
8442,威宏-KY,上市,,,99000.0,-591.0,-2000.0,96409.0,,,,
6757,台灣虎航,上市,,,96167.0,0,0,96167.0,,,,
00636,國泰中國A50,上市,,,219000.0,0,-125715.0,93285.0,,,,
2612,中航,上市,,,94244.0,0,-1677.0,92567.0,,,,
9914,美利達,上市,,,67000.0,0,23663.0,90663.0,,,,
1789,神隆,上市,,,90038.0,0,0,90038.0,,,,
1702,南僑,上市,,,90269.0,0,-579.0,89690.0,,,,
7769,鴻勁,上市,,,79295.0,8679.0,402.0,88376.0,,,,
8021,尖點,上市,,,156036.0,107000.0,-174763.0,88273.0,,,,
3515,華擎,上市,,,86527.0,0,-50.0,86477.0,,,,
1806,冠軍,上市,,,86891.0,0,-1000.0,85891.0,,,,
6505,台塑化,上市,,,-14513191.0,14835579.0,-238807.0,83581.0,,,,
6668,中揚光,上市,,,83065.0,0,0,83065.0,,,,
6191,精成科,上市,,,80253.0,13000.0,-10922.0,82331.0,,,,
00876,元大全球5G,上市,,,11000.0,0,70410.0,81410.0,,,,
3528,安馳,上市,,,80975.0,0,0,80975.0,,,,
00932,兆豐永續高息等權,上市,,,-1000.0,0,81774.0,80774.0,,,,
00652,富邦印度,上市,,,-5000.0,0,85353.0,80353.0,,,,
00960,野村全球航運龍頭,上市,,,10.0,0,79247.0,79257.0,,,,
1104,環泥,上市,,,75078.0,4000.0,0,79078.0,,,,
2913,農林,上市,,,78753.0,0,0,78753.0,,,,
6830,汎銓,上市,,,59804.0,21000.0,-2414.0,78390.0,,,,
3040,遠見,上市,,,78200.0,0,0,78200.0,,,,
020039,元大加權N,上市,,,0,0,78000.0,78000.0,,,,
6589,台康生技,上市,,,70369.0,0,7000.0,77369.0,,,,
3703,欣陸,上市,,,77022.0,0,0,77022.0,,,,
6869,雲豹能源,上市,,,76246.0,0,234.0,76480.0,,,,
00911,兆豐洲際半導體,上市,,,285.0,0,76004.0,76289.0,,,,
00861,元大全球未來通訊,上市,,,26000.0,0,49850.0,75850.0,,,,
1444,力麗,上市,,,117781.0,-35000.0,-7670.0,75111.0,,,,
2031,新光鋼,上市,,,74232.0,0,593.0,74825.0,,,,
2204,中華,上市,,,79934.0,-5794.0,273.0,74413.0,,,,
00683L,期元大美元指正2,上市,,,25000.0,0,49000.0,74000.0,,,,
2753,八方雲集,上市,,,73223.0,-1003.0,-10.0,72210.0,,,,
6789,采鈺,上市,,,83242.0,2000.0,-13401.0,71841.0,,,,
1731,美吾華,上市,,,71060.0,0,0,71060.0,,,,
00971,野村美國研發龍頭,上市,,,0,0,70458.0,70458.0,,,,
00986A,主動台新龍頭成長,上市,,,-6000.0,0,75658.0,69658.0,,,,
00643,群益深証中小,上市,,,152000.0,0,-83030.0,68970.0,,,,
2495,普安,上市,,,67687.0,0,-187.0,67500.0,,,,
3028,增你強,上市,,,89136.0,0,-21695.0,67441.0,,,,
3716,中化控股,上市,,,65606.0,0,0,65606.0,,,,
1445,大宇,上市,,,65000.0,0,0,65000.0,,,,
0061,元大寶滬深,上市,,,348000.0,0,-283429.0,64571.0,,,,
00648R,元大S&P500反1,上市,,,0,0,64000.0,64000.0,,,,
6534,正瀚-創,上市,,,63000.0,0,0,63000.0,,,,
3058,立德,上市,,,63000.0,0,0,63000.0,,,,
6504,南六,上市,,,62000.0,0,734.0,62734.0,,,,
2427,三商電,上市,,,60756.0,0,1000.0,61756.0,,,,
2611,志信,上市,,,61577.0,0,0,61577.0,,,,
2072,世紀風電,上市,,,61032.0,0,145.0,61177.0,,,,
3044,健鼎,上市,,,10868.0,24000.0,25432.0,60300.0,,,,
9946,三發地產,上市,,,66000.0,-7000.0,0,59000.0,,,,
1563,巧新,上市,,,53040.0,0,5754.0,58794.0,,,,
3024,憶聲,上市,,,58783.0,0,0,58783.0,,,,
4306,炎洲,上市,,,56533.0,0,0,56533.0,,,,
3047,訊舟,上市,,,56270.0,0,44.0,56314.0,,,,
2348,海悅,上市,,,56277.0,0,0,56277.0,,,,
2548,華固,上市,,,52978.0,1000.0,1373.0,55351.0,,,,
2538,基泰,上市,,,55000.0,0,0,55000.0,,,,
1471,首利,上市,,,52000.0,0,3000.0,55000.0,,,,
3041,揚智,上市,,,54320.0,0,0,54320.0,,,,
2397,友通,上市,,,53218.0,0,1000.0,54218.0,,,,
00700,富邦恒生國企,上市,,,0,0,53835.0,53835.0,,,,
5607,遠雄港,上市,,,52412.0,0,0,52412.0,,,,
5225,東科-KY,上市,,,52191.0,0,-57.0,52134.0,,,,
2442,新美齊,上市,,,51599.0,0,0,51599.0,,,,
1760,寶齡富錦,上市,,,51157.0,0,0,51157.0,,,,
00982T,平衡兆豐台美動能,上市,,,1000.0,0,49323.0,50323.0,,,,
1321,大洋,上市,,,36002.0,0,14000.0,50002.0,,,,
2231,為升,上市,,,49917.0,0,-392.0,49525.0,,,,
3062,建漢,上市,,,125000.0,0,-75488.0,49512.0,,,,
2404,漢唐,上市,,,-48006.0,126000.0,-29848.0,48146.0,,,,
2425,承啟,上市,,,51000.0,-4000.0,1000.0,48000.0,,,,
2453,凌群,上市,,,48000.0,0,0,48000.0,,,,
2480,敦陽科,上市,,,44870.0,0,2792.0,47662.0,,,,
1734,杏輝,上市,,,47139.0,0,0,47139.0,,,,
5706,鳳凰,上市,,,50000.0,0,-4000.0,46000.0,,,,
1201,味全,上市,,,60934.0,0,-15000.0,45934.0,,,,
6550,北極星藥業-KY,上市,,,38558.0,0,7000.0,45558.0,,,,
2534,宏盛,上市,,,45000.0,0,0,45000.0,,,,
00989A,主動摩根美國科技,上市,,,-11000.0,0,55857.0,44857.0,,,,
8104,錸寶,上市,,,44344.0,0,0,44344.0,,,,
8016,矽創,上市,,,4028.0,38000.0,2252.0,44280.0,,,,
6582,申豐,上市,,,44000.0,0,0,44000.0,,,,
7822,倍利科,上市,,,43325.0,0,407.0,43732.0,,,,
2545,皇翔,上市,,,43089.0,0,290.0,43379.0,,,,
8163,達方,上市,,,43098.0,0,151.0,43249.0,,,,
8103,瀚荃,上市,,,88036.0,0,-45424.0,42612.0,,,,
2723,美食-KY,上市,,,42230.0,0,0,42230.0,,,,
1752,南光,上市,,,41000.0,0,1000.0,42000.0,,,,
8081,致新,上市,,,-345.0,42000.0,-381.0,41274.0,,,,
6657,華安,上市,,,41000.0,0,0,41000.0,,,,
2613,中櫃,上市,,,40943.0,0,0,40943.0,,,,
6558,興能高,上市,,,39069.0,0,0,39069.0,,,,
2882A,國泰特,上市,,,0,39000.0,0,39000.0,,,,
4935,茂林-KY,上市,,,30870.0,0,6000.0,36870.0,,,,
1449,佳和,上市,,,44418.0,0,-8000.0,36418.0,,,,
6431,光麗-KY,上市,,,33000.0,0,2000.0,35000.0,,,,
6862,三集瑞-KY,上市,,,45018.0,0,-10060.0,34958.0,,,,
1231,聯華食,上市,,,34972.0,0,-400.0,34572.0,,,,
6189,豐藝,上市,,,32094.0,0,2220.0,34314.0,,,,
4976,佳凌,上市,,,34256.0,0,0,34256.0,,,,
5515,建國,上市,,,48000.0,0,-14000.0,34000.0,,,,
2881B,富邦金乙特,上市,,,0,34000.0,0,34000.0,,,,
4104,佳醫,上市,,,34000.0,0,0,34000.0,,,,
2383,台光電,上市,,,-16830.0,59503.0,-9680.0,32993.0,,,,
1707,葡萄王,上市,,,32879.0,0,-151.0,32728.0,,,,
3535,晶彩科,上市,,,18048.0,0,14446.0,32494.0,,,,
6909,創控,上市,,,32030.0,0,0,32030.0,,,,
6605,帝寶,上市,,,31371.0,0,0,31371.0,,,,
1524,耿鼎,上市,,,36320.0,0,-5000.0,31320.0,,,,
00949,復華日本龍頭,上市,,,-10000.0,0,41184.0,31184.0,,,,
6112,邁達特,上市,,,29110.0,0,1637.0,30747.0,,,,
2630,亞航,上市,,,40000.0,0,-11087.0,28913.0,,,,
7855,和運租車,上市,,,27589.0,0,1000.0,28589.0,,,,
00899,FT潔淨能源,上市,,,-1000.0,0,28957.0,27957.0,,,,
2820,華票,上市,,,27888.0,0,0,27888.0,,,,
1515,力山,上市,,,34000.0,-7000.0,766.0,27766.0,,,,
5306,桂盟,上市,,,27035.0,0,0,27035.0,,,,
4106,雃博,上市,,,27000.0,0,0,27000.0,,,,
3052,夆典,上市,,,26000.0,0,0,26000.0,,,,
1776,展宇,上市,,,27000.0,0,-1000.0,26000.0,,,,
2852,第一保,上市,,,25270.0,0,0,25270.0,,,,
8114,振樺電,上市,,,26036.0,-1000.0,38.0,25074.0,,,,
00895,富邦未來車,上市,,,113000.0,0,-87952.0,25048.0,,,,
2707,晶華,上市,,,25030.0,0,0,25030.0,,,,
1536,和大,上市,,,41859.0,0,-17673.0,24186.0,,,,
2022,聚亨,上市,,,24184.0,0,0,24184.0,,,,
2015,豐興,上市,,,24102.0,0,0,24102.0,,,,
2911,麗嬰房,上市,,,24000.0,0,0,24000.0,,,,
2537,聯上發,上市,,,24000.0,0,0,24000.0,,,,
00905,FT臺灣Smart,上市,,,-45397.0,0,68825.0,23428.0,,,,
1232,大統益,上市,,,23024.0,0,0,23024.0,,,,
4562,穎漢,上市,,,23000.0,0,0,23000.0,,,,
00670L,富邦NASDAQ正2,上市,,,12000.0,0,10885.0,22885.0,,,,
8249,菱光,上市,,,22331.0,0,0,22331.0,,,,
6645,金萬林-創,上市,,,24000.0,0,-2000.0,22000.0,,,,
6776,展碁國際,上市,,,22000.0,0,0,22000.0,,,,
2887H,台新新光庚特二,上市,,,22000.0,0,0,22000.0,,,,
1517,利奇,上市,,,22000.0,0,0,22000.0,,,,
6949,沛爾生醫*-創,上市,,,262366.0,0,-240376.0,21990.0,,,,
6933,AMAX-KY,上市,,,23029.0,0,-1242.0,21787.0,,,,
00952,凱基台灣AI50,上市,,,53000.0,0,-31271.0,21729.0,,,,
2062,橋椿,上市,,,21499.0,0,1.0,21500.0,,,,
2431,聯昌,上市,,,21000.0,0,0,21000.0,,,,
5546,永固-KY,上市,,,21000.0,0,0,21000.0,,,,
4583,台灣精銳,上市,,,20252.0,0,725.0,20977.0,,,,
7821,神數,上市,,,20910.0,0,0,20910.0,,,,
6225,天瀚,上市,,,20500.0,0,0,20500.0,,,,
00921,兆豐龍頭等權重,上市,,,-43000.0,0,63372.0,20372.0,,,,
1217,愛之味,上市,,,20351.0,0,0,20351.0,,,,
8464,億豐,上市,,,2440.0,6000.0,10992.0,19432.0,,,,
910322,康師傅-DR,上市,,,19000.0,0,0,19000.0,,,,
9902,台火,上市,,,8000.0,0,10500.0,18500.0,,,,
4119,旭富,上市,,,18080.0,0,212.0,18292.0,,,,
3135,凌航,上市,,,17061.0,0,1000.0,18061.0,,,,
2505,國揚,上市,,,18000.0,0,0,18000.0,,,,
1342,八貫,上市,,,19778.0,-2000.0,0,17778.0,,,,
00634R,富邦上証反1,上市,,,-1000.0,0,18060.0,17060.0,,,,
1219,福壽,上市,,,17030.0,0,0,17030.0,,,,
1540,喬福,上市,,,17000.0,0,0,17000.0,,,,
1337,再生-KY,上市,,,16896.0,0,0,16896.0,,,,
3645,達邁,上市,,,83032.0,0,-66610.0,16422.0,,,,
1227,佳格,上市,,,16130.0,0,0,16130.0,,,,
2516,新建,上市,,,16000.0,0,0,16000.0,,,,
4414,如興,上市,,,14000.0,0,2000.0,16000.0,,,,
6790,永豐實,上市,,,16122.0,0,-213.0,15909.0,,,,
2228,劍麟,上市,,,15038.0,0,0,15038.0,,,,
2536,宏普,上市,,,17000.0,0,-2000.0,15000.0,,,,
3164,景岳,上市,,,15000.0,0,0,15000.0,,,,
8478,東哥遊艇,上市,,,14999.0,0,0,14999.0,,,,
009809,富邦淨零ESG50,上市,,,0,0,14773.0,14773.0,,,,
00903,富邦元宇宙,上市,,,-42000.0,0,55666.0,13666.0,,,,
2247,汎德永業,上市,,,15001.0,-486.0,-1000.0,13515.0,,,,
6918,愛派司,上市,,,14000.0,0,-1000.0,13000.0,,,,
1466,聚隆,上市,,,12932.0,0,0,12932.0,,,,
00945B,凱基美國非投等債,上市,,,2656000.0,0,-2643653.0,12347.0,,,,
1416,廣豐,上市,,,8028.0,0,4000.0,12028.0,,,,
00684R,期元大美元指反1,上市,,,0,0,12000.0,12000.0,,,,
6591,動力-KY,上市,,,12000.0,0,0,12000.0,,,,
2414,精技,上市,,,15161.0,-5000.0,1000.0,11161.0,,,,
2387,精元,上市,,,20050.0,-3894.0,-5000.0,11156.0,,,,
009810,玉山全球藍籌100,上市,,,-1000.0,0,11576.0,10576.0,,,,
9930,中聯資源,上市,,,10000.0,0,436.0,10436.0,,,,
00731,復華富時高息低波,上市,,,3000.0,0,7282.0,10282.0,,,,
6115,鎰勝,上市,,,9045.0,0,1000.0,10045.0,,,,
9908,大台北,上市,,,10000.0,0,0,10000.0,,,,
1432,大魯閣,上市,,,10000.0,0,0,10000.0,,,,
4426,利勤,上市,,,5000.0,0,5000.0,10000.0,,,,
3002,歐格,上市,,,10000.0,0,0,10000.0,,,,
2007,燁興,上市,,,10000.0,0,0,10000.0,,,,
009818,華南永昌NASDAQxT,上市,,,0,0,9609.0,9609.0,,,,
00762,元大全球AI,上市,,,56000.0,0,-46417.0,9583.0,,,,
00875,國泰網路資安,上市,,,11993.0,0,-2420.0,9573.0,,,,
6592,和潤企業,上市,,,8970.0,0,239.0,9209.0,,,,
4441,振大環球,上市,,,13080.0,0,-4000.0,9080.0,,,,
3055,蔚華科,上市,,,26000.0,0,-17000.0,9000.0,,,,
1339,昭輝,上市,,,9000.0,0,0,9000.0,,,,
1340,勝悅-KY,上市,,,9000.0,0,0,9000.0,,,,
6625,必應,上市,,,9000.0,0,0,9000.0,,,,
3443,創意,上市,,,-83434.0,111571.0,-19818.0,8319.0,,,,
2882B,國泰金乙特,上市,,,0,0,8000.0,8000.0,,,,
1108,幸福,上市,,,8000.0,0,0,8000.0,,,,
1725,元禎,上市,,,13000.0,0,-5000.0,8000.0,,,,
2012,春雨,上市,,,10000.0,0,-2000.0,8000.0,,,,
1903,士紙,上市,,,8000.0,0,0,8000.0,,,,
00717,富邦美國特別股,上市,,,116000.0,0,-108000.0,8000.0,,,,
2482,連宇,上市,,,8000.0,0,0,8000.0,,,,
6969,成信實業*-創,上市,,,7000.0,0,870.0,7870.0,,,,
5283,禾聯碩,上市,,,7840.0,0,0,7840.0,,,,
00983A,主動中信ARK創新,上市,,,-10000.0,0,17633.0,7633.0,,,,
009808,華南永昌優選50,上市,,,17000.0,0,-9576.0,7424.0,,,,
2636,台驊控股,上市,,,7369.0,0,-68.0,7301.0,,,,
2509,全坤建,上市,,,7000.0,0,0,7000.0,,,,
2887Z1,台新新光己特,上市,,,7000.0,0,0,7000.0,,,,
6854,錼創科技-KY創,上市,,,9000.0,0,-2000.0,7000.0,,,,
3057,喬鼎,上市,,,9000.0,0,-2000.0,7000.0,,,,
6206,飛捷,上市,,,17048.0,-1000.0,-9298.0,6750.0,,,,
6754,匯僑設計,上市,,,6000.0,0,0,6000.0,,,,
1323,永裕,上市,,,6000.0,0,0,6000.0,,,,
1730,花仙子,上市,,,6000.0,0,0,6000.0,,,,
2616,山隆,上市,,,-3000.0,0,9000.0,6000.0,,,,
3296,勝德,上市,,,7000.0,0,-1000.0,6000.0,,,,
3652,精聯,上市,,,6000.0,0,0,6000.0,,,,
1733,五鼎,上市,,,6000.0,0,0,6000.0,,,,
2008,高興昌,上市,,,6000.0,0,0,6000.0,,,,
1783,和康生,上市,,,6000.0,0,0,6000.0,,,,
4137,麗豐-KY,上市,,,7000.0,-1015.0,0,5985.0,,,,
2385,群光,上市,,,4597.0,-52000.0,52982.0,5579.0,,,,
4585,達明,上市,,,6200.0,0,-760.0,5440.0,,,,
00893,國泰智能電動車,上市,,,58025.0,0,-52602.0,5423.0,,,,
1786,科妍,上市,,,10000.0,0,-4885.0,5115.0,,,,
1713,國化,上市,,,5000.0,0,0,5000.0,,,,
1474,弘裕,上市,,,4000.0,0,1000.0,5000.0,,,,
1419,新紡,上市,,,5000.0,0,0,5000.0,,,,
2506,太設,上市,,,5000.0,0,0,5000.0,,,,
6283,淳安,上市,,,5000.0,0,0,5000.0,,,,
1446,宏和,上市,,,4919.0,0,0,4919.0,,,,
2477,美隆電,上市,,,6000.0,-1699.0,0,4301.0,,,,
1220,台榮,上市,,,4098.0,0,0,4098.0,,,,
2115,六暉-KY,上市,,,4000.0,0,0,4000.0,,,,
2923,鼎固-KY,上市,,,12000.0,0,-8000.0,4000.0,,,,
4737,華廣,上市,,,4000.0,0,0,4000.0,,,,
9924,福興,上市,,,4000.0,0,0,4000.0,,,,
00689R,國泰20年美債反1,上市,,,0,0,4000.0,4000.0,,,,
6552,易華電,上市,,,4000.0,0,0,4000.0,,,,
5538,東明-KY,上市,,,-2000.0,0,6000.0,4000.0,,,,
7768,頌勝科技,上市,,,4000.0,0,0,4000.0,,,,
1623,大東電,上市,,,-7000.0,0,11000.0,4000.0,,,,
3018,隆銘綠能,上市,,,4000.0,0,0,4000.0,,,,
7631,聚賢研發-創,上市,,,2980.0,0,900.0,3880.0,,,,
00647L,元大S&P500正2,上市,,,0,0,3566.0,3566.0,,,,
8473,山林水,上市,,,3395.0,0,0,3395.0,,,,
006205,富邦上証,上市,,,34000.0,0,-30813.0,3187.0,,,,
8940,新天地,上市,,,3000.0,0,0,3000.0,,,,
6965,中傑-KY,上市,,,3000.0,0,0,3000.0,,,,
8367,建新國際,上市,,,3000.0,0,0,3000.0,,,,
6792,詠業,上市,,,3000.0,0,0,3000.0,,,,
6924,榮惠-KY創,上市,,,3000.0,0,0,3000.0,,,,
6614,資拓宏宇,上市,,,3000.0,0,0,3000.0,,,,
6184,大豐電,上市,,,3000.0,0,0,3000.0,,,,
4438,廣越,上市,,,3000.0,0,0,3000.0,,,,
2722,夏都,上市,,,3000.0,0,0,3000.0,,,,
2430,燦坤,上市,,,3000.0,0,0,3000.0,,,,
1225,福懋油,上市,,,2000.0,0,1000.0,3000.0,,,,
1435,中福,上市,,,3000.0,0,0,3000.0,,,,
1439,雋揚,上市,,,3000.0,0,0,3000.0,,,,
1726,永記,上市,,,3000.0,0,0,3000.0,,,,
4582,聚恆-創,上市,,,0,0,2944.0,2944.0,,,,
2109,華豐,上市,,,2941.0,0,0,2941.0,,,,
00739,元大MSCI A股,上市,,,32.0,0,2805.0,2837.0,,,,
5284,jpp-KY,上市,,,7455.0,0,-4764.0,2691.0,,,,
00901,永豐智能車供應鏈,上市,,,-69000.0,0,71445.0,2445.0,,,,
00920,富邦ESG綠色電力,上市,,,-5000.0,0,7375.0,2375.0,,,,
4555,氣立,上市,,,2077.0,0,142.0,2219.0,,,,
0057,富邦摩台,上市,,,1000.0,0,1200.0,2200.0,,,,
00657,國泰日經225,上市,,,-3000.0,0,5046.0,2046.0,,,,
00851,台新全球AI,上市,,,-2000.0,0,4000.0,2000.0,,,,
8499,鼎炫-KY,上市,,,2000.0,0,0,2000.0,,,,
9937,全國,上市,,,2000.0,0,0,2000.0,,,,
020000,富邦特選蘋果N,上市,,,0,0,2000.0,2000.0,,,,
6201,亞弘電,上市,,,2000.0,0,0,2000.0,,,,
6281,全國電,上市,,,2000.0,0,0,2000.0,,,,
6641,基士德-KY,上市,,,0,0,2000.0,2000.0,,,,
6931,青松健康,上市,,,2000.0,0,0,2000.0,,,,
6671,三能-KY,上市,,,2000.0,0,0,2000.0,,,,
8463,潤泰材,上市,,,2000.0,0,0,2000.0,,,,
8201,無敵,上市,,,2000.0,0,0,2000.0,,,,
1521,大億,上市,,,3000.0,0,-1000.0,2000.0,,,,
1472,三洋實業,上市,,,10000.0,0,-8000.0,2000.0,,,,
1109,信大,上市,,,2000.0,0,0,2000.0,,,,
6906,現觀科,上市,,,2000.0,0,0,2000.0,,,,
1413,宏洲,上市,,,2000.0,0,0,2000.0,,,,
9943,好樂迪,上市,,,2000.0,0,0,2000.0,,,,
1516,川飛,上市,,,1000.0,0,1000.0,2000.0,,,,
3266,昇陽,上市,,,2000.0,0,0,2000.0,,,,
2038,海光,上市,,,1967.0,0,0,1967.0,,,,
2227,裕日車,上市,,,1733.0,0,0,1733.0,,,,
1537,廣隆,上市,,,1468.0,0,0,1468.0,,,,
6464,台數科,上市,,,1360.0,0,0,1360.0,,,,
3051,力特,上市,,,1209.0,0,0,1209.0,,,,
00636K,國泰中國A50+U,上市,,,0,0,1200.0,1200.0,,,,
1720,生達,上市,,,4101.0,0,-3000.0,1101.0,,,,
6224,聚鼎,上市,,,1016.0,0,0,1016.0,,,,
4588,玖鼎電力,上市,,,1000.0,0,5.0,1005.0,,,,
5007,三星,上市,,,1000.0,0,0,1000.0,,,,
8467,波力-KY,上市,,,1000.0,0,0,1000.0,,,,
6722,輝創,上市,,,1000.0,0,0,1000.0,,,,
6908,宏碁遊戲-創,上市,,,-1000.0,0,2000.0,1000.0,,,,
6955,邦睿生技-創,上市,,,1000.0,0,0,1000.0,,,,
8482,商億-KY,上市,,,1000.0,0,0,1000.0,,,,
9926,新海,上市,,,1000.0,0,0,1000.0,,,,
9931,欣高,上市,,,1000.0,0,0,1000.0,,,,
9905,大華,上市,,,1000.0,0,0,1000.0,,,,
1626,艾美特-KY,上市,,,1000.0,0,0,1000.0,,,,
1541,錩泰,上市,,,1000.0,0,0,1000.0,,,,
1535,中宇,上市,,,1000.0,0,0,1000.0,,,,
1583,程泰,上市,,,1000.0,0,0,1000.0,,,,
1512,瑞利,上市,,,1000.0,0,0,1000.0,,,,
1454,台富,上市,,,-1000.0,0,2000.0,1000.0,,,,
1423,利華,上市,,,1000.0,0,0,1000.0,,,,
1417,嘉裕,上市,,,1000.0,0,0,1000.0,,,,
1410,南染,上市,,,1000.0,0,0,1000.0,,,,
2028,威致,上市,,,1000.0,0,0,1000.0,,,,
4545,銘鈺,上市,,,1000.0,0,0,1000.0,,,,
4439,冠星-KY,上市,,,1000.0,0,0,1000.0,,,,
4572,駐龍,上市,,,1000.0,0,0,1000.0,,,,
2910,統領,上市,,,1000.0,0,0,1000.0,,,,
2891B,中信金乙特,上市,,,0,0,1000.0,1000.0,,,,
8487,愛爾達-創,上市,,,1000.0,0,-1.0,999.0,,,,
1817,凱撒衛,上市,,,1000.0,0,-146.0,854.0,,,,
4560,強信-KY,上市,,,459.0,0,0,459.0,,,,
1906,寶隆,上市,,,286.0,0,0,286.0,,,,
7711,永擎,上市,,,2802.0,0,-2540.0,262.0,,,,
7765,中華資安,上市,,,224.0,0,0,224.0,,,,
2471,資通,上市,,,213.0,0,0,213.0,,,,
7823,奧義賽博-KY創,上市,,,0,0,40.0,40.0,,,,
8011,台通,上市,,,-4000.0,0,4000.0,0,,,,
6771,平和環保-創,上市,,,-1000.0,0,1000.0,0,,,,
1463,強盛新,上市,,,0,0,0,0,,,,
2250,IKKA-KY,上市,,,0,0,0,0,,,,
6606,建德工業,上市,,,0,0,0,0,,,,
7818,溢泰實業,上市,,,0,0,0,0,,,,
8443,阿瘦,上市,,,0,0,0,0,,,,
6934,心誠鎂,上市,,,0,0,0,0,,,,
6835,圓裕,上市,,,0,0,0,0,,,,
6655,科定,上市,,,0,0,0,0,,,,
6666,羅麗芬-KY,上市,,,0,0,0,0,,,,
5215,科嘉-KY,上市,,,1000.0,0,-1000.0,0,,,,
4942,嘉彰,上市,,,0,0,0,0,,,,
5484,慧友,上市,,,0,0,0,0,,,,
6183,關貿,上市,,,0,0,0,0,,,,
9918,欣天然,上市,,,0,0,0,0,,,,
00657K,國泰日經225+U,上市,,,0,0,0,0,,,,
00668K,國泰美國道瓊+U,上市,,,0,0,0,0,,,,
1470,大統新創,上市,,,0,0,0,0,,,,
00736,國泰新興市場,上市,,,63000.0,0,-63000.0,0,,,,
1465,偉全,上市,,,0,0,0,0,,,,
1103,嘉泥,上市,,,0,0,0,0,,,,
1233,天仁,上市,,,0,0,0,0,,,,
1235,興泰,上市,,,1000.0,0,-1000.0,0,,,,
1236,宏亞,上市,,,0,0,0,0,,,,
1539,巨庭,上市,,,0,0,0,0,,,,
4190,佐登-KY,上市,,,0,0,0,0,,,,
3168,眾福科,上市,,,0,0,0,0,,,,
2939,永邑-KY,上市,,,0,0,0,0,,,,
2642,宅配通,上市,,,0,0,0,0,,,,
00775B,台新投等債15+,上市,,,0,0,-32.0,-32.0,,,,
00682U,期元大美元指數,上市,,,0,0,-81.0,-81.0,,,,
00703,台新MSCI中國,上市,,,0,0,-209.0,-209.0,,,,
5434,崇越,上市,,,12042.0,-5000.0,-7422.0,-380.0,,,,
006203,元大MSCI台灣,上市,,,0,0,-446.0,-446.0,,,,
6491,晶碩,上市,,,12.0,0,-751.0,-739.0,,,,
6928,攸泰科技,上市,,,-800.0,0,0,-800.0,,,,
3257,虹冠電,上市,,,-809.0,0,0,-809.0,,,,
006204,永豐臺灣加權,上市,,,-1000.0,0,78.0,-922.0,,,,
00711B,復華彭博新興債,上市,,,48000.0,0,-48964.0,-964.0,,,,
1418,東華,上市,,,-1000.0,0,0,-1000.0,,,,
01009T,王道圓滿R1,上市,,,-1000.0,0,0,-1000.0,,,,
01010T,京城樂富R1,上市,,,-1000.0,0,0,-1000.0,,,,
6887,寶綠特-KY,上市,,,-1000.0,0,0,-1000.0,,,,
6794,向榮生技,上市,,,-1000.0,0,0,-1000.0,,,,
6796,晉弘,上市,,,-1000.0,0,0,-1000.0,,,,
8429,金麗-KY,上市,,,-1000.0,0,0,-1000.0,,,,
8341,日友,上市,,,-1000.0,0,0,-1000.0,,,,
7791,皇家可口,上市,,,-1000.0,0,0,-1000.0,,,,
7732,金興精密,上市,,,-1000.0,0,0,-1000.0,,,,
5288,豐祥-KY,上市,,,-1000.0,0,0,-1000.0,,,,
5525,順天,上市,,,-1000.0,0,0,-1000.0,,,,
2901,欣欣,上市,,,-1000.0,0,0,-1000.0,,,,
2904,匯僑,上市,,,-1000.0,0,0,-1000.0,,,,
2712,遠雄來,上市,,,-1000.0,0,0,-1000.0,,,,
3557,嘉威,上市,,,-1000.0,0,0,-1000.0,,,,
4557,永新-KY,上市,,,-1000.0,0,0,-1000.0,,,,
6581,鋼聯,上市,,,-1000.0,0,0,-1000.0,,,,
1614,三洋電,上市,,,-2000.0,0,1000.0,-1000.0,,,,
1443,立益物流,上市,,,-1000.0,0,0,-1000.0,,,,
6952,大武山,上市,,,-1000.0,0,0,-1000.0,,,,
00661,元大日經225,上市,,,-119000.0,0,117941.0,-1059.0,,,,
3679,新至陞,上市,,,-752.0,-474.0,0,-1226.0,,,,
1256,鮮活果汁-KY,上市,,,-1321.0,0,0,-1321.0,,,,
0051,元大中型100,上市,,,-980.0,0,-404.0,-1384.0,,,,
00709,富邦歐洲,上市,,,753.0,0,-2303.0,-1550.0,,,,
8374,羅昇,上市,,,0,0,-1600.0,-1600.0,,,,
8454,富邦媒,上市,,,-2923.0,1000.0,84.0,-1839.0,,,,
7799,禾榮科,上市,,,-2847.0,1000.0,0,-1847.0,,,,
2906,高林,上市,,,1000.0,0,-2957.0,-1957.0,,,,
020030,統一智慧電動車N,上市,,,0,0,-2000.0,-2000.0,,,,
1437,勤益控,上市,,,-2000.0,0,0,-2000.0,,,,
6230,尼得科超眾,上市,,,-2000.0,0,0,-2000.0,,,,
00702,國泰標普低波高息,上市,,,0,0,-2000.0,-2000.0,,,,
9912,偉聯,上市,,,-3000.0,0,1000.0,-2000.0,,,,
910861,神州-DR,上市,,,-2000.0,0,0,-2000.0,,,,
911608,明輝-DR,上市,,,-2000.0,0,0,-2000.0,,,,
1587,吉茂,上市,,,-2000.0,0,0,-2000.0,,,,
1525,江申,上市,,,-2000.0,0,0,-2000.0,,,,
1805,寶徠,上市,,,-2000.0,0,0,-2000.0,,,,
3419,譁裕,上市,,,-7000.0,0,5000.0,-2000.0,,,,
2450,神腦,上市,,,-2000.0,0,0,-2000.0,,,,
00678,群益那斯達克生技,上市,,,-2000.0,0,-2.0,-2002.0,,,,
00972,野村日本動能高息,上市,,,0,0,-2186.0,-2186.0,,,,
6914,阜爾運通,上市,,,-2400.0,0,0,-2400.0,,,,
2460,建通,上市,,,-2688.0,0,0,-2688.0,,,,
3312,弘憶股,上市,,,-3792.0,0,1000.0,-2792.0,,,,
6698,旭暉應材,上市,,,-2972.0,0,0,-2972.0,,,,
7803,雲象科技-創,上市,,,-6000.0,0,3000.0,-3000.0,,,,
6128,上福,上市,,,-3000.0,0,0,-3000.0,,,,
4994,傳奇,上市,,,-3000.0,0,0,-3000.0,,,,
3308,聯德,上市,,,-2000.0,0,-1000.0,-3000.0,,,,
3494,誠研,上市,,,-3000.0,0,0,-3000.0,,,,
3054,立萬利,上市,,,-5000.0,0,2000.0,-3000.0,,,,
2524,京城,上市,,,-3000.0,0,0,-3000.0,,,,
2704,國賓,上市,,,-3000.0,0,0,-3000.0,,,,
2024,志聯,上市,,,-5000.0,0,2000.0,-3000.0,,,,
2013,中鋼構,上市,,,-3000.0,0,0,-3000.0,,,,
2114,鑫永銓,上市,,,-3000.0,0,0,-3000.0,,,,
2433,互盛電,上市,,,-3000.0,0,0,-3000.0,,,,
1475,業旺,上市,,,-3000.0,0,0,-3000.0,,,,
1438,三地開發,上市,,,-3000.0,0,0,-3000.0,,,,
2438,翔耀,上市,,,-8000.0,0,5000.0,-3000.0,,,,
2539,櫻花建,上市,,,-4000.0,1000.0,0,-3000.0,,,,
1414,東和,上市,,,-8005.0,0,5000.0,-3005.0,,,,
00783,富邦中証500,上市,,,0,0,-3028.0,-3028.0,,,,
6438,迅得,上市,,,22346.0,0,-25527.0,-3181.0,,,,
4968,立積,上市,,,-2909.0,0,-306.0,-3215.0,,,,
3004,豐達科,上市,,,-6009.0,0,2507.0,-3502.0,,,,
3130,一零四,上市,,,-3685.0,0,0,-3685.0,,,,
2514,龍邦,上市,,,-4000.0,0,0,-4000.0,,,,
2380,虹光,上市,,,-4000.0,0,0,-4000.0,,,,
6807,峰源-KY,上市,,,-4000.0,0,0,-4000.0,,,,
6958,日盛台駿,上市,,,-4000.0,0,0,-4000.0,,,,
2748,雲品,上市,,,-4000.0,0,0,-4000.0,,,,
3607,谷崧,上市,,,-4000.0,0,0,-4000.0,,,,
1441,大東,上市,,,-4000.0,0,0,-4000.0,,,,
2373,震旦行,上市,,,-4000.0,0,0,-4000.0,,,,
8466,美吉吉-KY,上市,,,-4000.0,0,0,-4000.0,,,,
6921,嘉雨思-創,上市,,,-4000.0,0,0,-4000.0,,,,
00666R,富邦恒生國企反1,上市,,,0,0,-4000.0,-4000.0,,,,
6192,巨路,上市,,,-4230.0,0,0,-4230.0,,,,
6951,青新-創,上市,,,-10173.0,0,5921.0,-4252.0,,,,
6414,樺漢,上市,,,-34252.0,55000.0,-25275.0,-4527.0,,,,
1457,宜進,上市,,,-4925.0,0,0,-4925.0,,,,
1338,廣華-KY,上市,,,-5000.0,0,0,-5000.0,,,,
4148,全宇生技-KY,上市,,,-3000.0,0,-2000.0,-5000.0,,,,
00771,元大US高息特別股,上市,,,0,0,-5259.0,-5259.0,,,,
3596,智易,上市,,,-25712.0,0,20166.0,-5546.0,,,,
00645,富邦日本,上市,,,-3000.0,0,-2931.0,-5931.0,,,,
00660,元大歐洲50,上市,,,0,0,-6000.0,-6000.0,,,,
5533,皇鼎,上市,,,-6000.0,0,0,-6000.0,,,,
6936,永鴻生技,上市,,,-6000.0,0,0,-6000.0,,,,
6916,華凌,上市,,,-5000.0,0,-1000.0,-6000.0,,,,
4569,六方科-KY,上市,,,-6000.0,0,0,-6000.0,,,,
1324,地球,上市,,,-6000.0,0,0,-6000.0,,,,
2424,隴華,上市,,,-6000.0,0,0,-6000.0,,,,
9929,秋雨,上市,,,-8000.0,0,2000.0,-6000.0,,,,
3038,全台,上市,,,-6000.0,0,0,-6000.0,,,,
4571,鈞興-KY,上市,,,-4784.0,0,-2076.0,-6860.0,,,,
2706,第一店,上市,,,-7000.0,0,0,-7000.0,,,,
1526,日馳,上市,,,-7000.0,0,0,-7000.0,,,,
020031,統一IC設計臺灣N,上市,,,0,0,-7000.0,-7000.0,,,,
3043,科風,上市,,,-7000.0,0,0,-7000.0,,,,
3305,昇貿,上市,,,-1383.0,0,-5642.0,-7025.0,,,,
1530,亞崴,上市,,,-7060.0,0,0,-7060.0,,,,
3092,鴻碩,上市,,,-7100.0,0,0,-7100.0,,,,
006207,復華滬深,上市,,,100000.0,0,-107299.0,-7299.0,,,,
6164,華興,上市,,,-7453.0,0,0,-7453.0,,,,
6988,威力暘-創,上市,,,-11000.0,0,3400.0,-7600.0,,,,
2832,台產,上市,,,-5650.0,-2187.0,0,-7837.0,,,,
2929,淘帝-KY,上市,,,-8000.0,0,0,-8000.0,,,,
2701,萬企,上市,,,-8000.0,0,0,-8000.0,,,,
3432,台端,上市,,,-8000.0,0,0,-8000.0,,,,
3501,維熹,上市,,,-8000.0,0,0,-8000.0,,,,
1737,臺鹽,上市,,,-8000.0,0,0,-8000.0,,,,
2440,太空梭,上市,,,-8000.0,0,0,-8000.0,,,,
2488,漢平,上市,,,-6000.0,0,-2000.0,-8000.0,,,,
7740,熙特爾-創,上市,,,-8931.0,0,727.0,-8204.0,,,,
00656R,國泰中國A50反1,上市,,,0,0,-8312.0,-8312.0,,,,
7722,LINEPAY,上市,,,-8063.0,0,-808.0,-8871.0,,,,
1447,力鵬,上市,,,17012.0,-26000.0,0,-8988.0,,,,
1203,味王,上市,,,-9000.0,0,0,-9000.0,,,,
2739,寒舍,上市,,,-9000.0,0,0,-9000.0,,,,
2849,安泰銀,上市,,,-9000.0,0,0,-9000.0,,,,
7721,微程式,上市,,,-10000.0,0,1000.0,-9000.0,,,,
6674,鋐寶科技,上市,,,-9000.0,0,0,-9000.0,,,,
9942,茂順,上市,,,-9000.0,0,0,-9000.0,,,,
2432,倚天酷碁-創,上市,,,-3000.0,0,-6034.0,-9034.0,,,,
2207,和泰車,上市,,,-12443.0,3000.0,-527.0,-9970.0,,,,
1456,怡華,上市,,,-11000.0,0,1000.0,-10000.0,,,,
2908,特力,上市,,,-10000.0,0,0,-10000.0,,,,
2459,敦吉,上市,,,-10000.0,0,0,-10000.0,,,,
3150,鈺寶-創,上市,,,-8000.0,0,-2000.0,-10000.0,,,,
3686,達能,上市,,,-10000.0,0,0,-10000.0,,,,
9944,新麗,上市,,,-10000.0,0,0,-10000.0,,,,
00681R,元大美債20反1,上市,,,-10000.0,0,0,-10000.0,,,,
5519,隆大,上市,,,-10000.0,0,0,-10000.0,,,,
5907,大洋-KY,上市,,,-10000.0,0,0,-10000.0,,,,
1110,東泥,上市,,,-10000.0,0,0,-10000.0,,,,
2702,華園,上市,,,-10000.0,0,0,-10000.0,,,,
00714,群益道瓊美國地產,上市,,,-1000.0,0,-9498.0,-10498.0,,,,
00668,國泰美國道瓊,上市,,,20.0,0,-10885.0,-10865.0,,,,
9911,櫻花,上市,,,-11947.0,1000.0,0,-10947.0,,,,
6477,安集,上市,,,-12000.0,0,1000.0,-11000.0,,,,
6923,中台,上市,,,-11000.0,0,0,-11000.0,,,,
7812,稜研科技*-創,上市,,,-11000.0,0,0,-11000.0,,,,
2762,世界健身-KY,上市,,,-11000.0,0,0,-11000.0,,,,
1453,大將,上市,,,-11000.0,0,0,-11000.0,,,,
2434,統懋,上市,,,-11000.0,0,0,-11000.0,,,,
4169,泰宗,上市,,,-11160.0,0,0,-11160.0,,,,
5608,四維航,上市,,,-10484.0,0,-1000.0,-11484.0,,,,
1442,名軒,上市,,,-7645.0,0,-4000.0,-11645.0,,,,
3669,圓展,上市,,,-12000.0,0,0,-12000.0,,,,
1452,宏益,上市,,,-10002.0,0,-2000.0,-12002.0,,,,
1513,中興電,上市,,,-65263.0,21000.0,32138.0,-12125.0,,,,
2466,冠西電,上市,,,-9450.0,-6000.0,3000.0,-12450.0,,,,
1909,榮成,上市,,,-18952.0,0,6000.0,-12952.0,,,,
9934,成霖,上市,,,-13000.0,0,0,-13000.0,,,,
3518,柏騰,上市,,,-13030.0,0,0,-13030.0,,,,
1506,正道,上市,,,-13100.0,0,0,-13100.0,,,,
6805,富世達,上市,,,261970.0,-275000.0,-106.0,-13136.0,,,,
00710B,復華彭博非投等債,上市,,,91000.0,0,-104320.0,-13320.0,,,,
3617,碩天,上市,,,-16976.0,0,3243.0,-13733.0,,,,
6243,迅杰,上市,,,-14000.0,0,0,-14000.0,,,,
1234,黑松,上市,,,-14000.0,0,-213.0,-14213.0,,,,
4766,南寶,上市,,,-14458.0,0,0,-14458.0,,,,
7736,虎山,上市,,,-15000.0,0,0,-15000.0,,,,
7705,三商餐飲,上市,,,-15000.0,0,0,-15000.0,,,,
1464,得力,上市,,,-15002.0,0,0,-15002.0,,,,
4590,富田-創,上市,,,-15000.0,0,-168.0,-15168.0,,,,
1467,南緯,上市,,,-15652.0,0,0,-15652.0,,,,
7786,東方風能,上市,,,-16978.0,0,1000.0,-15978.0,,,,
6689,伊雲谷,上市,,,-15980.0,0,0,-15980.0,,,,
7835,永悅健康-創,上市,,,-23000.0,0,7000.0,-16000.0,,,,
6947,台鎔科技,上市,,,-16000.0,0,0,-16000.0,,,,
2349,錸德,上市,,,-16382.0,0,0,-16382.0,,,,
6177,達麗,上市,,,-8700.0,-6896.0,-1000.0,-16596.0,,,,
8222,寶一,上市,,,-17000.0,0,0,-17000.0,,,,
9927,泰銘,上市,,,-17000.0,0,0,-17000.0,,,,
2462,良得電,上市,,,-17000.0,0,0,-17000.0,,,,
4536,拓凱,上市,,,-17001.0,0,-275.0,-17276.0,,,,
6799,來頡,上市,,,-16938.0,0,-1000.0,-17938.0,,,,
020034,元大IC設計N,上市,,,0,0,-18000.0,-18000.0,,,,
6573,虹揚-KY,上市,,,-18000.0,0,0,-18000.0,,,,
00730,富邦臺灣優質高息,上市,,,-8000.0,0,-10097.0,-18097.0,,,,
1307,三芳,上市,,,-18056.0,0,-53.0,-18109.0,,,,
00674R,期元大S&P黃金反1,上市,,,-1000.0,0,-17503.0,-18503.0,,,,
3504,揚明光,上市,,,-19133.0,0,247.0,-18886.0,,,,
2364,倫飛,上市,,,-19989.0,0,1000.0,-18989.0,,,,
912000,晨訊科-DR,上市,,,-19000.0,0,0,-19000.0,,,,
6165,浪凡,上市,,,-19000.0,0,0,-19000.0,,,,
9919,康那香,上市,,,-18000.0,0,-1000.0,-19000.0,,,,
2405,輔信,上市,,,-19001.0,0,0,-19001.0,,,,
00981T,平衡凱基雙核收息,上市,,,10000.0,0,-29166.0,-19166.0,,,,
4195,基米-創,上市,,,-20000.0,0,668.0,-19332.0,,,,
2816,旺旺保,上市,,,-19932.0,0,0,-19932.0,,,,
2423,固緯,上市,,,-21000.0,0,1000.0,-20000.0,,,,
8045,達運光電,上市,,,-20000.0,0,0,-20000.0,,,,
1558,伸興,上市,,,-20407.0,0,0,-20407.0,,,,
6838,台新藥,上市,,,-20471.0,0,0,-20471.0,,,,
2415,錩新,上市,,,-15648.0,-4000.0,-824.0,-20472.0,,,,
006206,元大上證50,上市,,,0,0,-20695.0,-20695.0,,,,
1468,昶和,上市,,,-19000.0,0,-2000.0,-21000.0,,,,
1603,華電,上市,,,-21650.0,0,0,-21650.0,,,,
1532,勤美,上市,,,-21770.0,0,0,-21770.0,,,,
6272,驊陞,上市,,,-21950.0,0,0,-21950.0,,,,
00671R,富邦NASDAQ反1,上市,,,0,0,-22050.0,-22050.0,,,,
6442,光聖,上市,,,42983.0,0,-66794.0,-23811.0,,,,
6756,威鋒電子,上市,,,-25329.0,0,944.0,-24385.0,,,,
6861,睿生光電,上市,,,8530.0,0,-33076.0,-24546.0,,,,
1325,恆大,上市,,,-24661.0,0,0,-24661.0,,,,
2483,百容,上市,,,-24699.0,0,0,-24699.0,,,,
3530,晶相光,上市,,,-22000.0,0,-3000.0,-25000.0,,,,
6863,永道-KY,上市,,,-25000.0,0,0,-25000.0,,,,
4930,燦星網,上市,,,-24000.0,0,-1000.0,-25000.0,,,,
3592,瑞鼎,上市,,,-61855.0,38000.0,-1333.0,-25188.0,,,,
7689,大鵬科CLMX,上市,,,-26010.0,0,0,-26010.0,,,,
9802,鈺齊-KY,上市,,,-27359.0,0,1000.0,-26359.0,,,,
4440,宜新實業,上市,,,-16000.0,0,-11000.0,-27000.0,,,,
1315,達新,上市,,,-27000.0,0,0,-27000.0,,,,
5258,虹堡,上市,,,-27429.0,0,0,-27429.0,,,,
1582,信錦,上市,,,-27585.0,0,-12.0,-27597.0,,,,
1514,亞力,上市,,,-27550.0,2000.0,-2117.0,-27667.0,,,,
4771,望隼,上市,,,-28000.0,0,243.0,-27757.0,,,,
2375,凱美,上市,,,-67108.0,-4000.0,42461.0,-28647.0,,,,
8411,福貞-KY,上市,,,-1000.0,0,-28000.0,-29000.0,,,,
6472,保瑞,上市,,,-5940.0,1000.0,-24235.0,-29175.0,,,,
7730,暉盛-創,上市,,,-29000.0,0,-376.0,-29376.0,,,,
2420,新巨,上市,,,-31890.0,0,2000.0,-29890.0,,,,
1460,宏遠,上市,,,-30099.0,0,0,-30099.0,,,,
7750,新代,上市,,,-27524.0,1000.0,-4209.0,-30733.0,,,,
2546,根基,上市,,,-30798.0,0,0,-30798.0,,,,
2597,潤弘,上市,,,-30962.0,2000.0,-2000.0,-30962.0,,,,
2239,英利-KY,上市,,,-31000.0,0,0,-31000.0,,,,
9910,豐泰,上市,,,-3861.0,-18000.0,-9226.0,-31087.0,,,,
4999,鑫禾,上市,,,-32000.0,0,0,-32000.0,,,,
1436,華友聯,上市,,,-32000.0,0,0,-32000.0,,,,
00408A,主動第一金優股息,上市,,,-1000.0,0,-31261.0,-32261.0,,,,
00651R,復華香港反1,上市,,,-31000.0,0,-2000.0,-33000.0,,,,
8072,陞泰,上市,,,-33000.0,0,0,-33000.0,,,,
3622,洋華,上市,,,-31000.0,0,-2114.0,-33114.0,,,,
1616,億泰,上市,,,-32338.0,0,-1000.0,-33338.0,,,,
00640L,富邦日本正2,上市,,,-2000.0,0,-32384.0,-34384.0,,,,
5236,凌陽創新,上市,,,-35000.0,0,0,-35000.0,,,,
2029,盛餘,上市,,,-35722.0,0,0,-35722.0,,,,
2258,鴻華先進-創,上市,,,-61000.0,0,25227.0,-35773.0,,,,
3437,榮創,上市,,,-39998.0,0,4000.0,-35998.0,,,,
4164,承業醫,上市,,,-21077.0,0,-15000.0,-36077.0,,,,
9939,宏全,上市,,,-37105.0,1000.0,0,-36105.0,,,,
00897,富邦基因免疫生技,上市,,,95000.0,0,-131239.0,-36239.0,,,,
3138,耀登,上市,,,-35466.0,0,-1125.0,-36591.0,,,,
4576,大銀微系統,上市,,,-22856.0,0,-14182.0,-37038.0,,,,
5521,工信,上市,,,-37289.0,0,0,-37289.0,,,,
6533,晶心科,上市,,,-34205.0,0,-3109.0,-37314.0,,,,
5522,遠雄,上市,,,-33000.0,-756.0,-4000.0,-37756.0,,,,
6890,來億-KY,上市,,,-23944.0,0,-13897.0,-37841.0,,,,
6753,龍德造船,上市,,,-40000.0,0,2118.0,-37882.0,,,,
02001L,富邦蘋果正二N,上市,,,0,0,-38000.0,-38000.0,,,,
1533,車王電,上市,,,-38000.0,0,0,-38000.0,,,,
2426,鼎元,上市,,,-27689.0,0,-10676.0,-38365.0,,,,
00737,國泰AI機器人,上市,,,-18000.0,0,-20932.0,-38932.0,,,,
1527,鑽全,上市,,,-38999.0,0,0,-38999.0,,,,
9925,新保,上市,,,-39000.0,0,0,-39000.0,,,,
00944,野村趨勢動能高息,上市,,,-54000.0,0,13217.0,-40783.0,,,,
8110,華東,上市,,,-70000.0,0,29137.0,-40863.0,,,,
4952,凌通,上市,,,-45000.0,0,4000.0,-41000.0,,,,
2342,茂矽,上市,,,-37386.0,0,-5677.0,-43063.0,,,,
6579,研揚,上市,,,67008.0,0,-110100.0,-43092.0,,,,
5292,華懋,上市,,,-45731.0,0,133.0,-45598.0,,,,
2419,仲琦,上市,,,-44314.0,0,-1366.0,-45680.0,,,,
00728,第一金工業30,上市,,,-89000.0,0,40843.0,-48157.0,,,,
00991B,貝萊德A級公司債,上市,,,647000.0,0,-696323.0,-49323.0,,,,
1604,聲寶,上市,,,-49510.0,0,0,-49510.0,,,,
9906,欣巴巴,上市,,,-50000.0,0,0,-50000.0,,,,
1459,聯發,上市,,,-50694.0,0,0,-50694.0,,,,
2360,致茂,上市,,,-51489.0,22865.0,-22290.0,-50914.0,,,,
2497,怡利電,上市,,,-51505.0,0,0,-51505.0,,,,
3032,偉訓,上市,,,-46950.0,0,-6004.0,-52954.0,,,,
6937,天虹,上市,,,-47988.0,0,-5945.0,-53933.0,,,,
1473,台南,上市,,,-54000.0,0,0,-54000.0,,,,
00654R,富邦印度反1,上市,,,0,0,-54138.0,-54138.0,,,,
4133,亞諾法,上市,,,-55000.0,0,0,-55000.0,,,,
2498,宏達電,上市,,,144050.0,-6000.0,-193364.0,-55314.0,,,,
4552,力達-KY,上市,,,-56000.0,0,0,-56000.0,,,,
6782,視陽,上市,,,-15521.0,-20000.0,-20844.0,-56365.0,,,,
3583,辛耘,上市,,,-13379.0,0,-44285.0,-57664.0,,,,
0053,元大電子,上市,,,12030.0,0,-70150.0,-58120.0,,,,
3321,同泰,上市,,,-58000.0,0,-1000.0,-59000.0,,,,
3027,盛達,上市,,,-59505.0,0,0,-59505.0,,,,
1598,岱宇,上市,,,-60408.0,0,0,-60408.0,,,,
1568,倉佑,上市,,,-59951.0,0,-1000.0,-60951.0,,,,
5471,松翰,上市,,,-52324.0,0,-8669.0,-60993.0,,,,
2705,六福,上市,,,-61000.0,0,0,-61000.0,,,,
00655L,國泰中國A50正2,上市,,,-14000.0,0,-48451.0,-62451.0,,,,
7795,長廣,上市,,,-56447.0,0,-7367.0,-63814.0,,,,
5203,訊連,上市,,,-63930.0,0,0,-63930.0,,,,
2030,彰源,上市,,,65000.0,0,-130000.0,-65000.0,,,,
6781,AES-KY,上市,,,-69004.0,0,3623.0,-65381.0,,,,
4108,懷特,上市,,,-64000.0,0,-2000.0,-66000.0,,,,
1451,年興,上市,,,-67000.0,0,0,-67000.0,,,,
2032,新鋼,上市,,,-67732.0,0,0,-67732.0,,,,
2429,銘旺科,上市,,,-68000.0,0,0,-68000.0,,,,
4736,泰博,上市,,,-68619.0,0,0,-68619.0,,,,
2838,聯邦銀,上市,,,-75240.0,0,5706.0,-69534.0,,,,
4739,康普,上市,,,-71849.0,0,-318.0,-72167.0,,,,
6133,金橋,上市,,,-76721.0,0,4000.0,-72721.0,,,,
3046,建碁,上市,,,-70000.0,0,-3000.0,-73000.0,,,,
00908,富邦入息REITs+,上市,,,2000.0,0,-75154.0,-73154.0,,,,
5222,全訊,上市,,,-74873.0,0,351.0,-74522.0,,,,
1529,樂事綠能,上市,,,-75654.0,0,0,-75654.0,,,,
3665,貿聯-KY,上市,,,985458.0,-1116066.0,54624.0,-75984.0,,,,
3021,鴻名,上市,,,-77000.0,0,0,-77000.0,,,,
6525,捷敏-KY,上市,,,-71135.0,-3000.0,-3082.0,-77217.0,,,,
2211,長榮鋼,上市,,,-78000.0,1000.0,-495.0,-77495.0,,,,
6768,志強-KY,上市,,,-76950.0,0,-1019.0,-77969.0,,,,
2501,國建,上市,,,-78995.0,0,250.0,-78745.0,,,,
8215,明基材,上市,,,-59880.0,-5000.0,-14539.0,-79419.0,,,,
9136,巨騰-DR,上市,,,-82000.0,0,700.0,-81300.0,,,,
3011,今皓,上市,,,-82000.0,0,0,-82000.0,,,,
8462,柏文,上市,,,-83317.0,0,0,-83317.0,,,,
2441,超豐,上市,,,-317788.0,235000.0,-4089.0,-86877.0,,,,
2243,宏旭-KY,上市,,,-84376.0,-3000.0,0,-87376.0,,,,
3003,健和興,上市,,,-79585.0,0,-7965.0,-87550.0,,,,
9940,信義,上市,,,-87796.0,0,0,-87796.0,,,,
5469,瀚宇博,上市,,,-50257.0,-46000.0,7938.0,-88319.0,,,,
3060,銘異,上市,,,-82948.0,-6000.0,0,-88948.0,,,,
6994,富威電力,上市,,,-89000.0,0,0,-89000.0,,,,
6743,安普新,上市,,,-87576.0,-1815.0,0,-89391.0,,,,
00692,富邦公司治理,上市,,,-15042.0,0,-75891.0,-90933.0,,,,
4961,天鈺,上市,,,-140513.0,50000.0,-424.0,-90937.0,,,,
6695,芯鼎,上市,,,-91000.0,0,-2.0,-91002.0,,,,
3717,聯嘉投控,上市,,,-75488.0,0,-16144.0,-91632.0,,,,
009800,中信NASDAQ,上市,,,-5000.0,0,-86897.0,-91897.0,,,,
3563,牧德,上市,,,-89616.0,0,-3114.0,-92730.0,,,,
009812,野村日本東證,上市,,,-12000.0,0,-81280.0,-93280.0,,,,
2528,皇普,上市,,,-32849.0,-5130.0,-56000.0,-93979.0,,,,
2208,台船,上市,,,-90858.0,0,-4000.0,-94858.0,,,,
2451,創見,上市,,,-236810.0,139000.0,2875.0,-94935.0,,,,
9933,中鼎,上市,,,-169537.0,-3800.0,78000.0,-95337.0,,,,
00852L,國泰美國道瓊正2,上市,,,0,0,-95610.0,-95610.0,,,,
3701,大眾控,上市,,,-248625.0,0,149231.0,-99394.0,,,,
3356,奇偶,上市,,,-99223.0,0,-1000.0,-100223.0,,,,
3229,晟鈦,上市,,,-100885.0,0,-1000.0,-101885.0,,,,
6957,裕慶-KY,上市,,,-104000.0,0,2000.0,-102000.0,,,,
2374,佳能,上市,,,-103682.0,0,270.0,-103412.0,,,,
2237,華德動能-創,上市,,,-104000.0,0,0,-104000.0,,,,
8422,可寧衛*,上市,,,93000.0,3000.0,-202432.0,-106432.0,,,,
3413,京鼎,上市,,,-65810.0,0,-42012.0,-107822.0,,,,
6409,旭隼,上市,,,-100308.0,-3020.0,-6337.0,-109665.0,,,,
3019,亞光,上市,,,41453.0,0,-151594.0,-110141.0,,,,
2101,南港,上市,,,-110486.0,0,-700.0,-111186.0,,,,
3015,全漢,上市,,,-55053.0,-58000.0,1521.0,-111532.0,,,,
5534,長虹,上市,,,-107926.0,0,-4796.0,-112722.0,,,,
3059,華晶科,上市,,,-104000.0,0,-9723.0,-113723.0,,,,
7749,意騰-KY,上市,,,-113044.0,0,-1077.0,-114121.0,,,,
1735,日勝化,上市,,,-115000.0,0,15.0,-114985.0,,,,
2033,佳大,上市,,,-115000.0,0,0,-115000.0,,,,
3025,星通,上市,,,-115088.0,0,0,-115088.0,,,,
6216,居易,上市,,,-114000.0,0,-4349.0,-118349.0,,,,
3588,通嘉,上市,,,-120880.0,0,1336.0,-119544.0,,,,
8404,百和興業-KY,上市,,,-119560.0,0,-2000.0,-121560.0,,,,
3406,玉晶光,上市,,,-384724.0,276000.0,-13724.0,-122448.0,,,,
6405,悅城,上市,,,-125000.0,0,2508.0,-122492.0,,,,
7610,聯友金屬-創,上市,,,-155086.0,0,31691.0,-123395.0,,,,
6142,友勁,上市,,,-123689.0,0,0,-123689.0,,,,
00653L,富邦印度正2,上市,,,-18000.0,0,-106815.0,-124815.0,,,,
1611,中電,上市,,,-124984.0,0,0,-124984.0,,,,
9935,慶豐富,上市,,,-125000.0,-2090.0,0,-127090.0,,,,
5531,鄉林,上市,,,-128695.0,0,0,-128695.0,,,,
2233,宇隆,上市,,,-143000.0,0,6941.0,-136059.0,,,,
2905,三商,上市,,,-137404.0,0,1000.0,-136404.0,,,,
8438,昶昕,上市,,,-136500.0,0,0,-136500.0,,,,
6139,亞翔,上市,,,-106696.0,-6000.0,-29675.0,-142371.0,,,,
00642U,期元大S&P石油,上市,,,-27000.0,0,-115710.0,-142710.0,,,,
2102,泰豐,上市,,,-143000.0,0,0,-143000.0,,,,
2491,吉祥全,上市,,,-141000.0,-2000.0,-1000.0,-144000.0,,,,
2417,圓剛,上市,,,-145000.0,0,0,-145000.0,,,,
6902,GOGOLOOK,上市,,,-142987.0,0,-3000.0,-145987.0,,,,
00894,中信小資高價30,上市,,,-175808.0,0,25772.0,-150036.0,,,,
1795,美時,上市,,,-130581.0,1000.0,-23016.0,-152597.0,,,,
2006,東和鋼鐵,上市,,,-181652.0,4000.0,24989.0,-152663.0,,,,
6446,藥華藥,上市,,,-171435.0,19884.0,-2802.0,-154353.0,,,,
1531,高林股,上市,,,-149853.0,0,-5000.0,-154853.0,,,,
9958,世紀鋼,上市,,,-146052.0,0,-9000.0,-155052.0,,,,
2331,精英,上市,,,-124630.0,0,-36938.0,-161568.0,,,,
00690,兆豐藍籌30,上市,,,62075.0,0,-224317.0,-162242.0,,,,
6176,瑞儀,上市,,,-164340.0,0,450.0,-163890.0,,,,
6451,訊芯-KY,上市,,,-157085.0,0,-10158.0,-167243.0,,,,
8033,雷虎,上市,,,-164972.0,-6000.0,-102.0,-171074.0,,,,
5243,乙盛-KY,上市,,,-865273.0,0,694027.0,-171246.0,,,,
3714,富采,上市,,,-167130.0,2000.0,-11238.0,-176368.0,,,,
4770,上品,上市,,,-194496.0,0,13494.0,-181002.0,,,,
3694,海華,上市,,,-176000.0,0,-6000.0,-182000.0,,,,
1597,直得,上市,,,-188066.0,0,5461.0,-182605.0,,,,
00930,永豐ESG低碳高息,上市,,,-2000.0,0,-183254.0,-185254.0,,,,
2486,一詮,上市,,,-164987.0,-12000.0,-8631.0,-185618.0,,,,
3338,泰碩,上市,,,-187982.0,0,340.0,-187642.0,,,,
4977,眾達-KY,上市,,,-145562.0,0,-42118.0,-187680.0,,,,
3022,威強電,上市,,,-195710.0,0,7533.0,-188177.0,,,,
2009,第一銅,上市,,,-170780.0,0,-17444.0,-188224.0,,,,
2069,運錩,上市,,,-194436.0,0,5000.0,-189436.0,,,,
2457,飛宏,上市,,,-189000.0,0,-2000.0,-191000.0,,,,
3712,永崴投控,上市,,,-192000.0,0,0,-192000.0,,,,
2365,昆盈,上市,,,-193142.0,0,-1080.0,-194222.0,,,,
4755,三福化,上市,,,-181000.0,0,-17580.0,-198580.0,,,,
6117,迎廣,上市,,,-190063.0,0,-9600.0,-199663.0,,,,
1732,毛寶,上市,,,-201000.0,0,0,-201000.0,,,,
3708,上緯投控,上市,,,-204980.0,-1000.0,4000.0,-201980.0,,,,
2402,毅嘉,上市,,,-63205.0,0,-140239.0,-203444.0,,,,
3545,敦泰,上市,,,-207000.0,0,-2700.0,-209700.0,,,,
6669,緯穎,上市,,,-246833.0,-16094.0,52277.0,-210650.0,,,,
2351,順德,上市,,,-177501.0,6000.0,-41411.0,-212912.0,,,,
4912,聯德控股-KY,上市,,,-216734.0,0,0,-216734.0,,,,
00915,凱基優選高股息30,上市,,,28000.0,0,-245773.0,-217773.0,,,,
00410A,主動永豐科技趨勢,上市,,,-404000.0,0,185184.0,-218816.0,,,,
2338,光罩,上市,,,-207852.0,0,-12641.0,-220493.0,,,,
2359,所羅門,上市,,,-205279.0,0,-15311.0,-220590.0,,,,
3543,州巧,上市,,,-224972.0,0,4000.0,-220972.0,,,,
00938,凱基優選30,上市,,,-106000.0,0,-116339.0,-222339.0,,,,
6235,華孚,上市,,,-222000.0,0,-552.0,-222552.0,,,,
2836,高雄銀,上市,,,-222594.0,0,0,-222594.0,,,,
1503,士電,上市,,,-238987.0,8000.0,7185.0,-223802.0,,,,
00850,元大臺灣ESG永續,上市,,,20.0,-10000.0,-215339.0,-225319.0,,,,
00898,國泰基因免疫革命,上市,,,-175750.0,0,-50544.0,-226294.0,,,,
00633L,富邦上証正2,上市,,,-24000.0,0,-202294.0,-226294.0,,,,
3209,全科,上市,,,-231629.0,0,448.0,-231181.0,,,,
00701,國泰股利精選30,上市,,,-20500.0,0,-211523.0,-232023.0,,,,
2401,凌陽,上市,,,-266850.0,0,33156.0,-233694.0,,,,
2608,嘉里大榮,上市,,,-168000.0,0,-66735.0,-234735.0,,,,
009817,國泰日本不動產,上市,,,231000.0,0,-468611.0,-237611.0,,,,
6024,群益期,上市,,,-239412.0,0,0,-239412.0,,,,
2511,太子,上市,,,-77000.0,0,-170000.0,-247000.0,,,,
4566,時碩工業,上市,,,-298316.0,0,50641.0,-247675.0,,,,
5234,達興材料,上市,,,-263991.0,0,8981.0,-255010.0,,,,
6944,兆聯實業,上市,,,-235459.0,0,-22355.0,-257814.0,,,,
3149,正達,上市,,,-262201.0,0,3715.0,-258486.0,,,,
00907,永豐優息存股,上市,,,-53000.0,0,-207366.0,-260366.0,,,,
4949,有成精密,上市,,,-264900.0,0,0,-264900.0,,,,
2468,華經,上市,,,-265890.0,0,0,-265890.0,,,,
3376,新日興,上市,,,-324649.0,0,58514.0,-266135.0,,,,
00639,富邦深100,上市,,,116000.0,0,-382368.0,-266368.0,,,,
6715,嘉基,上市,,,-262603.0,0,-9338.0,-271941.0,,,,
2458,義隆,上市,,,-354950.0,99000.0,-20884.0,-276834.0,,,,
3008,大立光,上市,,,-301067.0,23306.0,475.0,-277286.0,,,,
4916,事欣科,上市,,,-278389.0,0,838.0,-277551.0,,,,
6706,惠特,上市,,,-268990.0,0,-9794.0,-278784.0,,,,
2645,長榮航太,上市,,,-299385.0,1000.0,19093.0,-279292.0,,,,
2436,偉詮電,上市,,,-176541.0,0,-104596.0,-281137.0,,,,
6885,全福生技,上市,,,-283000.0,0,1000.0,-282000.0,,,,
00693U,期街口S&P黃豆,上市,,,-23000.0,0,-262067.0,-285067.0,,,,
6585,鼎基,上市,,,-288203.0,-1000.0,1472.0,-287731.0,,,,
2236,百達-KY,上市,,,-319000.0,0,15163.0,-303837.0,,,,
3346,麗清,上市,,,-307000.0,0,-2000.0,-309000.0,,,,
1809,中釉,上市,,,-292505.0,0,-22307.0,-314812.0,,,,
4532,瑞智,上市,,,-309642.0,-5616.0,0,-315258.0,,,,
2887I,台新新光辛特,上市,,,-315800.0,0,0,-315800.0,,,,
00956,中信日經高股息,上市,,,-2000.0,0,-316182.0,-318182.0,,,,
3033,威健,上市,,,-274511.0,0,-46275.0,-320786.0,,,,
5285,界霖,上市,,,-316153.0,0,-7417.0,-323570.0,,,,
3380,明泰,上市,,,-319441.0,3000.0,-9447.0,-325888.0,,,,
4722,國精化,上市,,,-293088.0,0,-34461.0,-327549.0,,,,
2367,燿華,上市,,,-120803.0,0,-213844.0,-334647.0,,,,
1608,華榮,上市,,,-334039.0,0,-1831.0,-335870.0,,,,
6120,達運,上市,,,-351299.0,0,15000.0,-336299.0,,,,
1727,中華化,上市,,,-356190.0,0,14707.0,-341483.0,,,,
6962,奕力-KY,上市,,,-327898.0,0,-19052.0,-346950.0,,,,
00675L,富邦臺灣加權正2,上市,,,-29000.0,0,-319741.0,-348741.0,,,,
2388,威盛,上市,,,-357813.0,0,5842.0,-351971.0,,,,
3035,智原,上市,,,-225985.0,0,-127022.0,-353007.0,,,,
00865B,國泰US短期公債,上市,,,333204.0,0,-693170.0,-359966.0,,,,
4967,十銓,上市,,,-345040.0,0,-16215.0,-361255.0,,,,
00965,元大航太防衛科技,上市,,,-440000.0,-96000.0,174417.0,-361583.0,,,,
3532,台勝科,上市,,,-360028.0,3000.0,-8269.0,-365297.0,,,,
2601,益航,上市,,,-325891.0,0,-60000.0,-385891.0,,,,
2478,大毅,上市,,,-478711.0,-6000.0,96396.0,-388315.0,,,,
3704,合勤控,上市,,,-390143.0,0,1342.0,-388801.0,,,,
2316,楠梓電,上市,,,-261684.0,-7000.0,-127694.0,-396378.0,,,,
6166,凌華,上市,,,-386232.0,0,-12015.0,-398247.0,,,,
6152,百一,上市,,,-402825.0,0,0,-402825.0,,,,
2371,大同,上市,,,-320357.0,-10000.0,-75279.0,-405636.0,,,,
3605,宏致,上市,,,-405504.0,0,-3710.0,-409214.0,,,,
1617,榮星,上市,,,-425229.0,0,6000.0,-419229.0,,,,
2413,環科,上市,,,-438077.0,0,-1054.0,-439131.0,,,,
6412,群電,上市,,,-423715.0,0,-22634.0,-446349.0,,,,
2467,志聖,上市,,,-448758.0,8000.0,-9785.0,-450543.0,,,,
6108,競國,上市,,,-453516.0,0,0,-453516.0,,,,
8210,勤誠,上市,,,-466922.0,0,10813.0,-456109.0,,,,
6226,光鼎,上市,,,-472500.0,-5000.0,-5000.0,-482500.0,,,,
6443,元晶,上市,,,-491000.0,0,0,-491000.0,,,,
1519,華城,上市,,,-448885.0,-1500.0,-42372.0,-492757.0,,,,
5244,弘凱,上市,,,-494126.0,0,0,-494126.0,,,,
00635U,期元大S&P黃金,上市,,,68350.0,0,-566081.0,-497731.0,,,,
8070,長華*,上市,,,-1107960.0,600000.0,9671.0,-498289.0,,,,
8028,昇陽半導體,上市,,,-432147.0,0,-73913.0,-506060.0,,,,
2059,川湖,上市,,,-295635.0,-251422.0,37193.0,-509864.0,,,,
6215,和椿,上市,,,-510970.0,0,-1000.0,-511970.0,,,,
4764,雙鍵,上市,,,-498340.0,0,-21389.0,-519729.0,,,,
00650L,復華香港正2,上市,,,-38000.0,0,-483359.0,-521359.0,,,,
6202,盛群,上市,,,-531428.0,0,-11446.0,-542874.0,,,,
00404A,主動聯博動能50,上市,,,372000.0,0,-914895.0,-542895.0,,,,
3715,定穎投控,上市,,,-257513.0,0,-285443.0,-542956.0,,,,
3017,奇鋐,上市,,,-422991.0,-182017.0,53912.0,-551096.0,,,,
2614,東森,上市,,,-556000.0,0,0,-556000.0,,,,
00939,統一台灣高息動能,上市,,,158002.0,0,-714106.0,-556104.0,,,,
3311,閎暉,上市,,,-514724.0,0,-42000.0,-556724.0,,,,
009804,聯邦台精彩50,上市,,,-74000.0,0,-485520.0,-559520.0,,,,
1210,大成,上市,,,-560540.0,4000.0,-4607.0,-561147.0,,,,
8261,富鼎,上市,,,-454398.0,-3000.0,-104970.0,-562368.0,,,,
6719,力智,上市,,,-600456.0,0,20085.0,-580371.0,,,,
4956,光鋐,上市,,,-587424.0,0,629.0,-586795.0,,,,
00892,富邦台灣半導體,上市,,,210220.0,0,-798512.0,-588292.0,,,,
00917,中信特選金融,上市,,,-64000.0,0,-529360.0,-593360.0,,,,
00680L,元大美債20正2,上市,,,222000.0,0,-821099.0,-599099.0,,,,
2392,正崴,上市,,,-579000.0,0,-22797.0,-601797.0,,,,
6834,天二科技,上市,,,-663445.0,-2000.0,55485.0,-609960.0,,,,
1618,合機,上市,,,-610023.0,0,49.0,-609974.0,,,,
8271,宇瞻,上市,,,-607113.0,0,-5017.0,-612130.0,,,,
2845,遠東銀,上市,,,-631626.0,0,0,-631626.0,,,,
00910,第一金太空衛星,上市,,,-624153.0,0,-8524.0,-632677.0,,,,
1612,宏泰,上市,,,-636948.0,0,-618.0,-637566.0,,,,
00964,中信亞太高股息,上市,,,138000.0,0,-777000.0,-639000.0,,,,
4540,全球傳動,上市,,,-647000.0,0,-260.0,-647260.0,,,,
2399,映泰,上市,,,-640518.0,0,-7472.0,-647990.0,,,,
00963,中信全球高股息,上市,,,-45000.0,0,-611726.0,-656726.0,,,,
00923,群益台ESG低碳50,上市,,,-389472.0,0,-273487.0,-662959.0,,,,
6831,邁科,上市,,,-309902.0,0,-355713.0,-665615.0,,,,
6269,台郡,上市,,,-623155.0,0,-48169.0,-671324.0,,,,
2254,巨鎧精密-創,上市,,,-678473.0,0,2811.0,-675662.0,,,,
5388,中磊,上市,,,-694761.0,0,-21885.0,-716646.0,,,,
3036,文曄,上市,,,-1157315.0,351000.0,87563.0,-718752.0,,,,
4551,智伸科,上市,,,-661724.0,-3000.0,-60639.0,-725363.0,,,,
6141,柏承,上市,,,-735213.0,0,-2000.0,-737213.0,,,,
6153,嘉聯益,上市,,,-934100.0,0,173302.0,-760798.0,,,,
3049,精金,上市,,,-778128.0,0,-8199.0,-786327.0,,,,
2897,王道銀行,上市,,,-830347.0,0,33534.0,-796813.0,,,,
7788,松川精密,上市,,,-693628.0,0,-103694.0,-797322.0,,,,
2308,台達電,上市,,,-1168055.0,358106.0,4369.0,-805580.0,,,,
00637L,元大滬深300正2,上市,,,1081000.0,0,-1889460.0,-808460.0,,,,
0055,元大MSCI金融,上市,,,-61995.0,0,-793104.0,-855099.0,,,,
6257,矽格,上市,,,-945318.0,185000.0,-123190.0,-883508.0,,,,
2465,麗臺,上市,,,-895226.0,0,200.0,-895026.0,,,,
00708L,期元大S&P黃金正2,上市,,,57100.0,0,-953861.0,-896761.0,,,,
2474,可成,上市,,,-854970.0,1000.0,-63627.0,-917597.0,,,,
00980A,主動野村臺灣優選,上市,,,-523900.0,-2120000.0,1722459.0,-921441.0,,,,
6919,康霈*,上市,,,-951794.0,0,-9299.0,-961093.0,,,,
009827,玉山未來全球算力,上市,,,-1000.0,0,-999078.0,-1000078.0,,,,
3013,晟銘電,上市,,,-1036201.0,1000.0,21182.0,-1014019.0,,,,
8039,台虹,上市,,,-568409.0,16000.0,-463922.0,-1016331.0,,,,
6168,宏齊,上市,,,-1023653.0,0,-3991.0,-1027644.0,,,,
4919,新唐,上市,,,-699627.0,1000.0,-373848.0,-1072475.0,,,,
2049,上銀,上市,,,-1053137.0,1000.0,-27099.0,-1079236.0,,,,
006208,富邦台50,上市,,,-473001.0,0,-633914.0,-1106915.0,,,,
3014,聯陽,上市,,,-1051061.0,73114.0,-152141.0,-1130088.0,,,,
00985B,群益ESG投等債0-5,上市,,,16000.0,0,-1208540.0,-1192540.0,,,,
6531,愛普*,上市,,,-1245974.0,41000.0,-23732.0,-1228706.0,,,,
00913,兆豐台灣晶圓製造,上市,,,-436763.0,0,-845513.0,-1282276.0,,,,
4938,和碩,上市,,,-1389367.0,-89000.0,183564.0,-1294803.0,,,,
2376,技嘉,上市,,,-1493336.0,98000.0,75332.0,-1320004.0,,,,
00663L,國泰臺灣加權正2,上市,,,78000.0,0,-1404393.0,-1326393.0,,,,
5871,中租-KY,上市,,,-1362666.0,-40000.0,59920.0,-1342746.0,,,,
1590,亞德客-KY,上市,,,-1362079.0,1000.0,4705.0,-1356374.0,,,,
1714,和桐,上市,,,-1387588.0,-40000.0,65133.0,-1362455.0,,,,
2354,鴻準,上市,,,-1282549.0,5000.0,-92784.0,-1370333.0,,,,
00982A,主動群益台灣強棒,上市,,,-54758.0,0,-1335893.0,-1390651.0,,,,
2329,華泰,上市,,,-1376396.0,0,-40886.0,-1417282.0,,,,
6209,今國光,上市,,,-1388790.0,0,-92906.0,-1481696.0,,,,
3450,聯鈞,上市,,,-1463026.0,1000.0,-24900.0,-1486926.0,,,,
2603,長榮,上市,,,-2052230.0,234792.0,309572.0,-1507866.0,,,,
00738U,期元大道瓊白銀,上市,,,-3000.0,0,-1526285.0,-1529285.0,,,,
00909,國泰數位支付服務,上市,,,-353955.0,0,-1245442.0,-1599397.0,,,,
3048,益登,上市,,,-1845911.0,0,164321.0,-1681590.0,,,,
8131,福懋科,上市,,,-1668962.0,0,-30674.0,-1699636.0,,,,
1609,大亞,上市,,,-1712392.0,0,11799.0,-1700593.0,,,,
2633,台灣高鐵,上市,,,633513.0,-2348000.0,0,-1714487.0,,,,
2369,菱生,上市,,,-1587576.0,0,-128817.0,-1716393.0,,,,
3576,聯合再生,上市,,,-1750253.0,0,0,-1750253.0,,,,
6449,鈺邦,上市,,,-1844270.0,0,85322.0,-1758948.0,,,,
2881,富邦金,上市,,,-4764493.0,2844942.0,130633.0,-1788918.0,,,,
2312,金寶,上市,,,-1721338.0,25000.0,-180313.0,-1876651.0,,,,
6116,彩晶,上市,,,-2473288.0,0,562218.0,-1911070.0,,,,
00646,元大S&P500,上市,,,5587.0,0,-1940965.0,-1935378.0,,,,
6282,康舒,上市,,,-1866440.0,-4000.0,-107776.0,-1978216.0,,,,
2472,立隆電,上市,,,-2020416.0,46000.0,-15139.0,-1989555.0,,,,
2880,華南金,上市,,,-3423755.0,21595.0,1407719.0,-1994441.0,,,,
009826,貝萊德世界股票,上市,,,22350.0,0,-2063149.0,-2040799.0,,,,
2352,佳世達,上市,,,-2143650.0,-8000.0,24272.0,-2127378.0,,,,
2464,盟立,上市,,,-2033316.0,24000.0,-149450.0,-2158766.0,,,,
2610,華航,上市,,,874317.0,-432000.0,-2633423.0,-2191106.0,,,,
2301,光寶科,上市,,,-2343867.0,7383.0,117301.0,-2219183.0,,,,
00912,中信臺灣智慧50,上市,,,1085.0,0,-2266863.0,-2265778.0,,,,
2515,中工,上市,,,-2400203.0,-17585.0,22000.0,-2395788.0,,,,
00943,兆豐電子高息等權,上市,,,-129000.0,0,-2294786.0,-2423786.0,,,,
2356,英業達,上市,,,-2736928.0,51000.0,207725.0,-2478203.0,,,,
6005,群益證,上市,,,-2504411.0,10000.0,0,-2494411.0,,,,
009803,玉山市值動能50,上市,,,-917800.0,0,-1584317.0,-2502117.0,,,,
3006,晶豪科,上市,,,-2411473.0,1000.0,-112697.0,-2523170.0,,,,
8112,至上,上市,,,-2446197.0,-16000.0,-65819.0,-2528016.0,,,,
00981A,主動統一台股增長,上市,,,-616366.0,0,-1967589.0,-2583955.0,,,,
2485,兆赫,上市,,,-2283587.0,0,-309130.0,-2592717.0,,,,
00665L,富邦恒生國企正2,上市,,,-152000.0,0,-2476117.0,-2628117.0,,,,
2884,玉山金,上市,,,-4286527.0,756140.0,822474.0,-2707913.0,,,,
6456,GIS-KY,上市,,,-2615250.0,0,-101349.0,-2716599.0,,,,
2618,長榮航,上市,,,-3100923.0,-330000.0,367428.0,-3063495.0,,,,
2454,聯發科,上市,,,-3021521.0,-157018.0,-88504.0,-3267043.0,,,,
00753L,中信中國50正2,上市,,,785000.0,0,-4093656.0,-3308656.0,,,,
2885,元大金,上市,,,-5169552.0,1240795.0,537269.0,-3391488.0,,,,
00401A,主動摩根台灣鑫收,上市,,,-550900.0,0,-2877629.0,-3428529.0,,,,
00935,野村臺灣新科技50,上市,,,-871731.0,0,-2579015.0,-3450746.0,,,,
00947,台新臺灣IC設計,上市,,,-1464011.0,0,-2136291.0,-3600302.0,,,,
00686R,群益臺灣加權反1,上市,,,0,0,-3758800.0,-3758800.0,,,,
2363,矽統,上市,,,-2669760.0,0,-1142397.0,-3812157.0,,,,
00881,國泰台灣科技龍頭,上市,,,796361.0,0,-4629815.0,-3833454.0,,,,
00904,台新臺灣半導體30,上市,,,-12981.0,0,-4029895.0,-4042876.0,,,,
4989,榮科,上市,,,-4342942.0,0,-31750.0,-4374692.0,,,,
00891,中信關鍵半導體,上市,,,-2105953.0,0,-2464567.0,-4570520.0,,,,
2834,臺企銀,上市,,,-4690506.0,0,-2000.0,-4692506.0,,,,
1504,東元,上市,,,-4647471.0,13000.0,-312524.0,-4946995.0,,,,
2332,友訊,上市,,,-5511381.0,0,-128000.0,-5639381.0,,,,
2481,強茂,上市,,,-5052788.0,-632000.0,-580424.0,-6265212.0,,,,
1605,華新,上市,,,-5596991.0,-1000.0,-754775.0,-6352766.0,,,,
00962,台新AI優息動能,上市,,,33000.0,0,-6522806.0,-6489806.0,,,,
2492,華新科,上市,,,-5355066.0,-16000.0,-1143792.0,-6514858.0,,,,
2890,永豐金,上市,,,-8799785.0,1125031.0,1073189.0,-6601565.0,,,,
2882,國泰金,上市,,,-9853855.0,2832503.0,292264.0,-6729088.0,,,,
00934,中信成長高股息,上市,,,331000.0,0,-7196765.0,-6865765.0,,,,
2489,瑞軒,上市,,,-6712978.0,0,-298369.0,-7011347.0,,,,
1718,中纖,上市,,,-7987646.0,-44000.0,1013081.0,-7018565.0,,,,
2327,國巨*,上市,,,-5756800.0,-1038577.0,-282248.0,-7077625.0,,,,
2382,廣達,上市,,,-7936176.0,705131.0,-42477.0,-7273522.0,,,,
00996A,主動兆豐台灣豐收,上市,,,-719230.0,0,-6896746.0,-7615976.0,,,,
9105,泰金寶-DR,上市,,,-7596900.0,0,-190914.0,-7787814.0,,,,
00918,大華優利高填息30,上市,,,-3229700.0,0,-5004096.0,-8233796.0,,,,
00984A,主動安聯台灣高息,上市,,,-962800.0,0,-7313964.0,-8276764.0,,,,
1802,台玻,上市,,,-7087312.0,121000.0,-1956015.0,-8922327.0,,,,
2883,凱基金,上市,,,-13827675.0,3515226.0,1316836.0,-8995613.0,,,,
00922,國泰台灣領袖50,上市,,,-5603136.0,0,-3660690.0,-9263826.0,,,,
2324,仁寶,上市,,,-9661246.0,10000.0,62648.0,-9588598.0,,,,
009821,野村稀土關鍵資源,上市,,,-46900.0,0,-9583840.0,-9630740.0,,,,
2449,京元電子,上市,,,-2405213.0,-8530419.0,357888.0,-10577744.0,,,,
2330,台積電,上市,,,-12302987.0,792863.0,509848.0,-11000276.0,,,,
009829,大華韓國KOSPI50,上市,,,-1483800.0,0,-9878858.0,-11362658.0,,,,
2887,台新新光金,上市,,,-21354754.0,8156407.0,1478964.0,-11719383.0,,,,
00400A,主動國泰動能高息,上市,,,-6201900.0,0,-6085576.0,-12287476.0,,,,
2891,中信金,上市,,,-16934520.0,3186513.0,1308807.0,-12439200.0,,,,
1303,南亞,上市,,,-12939731.0,877294.0,-550341.0,-12612778.0,,,,
0052,富邦科技,上市,,,-4181787.0,0,-9182042.0,-13363829.0,,,,
2344,華邦電,上市,,,-14220689.0,-250134.0,-119554.0,-14590377.0,,,,
2337,旺宏,上市,,,-15690993.0,17000.0,-103736.0,-15777729.0,,,,
00929,復華台灣科技優息,上市,,,-6657661.0,0,-10766707.0,-17424368.0,,,,
009828,中信台日韓PCB,上市,,,-662304.0,0,-18207642.0,-18869946.0,,,,
2303,聯電,上市,,,-19791060.0,1605722.0,-1526596.0,-19711934.0,,,,
3481,群創,上市,,,-20581514.0,18000.0,-289365.0,-20852879.0,,,,
6770,力積電,上市,,,-21678579.0,125000.0,-1846993.0,-23400572.0,,,,
2317,鴻海,上市,,,-25605124.0,147147.0,-69905.0,-25527882.0,,,,
00992A,主動群益科技創新,上市,,,-6302700.0,0,-23248475.0,-29551175.0,,,,
0056,元大高股息,上市,,,-6731235.0,0,-25389810.0,-32121045.0,,,,
00878,國泰永續高股息,上市,,,-4596449.0,0,-27908156.0,-32504605.0,,,,
00927,群益半導體收益,上市,,,-542037.0,0,-35397835.0,-35939872.0,,,,
00712,復華富時不動產,上市,,,-16763600.0,0,-27425246.0,-44188846.0,,,,
00985A,主動野村台灣50,上市,,,534855.0,0,-59115091.0,-58580236.0,,,,
00631L,元大台灣50正2,上市,,,-15118927.0,0,-48977673.0,-64096600.0,,,,
0050,元大台灣50,上市,,,-51508568.0,0,-12764456.0,-64273024.0,,,,
2409,友達,上市,,,-59450941.0,-3000.0,-8494914.0,-67948855.0,,,,
00919,群益台灣精選高息,上市,,,-22479833.0,0,-46225300.0,-68705133.0,,,,
00685L,群益臺灣加權正2,上市,,,236300.0,0,-137582251.0,-137345951.0,,,,
009816,凱基台灣TOP50,上市,,,-30702980.0,0,-106720033.0,-137423013.0,,,,
00406A,主動中信台灣收益,上市,,,-59463940.0,0,-113578307.0,-173042247.0,,,,
00411A,主動統一前沿科技,上櫃,11.13,-0.8904719501335707,-315500.0,0,-3194768.0,-3510268.0,-3511515.0000000005,0.0,-35557767.84,-39069282.84
006201,元大富櫃50,上櫃,47.82,-1.3613861386138615,19104.0,-22000.0,-9671.0,-12567.0,913553.28,-1052040.0,-462467.22000000003,-600953.9400000001
00679B,元大美債20年,上櫃,24.35,0.205761316872428,4256133.0,0,-2974243.0,1281890.0,103636838.55000001,0.0,-72422817.05,31214021.5
00687B,國泰20年美債,上櫃,25.29,0.19809825673534073,2398000.0,0,-1302472.0,1095528.0,60645420.0,0.0,-32939516.88,27705903.119999997
00687C,國泰20年美債+櫃U,上櫃,8.55,-0.11682242990654204,0,0,0,0,0.0,0.0,0.0,0.0
00694B,富邦美債1-3,上櫃,41.83,0.2636625119846596,0,0,-12292.0,-12292.0,0.0,0.0,-514174.36,-514174.36
00695B,富邦美債7-10,上櫃,33.66,0.297973778307509,65000.0,0,111978.0,176978.0,2187900.0,0.0,3769179.4799999995,5957079.4799999995
00696B,富邦美債20年,上櫃,26.52,0.11325028312570783,5000.0,0,-570590.0,-565590.0,132600.0,0.0,-15132046.799999999,-14999446.799999999
00697B,元大美債7-10,上櫃,33.94,0.2955082742316785,2000.0,0,-80190.0,-78190.0,67880.0,0.0,-2721648.5999999996,-2653768.5999999996
00719B,元大美債1-3,上櫃,31.12,0.32237266279819476,28000.0,0,-400462.0,-372462.0,871360.0,0.0,-12462377.44,-11591017.44
00720B,元大投資級公司債,上櫃,30.58,0.26229508196721313,-2595000.0,0,-1139974.0,-3734974.0,-79355100.0,0.0,-34860404.919999994,-114215504.91999999
00722B,群益投資級電信債,上櫃,32.8,0.18326206475259624,10000.0,0,4552.0,14552.0,328000.0,0.0,149305.59999999998,477305.6
00723B,群益投資級科技債,上櫃,28.11,0.24964336661911557,0,0,-13000.0,-13000.0,0.0,0.0,-365430.0,-365430.0
00724B,群益投資級金融債,上櫃,31.4,0.1914486279514997,47000.0,0,-57552.0,-10552.0,1475800.0,0.0,-1807132.7999999998,-331332.8
00725B,國泰投資級公司債,上櫃,32.6,0.15360983102918585,1433000.0,0,-1130326.0,302674.0,46715800.0,0.0,-36848627.6,9867172.4
00726B,國泰新興投等債,上櫃,31.03,0.0967741935483871,188000.0,0,-180005.0,7995.0,5833640.0,0.0,-5585555.15,248084.85
00727B,國泰優選非投等債,上櫃,39.06,0.12817226352217378,-4000.0,0,-3825.0,-7825.0,-156240.0,0.0,-149404.5,-305644.5
00734B,台新JPM新興債,上櫃,14.84,0.2025658338960162,57000.0,0,-57000.0,0,845880.0,0.0,-845880.0,0.0
00740B,富邦全球投等債,上櫃,35.6,0.028097780275358242,674000.0,0,704819.0,1378819.0,23994400.0,0.0,25091556.400000002,49085956.4
00741B,富邦全球非投等債,上櫃,36.75,0.13623978201634876,30000.0,0,-31104.0,-1104.0,1102500.0,0.0,-1143072.0,-40572.0
00746B,富邦A級公司債,上櫃,33.1,0.27264465313541353,76000.0,0,-91940.0,-15940.0,2515600.0,0.0,-3043214.0,-527614.0
00749B,凱基新興債10+,上櫃,29.34,0.0,0,0,0,0,0.0,0.0,0.0,0.0
00750B,凱基科技債10+,上櫃,30.39,0.16479894528675018,-1000.0,0,1000.0,0,-30390.0,0.0,30390.0,0.0
00751B,元大AAA至A公司債,上櫃,28.59,0.1751927119831815,-46950.0,0,-202801.0,-249751.0,-1342300.5,0.0,-5798080.59,-7140381.09
00754B,群益AAA-AA公司債,上櫃,30.01,0.16688918558077437,94000.0,0,-115217.0,-21217.0,2820940.0,0.0,-3457662.1700000004,-636722.17
00755B,群益投資級公用債,上櫃,30.18,0.23248090335436736,-3000.0,0,-489.0,-3489.0,-90540.0,0.0,-14758.02,-105298.02
00756B,群益投等新興公債,上櫃,28.73,0.0,0,0,13671.0,13671.0,0.0,0.0,392767.83,392767.83
00758B,復華能源債,上櫃,48.0,0.4394224733207784,0,0,0,0,0.0,0.0,0.0,0.0
00759B,復華製藥債,上櫃,50.35,0.19900497512437815,0,0,0,0,0.0,0.0,0.0,0.0
00760B,復華新興企業債,上櫃,49.86,0.2614116227629198,0,0,-83.0,-83.0,0.0,0.0,-4138.38,-4138.38
00761B,國泰A級公司債,上櫃,31.65,0.22165927802406588,35000.0,0,-5000.0,30000.0,1107750.0,0.0,-158250.0,949500.0
00764B,群益25年美債,上櫃,25.23,0.11904761904761904,-11000.0,0,117623.0,106623.0,-277530.0,0.0,2967628.29,2690098.29
00768B,復華20年美債,上櫃,45.25,0.11061946902654868,119000.0,0,-48237.0,70763.0,5384750.0,0.0,-2182724.25,3202025.75
00772B,中信高評級公司債,上櫃,30.92,0.16196954972465177,975000.0,0,-156500.0,818500.0,30147000.0,0.0,-4838980.0,25308020.0
00773B,中信優先金融債,上櫃,33.19,0.3022061045633122,383000.0,0,-295148.0,87852.0,12711770.0,0.0,-9795962.12,2915807.88
00777B,凱基AAA至A公司債,上櫃,29.73,0.26981450252951095,-10000.0,0,10000.0,0,-297300.0,0.0,297300.0,0.0
00778B,凱基金融債20+,上櫃,31.52,0.12706480304955528,0,0,0,0,0.0,0.0,0.0,0.0
00779B,凱基美債25+,上櫃,25.43,-0.03930817610062893,0,0,22000.0,22000.0,0.0,0.0,559460.0,559460.0
00780B,國泰A級金融債,上櫃,35.35,0.2552467385138968,0,0,3488.0,3488.0,0.0,0.0,123300.8,123300.8
00781B,國泰A級科技債,上櫃,25.49,0.0392464678178964,1000.0,0,-293.0,707.0,25490.0,0.0,-7468.57,18021.43
00782B,國泰A級公用債,上櫃,28.13,0.24946543121881687,1000.0,0,-18200.0,-17200.0,28130.0,0.0,-511966.0,-483836.0
00785B,富邦金融投等債,上櫃,32.65,0.0,1000.0,0,0,1000.0,32650.0,0.0,0.0,32650.0
00786B,元大10年IG銀行債,上櫃,30.45,0.16447368421052633,0,0,18000.0,18000.0,0.0,0.0,548100.0,548100.0
00787B,元大10年IG醫療債,上櫃,30.05,0.3004005340453938,-1000.0,0,8003.0,7003.0,-30050.0,0.0,240490.15,210440.15
00788B,元大10年IG電能債,上櫃,27.95,0.25107604017216645,0,0,-1000.0,-1000.0,0.0,0.0,-27950.0,-27950.0
00789B,復華公司債A3,上櫃,44.03,0.1820250284414107,0,0,20.0,20.0,0.0,0.0,880.6,880.6
00791B,復華信用債1-5,上櫃,56.45,0.35555555555555557,0,0,0,0,0.0,0.0,0.0,0.0
00792B,群益A級公司債,上櫃,28.9,0.31239153071850057,-11000.0,0,75000.0,64000.0,-317900.0,0.0,2167500.0,1849600.0
00795B,中信美國公債20年,上櫃,24.44,0.12290045063498564,1041000.0,0,-785165.0,255835.0,25442040.0,0.0,-19189432.6,6252607.4
00799B,國泰A級醫療債,上櫃,27.26,0.2574475910261126,-13000.0,0,54996.0,41996.0,-354380.0,0.0,1499190.9600000002,1144810.96
00834B,第一金金融債10+,上櫃,31.88,0.28310789556464294,0,0,0,0,0.0,0.0,0.0,0.0
00836B,永豐10年A公司債,上櫃,26.23,0.11450381679389314,0,0,0,0,0.0,0.0,0.0,0.0
00840B,凱基IG精選15+,上櫃,27.38,0.21961932650073207,-7000.0,0,7000.0,0,-191660.0,0.0,191660.0,0.0
00841B,凱基AAA-AA公司債,上櫃,26.11,0.11503067484662577,0,0,1000.0,1000.0,0.0,0.0,26110.0,26110.0
00842B,台新美元銀行債,上櫃,27.97,0.07155635062611806,7000.0,0,1990.0,8990.0,195790.0,0.0,55660.299999999996,251450.3
00844B,台新15年IG金融債,上櫃,29.06,0.10334137099552188,0,0,4992.0,4992.0,0.0,0.0,145067.52,145067.52
00845B,富邦新興投等債,上櫃,31.43,0.06367398917542184,20000.0,0,-21000.0,-1000.0,628600.0,0.0,-660030.0,-31430.0
00846B,富邦歐洲銀行債,上櫃,34.0,0.08831321754489255,0,0,13765.0,13765.0,0.0,0.0,468010.0,468010.0
00848B,中信新興亞洲債,上櫃,32.15,0.2494543186778921,78000.0,0,-77100.0,900.0,2507700.0,0.0,-2478765.0,28935.0
00849B,中信EM主權債0-5,上櫃,37.32,0.21482277121374865,1000.0,0,-271.0,729.0,37320.0,0.0,-10113.72,27206.28
00853B,統一美債10年Aa-A,上櫃,25.29,0.15841584158415842,30000.0,0,23803.0,53803.0,758700.0,0.0,601977.87,1360677.8699999999
00856B,永豐1-3年美公債,上櫃,37.29,0.24193548387096775,2000.0,0,0,2000.0,74580.0,0.0,0.0,74580.0
00857B,永豐20年美公債,上櫃,21.02,0.19065776930409914,21000.0,0,262980.0,283980.0,441420.0,0.0,5527839.6,5969259.6
00858,永豐美國500大,上櫃,36.9,0.0,0,0,34173.0,34173.0,0.0,0.0,1260983.7,1260983.7
00859B,群益0-1年美債,上櫃,40.8,0.27033669206193167,185000.0,0,-210960.0,-25960.0,7547999.999999999,0.0,-8607168.0,-1059168.0
00860B,群益1-5Y投資級債,上櫃,37.84,0.2649708532061473,-1000.0,0,1000.0,0,-37840.0,0.0,37840.0,0.0
00862B,中信投資級公司債,上櫃,28.98,0.24213075060532688,11000.0,0,-26000.0,-15000.0,318780.0,0.0,-753480.0,-434700.0
00863B,中信全球電信債,上櫃,29.23,0.24005486968449932,-106000.0,0,104000.0,-2000.0,-3098380.0,0.0,3039920.0,-58460.0
00864B,中信美國公債0-1,上櫃,46.31,0.21640337589266395,25000.0,0,-81000.0,-56000.0,1157750.0,0.0,-3751110.0,-2593360.0
00867B,台新A-BBB電信債,上櫃,28.41,0.10570824524312897,0,0,-33.0,-33.0,0.0,0.0,-937.53,-937.53
00870B,元大15年EM主權債,上櫃,25.97,-0.15378700499807768,70000.0,0,-72213.0,-2213.0,1817900.0,0.0,-1875371.6099999999,-57471.61
00877,復華中國5G,上櫃,33.86,-3.2294941411831943,43000.0,0,-2607754.0,-2564754.0,1455980.0,0.0,-88298550.44,-86842570.44
00884B,中信低碳新興債,上櫃,27.17,0.036818851251840944,20000.0,0,-30361.0,-10361.0,543400.0,0.0,-824908.37,-281508.37
00886,永豐美國科技,上櫃,49.89,-0.02004008016032064,0,0,9838.0,9838.0,0.0,0.0,490817.82,490817.82
00887,永豐中國科技50大,上櫃,14.87,-1.5231788079470199,383000.0,0,85043.0,468043.0,5695210.0,0.0,1264589.41,6959799.409999999
00888,永豐台灣ESG,上櫃,36.69,-0.4612045577862181,-1109607.0,0,-878961.0,-1988568.0,-40711480.83,0.0,-32249079.09,-72960559.92
00890B,凱基ESG BBB債15+,上櫃,29.74,0.0,103000.0,0,-100000.0,3000.0,3063220.0,0.0,-2974000.0,89220.0
00928,中信上櫃ESG 30,上櫃,35.11,-0.8472182999152783,-1000.0,0,-90079.0,-91079.0,-35110.0,0.0,-3162673.69,-3197783.69
00931B,統一美債20年,上櫃,12.29,0.0,243000.0,0,-618645.0,-375645.0,2986470.0,0.0,-7603147.05,-4616677.05
00933B,國泰10Y+金融債,上櫃,14.88,0.3371544167228591,-7000.0,0,-1384810.0,-1391810.0,-104160.0,0.0,-20605972.8,-20710132.8
00937B,群益ESG投等債20+,上櫃,13.6,0.14727540500736377,125000.0,0,-6893669.0,-6768669.0,1700000.0,0.0,-93753898.39999999,-92053898.39999999
00942B,台新美A公司債20+,上櫃,13.08,0.30674846625766866,290000.0,0,-231431.0,58569.0,3793200.0,0.0,-3027117.48,766082.52
00948B,中信優息投資級債,上櫃,8.71,0.11494252873563218,435000.0,0,-6057000.0,-5622000.0,3788850.0000000005,0.0,-52756470.00000001,-48967620.00000001
00950B,凱基A級公司債,上櫃,13.01,0.3858024691358025,-177000.0,0,-4033315.0,-4210315.0,-2302770.0,0.0,-52473428.15,-54776198.15
00955,中信日本商社,上櫃,15.68,-1.2594458438287155,-235698.0,0,66273.0,-169425.0,-3695744.64,0.0,1039160.64,-2656584.0
00957B,兆豐US優選投等債,上櫃,12.33,0.0,0,0,-6741.0,-6741.0,0.0,0.0,-83116.53,-83116.53
00958B,永豐ESG銀行債15+,上櫃,8.57,0.4689331770222743,119000.0,0,-6411.0,112589.0,1019830.0,0.0,-54942.270000000004,964887.73
00959B,大華投等美債15Y+,上櫃,8.63,0.2322880371660859,214000.0,0,-357206.0,-143206.0,1846820.0000000002,0.0,-3082687.7800000003,-1235867.78
00966B,統一ESG投等債15+,上櫃,12.83,0.234375,13000.0,0,32478.0,45478.0,166790.0,0.0,416692.74,583482.74
00967B,元大優息美債,上櫃,8.42,0.0,0,0,-91347.0,-91347.0,0.0,0.0,-769141.74,-769141.74
00968B,元大優息投等債,上櫃,8.58,0.23364485981308408,-5000.0,0,-345903.0,-350903.0,-42900.0,0.0,-2967847.74,-3010747.74
00969B,元大零息超長美債,上櫃,7.23,-0.13812154696132595,140000.0,0,-88393.0,51607.0,1012200.0000000001,0.0,-639081.39,373118.61000000004
00970B,台新BBB投等債20+,上櫃,8.63,0.11600928074245939,430000.0,0,-651579.0,-221579.0,3710900.0000000005,0.0,-5623126.7700000005,-1912226.7700000003
009806,台新標普500,上櫃,13.98,-0.07147962830593281,0,0,-30374.0,-30374.0,0.0,0.0,-424628.52,-424628.52
009807,台新標普科技精選,上櫃,18.34,-0.2176278563656148,0,0,361.0,361.0,0.0,0.0,6620.74,6620.74
00980B,台新特選IG債10+,上櫃,8.75,0.22909507445589922,0,0,26676.0,26676.0,0.0,0.0,233415.0,233415.0
00980D,主動聯博投等入息,上櫃,19.36,0.0,0,0,-98108.0,-98108.0,0.0,0.0,-1899370.88,-1899370.88
00980T,平衡凱基美國TOP,上櫃,12.3,0.24449877750611243,17000.0,0,30128.0,47128.0,209100.0,0.0,370574.4,579674.4
009814,富邦標普500,上櫃,11.6,-0.08613264427217916,0,0,-264166.0,-264166.0,0.0,0.0,-3064325.6,-3064325.6
009815,大華美國MAG7+,上櫃,12.33,0.0,0,0,267301.0,267301.0,0.0,0.0,3295821.33,3295821.33
00981B,第一金優選非投債,上櫃,8.95,0.11185682326621926,6699069.0,0,-8220257.0,-1521188.0,59956667.55,0.0,-73571300.14999999,-13614632.6
00981D,主動中信非投等債,上櫃,10.12,0.19801980198019803,52000.0,0,133879.0,185879.0,526240.0,0.0,1354855.48,1881095.4799999997
009822,華南永昌未來金融,上櫃,9.32,-1.3756613756613756,-1000.0,0,-16085.0,-17085.0,-9320.0,0.0,-149912.2,-159232.2
009823,群益S&P500,上櫃,10.64,0.0,-17000.0,0,-436741.0,-453741.0,-180880.0,0.0,-4646924.24,-4827804.24
009825,聯邦美國金融創新,上櫃,9.71,-0.6141248720573182,-1000.0,0,-1603.0,-2603.0,-9710.0,0.0,-15565.130000000001,-25275.13
00982B,FT投資級債20+,上櫃,9.01,0.0,1000.0,0,275.0,1275.0,9010.0,0.0,2477.75,11487.75
00983B,大華優利美公債20,上櫃,14.19,0.07052186177715092,14000.0,0,20603.0,34603.0,198660.0,0.0,292356.57,491016.57
00984B,大華優利美A債15,上櫃,14.98,0.2006688963210702,359000.0,0,-342168.0,16832.0,5377820.0,0.0,-5125676.640000001,252143.36000000002
00985D,主動貝萊德優投等,上櫃,9.41,0.3198294243070362,148000.0,0,-349531.0,-201531.0,1392680.0,0.0,-3289086.71,-1896406.71
00986B,FT金融債10+,上櫃,9.09,-0.6557377049180327,0,0,-6708.0,-6708.0,0.0,0.0,-60975.72,-60975.72
00986D,主動復華金融債息,上櫃,13.84,0.07230657989877079,350000.0,0,-94000.0,256000.0,4844000.0,0.0,-1300960.0,3543040.0
00987B,野村10+澳洲公債,上櫃,15.21,0.26367831245880025,3000.0,0,184598.0,187598.0,45630.0,0.0,2807735.58,2853365.58
00987D,主動統一美債量化,上櫃,9.38,0.21367521367521367,0,0,-18537.0,-18537.0,0.0,0.0,-173877.06000000003,-173877.06000000003
00988B,玉山嚴選非投債,上櫃,19.03,-0.052521008403361345,-11000.0,0,-593072.0,-604072.0,-209330.0,0.0,-11286160.16,-11495490.16
00989B,台新美國非投等債,上櫃,9.86,0.0,0,0,-604748.0,-604748.0,0.0,0.0,-5962815.279999999,-5962815.279999999
00990B,國泰收益非投等債,上櫃,9.84,-0.10152284263959391,26000.0,0,-285271.0,-259271.0,255840.0,0.0,-2807066.64,-2551226.64
00992B,街口優息非投債,上櫃,9.79,-2.002002002002002,0,0,328489.0,328489.0,0.0,0.0,3215907.3099999996,3215907.3099999996
00998A,主動復華金融股息,上櫃,16.1,-3.995229576624925,-4211900.0,0,-29779137.0,-33991037.0,-67811590.0,0.0,-479444105.70000005,-547255695.7
020001,富邦存股雙十N,上櫃,28.93,-1.9322033898305082,0,0,1000.0,1000.0,0.0,0.0,28930.0,28930.0
020025,統一亞洲半導體N,上櫃,41.01,-0.7982583454281569,0,0,-4000.0,-4000.0,0.0,0.0,-164040.0,-164040.0
020033,統一恒生科期N,上櫃,3.29,-1.4970059880239523,0,0,-24000.0,-24000.0,0.0,0.0,-78960.0,-78960.0
020041,兆豐半導體氣候N,上櫃,21.77,-1.0904134484325307,0,0,2000.0,2000.0,0.0,0.0,43540.0,43540.0
1240,茂生農經,上櫃,53.8,-0.1855287569573284,-1000.0,0,0,-1000.0,-53800.0,0.0,0.0,-53800.0
1259,安心,上櫃,64.2,-1.984732824427481,0,0,0,0,0.0,0.0,0.0,0.0
1264,德麥,上櫃,249.5,0.0,4159.0,0,-12000.0,-7841.0,1037670.5,0.0,-2994000.0,-1956329.5
1268,漢來美食,上櫃,174.5,-0.2857142857142857,-4000.0,0,0,-4000.0,-698000.0,0.0,0.0,-698000.0
1294,漢田生技,上櫃,49.65,-0.7,2400.0,0,0,2400.0,119160.0,0.0,0.0,119160.0
1295,生合,上櫃,50.1,-0.199203187250996,-12000.0,0,0,-12000.0,-601200.0,0.0,0.0,-601200.0
1336,台翰,上櫃,17.8,-1.6574585635359116,-865.0,0,0,-865.0,-15397.0,0.0,0.0,-15397.0
1565,精華,上櫃,97.5,0.20554984583761562,-132000.0,0,-2720.0,-134720.0,-12870000.0,0.0,-265200.0,-13135200.0
1569,濱川,上櫃,70.0,-3.0470914127423825,-1526779.0,0,3527.0,-1523252.0,-106874530.0,0.0,246890.0,-106627640.0
1570,力肯,上櫃,32.65,-0.3053435114503817,3250.0,0,0,3250.0,106112.5,0.0,0.0,106112.5
1580,新麥,上櫃,97.0,0.8316008316008316,41000.0,0,0,41000.0,3977000.0,0.0,0.0,3977000.0
1584,精剛,上櫃,17.8,-1.6574585635359116,133000.0,0,-209.0,132791.0,2367400.0,0.0,-3720.2000000000003,2363679.8000000003
1586,和勤,上櫃,17.8,0.0,-37000.0,0,0,-37000.0,-658600.0,0.0,0.0,-658600.0
1591,駿吉-KY,上櫃,41.4,1.8450184501845017,46036.0,0,0,46036.0,1905890.4,0.0,0.0,1905890.4
1595,川寶,上櫃,73.4,1.5214384508990315,-374536.0,0,-24770.0,-399306.0,-27490942.400000002,0.0,-1818118.0000000002,-29309060.400000002
1599,宏佳騰,上櫃,22.55,-1.0964912280701753,2000.0,0,0,2000.0,45100.0,0.0,0.0,45100.0
1777,生泰,上櫃,75.7,0.26490066225165565,-2000.0,0,0,-2000.0,-151400.0,0.0,0.0,-151400.0
1780,立弘,上櫃,24.65,0.20325203252032523,-1000.0,0,0,-1000.0,-24650.0,0.0,0.0,-24650.0
1781,合世,上櫃,10.9,9.768378650553878,71000.0,0,0,71000.0,773900.0,0.0,0.0,773900.0
1784,訊聯,上櫃,59.3,-1.1666666666666665,19000.0,0,496.0,19496.0,1126700.0,0.0,29412.8,1156112.8
1785,光洋科,上櫃,103.5,-3.2710280373831773,-1959024.0,8000.0,-55.0,-1951079.0,-202758984.0,828000.0,-5692.5,-201936676.5
1788,杏昌,上櫃,127.5,0.39370078740157477,9000.0,0,0,9000.0,1147500.0,0.0,0.0,1147500.0
1796,金穎生技,上櫃,29.5,-1.6666666666666667,-2000.0,0,0,-2000.0,-59000.0,0.0,0.0,-59000.0
1799,易威,上櫃,28.6,2.142857142857143,39167.0,0,0,39167.0,1120176.2,0.0,0.0,1120176.2
1815,富喬,上櫃,135.0,1.8867924528301887,-1748608.0,24000.0,391924.0,-1332684.0,-236062080.0,3240000.0,52909740.0,-179912340.0
2061,風青,上櫃,67.3,-1.6081871345029242,-445700.0,0,-1020.0,-446720.0,-29995610.0,0.0,-68646.0,-30064256.0
2063,世鎧,上櫃,23.55,0.0,0,0,-305.0,-305.0,0.0,0.0,-7182.75,-7182.75
2064,晉椿,上櫃,11.9,0.0,4000.0,0,0,4000.0,47600.0,0.0,0.0,47600.0
2065,世豐,上櫃,35.8,0.28011204481792723,-1000.0,0,0,-1000.0,-35800.0,0.0,0.0,-35800.0
2066,世德,上櫃,52.2,0.7722007722007722,13000.0,0,0,13000.0,678600.0,0.0,0.0,678600.0
2070,精湛,上櫃,61.9,-0.6420545746388444,-14000.0,0,0,-14000.0,-866600.0,0.0,0.0,-866600.0
2221,大甲,上櫃,192.0,1.3192612137203166,-15878.0,0,-9000.0,-24878.0,-3048576.0,0.0,-1728000.0,-4776576.0
2230,泰茂,上櫃,22.3,2.5287356321839085,-51000.0,0,-12.0,-51012.0,-1137300.0,0.0,-267.6,-1137567.6
2596,綠意,上櫃,34.15,0.2936857562408223,-2000.0,0,0,-2000.0,-68300.0,0.0,0.0,-68300.0
2640,大車隊,上櫃,155.0,0.0,-7000.0,0,0,-7000.0,-1085000.0,0.0,0.0,-1085000.0
2641,正德,上櫃,17.2,-0.2898550724637681,152000.0,0,-1370.0,150630.0,2614400.0,0.0,-23564.0,2590836.0
2643,捷迅,上櫃,62.9,-0.15873015873015872,-2000.0,0,0,-2000.0,-125800.0,0.0,0.0,-125800.0
2718,全心投控,上櫃,,,0,-428.0,-110.0,-538.0,,,,
2719,燦星旅,上櫃,19.35,1.0443864229765014,1000.0,0,-980.0,20.0,19350.0,0.0,-18963.0,387.0
2729,瓦城,上櫃,154.5,0.0,4000.0,0,0,4000.0,618000.0,0.0,0.0,618000.0
2732,六角,上櫃,63.2,0.0,3000.0,0,0,3000.0,189600.0,0.0,0.0,189600.0
2734,易飛網,上櫃,14.65,2.447552447552447,60000.0,0,0,60000.0,879000.0,0.0,0.0,879000.0
2736,富野,上櫃,11.15,0.0,-2000.0,0,0,-2000.0,-22300.0,0.0,0.0,-22300.0
2743,山富,上櫃,51.9,0.7766990291262137,5000.0,0,-900.0,4100.0,259500.0,0.0,-46710.0,212790.0
2745,五福,上櫃,86.0,0.2331002331002331,5000.0,0,-3000.0,2000.0,430000.0,0.0,-258000.0,172000.0
2751,王座,上櫃,56.1,3.314917127071823,1000.0,0,0,1000.0,56100.0,0.0,0.0,56100.0
2754,亞洲藏壽司,上櫃,67.3,0.0,-2000.0,0,0,-2000.0,-134600.0,0.0,0.0,-134600.0
2755,揚秦,上櫃,98.0,0.0,1000.0,0,-75.0,925.0,98000.0,0.0,-7350.0,90650.0
2756,聯發國際,上櫃,61.1,-0.4885993485342019,-3000.0,0,0,-3000.0,-183300.0,0.0,0.0,-183300.0
2926,誠品生活,上櫃,30.2,0.0,1000.0,0,0,1000.0,30200.0,0.0,0.0,30200.0
2937,集雅社,上櫃,45.0,0.0,-500.0,0,0,-500.0,-22500.0,0.0,0.0,-22500.0
3066,李洲,上櫃,27.15,0.5555555555555556,-94690.0,0,0,-94690.0,-2570833.5,0.0,0.0,-2570833.5
3071,協禧,上櫃,22.75,0.663716814159292,-47000.0,0,-185.0,-47185.0,-1069250.0,0.0,-4208.75,-1073458.75
3073,天方能源,上櫃,22.45,9.7799511002445,16000.0,0,-697.0,15303.0,359200.0,0.0,-15647.65,343552.35
3078,僑威,上櫃,46.55,0.9761388286334058,54181.0,-4587.0,0,49594.0,2522125.55,-213524.84999999998,0.0,2308600.6999999997
3081,聯亞,上櫃,2960.0,-5.7324840764331215,-284436.0,-92800.0,-11038.0,-388274.0,-841930560.0,-274688000.0,-32672480.0,-1149291040.0
3083,網龍,上櫃,22.95,-0.43383947939262474,1000.0,0,-620.0,380.0,22950.0,0.0,-14229.0,8721.0
3086,華義*,上櫃,27.0,-1.4598540145985404,13000.0,0,-585.0,12415.0,351000.0,0.0,-15795.0,335205.0
3088,艾訊,上櫃,132.0,-1.4925373134328357,-65116.0,0,-10598.0,-75714.0,-8595312.0,0.0,-1398936.0,-9994248.0
3093,港建*,上櫃,46.15,-0.7526881720430108,-4000.0,0,171.0,-3829.0,-184600.0,0.0,7891.65,-176708.35
3095,及成,上櫃,32.65,-0.7598784194528876,0,0,31.0,31.0,0.0,0.0,1012.15,1012.15
3105,穩懋,上櫃,581.0,-1.1904761904761905,4286305.0,-4265300.0,207316.0,228321.0,2490343205.0,-2478139300.0,120450596.0,132654501.0
3114,好德,上櫃,38.35,-3.0341340075853345,44885.0,0,-689.0,44196.0,1721339.75,0.0,-26423.15,1694916.6
3128,昇銳,上櫃,20.2,0.49751243781094534,4333.0,0,0,4333.0,87526.59999999999,0.0,0.0,87526.59999999999
3131,弘塑,上櫃,2465.0,0.6122448979591837,6786.0,-12935.0,-2369.0,-8518.0,16727490.0,-31884775.0,-5839585.0,-20996870.0
3141,晶宏,上櫃,79.1,-2.9447852760736195,-257436.0,0,-8110.0,-265546.0,-20363187.599999998,0.0,-641501.0,-21004688.599999998
3147,大綜,上櫃,308.0,4.406779661016949,152580.0,0,-43972.0,108608.0,46994640.0,0.0,-13543376.0,33451264.0
3152,璟德,上櫃,243.0,0.2061855670103093,20169.0,0,328.0,20497.0,4901067.0,0.0,79704.0,4980771.0
3162,精確,上櫃,82.2,-1.083032490974729,-349171.0,0,-5106.0,-354277.0,-28701856.2,0.0,-419713.2,-29121569.400000002
3163,波若威,上櫃,689.0,-1.8518518518518516,-111190.0,0,-41005.0,-152195.0,-76609910.0,0.0,-28252445.0,-104862355.0
3169,亞信,上櫃,106.5,-2.293577981651376,-48880.0,0,-39.0,-48919.0,-5205720.0,0.0,-4153.5,-5209873.5
3176,基亞,上櫃,38.7,0.9126466753585397,112884.0,0,0,112884.0,4368610.800000001,0.0,0.0,4368610.800000001
3178,公準,上櫃,67.5,0.5961251862891208,-6000.0,0,-159.0,-6159.0,-405000.0,0.0,-10732.5,-415732.5
3188,鑫龍騰,上櫃,22.85,1.3303769401330374,5000.0,0,473.0,5473.0,114250.0,0.0,10808.050000000001,125058.05
3205,佰研,上櫃,46.6,0.10741138560687433,4000.0,0,204.0,4204.0,186400.0,0.0,9506.4,195906.4
3206,志豐,上櫃,34.2,0.0,6000.0,0,0,6000.0,205200.00000000003,0.0,0.0,205200.00000000003
3207,耀勝,上櫃,39.25,0.38363171355498715,34000.0,0,0,34000.0,1334500.0,0.0,0.0,1334500.0
3211,順達,上櫃,388.0,-0.38510911424903727,222391.0,-2200.0,62696.0,282887.0,86287708.0,-853600.0,24326048.0,109760156.0
3213,茂訊,上櫃,123.5,0.0,-16000.0,0,-1342.0,-17342.0,-1976000.0,0.0,-165737.0,-2141737.0
3217,優群,上櫃,127.0,-1.1673151750972763,35050.0,0,-14789.0,20261.0,4451350.0,0.0,-1878203.0,2573147.0
3218,大學光,上櫃,133.0,-0.37453183520599254,-70000.0,0,-105.0,-70105.0,-9310000.0,0.0,-13965.0,-9323965.0
3219,倚強科,上櫃,130.0,0.0,-386846.0,0,-4833.0,-391679.0,-50289980.0,0.0,-628290.0,-50918270.0
3221,台嘉碩,上櫃,55.0,1.1029411764705883,262096.0,0,-105646.0,156450.0,14415280.0,0.0,-5810530.0,8604750.0
3224,三顧,上櫃,32.3,-0.46224961479198773,4000.0,0,0,4000.0,129199.99999999999,0.0,0.0,129199.99999999999
3226,龍鋒,上櫃,57.3,-0.8650519031141869,-5000.0,0,0,-5000.0,-286500.0,0.0,0.0,-286500.0
3227,原相,上櫃,187.0,0.2680965147453083,-17000.0,-59000.0,-4971.0,-80971.0,-3179000.0,-11033000.0,-929577.0,-15141577.0
3228,金麗科,上櫃,164.5,0.0,-118762.0,0,-6658.0,-125420.0,-19536349.0,0.0,-1095241.0,-20631590.0
3230,錦明,上櫃,39.9,-1.1152416356877324,-55689.0,0,0,-55689.0,-2221991.1,0.0,0.0,-2221991.1
3232,昱捷,上櫃,19.95,0.5037783375314863,2000.0,0,0,2000.0,39900.0,0.0,0.0,39900.0
3234,光環,上櫃,183.0,-4.18848167539267,-2006376.0,0,-9784.0,-2016160.0,-367166808.0,0.0,-1790472.0,-368957280.0
3236,千如,上櫃,58.9,4.804270462633452,131212.0,0,60502.0,191714.0,7728386.8,0.0,3563567.8,11291954.6
3252,海灣,上櫃,15.35,0.3267973856209151,2000.0,0,0,2000.0,30700.0,0.0,0.0,30700.0
3260,威剛,上櫃,362.5,-0.684931506849315,-1927040.0,75400.0,-20155.0,-1871795.0,-698552000.0,27332500.0,-7306187.5,-678525687.5
3264,欣銓,上櫃,256.0,2.4,-1503014.0,146000.0,24372.0,-1332642.0,-384771584.0,37376000.0,6239232.0,-341156352.0
3265,台星科,上櫃,238.5,9.90783410138249,-124004.0,0,98879.0,-25125.0,-29574954.0,0.0,23582641.5,-5992312.5
3268,海德威,上櫃,24.4,0.411522633744856,40000.0,0,0,40000.0,976000.0,0.0,0.0,976000.0
3276,宇環,上櫃,14.2,0.7092198581560284,1000.0,0,0,1000.0,14200.0,0.0,0.0,14200.0
3284,太普高,上櫃,21.25,-1.1627906976744187,65000.0,0,-1039.0,63961.0,1381250.0,0.0,-22078.75,1359171.25
3285,微端,上櫃,44.1,2.558139534883721,3000.0,0,0,3000.0,132300.0,0.0,0.0,132300.0
3287,廣寰科,上櫃,43.45,10.0,21000.0,0,2998.0,23998.0,912450.0000000001,0.0,130263.1,1042713.1000000001
3288,點晶,上櫃,22.15,0.9111617312072894,-8000.0,0,35.0,-7965.0,-177200.0,0.0,775.25,-176424.75
3289,宜特,上櫃,142.5,0.0,35960.0,0,-10674.0,25286.0,5124300.0,0.0,-1521045.0,3603255.0
3290,東浦,上櫃,55.8,9.84251968503937,518000.0,0,38664.0,556664.0,28904400.0,0.0,2157451.1999999997,31061851.2
3293,鈊象,上櫃,788.0,1.0256410256410255,235653.0,-4000.0,3049.0,234702.0,185694564.0,-3152000.0,2402612.0,184945176.0
3294,英濟,上櫃,31.5,-1.4084507042253522,37000.0,0,0,37000.0,1165500.0,0.0,0.0,1165500.0
3297,杭特,上櫃,32.55,-3.698224852071006,42000.0,0,-354.0,41646.0,1367099.9999999998,0.0,-11522.699999999999,1355577.2999999998
3303,岱稜,上櫃,50.7,1.7051153460381143,55000.0,0,0,55000.0,2788500.0,0.0,0.0,2788500.0
3306,鼎天,上櫃,46.85,-0.9513742071881607,2000.0,0,-16.0,1984.0,93700.0,0.0,-749.6,92950.40000000001
3310,佳穎,上櫃,68.3,0.5891016200294552,2000.0,0,0,2000.0,136600.0,0.0,0.0,136600.0
3313,斐成,上櫃,10.35,0.48543689320388356,2000.0,0,0,2000.0,20700.0,0.0,0.0,20700.0
3317,尼克森,上櫃,71.5,4.075691411935953,-308623.0,0,34970.0,-273653.0,-22066544.5,0.0,2500355.0,-19566189.5
3322,建舜電,上櫃,10.55,-4.954954954954955,231000.0,0,0,231000.0,2437050.0,0.0,0.0,2437050.0
3323,加百裕,上櫃,29.8,0.0,204106.0,0,-432.0,203674.0,6082358.8,0.0,-12873.6,6069485.2
3324,雙鴻,上櫃,1520.0,-0.32786885245901637,-665648.0,716668.0,6620.0,57640.0,-1011784960.0,1089335360.0,10062400.0,87612800.0
3325,旭品,上櫃,11.25,0.0,-9000.0,0,-616.0,-9616.0,-101250.0,0.0,-6930.0,-108180.0
3339,泰谷,上櫃,45.75,0.7709251101321586,4562.0,0,-161.0,4401.0,208711.5,0.0,-7365.75,201345.75
3349,寶德,上櫃,18.5,0.5434782608695653,-21000.0,0,0,-21000.0,-388500.0,0.0,0.0,-388500.0
3354,律勝,上櫃,32.0,4.918032786885246,279713.0,0,-880.0,278833.0,8950816.0,0.0,-28160.0,8922656.0
3357,臺慶科,上櫃,226.5,0.6666666666666667,105663.0,0,-16562.0,89101.0,23932669.5,0.0,-3751293.0,20181376.5
3360,尚立,上櫃,15.4,0.32573289902280134,74824.0,0,12.0,74836.0,1152289.6,0.0,184.8,1152474.4000000001
3362,先進光,上櫃,190.0,-3.061224489795918,-11840.0,0,-275.0,-12115.0,-2249600.0,0.0,-52250.0,-2301850.0
3363,上詮,上櫃,667.0,-1.7673048600883652,-381425.0,0,-1651.0,-383076.0,-254410475.0,0.0,-1101217.0,-255511692.0
3372,典範,上櫃,16.4,-1.204819277108434,-51000.0,0,3000.0,-48000.0,-836399.9999999999,0.0,49199.99999999999,-787199.9999999999
3373,熱映,上櫃,18.5,8.187134502923975,-20821.0,0,0,-20821.0,-385188.5,0.0,0.0,-385188.5
3374,精材,上櫃,497.0,0.0,618543.0,618.0,118134.0,737295.0,307415871.0,307146.0,58712598.0,366435615.0
3379,彬台,上櫃,27.3,0.0,0,0,-592.0,-592.0,0.0,0.0,-16161.6,-16161.6
3388,崇越電,上櫃,87.0,1.1627906976744187,49379.0,0,2451.0,51830.0,4295973.0,0.0,213237.0,4509210.0
3390,旭軟,上櫃,22.2,-0.4484304932735426,-21000.0,0,0,-21000.0,-466200.0,0.0,0.0,-466200.0
3402,漢科,上櫃,139.5,0.0,44648.0,0,-11647.0,33001.0,6228396.0,0.0,-1624756.5,4603639.5
3430,奇鈦科,上櫃,111.0,-1.7699115044247788,-22740.0,0,-152.0,-22892.0,-2524140.0,0.0,-16872.0,-2541012.0
3434,哲固,上櫃,30.9,-1.2779552715654954,3000.0,0,0,3000.0,92700.0,0.0,0.0,92700.0
3438,類比科,上櫃,60.6,-0.3289473684210526,9000.0,0,-449.0,8551.0,545400.0,0.0,-27209.4,518190.60000000003
3441,聯一光,上櫃,249.5,0.2008032128514056,-84020.0,0,85000.0,980.0,-20962990.0,0.0,21207500.0,244510.0
3444,利機,上櫃,78.3,0.0,-3000.0,0,-276.0,-3276.0,-234900.0,0.0,-21610.8,-256510.8
3455,由田,上櫃,284.0,1.0676156583629894,155000.0,0,8782.0,163782.0,44020000.0,0.0,2494088.0,46514088.0
3465,進泰電子,上櫃,29.35,-1.5100671140939599,2000.0,0,0,2000.0,58700.0,0.0,0.0,58700.0
3466,德晉,上櫃,28.6,4.0,-127071.0,0,0,-127071.0,-3634230.6,0.0,0.0,-3634230.6
3467,台灣精材,上櫃,70.5,-0.9831460674157303,-100837.0,0,0,-100837.0,-7109008.5,0.0,0.0,-7109008.5
3479,安勤,上櫃,133.5,-0.7434944237918215,44200.0,0,-2399.0,41801.0,5900700.0,0.0,-320266.5,5580433.5
3483,力致,上櫃,79.0,0.0,42225.0,0,-999.0,41226.0,3335775.0,0.0,-78921.0,3256854.0
3484,崧騰,上櫃,49.2,-1.2048192771084336,15001.0,0,529.0,15530.0,738049.2000000001,0.0,26026.800000000003,764076.0
3485,敘豐,上櫃,221.5,-0.8948545861297539,9647.0,0,289.0,9936.0,2136810.5,0.0,64013.5,2200824.0
3489,森寶,上櫃,22.65,0.6666666666666666,-14000.0,0,0,-14000.0,-317100.0,0.0,0.0,-317100.0
3490,單井,上櫃,45.2,-0.985761226725082,-144624.0,0,-153.0,-144777.0,-6537004.800000001,0.0,-6915.6,-6543920.4
3491,昇達科,上櫃,1685.0,-1.1730205278592376,-25752.0,12549.0,7209.0,-5994.0,-43392120.0,21145065.0,12147165.0,-10099890.0
3492,長盛,上櫃,19.15,-1.288659793814433,1000.0,0,1971.0,2971.0,19150.0,0.0,37744.649999999994,56894.649999999994
3498,陽程,上櫃,225.5,-2.591792656587473,-318666.0,0,28839.0,-289827.0,-71859183.0,0.0,6503194.5,-65355988.5
3508,位速,上櫃,24.7,-1.3972055888223551,-30000.0,0,0,-30000.0,-741000.0,0.0,0.0,-741000.0
3511,矽瑪,上櫃,19.95,-0.746268656716418,18000.0,0,0,18000.0,359100.0,0.0,0.0,359100.0
3512,皇龍,上櫃,19.0,0.0,-6000.0,0,-2000.0,-8000.0,-114000.0,0.0,-38000.0,-152000.0
3516,亞帝歐,上櫃,26.0,-1.5151515151515154,2000.0,0,0,2000.0,52000.0,0.0,0.0,52000.0
3520,華盈,上櫃,18.2,2.247191011235955,0,0,0,0,0.0,0.0,0.0,0.0
3521,台鋼建設,上櫃,11.45,-0.865800865800866,-6000.0,0,0,-6000.0,-68700.0,0.0,0.0,-68700.0
3522,御嵿,上櫃,12.0,0.0,-2000.0,0,0,-2000.0,-24000.0,0.0,0.0,-24000.0
3523,迎輝,上櫃,14.45,5.09090909090909,0,0,0,0,0.0,0.0,0.0,0.0
3526,凡甲,上櫃,275.5,-0.3616636528028933,-20994.0,0,-13501.0,-34495.0,-5783847.0,0.0,-3719525.5,-9503372.5
3527,聚積,上櫃,51.6,1.9762845849802373,-11000.0,0,0,-11000.0,-567600.0,0.0,0.0,-567600.0
3529,力旺,上櫃,2915.0,-3.316749585406302,20210.0,-52739.0,-1946.0,-34475.0,58912150.0,-153734185.0,-5672590.0,-100494625.0
3531,先益,上櫃,21.65,0.0,0,0,0,0,0.0,0.0,0.0,0.0
3537,堡達,上櫃,56.9,1.0657193605683837,60340.0,0,273.0,60613.0,3433346.0,0.0,15533.699999999999,3448879.6999999997
3540,曜越,上櫃,23.8,-0.8333333333333334,-13999.0,0,0,-13999.0,-333176.2,0.0,0.0,-333176.2
3541,西柏,上櫃,24.5,0.6160164271047227,8000.0,0,0,8000.0,196000.0,0.0,0.0,196000.0
3546,宇峻,上櫃,73.5,1.1004126547455295,34162.0,0,-990.0,33172.0,2510907.0,0.0,-72765.0,2438142.0
3548,兆利,上櫃,73.8,-0.5390835579514826,41000.0,0,-20.0,40980.0,3025800.0,0.0,-1476.0,3024324.0
3551,世禾,上櫃,198.0,-1.0,126334.0,0,-5499.0,120835.0,25014132.0,0.0,-1088802.0,23925330.0
3552,同致,上櫃,43.2,-1.929625425652667,33000.0,0,-2000.0,31000.0,1425600.0,0.0,-86400.0,1339200.0
3555,博士旺,上櫃,158.0,-3.067484662576687,-4000.0,0,-1605.0,-5605.0,-632000.0,0.0,-253590.0,-885590.0
3556,禾瑞亞,上櫃,65.7,0.1524390243902439,196820.0,0,0,196820.0,12931074.0,0.0,0.0,12931074.0
3558,神準,上櫃,135.5,1.1194029850746268,141105.0,0,-2956.0,138149.0,19119727.5,0.0,-400538.0,18719189.5
3564,其陽,上櫃,66.9,9.852216748768472,-383800.0,0,-36955.0,-420755.0,-25676220.000000004,0.0,-2472289.5,-28148509.500000004
3567,逸昌,上櫃,26.2,0.5758157389635316,-5000.0,0,270.0,-4730.0,-131000.0,0.0,7074.0,-123926.0
3570,大塚,上櫃,170.5,0.5899705014749262,-1000.0,0,0,-1000.0,-170500.0,0.0,0.0,-170500.0
3577,泓格,上櫃,106.0,-3.6363636363636362,-70890.0,0,-17801.0,-88691.0,-7514340.0,0.0,-1886906.0,-9401246.0
3580,友威科,上櫃,102.5,-0.966183574879227,-36475.0,0,17333.0,-19142.0,-3738687.5,0.0,1776632.5,-1962055.0
3581,博磊,上櫃,110.5,-2.643171806167401,23445.0,0,200.0,23645.0,2590672.5,0.0,22100.0,2612772.5
3587,閎康,上櫃,243.0,-1.2195121951219512,-192004.0,0,-19317.0,-211321.0,-46656972.0,0.0,-4694031.0,-51351003.0
3594,磐儀,上櫃,46.25,-0.21574973031283715,-27892.0,0,-830.0,-28722.0,-1290005.0,0.0,-38387.5,-1328392.5
3597,映興,上櫃,40.4,9.931972789115646,0,0,259.0,259.0,0.0,0.0,10463.6,10463.6
3609,三一東林,上櫃,25.1,2.0325203252032518,58000.0,0,0,58000.0,1455800.0,0.0,0.0,1455800.0
3611,鼎翰,上櫃,184.5,0.819672131147541,14000.0,0,0,14000.0,2583000.0,0.0,0.0,2583000.0
3615,安可,上櫃,42.9,-2.389078498293516,155150.0,0,0,155150.0,6655935.0,0.0,0.0,6655935.0
3623,富晶通,上櫃,29.9,1.0135135135135136,32510.0,0,0,32510.0,972049.0,0.0,0.0,972049.0
3624,光頡,上櫃,175.0,9.717868338557993,6181114.0,0,-52457.0,6128657.0,1081694950.0,0.0,-9179975.0,1072514975.0
3628,盈正,上櫃,71.5,-1.2430939226519337,-2000.0,0,-960.0,-2960.0,-143000.0,0.0,-68640.0,-211640.0
3630,新鉅科,上櫃,27.75,-1.7699115044247788,35846.0,0,-5090.0,30756.0,994726.5,0.0,-141247.5,853479.0
3631,晟楠,上櫃,47.05,9.291521486643438,142000.0,0,-2000.0,140000.0,6681100.0,0.0,-94100.0,6587000.0
3663,鑫科,上櫃,61.6,-1.44,-27000.0,0,-688.0,-27688.0,-1663200.0,0.0,-42380.8,-1705580.8
3666,光耀,上櫃,26.6,4.724409448818897,25000.0,0,0,25000.0,665000.0,0.0,0.0,665000.0
3672,康聯訊,上櫃,11.9,-7.392996108949417,-3000.0,0,0,-3000.0,-35700.0,0.0,0.0,-35700.0
3675,德微,上櫃,344.0,-4.3115438108484,-132624.0,0,-51271.0,-183895.0,-45622656.0,0.0,-17637224.0,-63259880.0
3680,家登,上櫃,571.0,0.7054673721340388,7686.0,349.0,-24387.0,-16352.0,4388706.0,199279.0,-13924977.0,-9336992.0
3684,榮昌,上櫃,62.5,3.3057851239669422,23996.0,0,-2000.0,21996.0,1499750.0,0.0,-125000.0,1374750.0
3685,元創精密,上櫃,37.9,7.3654390934844205,1276265.0,0,0,1276265.0,48370443.5,0.0,0.0,48370443.5
3687,歐買尬,上櫃,60.7,0.0,-2000.0,0,-11.0,-2011.0,-121400.0,0.0,-667.7,-122067.70000000001
3689,湧德,上櫃,117.5,-0.423728813559322,138952.0,0,-18118.0,120834.0,16326860.0,0.0,-2128865.0,14197995.0
3691,碩禾,上櫃,103.5,-0.4807692307692308,-46000.0,0,-1393.0,-47393.0,-4761000.0,0.0,-144175.5,-4905175.5
3693,營邦,上櫃,736.0,2.5069637883008355,-84124.0,0,-2531.0,-86655.0,-61915264.0,0.0,-1862816.0,-63778080.0
3707,漢磊,上櫃,85.9,-4.4493882091212456,-6078992.0,0,-14901.0,-6093893.0,-522185412.8,0.0,-1279995.9000000001,-523465408.70000005
3709,鑫聯大投控,上櫃,66.2,0.30303030303030304,-5430.0,0,90914.0,85484.0,-359466.0,0.0,6018506.8,5659040.8
3710,連展投控,上櫃,8.26,0.12121212121212122,-25000.0,0,0,-25000.0,-206500.0,0.0,0.0,-206500.0
3713,新晶投控,上櫃,14.85,10.0,48000.0,0,-522.0,47478.0,712800.0,0.0,-7751.7,705048.2999999999
3718,中光電投控,上櫃,63.1,-1.2519561815336464,-23470.0,0,-23994.0,-47464.0,-1480957.0,0.0,-1514021.4000000001,-2994978.4
4102,永日,上櫃,18.8,0.8042895442359248,0,0,0,0,0.0,0.0,0.0,0.0
4105,東洋,上櫃,80.9,0.74719800747198,353000.0,-4065.0,64132.0,413067.0,28557700.000000004,-328858.5,5188278.800000001,33417120.3
4107,邦特,上櫃,109.5,0.0,-4000.0,0,0,-4000.0,-438000.0,0.0,0.0,-438000.0
4109,加捷生醫,上櫃,10.95,-0.4545454545454546,4820.0,0,602.0,5422.0,52779.0,0.0,6591.9,59370.899999999994
4111,濟生,上櫃,29.0,0.5199306759098786,-1000.0,0,0,-1000.0,-29000.0,0.0,0.0,-29000.0
4113,聯上,上櫃,14.95,1.0135135135135136,-5940.0,0,0,-5940.0,-88803.0,0.0,0.0,-88803.0
4114,健喬,上櫃,30.15,3.2534246575342465,1143368.0,0,160408.0,1303776.0,34472545.199999996,0.0,4836301.2,39308846.4
4116,明基醫,上櫃,39.9,0.37735849056603776,1000.0,0,102.0,1102.0,39900.0,0.0,4069.7999999999997,43969.799999999996
4120,友華,上櫃,46.0,0.43668122270742366,-1000.0,0,0,-1000.0,-46000.0,0.0,0.0,-46000.0
4121,優盛,上櫃,13.25,3.515625,5000.0,0,0,5000.0,66250.0,0.0,0.0,66250.0
4123,晟德,上櫃,31.35,0.8038585209003215,580119.0,0,-76992.0,503127.0,18186730.650000002,0.0,-2413699.2,15773031.450000001
4126,太醫,上櫃,77.5,0.0,-9000.0,0,-367.0,-9367.0,-697500.0,0.0,-28442.5,-725942.5
4127,天良,上櫃,40.55,-5.477855477855479,-1546068.0,0,-3789.0,-1549857.0,-62693057.4,0.0,-153643.94999999998,-62846701.349999994
4128,中天,上櫃,15.55,1.3029315960912051,561712.0,0,8000.0,569712.0,8734621.6,0.0,124400.0,8859021.6
4129,聯合,上櫃,83.7,0.11961722488038277,6001.0,0,-2.0,5999.0,502283.7,0.0,-167.4,502116.3
4131,浩泰,上櫃,31.2,1.6286644951140066,-1000.0,0,0,-1000.0,-31200.0,0.0,0.0,-31200.0
4138,曜亞,上櫃,53.8,0.0,-1000.0,0,0,-1000.0,-53800.0,0.0,0.0,-53800.0
4139,馬光-KY,上櫃,45.0,4.28736964078795,6000.0,0,0,6000.0,270000.0,0.0,0.0,270000.0
4147,中裕,上櫃,61.2,-1.1308562197092082,-62926.0,0,-724.0,-63650.0,-3851071.2,0.0,-44308.8,-3895380.0
4153,鈺緯,上櫃,30.9,-2.3696682464454977,2000.0,0,0,2000.0,61800.0,0.0,0.0,61800.0
4157,太景*-KY,上櫃,9.33,9.12280701754386,337000.0,0,-186.0,336814.0,3144210.0,0.0,-1735.38,3142474.62
4160,訊聯基因,上櫃,38.9,-0.1283697047496791,1000.0,0,0,1000.0,38900.0,0.0,0.0,38900.0
4161,聿新科,上櫃,21.4,-0.46511627906976744,1000.0,0,0,1000.0,21400.0,0.0,0.0,21400.0
4162,智擎,上櫃,57.2,2.508960573476702,-121000.0,0,161.0,-120839.0,-6921200.0,0.0,9209.2,-6911990.800000001
4163,鐿鈦,上櫃,135.5,1.1194029850746268,2000.0,0,-211.0,1789.0,271000.0,0.0,-28590.5,242409.5
4166,友霖,上櫃,24.2,1.2552301255230125,22000.0,0,0,22000.0,532400.0,0.0,0.0,532400.0
4167,松瑞藥,上櫃,22.0,7.579462102689487,2150651.0,0,147649.0,2298300.0,47314322.0,0.0,3248278.0,50562600.0
4168,醣聯,上櫃,22.8,-0.8695652173913043,11000.0,0,0,11000.0,250800.0,0.0,0.0,250800.0
4171,瑞基,上櫃,19.85,7.8804347826086945,26000.0,0,0,26000.0,516100.00000000006,0.0,0.0,516100.00000000006
4173,久裕,上櫃,17.55,2.034883720930232,-3000.0,0,142.0,-2858.0,-52650.0,0.0,2492.1,-50157.9
4174,浩鼎,上櫃,53.7,3.0710172744721693,-29000.0,0,0,-29000.0,-1557300.0,0.0,0.0,-1557300.0
4188,安克,上櫃,13.95,0.0,-12000.0,0,0,-12000.0,-167400.0,0.0,0.0,-167400.0
4207,環泰,上櫃,19.45,0.7772020725388601,-1000.0,0,0,-1000.0,-19450.0,0.0,0.0,-19450.0
4303,信立,上櫃,31.65,0.9569377990430622,-32441.0,0,3435.0,-29006.0,-1026757.6499999999,0.0,108717.75,-918039.8999999999
4304,勝昱,上櫃,16.65,0.9090909090909091,-4000.0,0,0,-4000.0,-66600.0,0.0,0.0,-66600.0
4305,世坤,上櫃,40.95,-0.6067961165048543,0,0,0,0,0.0,0.0,0.0,0.0
4401,東隆興,上櫃,13.95,1.4545454545454546,9000.0,0,0,9000.0,125550.0,0.0,0.0,125550.0
4402,郡都開發,上櫃,13.35,-1.8382352941176472,-2000.0,0,0,-2000.0,-26700.0,0.0,0.0,-26700.0
4406,新昕纖,上櫃,10.15,0.9950248756218906,4000.0,0,0,4000.0,40600.0,0.0,0.0,40600.0
4413,飛寶企業,上櫃,19.85,-2.457002457002457,-5000.0,0,0,-5000.0,-99250.0,0.0,0.0,-99250.0
4416,三圓,上櫃,12.25,-2.7777777777777777,-206660.0,0,8000.0,-198660.0,-2531585.0,0.0,98000.0,-2433585.0
4417,金洲,上櫃,48.8,0.5149330587023687,1000.0,0,0,1000.0,48800.0,0.0,0.0,48800.0
4419,皇家美食,上櫃,48.5,0.0,1000.0,0,0,1000.0,48500.0,0.0,0.0,48500.0
4420,光明,上櫃,35.8,1.129943502824859,4000.0,-402.0,0,3598.0,143200.0,-14391.599999999999,0.0,128808.4
4430,耀億,上櫃,19.55,9.831460674157302,6000.0,0,0,6000.0,117300.0,0.0,0.0,117300.0
4432,銘旺實,上櫃,15.2,-0.32786885245901637,-3000.0,0,0,-3000.0,-45600.0,0.0,0.0,-45600.0
4433,興采,上櫃,17.9,-0.5555555555555556,1020.0,0,0,1020.0,18258.0,0.0,0.0,18258.0
4503,金雨,上櫃,24.3,2.1008403361344534,44000.0,0,177.0,44177.0,1069200.0,0.0,4301.1,1073501.1
4506,崇友,上櫃,118.0,0.0,-18000.0,0,0,-18000.0,-2124000.0,0.0,0.0,-2124000.0
4510,高鋒,上櫃,41.65,-0.5966587112171837,-69000.0,0,-5176.0,-74176.0,-2873850.0,0.0,-215580.4,-3089430.4
4513,福裕,上櫃,16.15,-0.308641975308642,29000.0,0,1000.0,30000.0,468349.99999999994,0.0,16149.999999999998,484499.99999999994
4523,永彰,上櫃,24.0,0.0,5000.0,0,0,5000.0,120000.0,0.0,0.0,120000.0
4528,江興鍛,上櫃,14.8,0.33898305084745767,-3000.0,0,0,-3000.0,-44400.0,0.0,0.0,-44400.0
4530,天意能創,上櫃,25.75,5.749486652977412,0,0,0,0,0.0,0.0,0.0,0.0
4533,協易機,上櫃,25.45,-0.19607843137254902,-7265.0,0,0,-7265.0,-184894.25,0.0,0.0,-184894.25
4534,慶騰,上櫃,30.75,3.015075376884422,55279.0,0,0,55279.0,1699829.25,0.0,0.0,1699829.25
4538,大詠城,上櫃,17.6,1.1494252873563218,0,0,0,0,0.0,0.0,0.0,0.0
4541,晟田,上櫃,58.8,-0.5076142131979696,39587.0,0,-2881.0,36706.0,2327715.6,0.0,-169402.8,2158312.8
4542,科嶠,上櫃,329.0,-2.3738872403560833,34100.0,0,66.0,34166.0,11218900.0,0.0,21714.0,11240614.0
4543,萬在,上櫃,32.55,-0.6106870229007634,27000.0,0,-9200.0,17800.0,878849.9999999999,0.0,-299460.0,579390.0
4549,桓達,上櫃,98.0,-1.0101010101010102,-2000.0,0,-54.0,-2054.0,-196000.0,0.0,-5292.0,-201292.0
4550,長佳,上櫃,24.1,0.2079002079002079,1000.0,0,0,1000.0,24100.0,0.0,0.0,24100.0
4554,橙的,上櫃,27.85,0.36036036036036034,-4000.0,0,0,-4000.0,-111400.0,0.0,0.0,-111400.0
4556,旭然,上櫃,145.0,0.0,8000.0,0,0,8000.0,1160000.0,0.0,0.0,1160000.0
4558,寶緯,上櫃,17.05,0.29411764705882354,-1000.0,0,0,-1000.0,-17050.0,0.0,0.0,-17050.0
4561,健椿,上櫃,43.1,2.497027348394768,-24000.0,0,2000.0,-22000.0,-1034400.0,0.0,86200.0,-948200.0
4563,百德,上櫃,53.2,0.37735849056603776,22064.0,0,0,22064.0,1173804.8,0.0,0.0,1173804.8
4568,科際精密,上櫃,39.0,0.38610038610038605,3000.0,0,0,3000.0,117000.0,0.0,0.0,117000.0
4577,達航科技,上櫃,90.6,2.027027027027027,89000.0,0,443.0,89443.0,8063399.999999999,0.0,40135.799999999996,8103535.8
4580,捷流閥業,上櫃,82.2,-0.36363636363636365,1000.0,0,0,1000.0,82200.0,0.0,0.0,82200.0
4584,君帆,上櫃,38.0,0.0,-1000.0,0,0,-1000.0,-38000.0,0.0,0.0,-38000.0
4702,中美實,上櫃,9.36,0.21413276231263384,-8000.0,0,0,-8000.0,-74880.0,0.0,0.0,-74880.0
4706,大恭,上櫃,45.0,4.28736964078795,-7000.0,0,22000.0,15000.0,-315000.0,0.0,990000.0,675000.0
4707,磐亞,上櫃,32.8,0.6134969325153375,-92698.0,0,-6688.0,-99386.0,-3040494.4,0.0,-219366.4,-3259860.8
4711,永純,上櫃,17.2,-1.7142857142857144,-63000.0,0,0,-63000.0,-1083600.0,0.0,0.0,-1083600.0
4714,永捷,上櫃,12.45,4.1841004184100425,410344.0,0,-10000.0,400344.0,5108782.8,0.0,-124500.0,4984282.8
4716,大立,上櫃,19.75,1.5424164524421593,307514.0,0,0,307514.0,6073401.5,0.0,0.0,6073401.5
4721,美琪瑪,上櫃,81.9,-0.48602673147023084,29172.0,0,-1664.0,27508.0,2389186.8000000003,0.0,-136281.6,2252905.2
4726,永昕,上櫃,23.8,4.8458149779735695,29000.0,0,0,29000.0,690200.0,0.0,0.0,690200.0
4728,雙美,上櫃,396.0,0.38022813688212925,3000.0,0,0,3000.0,1188000.0,0.0,0.0,1188000.0
4729,熒茂,上櫃,19.45,-0.7653061224489797,-6000.0,0,0,-6000.0,-116700.0,0.0,0.0,-116700.0
4735,豪展,上櫃,38.05,0.13157894736842105,14000.0,0,2000.0,16000.0,532700.0,0.0,76100.0,608800.0
4741,泓瀚,上櫃,40.3,-0.7389162561576356,-1000.0,0,0,-1000.0,-40300.0,0.0,0.0,-40300.0
4743,合一,上櫃,48.1,2.1231422505307855,404144.0,0,9326.0,413470.0,19439326.400000002,0.0,448580.60000000003,19887907.0
4744,皇將,上櫃,28.55,0.351493848857645,1000.0,0,0,1000.0,28550.0,0.0,0.0,28550.0
4745,合富-KY,上櫃,12.2,0.411522633744856,-1000.0,0,0,-1000.0,-12200.0,0.0,0.0,-12200.0
4747,強生*,上櫃,23.35,0.8639308855291578,-1000.0,0,-1000.0,-2000.0,-23350.0,0.0,-23350.0,-46700.0
4749,新應材,上櫃,759.0,-4.0455120101137805,-288539.0,307.0,-24189.0,-312421.0,-219001101.0,233013.0,-18359451.0,-237127539.0
4754,國碳科,上櫃,37.85,-0.2635046113306983,0,0,0,0,0.0,0.0,0.0,0.0
4760,勤凱,上櫃,367.0,9.880239520958083,128825.0,0,-12531.0,116294.0,47278775.0,0.0,-4598877.0,42679898.0
4767,誠泰科技,上櫃,28.4,0.5309734513274336,-1000.0,0,-135.0,-1135.0,-28400.0,0.0,-3834.0,-32234.0
4768,晶呈科技,上櫃,365.5,0.6887052341597797,26219.0,0,8706.0,34925.0,9583044.5,0.0,3182043.0,12765087.5
4772,台特化,上櫃,274.5,-0.9025270758122743,-77665.0,0,-18800.0,-96465.0,-21319042.5,0.0,-5160600.0,-26479642.5
4903,聯光通,上櫃,45.95,-1.7112299465240641,-1064113.0,0,0,-1064113.0,-48895992.35,0.0,0.0,-48895992.35
4905,台聯電,上櫃,89.0,-4.094827586206897,-3000.0,0,1000.0,-2000.0,-267000.0,0.0,89000.0,-178000.0
4907,富宇,上櫃,42.85,-0.3488372093023256,1000.0,0,0,1000.0,42850.0,0.0,0.0,42850.0
4908,前鼎,上櫃,243.5,-4.133858267716536,-597148.0,0,-192528.0,-789676.0,-145405538.0,0.0,-46880568.0,-192286106.0
4909,新復興,上櫃,37.0,0.2710027100271003,39081.0,0,-64.0,39017.0,1445997.0,0.0,-2368.0,1443629.0
4923,力士,上櫃,61.4,-2.0733652312599684,36857.0,0,1000.0,37857.0,2263019.8,0.0,61400.0,2324419.8
4924,欣厚-KY,上櫃,17.15,9.235668789808917,49940.0,0,-496.0,49444.0,856470.9999999999,0.0,-8506.4,847964.6
4931,新盛力,上櫃,244.5,-3.1683168316831685,-295050.0,0,-51868.0,-346918.0,-72139725.0,0.0,-12681726.0,-84821451.0
4933,友輝,上櫃,53.0,-0.37593984962406013,19000.0,0,0,19000.0,1007000.0,0.0,0.0,1007000.0
4939,亞電,上櫃,78.3,1.8205461638491547,-1404163.0,0,6727.0,-1397436.0,-109945962.89999999,0.0,526724.1,-109419238.8
4946,辣椒,上櫃,99.5,0.4036326942482341,-2000.0,0,-889.0,-2889.0,-199000.0,0.0,-88455.5,-287455.5
4950,金耘國際,上櫃,15.9,1.2738853503184715,-4000.0,0,0,-4000.0,-63600.0,0.0,0.0,-63600.0
4951,精拓科,上櫃,88.3,-0.4509582863585118,-20000.0,0,-1523.0,-21523.0,-1766000.0,0.0,-134480.9,-1900480.9
4953,緯致,上櫃,117.0,-0.847457627118644,20025.0,0,-497.0,19528.0,2342925.0,0.0,-58149.0,2284776.0
4966,譜瑞-KY,上櫃,558.0,-1.7605633802816902,-194958.0,17000.0,-5434.0,-183392.0,-108786564.0,9486000.0,-3032172.0,-102332736.0
4971,IET-KY,上櫃,596.0,-1.3245033112582782,20362.0,0,-5587.0,14775.0,12135752.0,0.0,-3329852.0,8805900.0
4972,湯石照明,上櫃,16.2,0.3095975232198143,-2000.0,0,0,-2000.0,-32400.0,0.0,0.0,-32400.0
4973,廣穎,上櫃,149.0,9.96309963099631,168850.0,0,34552.0,203402.0,25158650.0,0.0,5148248.0,30306898.0
4974,亞泰,上櫃,68.9,-1.1477761836441895,-64000.0,0,-452.0,-64452.0,-4409600.0,0.0,-31142.800000000003,-4440742.800000001
4979,華星光,上櫃,565.0,-2.4179620034542317,-376980.0,-51000.0,-13262.0,-441242.0,-212993700.0,-28815000.0,-7493030.0,-249301730.0
4991,環宇-KY,上櫃,511.0,-1.3513513513513513,-282430.0,0,-2556.0,-284986.0,-144321730.0,0.0,-1306116.0,-145627846.0
4995,晶達,上櫃,46.8,0.0,-1000.0,0,1000.0,0,-46800.0,0.0,46800.0,0.0
5009,榮剛,上櫃,33.65,2.90519877675841,1361875.0,0,49893.0,1411768.0,45827093.75,0.0,1678899.45,47505993.199999996
5011,久陽,上櫃,22.45,-0.8830022075055189,-55993.0,0,-887.0,-56880.0,-1257042.8499999999,0.0,-19913.149999999998,-1276956.0
5013,強新,上櫃,53.0,0.5692599620493358,-5000.0,0,0,-5000.0,-265000.0,0.0,0.0,-265000.0
5014,建錩,上櫃,10.1,0.49751243781094534,14000.0,0,0,14000.0,141400.0,0.0,0.0,141400.0
5015,華祺,上櫃,22.9,0.0,6000.0,0,0,6000.0,137400.0,0.0,0.0,137400.0
5016,松和,上櫃,26.75,-1.6544117647058825,-13000.0,0,0,-13000.0,-347750.0,0.0,0.0,-347750.0
5201,凱衛,上櫃,28.15,3.113553113553114,1000.0,0,0,1000.0,28150.0,0.0,0.0,28150.0
5202,力新,上櫃,14.05,-2.4305555555555554,-101999.0,0,0,-101999.0,-1433085.9500000002,0.0,0.0,-1433085.9500000002
5206,坤悅,上櫃,23.0,1.3215859030837005,37000.0,0,-57000.0,-20000.0,851000.0,0.0,-1311000.0,-460000.0
5209,新鼎,上櫃,181.0,4.624277456647398,128277.0,-238.0,1308.0,129347.0,23218137.0,-43078.0,236748.0,23411807.0
5210,寶碩,上櫃,29.9,0.16750418760469013,6000.0,0,0,6000.0,179400.0,0.0,0.0,179400.0
5211,蒙恬,上櫃,20.6,-1.1990407673860912,-1000.0,0,0,-1000.0,-20600.0,0.0,0.0,-20600.0
5213,亞昕,上櫃,20.05,0.0,-26000.0,0,0,-26000.0,-521300.0,0.0,0.0,-521300.0
5220,萬達光電,上櫃,22.1,0.0,4000.0,0,-2000.0,2000.0,88400.0,0.0,-44200.0,44200.0
5223,安力-KY,上櫃,22.4,-0.8849557522123895,6000.0,0,0,6000.0,134400.0,0.0,0.0,134400.0
5227,立凱-KY,上櫃,28.8,-0.17331022530329288,-34108.0,0,0,-34108.0,-982310.4,0.0,0.0,-982310.4
5228,鈺鎧,上櫃,61.3,9.85663082437276,167195.0,0,-1836.0,165359.0,10249053.5,0.0,-112546.79999999999,10136506.7
5230,雷笛克光學,上櫃,25.0,9.89010989010989,655645.0,0,998.0,656643.0,16391125.0,0.0,24950.0,16416075.0
5245,智晶,上櫃,19.95,-0.25,-11000.0,0,-28000.0,-39000.0,-219450.0,0.0,-558600.0,-778050.0
5251,天鉞電,上櫃,29.8,-4.180064308681672,-50000.0,0,0,-50000.0,-1490000.0,0.0,0.0,-1490000.0
5263,智崴,上櫃,96.1,5.142231947483589,132898.0,0,5439.0,138337.0,12771497.799999999,0.0,522687.89999999997,13294185.7
5272,笙科,上櫃,17.5,-1.129943502824859,-6000.0,0,2.0,-5998.0,-105000.0,0.0,35.0,-104965.0
5274,信驊,上櫃,17485.0,-1.4929577464788732,-155310.0,-36480.0,14605.0,-177185.0,-2715595350.0,-637852800.0,255368425.0,-3098079725.0
5278,尚凡*,上櫃,23.1,0.0,16000.0,0,60.0,16060.0,369600.0,0.0,1386.0,370986.0
5287,數字,上櫃,137.0,-0.36363636363636365,-25518.0,-622.0,0,-26140.0,-3495966.0,-85214.0,0.0,-3581180.0
5289,宜鼎,上櫃,1250.0,-0.7936507936507936,-197887.0,16200.0,-19833.0,-201520.0,-247358750.0,20250000.0,-24791250.0,-251900000.0
5291,邑昇,上櫃,62.2,-3.265940902021773,-99625.0,0,1498.0,-98127.0,-6196675.0,0.0,93175.6,-6103499.4
5299,杰力,上櫃,98.1,-1.4070351758793969,-71050.0,0,-1077.0,-72127.0,-6970005.0,0.0,-105653.7,-7075658.699999999
5302,太欣,上櫃,9.82,0.1019367991845056,10000.0,0,0,10000.0,98200.0,0.0,0.0,98200.0
5309,系統電,上櫃,67.8,0.8928571428571428,-2314820.0,-2000.0,91077.0,-2225743.0,-156944796.0,-135600.0,6175020.6,-150905375.4
5310,天剛,上櫃,28.6,-2.7210884353741496,1000.0,0,5000.0,6000.0,28600.0,0.0,143000.0,171600.0
5312,寶島科,上櫃,89.3,-0.11185682326621926,0,0,0,0,0.0,0.0,0.0,0.0
5314,世紀*,上櫃,27.15,-1.4519056261343015,-2508317.0,0,-61862.0,-2570179.0,-68100806.55,0.0,-1679553.2999999998,-69780359.85
5315,光聯,上櫃,19.25,0.7853403141361256,45000.0,0,0,45000.0,866250.0,0.0,0.0,866250.0
5321,美而快,上櫃,70.8,0.9985734664764622,83000.0,0,0,83000.0,5876400.0,0.0,0.0,5876400.0
5324,士開,上櫃,12.5,-0.398406374501992,1000.0,0,0,1000.0,12500.0,0.0,0.0,12500.0
5328,華容,上櫃,58.3,0.5172413793103449,-8397.0,0,19972.0,11575.0,-489545.1,0.0,1164367.5999999999,674822.5
5340,建榮,上櫃,94.4,4.888888888888889,-1226900.0,0,-28986.0,-1255886.0,-115819360.0,0.0,-2736278.4000000004,-118555638.4
5347,世界,上櫃,186.5,-1.8421052631578945,1086746.0,-642000.0,17393.0,462139.0,202678129.0,-119733000.0,3243794.5,86188923.5
5351,鈺創,上櫃,115.0,0.43668122270742354,-1516753.0,12000.0,-15035.0,-1519788.0,-174426595.0,1380000.0,-1729025.0,-174775620.0
5353,台林,上櫃,28.9,0.6968641114982579,-1000.0,0,0,-1000.0,-28900.0,0.0,0.0,-28900.0
5355,佳總,上櫃,7.77,0.12886597938144329,6000.0,0,0,6000.0,46620.0,0.0,0.0,46620.0
5356,協益,上櫃,25.75,-0.5791505791505791,-22000.0,0,0,-22000.0,-566500.0,0.0,0.0,-566500.0
5364,力麗店,上櫃,8.35,0.602409638554217,-2000.0,0,325.0,-1675.0,-16700.0,0.0,2713.75,-13986.25
5381,光譜,上櫃,21.6,-1.8181818181818183,-74782.0,0,0,-74782.0,-1615291.2000000002,0.0,0.0,-1615291.2000000002
5386,青雲,上櫃,282.5,0.3552397868561279,-162555.0,0,1651.0,-160904.0,-45921787.5,0.0,466407.5,-45455380.0
5392,能率,上櫃,38.2,-1.9255455712451859,-379000.0,0,-24808.0,-403808.0,-14477800.000000002,0.0,-947665.6000000001,-15425465.600000001
5398,慕康生醫,上櫃,15.3,2.0,-22000.0,0,-493.0,-22493.0,-336600.0,0.0,-7542.900000000001,-344142.9
5403,中菲,上櫃,91.8,0.21834061135371183,-6000.0,0,0,-6000.0,-550800.0,0.0,0.0,-550800.0
5410,國眾,上櫃,33.5,0.14947683109118087,-9200.0,0,369.0,-8831.0,-308200.0,0.0,12361.5,-295838.5
5425,台半,上櫃,100.5,-3.827751196172249,-1578485.0,0,-223671.0,-1802156.0,-158637742.5,0.0,-22478935.5,-181116678.0
5426,振發,上櫃,29.25,-3.145695364238411,-247742.0,0,-747.0,-248489.0,-7246453.5,0.0,-21849.75,-7268303.25
5432,新門,上櫃,179.5,-7.948717948717948,8581.0,0,-938.0,7643.0,1540289.5,0.0,-168371.0,1371918.5
5438,東友,上櫃,17.1,0.0,-1000.0,0,0,-1000.0,-17100.0,0.0,0.0,-17100.0
5439,高技,上櫃,260.5,-0.5725190839694656,-362323.0,0,20263.0,-342060.0,-94385141.5,0.0,5278511.5,-89106630.0
5443,均豪,上櫃,110.5,-2.643171806167401,-43436.0,0,-10817.0,-54253.0,-4799678.0,0.0,-1195278.5,-5994956.5
5450,南良,上櫃,14.8,1.36986301369863,-3000.0,0,-899.0,-3899.0,-44400.0,0.0,-13305.2,-57705.200000000004
5452,佶優,上櫃,30.45,-2.403846153846154,-324463.0,0,-8043.0,-332506.0,-9879898.35,0.0,-244909.35,-10124807.7
5457,宣德,上櫃,23.3,-2.3060796645702304,-50898.0,0,-5329.0,-56227.0,-1185923.4000000001,0.0,-124165.7,-1310089.1
5460,同協,上櫃,20.75,7.792207792207792,91000.0,0,1900.0,92900.0,1888250.0,0.0,39425.0,1927675.0
5464,霖宏,上櫃,94.6,1.284796573875803,29000.0,0,-5691.0,23309.0,2743400.0,0.0,-538368.6,2205031.4
5465,富驊,上櫃,32.75,-2.3845007451564832,-60148.0,0,0,-60148.0,-1969847.0,0.0,0.0,-1969847.0
5468,凱鈺,上櫃,23.95,-1.6427104722792611,-24000.0,0,-864.0,-24864.0,-574800.0,0.0,-20692.8,-595492.7999999999
5474,聰泰,上櫃,159.5,-0.9316770186335404,-4970.0,0,-1203.0,-6173.0,-792715.0,0.0,-191878.5,-984593.5
5475,德宏,上櫃,203.0,5.181347150259067,-1155827.0,0,45935.0,-1109892.0,-234632881.0,0.0,9324805.0,-225308076.0
5478,智冠,上櫃,97.1,0.30991735537190085,-17000.0,0,-514.0,-17514.0,-1650700.0,0.0,-49909.399999999994,-1700609.4
5481,新華,上櫃,20.45,0.24509803921568632,-12000.0,0,0,-12000.0,-245400.0,0.0,0.0,-245400.0
5483,中美晶,上櫃,216.5,-3.3482142857142856,-4001044.0,198000.0,-699769.0,-4502813.0,-866226026.0,42867000.0,-151499988.5,-974859014.5
5487,通泰,上櫃,28.95,-3.0150753768844223,-6000.0,0,2.0,-5998.0,-173700.0,0.0,57.9,-173642.1
5488,松普,上櫃,11.9,-0.41841004184100417,28000.0,0,0,28000.0,333200.0,0.0,0.0,333200.0
5489,彩富,上櫃,41.5,-1.0727056019070322,1000.0,0,0,1000.0,41500.0,0.0,0.0,41500.0
5490,同亨,上櫃,25.4,-0.5870841487279844,-16263.0,0,0,-16263.0,-413080.19999999995,0.0,0.0,-413080.19999999995
5493,三聯,上櫃,91.3,1.2195121951219512,-1960.0,0,687.0,-1273.0,-178948.0,0.0,62723.1,-116224.9
5498,凱崴,上櫃,54.1,-1.2773722627737225,-86804.0,0,-3209.0,-90013.0,-4696096.4,0.0,-173606.9,-4869703.3
5508,永信建,上櫃,53.8,-0.1855287569573284,40071.0,0,-51.0,40020.0,2155819.8,0.0,-2743.7999999999997,2153076.0
5511,德昌,上櫃,70.0,2.3391812865497075,48409.0,0,-4000.0,44409.0,3388630.0,0.0,-280000.0,3108630.0
5512,力麒,上櫃,7.54,0.3994673768308922,41660.0,0,149.0,41809.0,314116.4,0.0,1123.46,315239.86
5514,三豐,上櫃,15.1,0.0,0,0,0,0,0.0,0.0,0.0,0.0
5516,雙喜,上櫃,12.7,6.2761506276150625,0,0,-648.0,-648.0,0.0,0.0,-8229.6,-8229.6
5523,豐謙,上櫃,30.35,0.0,-1000.0,0,0,-1000.0,-30350.0,0.0,0.0,-30350.0
5529,鉅陞,上櫃,25.75,0.5859374999999999,7000.0,0,0,7000.0,180250.0,0.0,0.0,180250.0
5530,龍巖,上櫃,48.15,-0.31055900621118016,93000.0,0,0,93000.0,4477950.0,0.0,0.0,4477950.0
5536,聖暉*,上櫃,1030.0,-1.4354066985645932,-293617.0,615500.0,-66807.0,255076.0,-302425510.0,633965000.0,-68811210.0,262728280.0
5547,久舜,上櫃,20.15,-0.24752475247524752,1000.0,0,0,1000.0,20150.0,0.0,0.0,20150.0
5548,安倉,上櫃,20.1,0.0,3000.0,0,0,3000.0,60300.00000000001,0.0,0.0,60300.00000000001
5601,台聯櫃,上櫃,29.3,0.5145797598627787,-1000.0,0,0,-1000.0,-29300.0,0.0,0.0,-29300.0
5603,陸海,上櫃,14.0,-0.7092198581560284,-16000.0,0,0,-16000.0,-224000.0,0.0,0.0,-224000.0
5604,中連,上櫃,31.6,-0.31545741324921134,0,0,0,0,0.0,0.0,0.0,0.0
5609,中菲行,上櫃,79.1,0.5082592121982212,22110.0,0,0,22110.0,1748900.9999999998,0.0,0.0,1748900.9999999998
5701,劍湖山,上櫃,4.0,-4.534606205250596,9000.0,0,0,9000.0,36000.0,0.0,0.0,36000.0
5704,老爺知,上櫃,22.85,1.5555555555555556,-1000.0,0,0,-1000.0,-22850.0,0.0,0.0,-22850.0
5864,致和證,上櫃,39.45,0.12690355329949238,-111504.0,0,0,-111504.0,-4398832.800000001,0.0,0.0,-4398832.800000001
5902,德記,上櫃,34.0,-0.14684287812041116,0,0,0,0,0.0,0.0,0.0,0.0
5903,全家,上櫃,185.5,0.0,-783.0,0,0,-783.0,-145246.5,0.0,0.0,-145246.5
5904,寶雅*,上櫃,69.5,-0.8559201141226819,-926930.0,85000.0,-18440.0,-860370.0,-64421635.0,5907500.0,-1281580.0,-59795715.0
5905,南仁湖,上櫃,7.39,0.13550135501355012,14000.0,0,0,14000.0,103460.0,0.0,0.0,103460.0
6015,宏遠證,上櫃,18.15,1.966292134831461,581675.0,0,0,581675.0,10557401.25,0.0,0.0,10557401.25
6016,康和證,上櫃,23.95,-0.20833333333333334,1274072.0,0,0,1274072.0,30514024.4,0.0,0.0,30514024.4
6021,美好證,上櫃,43.25,1.1695906432748537,116950.0,0,0,116950.0,5058087.5,0.0,0.0,5058087.5
6023,元大期,上櫃,84.1,-0.4733727810650888,-43000.0,0,0,-43000.0,-3616299.9999999995,0.0,0.0,-3616299.9999999995
6026,福邦證,上櫃,15.8,-0.31545741324921134,52004.0,-8145.0,0,43859.0,821663.2000000001,-128691.0,0.0,692972.2000000001
6028,公勝保經,上櫃,113.5,1.3392857142857142,4000.0,0,0,4000.0,454000.0,0.0,0.0,454000.0
6101,寬魚國際,上櫃,38.2,-1.4193548387096775,-66000.0,0,0,-66000.0,-2521200.0,0.0,0.0,-2521200.0
6103,合邦,上櫃,37.8,-5.2631578947368425,2000.0,0,0,2000.0,75600.0,0.0,0.0,75600.0
6104,創惟,上櫃,87.3,-0.2285714285714286,-85900.0,0,-12782.0,-98682.0,-7499070.0,0.0,-1115868.5999999999,-8614938.6
6109,亞元,上櫃,10.5,1.9417475728155338,-5000.0,0,0,-5000.0,-52500.0,0.0,0.0,-52500.0
6111,光聚晶電,上櫃,35.5,-0.9762900976290098,-2820.0,0,-821.0,-3641.0,-100110.0,0.0,-29145.5,-129255.5
6113,亞矽,上櫃,23.7,0.21141649048625794,-68000.0,0,4000.0,-64000.0,-1611600.0,0.0,94800.0,-1516800.0
6114,久威,上櫃,22.6,-0.44052863436123346,3000.0,0,0,3000.0,67800.0,0.0,0.0,67800.0
6118,建達,上櫃,16.1,-0.3095975232198142,32290.0,0,0,32290.0,519869.00000000006,0.0,0.0,519869.00000000006
6121,新普,上櫃,364.0,-1.6216216216216217,-206800.0,-2500.0,2563.0,-206737.0,-75275200.0,-910000.0,932932.0,-75252268.0
6122,擎邦,上櫃,63.0,5.175292153589315,278024.0,-1396.0,2260.0,278888.0,17515512.0,-87948.0,142380.0,17569944.0
6123,上奇,上櫃,42.5,-0.3516998827667058,-4000.0,0,0,-4000.0,-170000.0,0.0,0.0,-170000.0
6124,業強,上櫃,27.45,0.9191176470588236,4000.0,0,0,4000.0,109800.0,0.0,0.0,109800.0
6125,廣運,上櫃,51.2,2.19560878243513,176561.0,0,2956.0,179517.0,9039923.200000001,0.0,151347.2,9191270.4
6126,信音,上櫃,31.9,-1.54320987654321,19964.0,0,-9575.0,10389.0,636851.6,0.0,-305442.5,331409.1
6127,九豪,上櫃,64.1,9.948542024013722,3247454.0,0,76592.0,3324046.0,208161801.39999998,0.0,4909547.199999999,213071348.6
6129,普誠,上櫃,14.25,-0.34965034965034963,-31814.0,0,0,-31814.0,-453349.5,0.0,0.0,-453349.5
6130,上亞科技,上櫃,23.0,0.6564551422319475,-12000.0,0,0,-12000.0,-276000.0,0.0,0.0,-276000.0
6134,萬旭,上櫃,28.0,-1.2345679012345678,-3000.0,0,6705.0,3705.0,-84000.0,0.0,187740.0,103740.0
6138,茂達,上櫃,267.0,-1.2939001848428837,-135545.0,0,-5151.0,-140696.0,-36190515.0,0.0,-1375317.0,-37565832.0
6140,訊達,上櫃,20.15,0.4987531172069826,-31283.0,0,0,-31283.0,-630352.45,0.0,0.0,-630352.45
6143,振曜,上櫃,77.0,-1.6602809706257982,-163000.0,0,0,-163000.0,-12551000.0,0.0,0.0,-12551000.0
6146,耕興,上櫃,191.5,5.5096418732782375,374047.0,-1000.0,14361.0,387408.0,71630000.5,-191500.0,2750131.5,74188632.0
6147,頎邦,上櫃,226.0,-2.375809935205184,-4956348.0,2016000.0,-1505129.0,-4445477.0,-1120134648.0,455616000.0,-340159154.0,-1004677802.0
6148,驊宏資,上櫃,37.15,0.13477088948787064,-39000.0,0,0,-39000.0,-1448850.0,0.0,0.0,-1448850.0
6150,撼訊,上櫃,64.0,-1.5384615384615385,76000.0,0,588.0,76588.0,4864000.0,0.0,37632.0,4901632.0
6151,晉倫,上櫃,35.15,-1.4025245441795233,-33000.0,0,0,-33000.0,-1159950.0,0.0,0.0,-1159950.0
6154,順發,上櫃,14.25,0.0,-8000.0,0,0,-8000.0,-114000.0,0.0,0.0,-114000.0
6156,松上,上櫃,23.8,1.7094017094017093,-89630.0,0,397.0,-89233.0,-2133194.0,0.0,9448.6,-2123745.4
6158,禾昌,上櫃,17.9,0.28011204481792723,1000.0,0,0,1000.0,17900.0,0.0,0.0,17900.0
6160,欣技,上櫃,13.95,0.7220216606498195,-6000.0,0,0,-6000.0,-83700.0,0.0,0.0,-83700.0
6161,捷波,上櫃,49.0,0.0,-8000.0,0,0,-8000.0,-392000.0,0.0,0.0,-392000.0
6163,華電網,上櫃,43.85,2.3337222870478413,51579.0,0,2429.0,54008.0,2261739.15,0.0,106511.65000000001,2368250.8000000003
6169,昱泉,上櫃,12.0,0.0,1000.0,0,1.0,1001.0,12000.0,0.0,12.0,12012.0
6170,統振,上櫃,49.6,0.9155645981688708,84000.0,0,208.0,84208.0,4166400.0,0.0,10316.800000000001,4176716.8000000003
6171,大城地產,上櫃,24.1,0.4166666666666667,-13000.0,0,0,-13000.0,-313300.0,0.0,0.0,-313300.0
6174,安碁,上櫃,64.0,9.965635738831615,667838.0,0,30368.0,698206.0,42741632.0,0.0,1943552.0,44685184.0
6175,立敦,上櫃,77.9,1.1688311688311688,186544.0,0,9429.0,195973.0,14531777.600000001,0.0,734519.1000000001,15266296.700000001
6179,亞通,上櫃,37.8,0.13245033112582782,-606532.0,0,-19316.0,-625848.0,-22926909.599999998,0.0,-730144.7999999999,-23657054.4
6180,橘子,上櫃,39.15,-1.2610340479192939,111000.0,0,0,111000.0,4345650.0,0.0,0.0,4345650.0
6182,合晶,上櫃,129.0,-4.444444444444445,-8917917.0,0,-1790304.0,-10708221.0,-1150411293.0,0.0,-230949216.0,-1381360509.0
6185,幃翔,上櫃,12.3,-1.9920318725099602,5000.0,0,0,5000.0,61500.0,0.0,0.0,61500.0
6186,新潤,上櫃,28.9,-0.17271157167530227,-5096.0,0,0,-5096.0,-147274.4,0.0,0.0,-147274.4
6187,萬潤,上櫃,1525.0,-0.6514657980456027,-335520.0,131217.0,32374.0,-171929.0,-511668000.0,200105925.0,49370350.0,-262191725.0
6188,廣明,上櫃,62.5,0.0,-258000.0,0,-413.0,-258413.0,-16125000.0,0.0,-25812.5,-16150812.5
6190,萬泰科,上櫃,76.5,0.13089005235602094,-446227.0,0,-19936.0,-466163.0,-34136365.5,0.0,-1525104.0,-35661469.5
6194,育富,上櫃,32.25,1.2558869701726845,7000.0,0,0,7000.0,225750.0,0.0,0.0,225750.0
6195,詩肯,上櫃,28.05,0.0,2000.0,0,0,2000.0,56100.0,0.0,0.0,56100.0
6199,天品,上櫃,142.0,1.7921146953405016,-1089240.0,0,-58884.0,-1148124.0,-154672080.0,0.0,-8361528.0,-163033608.0
6203,海韻電,上櫃,59.9,0.16722408026755856,5000.0,0,-1058.0,3942.0,299500.0,0.0,-63374.2,236125.8
6204,艾華,上櫃,111.5,0.0,35249.0,0,-418.0,34831.0,3930263.5,0.0,-46607.0,3883656.5
6207,雷科,上櫃,146.0,-1.0169491525423728,-231579.0,0,261.0,-231318.0,-33810534.0,0.0,38106.0,-33772428.0
6208,日揚,上櫃,78.3,-1.8796992481203008,-11993.0,0,-506.0,-12499.0,-939051.9,0.0,-39619.799999999996,-978671.7
6217,中探針,上櫃,168.0,-2.8901734104046244,26010.0,0,18586.0,44596.0,4369680.0,0.0,3122448.0,7492128.0
6218,豪勉,上櫃,56.0,-7.894736842105263,-1433178.0,0,-337.0,-1433515.0,-80257968.0,0.0,-18872.0,-80276840.0
6219,富旺,上櫃,12.0,0.0,6550.0,0,0,6550.0,78600.0,0.0,0.0,78600.0
6220,岳豐,上櫃,25.5,-0.5847953216374269,-22000.0,0,0,-22000.0,-561000.0,0.0,0.0,-561000.0
6221,晉泰,上櫃,29.65,-1.3311148086522464,-40000.0,0,0,-40000.0,-1186000.0,0.0,0.0,-1186000.0
6223,旺矽,上櫃,5575.0,0.81374321880651,97750.0,13732.0,8405.0,119887.0,544956250.0,76555900.0,46857875.0,668370025.0
6227,茂綸,上櫃,138.5,-1.4234875444839856,-28166.0,0,-123216.0,-151382.0,-3900991.0,0.0,-17065416.0,-20966407.0
6228,全譜,上櫃,18.0,-0.8264462809917356,-1999.0,0,0,-1999.0,-35982.0,0.0,0.0,-35982.0
6229,研通,上櫃,24.1,0.8368200836820083,-5000.0,0,0,-5000.0,-120500.0,0.0,0.0,-120500.0
6231,系微,上櫃,232.5,-0.8528784648187633,14106.0,0,4214.0,18320.0,3279645.0,0.0,979755.0,4259400.0
6233,旺玖,上櫃,25.15,0.8016032064128258,71000.0,0,0,71000.0,1785650.0,0.0,0.0,1785650.0
6234,高僑,上櫃,39.5,-5.502392344497608,-707609.0,0,-23544.0,-731153.0,-27950555.5,0.0,-929988.0,-28880543.5
6237,驊訊,上櫃,34.65,-2.8050490883590466,-50000.0,0,-30000.0,-80000.0,-1732500.0,0.0,-1039500.0,-2772000.0
6240,松崗,上櫃,26.4,0.5714285714285714,0,0,-408.0,-408.0,0.0,0.0,-10771.199999999999,-10771.199999999999
6241,鑫永洋,上櫃,16.8,2.7522935779816513,-11000.0,0,0,-11000.0,-184800.0,0.0,0.0,-184800.0
6244,茂迪,上櫃,22.3,-2.1929824561403506,-1110902.0,0,-35751.0,-1146653.0,-24773114.6,0.0,-797247.3,-25570361.900000002
6245,立端,上櫃,88.0,0.8018327605956471,72686.0,0,32670.0,105356.0,6396368.0,0.0,2874960.0,9271328.0
6246,臺龍,上櫃,12.55,-0.7905138339920948,0,0,2.0,2.0,0.0,0.0,25.1,25.1
6248,沛波,上櫃,17.15,0.0,0,0,-32.0,-32.0,0.0,0.0,-548.8,-548.8
6259,百徽,上櫃,33.1,1.2232415902140672,-48030.0,0,1000.0,-47030.0,-1589793.0,0.0,33100.0,-1556693.0
6261,久元,上櫃,76.4,-1.9255455712451859,-81369.0,0,-14883.0,-96252.0,-6216591.600000001,0.0,-1137061.2000000002,-7353652.800000001
6263,普萊德,上櫃,176.0,-1.1235955056179776,-3851.0,0,1.0,-3850.0,-677776.0,0.0,176.0,-677600.0
6265,方土昶,上櫃,49.2,0.10172939979654119,12000.0,0,18604.0,30604.0,590400.0,0.0,915316.8,1505716.8
6266,泰詠,上櫃,26.5,0.37878787878787884,39000.0,0,-1.0,38999.0,1033500.0,0.0,-26.5,1033473.5
6270,倍微,上櫃,29.7,-0.6688963210702342,2000.0,0,617.0,2617.0,59400.0,0.0,18324.899999999998,77724.9
6274,台燿,上櫃,1740.0,1.1627906976744187,924463.0,210000.0,-5806.0,1128657.0,1608565620.0,365400000.0,-10102440.0,1963863180.0
6275,元山,上櫃,46.85,-1.0559662090813093,6951.0,0,-1678.0,5273.0,325654.35000000003,0.0,-78614.3,247040.05000000002
6279,胡連,上櫃,116.0,0.0,-38766.0,0,10763.0,-28003.0,-4496856.0,0.0,1248508.0,-3248348.0
6284,佳邦,上櫃,78.9,-1.3750000000000002,15523.0,0,-3871.0,11652.0,1224764.7000000002,0.0,-305421.9,919342.8
6290,良維,上櫃,280.5,-1.4059753954305798,-319752.0,0,-3740.0,-323492.0,-89690436.0,0.0,-1049070.0,-90739506.0
6291,沛亨,上櫃,439.0,-6.496272630457935,-2684.0,-325000.0,-21792.0,-349476.0,-1178276.0,-142675000.0,-9566688.0,-153419964.0
6292,迅德,上櫃,66.9,-2.7616279069767433,-2984.0,0,4011.0,1027.0,-199629.6,0.0,268335.9,68706.3
6294,智基,上櫃,28.0,0.9009009009009009,0,0,0,0,0.0,0.0,0.0,0.0
6411,晶焱,上櫃,77.5,-1.5247776365946633,-63000.0,0,342.0,-62658.0,-4882500.0,0.0,26505.0,-4855995.0
6417,韋僑,上櫃,103.5,-1.8957345971563981,-33000.0,0,333.0,-32667.0,-3415500.0,0.0,34465.5,-3381034.5
6418,詠昇,上櫃,34.3,-0.1455604075691412,9000.0,0,0,9000.0,308700.0,0.0,0.0,308700.0
6419,京晨科,上櫃,158.5,-3.939393939393939,-84016.0,0,-606.0,-84622.0,-13316536.0,0.0,-96051.0,-13412587.0
6423,億而得,上櫃,87.7,0.6888633754305395,-5000.0,0,0,-5000.0,-438500.0,0.0,0.0,-438500.0
6425,易發,上櫃,72.1,-1.5027322404371588,-674.0,0,-2251.0,-2925.0,-48595.399999999994,0.0,-162297.09999999998,-210892.49999999997
6432,今展科,上櫃,66.2,0.0,11855.0,0,0,11855.0,784801.0,0.0,0.0,784801.0
6435,大中,上櫃,259.5,0.9727626459143969,-16190.0,0,-680.0,-16870.0,-4201305.0,0.0,-176460.0,-4377765.0
6441,廣錠,上櫃,22.35,-0.8869179600886918,-10042.0,0,0,-10042.0,-224438.7,0.0,0.0,-224438.7
6461,益得,上櫃,29.2,0.0,-17000.0,0,0,-17000.0,-496400.0,0.0,0.0,-496400.0
6462,神盾,上櫃,100.5,-1.4705882352941175,9100.0,0,3211.0,12311.0,914550.0,0.0,322705.5,1237255.5
6465,威潤,上櫃,41.7,1.2135922330097086,31000.0,0,-4991.0,26009.0,1292700.0,0.0,-208124.7,1084575.3
6469,大樹,上櫃,66.4,2.6275115919629055,39710.0,0,2577.0,42287.0,2636744.0,0.0,171112.80000000002,2807856.8000000003
6470,宇智,上櫃,42.75,-0.11682242990654207,-1000.0,0,0,-1000.0,-42750.0,0.0,0.0,-42750.0
6474,華豫寧,上櫃,35.45,-0.2812939521800281,5000.0,0,0,5000.0,177250.0,0.0,0.0,177250.0
6482,弘煜科,上櫃,23.2,-0.4291845493562232,1000.0,0,0,1000.0,23200.0,0.0,0.0,23200.0
6485,點序,上櫃,81.2,-5.14018691588785,-199265.0,0,2192.0,-197073.0,-16180318.0,0.0,177990.4,-16002327.600000001
6486,互動,上櫃,78.0,-0.5102040816326531,1000.0,0,-316.0,684.0,78000.0,0.0,-24648.0,53352.0
6488,環球晶,上櫃,1130.0,-6.995884773662551,-1301158.0,-988900.0,4250.0,-2285808.0,-1470308540.0,-1117457000.0,4802500.0,-2582963040.0
6492,生華科,上櫃,33.9,-0.29411764705882354,16490.0,0,0,16490.0,559011.0,0.0,0.0,559011.0
6494,九齊,上櫃,51.3,-1.5355086372360847,-25011.0,0,0,-25011.0,-1283064.2999999998,0.0,0.0,-1283064.2999999998
6496,科懋,上櫃,23.85,0.0,-1000.0,0,0,-1000.0,-23850.0,0.0,0.0,-23850.0
6498,久禾光,上櫃,73.5,-1.342281879194631,-39000.0,0,-141.0,-39141.0,-2866500.0,0.0,-10363.5,-2876863.5
6499,益安,上櫃,80.6,1.3836477987421385,47010.0,0,0,47010.0,3789005.9999999995,0.0,0.0,3789005.9999999995
6506,雙邦,上櫃,19.0,0.7957559681697611,-4000.0,0,300.0,-3700.0,-76000.0,0.0,5700.0,-70300.0
6508,惠光,上櫃,26.4,0.189753320683112,3000.0,0,0,3000.0,79200.0,0.0,0.0,79200.0
6509,聚和,上櫃,50.7,0.5952380952380951,-13918.0,-3000.0,287.0,-16631.0,-705642.6000000001,-152100.0,14550.900000000001,-843191.7000000001
6510,精測,上櫃,3320.0,9.933774834437086,250943.0,135000.0,-27097.0,358846.0,833130760.0,448200000.0,-89962040.0,1191368720.0
6516,勤崴國際,上櫃,56.7,0.0,-1000.0,0,315.0,-685.0,-56700.0,0.0,17860.5,-38839.5
6517,保勝光學,上櫃,66.0,-3.64963503649635,-23337.0,0,3000.0,-20337.0,-1540242.0,0.0,198000.0,-1342242.0
6523,達爾膚,上櫃,88.9,-0.22446689113355778,-1000.0,0,409.0,-591.0,-88900.0,0.0,36360.100000000006,-52539.9
6527,明達醫,上櫃,74.0,-1.3333333333333335,-2000.0,0,0,-2000.0,-148000.0,0.0,0.0,-148000.0
6530,創威,上櫃,96.1,-2.138492871690428,-55996.0,0,17.0,-55979.0,-5381215.6,0.0,1633.6999999999998,-5379581.899999999
6532,瑞耘,上櫃,108.5,-6.866952789699571,-350433.0,0,-19577.0,-370010.0,-38021980.5,0.0,-2124104.5,-40146085.0
6535,順藥,上櫃,81.3,0.37037037037037035,-3705.0,0,-421.0,-4126.0,-301216.5,0.0,-34227.299999999996,-335443.8
6538,倉和,上櫃,332.5,0.15060240963855423,-1224394.0,0,-26011.0,-1250405.0,-407111005.0,0.0,-8648657.5,-415759662.5
6542,隆中,上櫃,38.15,-3.6616161616161618,1000.0,0,0,1000.0,38150.0,0.0,0.0,38150.0
6546,正基,上櫃,61.5,0.0,-20000.0,0,-16.0,-20016.0,-1230000.0,0.0,-984.0,-1230984.0
6547,高端疫苗,上櫃,62.0,0.9771986970684038,-123096.0,0,19000.0,-104096.0,-7631952.0,0.0,1178000.0,-6453952.0
6548,長科*,上櫃,77.3,-0.7702182284980745,-482669.0,243000.0,-85035.0,-324704.0,-37310313.699999996,18783900.0,-6573205.5,-25099619.2
6556,勝品,上櫃,61.9,-0.6420545746388444,-1000.0,0,-14.0,-1014.0,-61900.0,0.0,-866.6,-62766.6
6560,欣普羅,上櫃,32.8,-0.7564296520423601,-16000.0,0,0,-16000.0,-524800.0,0.0,0.0,-524800.0
6561,是方,上櫃,308.5,-1.4376996805111821,6000.0,0,577.0,6577.0,1851000.0,0.0,178004.5,2029004.5
6568,宏觀,上櫃,129.0,-7.526881720430108,-131875.0,0,-1739.0,-133614.0,-17011875.0,0.0,-224331.0,-17236206.0
6569,醫揚,上櫃,91.4,0.43956043956043955,-9000.0,0,5411.0,-3589.0,-822600.0,0.0,494565.4,-328034.60000000003
6570,維田,上櫃,47.2,-0.42194092827004215,-25000.0,0,0,-25000.0,-1180000.0,0.0,0.0,-1180000.0
6574,霈方,上櫃,123.0,2.5,7000.0,0,193.0,7193.0,861000.0,0.0,23739.0,884739.0
6576,逸達,上櫃,78.2,-1.0126582278481013,-11923.0,0,0,-11923.0,-932378.6,0.0,0.0,-932378.6
6577,勁豐,上櫃,80.0,-0.6211180124223602,-2000.0,-245.0,1000.0,-1245.0,-160000.0,-19600.0,80000.0,-99600.0
6578,達邦蛋白,上櫃,16.65,2.777777777777778,-1000.0,0,223.0,-777.0,-16650.0,0.0,3712.95,-12937.05
6584,南俊國際,上櫃,531.0,-1.3011152416356877,7010.0,0,234.0,7244.0,3722310.0,0.0,124254.0,3846564.0
6588,東典光電,上櫃,107.5,-1.3761467889908259,-67613.0,0,197.0,-67416.0,-7268397.5,0.0,21177.5,-7247220.0
6590,普鴻,上櫃,64.0,-0.46656298600311047,-1200.0,0,0,-1200.0,-76800.0,0.0,0.0,-76800.0
6593,台灣銘板,上櫃,32.3,0.3105590062111802,-4000.0,0,0,-4000.0,-129199.99999999999,0.0,0.0,-129199.99999999999
6596,寬宏藝術,上櫃,96.8,0.1034126163391934,38000.0,0,6000.0,44000.0,3678400.0,0.0,580800.0,4259200.0
6603,富強鑫,上櫃,29.55,2.6041666666666665,618104.0,0,22070.0,640174.0,18264973.2,0.0,652168.5,18917141.7
6604,儒億,上櫃,25.3,-0.19723865877712032,-12000.0,0,0,-12000.0,-303600.0,0.0,0.0,-303600.0
6609,瀧澤科,上櫃,38.65,-0.8974358974358974,2000.0,0,0,2000.0,77300.0,0.0,0.0,77300.0
6612,奈米醫材,上櫃,71.9,-0.41551246537396114,-3201.0,0,0,-3201.0,-230151.90000000002,0.0,0.0,-230151.90000000002
6613,朋億*,上櫃,286.0,-1.3793103448275863,-32568.0,0,-2627.0,-35195.0,-9314448.0,0.0,-751322.0,-10065770.0
6615,慧智,上櫃,33.35,0.15015015015015015,-1000.0,0,0,-1000.0,-33350.0,0.0,0.0,-33350.0
6616,特昇-KY,上櫃,8.73,2.7058823529411766,0,0,0,0,0.0,0.0,0.0,0.0
6617,共信-KY,上櫃,119.0,-2.05761316872428,17069.0,0,0,17069.0,2031211.0,0.0,0.0,2031211.0
6620,漢達,上櫃,127.5,2.0,-260900.0,0,19142.0,-241758.0,-33264750.0,0.0,2440605.0,-30824145.0
6624,萬年清,上櫃,38.35,0.0,-3000.0,0,0,-3000.0,-115050.0,0.0,0.0,-115050.0
6637,醫影,上櫃,56.0,2.9411764705882355,15000.0,0,-792.0,14208.0,840000.0,0.0,-44352.0,795648.0
6640,均華,上櫃,1050.0,-2.7777777777777777,-65503.0,0,1139.0,-64364.0,-68778150.0,0.0,1195950.0,-67582200.0
6642,富致,上櫃,77.6,-1.8963337547408345,-37000.0,0,-77.0,-37077.0,-2871200.0,0.0,-5975.2,-2877175.1999999997
6643,M31,上櫃,489.0,-1.8072289156626504,21130.0,0,-14655.0,6475.0,10332570.0,0.0,-7166295.0,3166275.0
6649,台生材,上櫃,36.6,1.2448132780082988,-4000.0,0,0,-4000.0,-146400.0,0.0,0.0,-146400.0
6651,全宇昕,上櫃,141.5,-0.7017543859649122,-16910.0,0,988.0,-15922.0,-2392765.0,0.0,139802.0,-2252963.0
6654,天正國際,上櫃,218.0,0.4608294930875576,3000.0,0,-787.0,2213.0,654000.0,0.0,-171566.0,482434.0
6664,群翊,上櫃,373.5,-1.1904761904761905,48174.0,2000.0,-6713.0,43461.0,17992989.0,747000.0,-2507305.5,16232683.5
6667,信紘科,上櫃,283.0,1.615798922800718,110704.0,0,-4895.0,105809.0,31329232.0,0.0,-1385285.0,29943947.0
6679,鈺太,上櫃,196.5,-1.256281407035176,-50000.0,0,-11487.0,-61487.0,-9825000.0,0.0,-2257195.5,-12082195.5
6683,雍智科技,上櫃,1415.0,-2.0761245674740483,-24499.0,14000.0,12180.0,1681.0,-34666085.0,19810000.0,17234700.0,2378615.0
6684,安格,上櫃,48.05,-0.825593395252838,6000.0,0,0,6000.0,288300.0,0.0,0.0,288300.0
6690,安碁資訊,上櫃,178.0,0.0,9314.0,0,596.0,9910.0,1657892.0,0.0,106088.0,1763980.0
6692,進能服,上櫃,22.8,0.8849557522123894,-3000.0,0,0,-3000.0,-68400.0,0.0,0.0,-68400.0
6693,廣閎科,上櫃,196.5,-0.25380710659898476,-12957.0,0,-10656.0,-23613.0,-2546050.5,0.0,-2093904.0,-4639954.5
6703,軒郁,上櫃,99.9,-0.5970149253731344,0,-485.0,0,-485.0,0.0,-48451.5,0.0,-48451.5
6708,天擎,上櫃,69.2,1.0218978102189782,3000.0,0,0,3000.0,207600.0,0.0,0.0,207600.0
6712,長聖,上櫃,161.5,0.0,-17820.0,0,327.0,-17493.0,-2877930.0,0.0,52810.5,-2825119.5
6716,應廣,上櫃,138.5,-9.77198697068404,10000.0,0,-7472.0,2528.0,1385000.0,0.0,-1034872.0,350128.0
6720,久昌,上櫃,117.0,-6.024096385542169,9000.0,0,-101.0,8899.0,1053000.0,0.0,-11817.0,1041183.0
6721,信實,上櫃,48.5,-1.0204081632653061,1000.0,0,0,1000.0,48500.0,0.0,0.0,48500.0
6725,矽科宏晟,上櫃,213.5,-1.6129032258064515,-49586.0,0,1053.0,-48533.0,-10586611.0,0.0,224815.5,-10361795.5
6727,亞泰金屬,上櫃,530.0,0.7604562737642585,60673.0,0,-3476.0,57197.0,32156690.0,0.0,-1842280.0,30314410.0
6728,上洋,上櫃,108.5,-0.45871559633027525,1000.0,0,0,1000.0,108500.0,0.0,0.0,108500.0
6732,昇佳電子,上櫃,152.0,-0.6535947712418301,-6704.0,0,-125.0,-6829.0,-1019008.0,0.0,-19000.0,-1038008.0
6733,博晟生醫,上櫃,24.9,0.2012072434607646,-106.0,0,140.0,34.0,-2639.3999999999996,0.0,3486.0,846.5999999999999
6735,美達科技,上櫃,62.6,-0.9493670886075948,-8000.0,0,-164.0,-8164.0,-500800.0,0.0,-10266.4,-511066.4
6739,竹陞科技,上櫃,1080.0,-1.8181818181818181,6900.0,0,2118.0,9018.0,7452000.0,0.0,2287440.0,9739440.0
6741,91APP*-KY,上櫃,54.2,0.0,-111000.0,0,361.0,-110639.0,-6016200.0,0.0,19566.2,-5996633.800000001
6751,智聯服務,上櫃,51.4,5.327868852459017,-35000.0,0,0,-35000.0,-1799000.0,0.0,0.0,-1799000.0
6752,叡揚,上櫃,97.0,0.3102378490175801,-2000.0,0,0,-2000.0,-194000.0,0.0,0.0,-194000.0
6761,穩得,上櫃,166.5,-1.1869436201780417,22010.0,0,-3014.0,18996.0,3664665.0,0.0,-501831.0,3162834.0
6763,綠界科技*,上櫃,41.55,0.12048192771084339,22000.0,0,0,22000.0,914099.9999999999,0.0,0.0,914099.9999999999
6785,昱展新藥,上櫃,88.1,-2.9735682819383262,-18000.0,0,-336.0,-18336.0,-1585800.0,0.0,-29601.6,-1615401.5999999999
6788,華景電,上櫃,375.5,-0.3978779840848806,-89373.0,0,13337.0,-76036.0,-33559561.5,0.0,5008043.5,-28551518.0
6791,虎門科技,上櫃,99.3,-2.1674876847290645,1000.0,0,0,1000.0,99300.0,0.0,0.0,99300.0
6803,崑鼎,上櫃,265.0,1.1450381679389312,-8000.0,0,0,-8000.0,-2120000.0,0.0,0.0,-2120000.0
6804,明係,上櫃,17.85,-2.459016393442623,-14000.0,0,-16000.0,-30000.0,-249900.00000000003,0.0,-285600.0,-535500.0
6811,宏碁資訊,上櫃,281.0,2.93040293040293,314451.0,0,5037.0,319488.0,88360731.0,0.0,1415397.0,89776128.0
6821,聯寶,上櫃,44.9,-1.4270032930845227,8000.0,0,-23.0,7977.0,359200.0,0.0,-1032.7,358167.3
6823,濾能,上櫃,59.7,-0.830564784053156,-6000.0,0,-500.0,-6500.0,-358200.0,0.0,-29850.0,-388050.0
6829,千附精密,上櫃,210.0,-2.3255813953488373,-123000.0,0,-14366.0,-137366.0,-25830000.0,0.0,-3016860.0,-28846860.0
6840,東研信超,上櫃,94.5,-0.5263157894736842,-53271.0,0,-6051.0,-59322.0,-5034109.5,0.0,-571819.5,-5605929.0
6841,長佳智能,上櫃,56.7,1.6129032258064515,59000.0,0,264.0,59264.0,3345300.0,0.0,14968.800000000001,3360268.8000000003
6859,伯特光,上櫃,120.5,0.0,-2070.0,0,-593.0,-2663.0,-249435.0,0.0,-71456.5,-320891.5
6865,偉康科技,上櫃,26.45,-0.9363295880149813,-1000.0,0,0,-1000.0,-26450.0,0.0,0.0,-26450.0
6870,騰雲,上櫃,319.0,0.949367088607595,-11964.0,0,-2243.0,-14207.0,-3816516.0,0.0,-715517.0,-4532033.0
6872,浩宇生醫,上櫃,21.8,-1.1337868480725624,-2000.0,0,0,-2000.0,-43600.0,0.0,0.0,-43600.0
6874,倍力,上櫃,70.3,0.0,-1000.0,0,0,-1000.0,-70300.0,0.0,0.0,-70300.0
6875,國邑*,上櫃,27.0,-0.18484288354898337,-96000.0,0,0,-96000.0,-2592000.0,0.0,0.0,-2592000.0
6877,鏵友益,上櫃,134.0,1.1320754716981132,-50750.0,0,10438.0,-40312.0,-6800500.0,0.0,1398692.0,-5401808.0
6894,衛司特,上櫃,362.0,-0.27548209366391185,-15000.0,0,321.0,-14679.0,-5430000.0,0.0,116202.0,-5313798.0
6895,宏碩系統,上櫃,155.5,0.3225806451612903,0,0,104.0,104.0,0.0,0.0,16172.0,16172.0
6903,巨漢,上櫃,326.5,-0.1529051987767584,-28667.0,0,-11133.0,-39800.0,-9359775.5,0.0,-3634924.5,-12994700.0
6907,雅特力-KY,上櫃,182.5,-3.439153439153439,-194993.0,0,-30283.0,-225276.0,-35586222.5,0.0,-5526647.5,-41112870.0
6910,德鴻,上櫃,25.5,0.3937007874015749,1000.0,0,0,1000.0,25500.0,0.0,0.0,25500.0
6913,鴻呈,上櫃,129.5,-3.3582089552238807,-90433.0,0,-8943.0,-99376.0,-11711073.5,0.0,-1158118.5,-12869192.0
6922,宸曜,上櫃,203.0,-0.49019607843137253,-20763.0,0,-3101.0,-23864.0,-4214889.0,0.0,-629503.0,-4844392.0
6925,意藍,上櫃,71.3,0.1404494382022472,-4000.0,0,0,-4000.0,-285200.0,0.0,0.0,-285200.0
6929,佑全,上櫃,22.0,-2.2222222222222223,-1000.0,0,0,-1000.0,-22000.0,0.0,0.0,-22000.0
6945,圓祥生技,上櫃,133.0,-5.0,-240980.0,0,0,-240980.0,-32050340.0,0.0,0.0,-32050340.0
6953,家碩,上櫃,255.0,-0.7782101167315175,-13935.0,0,-585.0,-14520.0,-3553425.0,0.0,-149175.0,-3702600.0
6967,汎瑋材料,上櫃,71.9,-2.043596730245232,11000.0,0,0,11000.0,790900.0000000001,0.0,0.0,790900.0000000001
6968,萬達寵物,上櫃,41.3,0.4866180048661801,-1000.0,0,0,-1000.0,-41300.0,0.0,0.0,-41300.0
6971,惠民實業,上櫃,24.4,3.829787234042553,7000.0,0,0,7000.0,170800.0,0.0,0.0,170800.0
6982,大井泵浦,上櫃,44.8,0.22371364653243853,1000.0,0,0,1000.0,44800.0,0.0,0.0,44800.0
6983,華洋精機,上櫃,374.5,-1.963350785340314,-16940.0,0,697.0,-16243.0,-6344030.0,0.0,261026.5,-6083003.5
6986,和迅,上櫃,44.3,0.22624434389140274,-4000.0,0,0,-4000.0,-177200.0,0.0,0.0,-177200.0
6996,力領科技,上櫃,166.0,0.0,-11000.0,0,338.0,-10662.0,-1826000.0,0.0,56108.0,-1769892.0
6997,博弘,上櫃,66.7,-1.911764705882353,45.0,0,0,45.0,3001.5,0.0,0.0,3001.5
7402,邑錡,上櫃,99.2,-0.4016064257028112,-12008.0,0,-95.0,-12103.0,-1191193.6,0.0,-9424.0,-1200617.6
7547,碩網,上櫃,60.0,-2.4390243902439024,4000.0,0,0,4000.0,240000.0,0.0,0.0,240000.0
7556,意德士,上櫃,290.0,2.4734982332155475,-893.0,0,8926.0,8033.0,-258970.0,0.0,2588540.0,2329570.0
7584,樂意,上櫃,28.2,-4.72972972972973,1000.0,0,0,1000.0,28200.0,0.0,0.0,28200.0
7642,昶瑞機電,上櫃,65.9,-2.3703703703703707,4000.0,0,0,4000.0,263600.0,0.0,0.0,263600.0
7703,銳澤,上櫃,202.0,-1.9417475728155338,-6000.0,0,1249.0,-4751.0,-1212000.0,0.0,252298.0,-959702.0
7704,明遠精密,上櫃,62.6,3.3003300330033,33000.0,0,0,33000.0,2065800.0,0.0,0.0,2065800.0
7709,榮田,上櫃,81.6,-2.508960573476703,-20000.0,0,-749.0,-20749.0,-1632000.0,0.0,-61118.399999999994,-1693118.4
7712,博盛半導體,上櫃,173.5,0.2890173410404624,-65419.0,0,-770.0,-66189.0,-11350196.5,0.0,-133595.0,-11483791.5
7714,創泓科技,上櫃,170.0,0.8902077151335311,41000.0,0,-5.0,40995.0,6970000.0,0.0,-850.0,6969150.0
7715,裕山,上櫃,26.55,-0.9328358208955223,-8000.0,0,3.0,-7997.0,-212400.0,0.0,79.65,-212320.35
7717,萊德光電-KY,上櫃,577.0,-4.152823920265781,-62184.0,0,-7903.0,-70087.0,-35880168.0,0.0,-4560031.0,-40440199.0
7718,友鋮,上櫃,45.9,0.21834061135371183,1000.0,0,0,1000.0,45900.0,0.0,0.0,45900.0
7723,築間,上櫃,22.3,2.2935779816513757,8000.0,0,-6106.0,1894.0,178400.0,0.0,-136163.80000000002,42236.200000000004
7728,光焱科技,上櫃,631.0,-0.9419152276295133,-9000.0,0,12032.0,3032.0,-5679000.0,0.0,7592192.0,1913192.0
7734,印能科技,上櫃,2710.0,0.0,3002.0,0,2479.0,5481.0,8135420.0,0.0,6718090.0,14853510.0
7738,東聯互動,上櫃,161.0,1.89873417721519,-2000.0,0,0,-2000.0,-322000.0,0.0,0.0,-322000.0
7743,金利食安,上櫃,26.0,-3.7037037037037033,-1000.0,0,0,-1000.0,-26000.0,0.0,0.0,-26000.0
7744,崴寶,上櫃,506.0,-5.065666041275797,-33951.0,0,-2528.0,-36479.0,-17179206.0,0.0,-1279168.0,-18458374.0
7747,昕奇雲端,上櫃,111.0,0.0,0,0,-87700.0,-87700.0,0.0,0.0,-9734700.0,-9734700.0
7751,竑騰,上櫃,1620.0,1.25,33000.0,2000.0,137.0,35137.0,53460000.0,3240000.0,221940.0,56921940.0
7757,金色三麥,上櫃,88.9,-0.22446689113355778,0,0,0,0,0.0,0.0,0.0,0.0
7770,君曜,上櫃,40.7,1.7499999999999998,0,0,-11607.0,-11607.0,0.0,0.0,-472404.9,-472404.9
7772,耀穎,上櫃,135.0,-6.5743944636678195,90000.0,0,-104.0,89896.0,12150000.0,0.0,-14040.0,12135960.0
7777,能率亞洲,上櫃,37.1,-0.5361930294906166,6200.0,0,9945.0,16145.0,230020.0,0.0,368959.5,598979.5
7792,安葆,上櫃,403.5,-0.7380073800738007,28782.0,0,-29863.0,-1081.0,11613537.0,0.0,-12049720.5,-436183.5
7794,宏碁智新,上櫃,29.3,-1.0135135135135134,-3000.0,0,0,-3000.0,-87900.0,0.0,0.0,-87900.0
7805,威聯通,上櫃,505.0,2.5380710659898478,18200.0,0,1427.0,19627.0,9191000.0,0.0,720635.0,9911635.0
7810,捷創科技,上櫃,245.0,-1.4084507042253522,-8944.0,0,0,-8944.0,-2191280.0,0.0,0.0,-2191280.0
7814,海昌生技,上櫃,28.5,1.7857142857142856,1000.0,0,-4000.0,-3000.0,28500.0,0.0,-114000.0,-85500.0
7825,和亞智慧,上櫃,75.4,-3.4571062740076828,6000.0,0,0,6000.0,452400.00000000006,0.0,0.0,452400.00000000006
7828,創新服務,上櫃,1840.0,2.2222222222222223,2000.0,0,1472.0,3472.0,3680000.0,0.0,2708480.0,6388480.0
7839,達人網,上櫃,44.0,-0.5649717514124294,7000.0,0,-3000.0,4000.0,308000.0,0.0,-132000.0,176000.0
7856,漢測,上櫃,4260.0,-2.73972602739726,-2403.0,0,-5800.0,-8203.0,-10236780.0,0.0,-24708000.0,-34944780.0
8024,佑華,上櫃,12.35,1.2295081967213115,7000.0,0,0,7000.0,86450.0,0.0,0.0,86450.0
8027,鈦昇,上櫃,202.5,-2.877697841726619,48333.0,0,-5062.0,43271.0,9787432.5,0.0,-1025055.0,8762377.5
8032,光菱,上櫃,36.1,-0.13831258644536654,1000.0,0,0,1000.0,36100.0,0.0,0.0,36100.0
8034,榮群,上櫃,19.45,0.7772020725388601,2000.0,0,0,2000.0,38900.0,0.0,0.0,38900.0
8038,長園科,上櫃,36.2,6.158357771260997,301000.0,0,0,301000.0,10896200.0,0.0,0.0,10896200.0
8040,九暘,上櫃,89.0,-1.3303769401330374,-40889.0,0,-3092.0,-43981.0,-3639121.0,0.0,-275188.0,-3914309.0
8042,金山電,上櫃,138.5,9.920634920634921,2289240.0,0,72379.0,2361619.0,317059740.0,0.0,10024491.5,327084231.5
8043,蜜望實,上櫃,146.5,1.0344827586206897,18467.0,0,44734.0,63201.0,2705415.5,0.0,6553531.0,9258946.5
8044,網家,上櫃,24.2,0.41493775933609967,34000.0,0,0,34000.0,822800.0,0.0,0.0,822800.0
8047,星雲,上櫃,44.5,-5.218317358892439,1000.0,0,-1000.0,0,44500.0,0.0,-44500.0,0.0
8048,德勝,上櫃,51.4,-0.19417475728155342,-31163.0,0,-4867.0,-36030.0,-1601778.2,0.0,-250163.8,-1851942.0
8049,晶采,上櫃,24.45,-0.8113590263691686,-4000.0,0,0,-4000.0,-97800.0,0.0,0.0,-97800.0
8050,廣積,上櫃,60.4,-0.33003300330033003,-267000.0,0,565.0,-266435.0,-16126800.0,0.0,34126.0,-16092674.0
8054,安國,上櫃,81.0,-0.36900369003690037,-267000.0,0,-304.0,-267304.0,-21627000.0,0.0,-24624.0,-21651624.0
8059,凱碩,上櫃,17.6,0.2849002849002849,13000.0,0,0,13000.0,228800.00000000003,0.0,0.0,228800.00000000003
8064,東捷,上櫃,133.5,-1.8382352941176472,-153159.0,0,4461.0,-148698.0,-20446726.5,0.0,595543.5,-19851183.0
8066,來思達,上櫃,14.5,-1.694915254237288,4000.0,0,0,4000.0,58000.0,0.0,0.0,58000.0
8068,全達,上櫃,18.75,9.970674486803519,153000.0,0,5760.0,158760.0,2868750.0,0.0,108000.0,2976750.0
8069,元太,上櫃,144.0,-0.6896551724137931,-673483.0,20000.0,8732.0,-644751.0,-96981552.0,2880000.0,1257408.0,-92844144.0
8071,能率網通,上櫃,21.75,-0.6849315068493151,22142.0,0,0,22142.0,481588.5,0.0,0.0,481588.5
8074,鉅橡,上櫃,56.5,-2.586206896551724,-237999.0,0,-16296.0,-254295.0,-13446943.5,0.0,-920724.0,-14367667.5
8076,伍豐,上櫃,21.4,0.23419203747072603,-18206.0,0,0,-18206.0,-389608.39999999997,0.0,0.0,-389608.39999999997
8083,瑞穎,上櫃,161.0,0.625,7985.0,0,0,7985.0,1285585.0,0.0,0.0,1285585.0
8084,巨虹,上櫃,14.4,-9.717868338557993,4000.0,0,0,4000.0,57600.0,0.0,0.0,57600.0
8085,福華,上櫃,15.1,0.0,-27000.0,0,0,-27000.0,-407700.0,0.0,0.0,-407700.0
8086,宏捷科,上櫃,154.0,10.0,2111271.0,0,101729.0,2213000.0,325135734.0,0.0,15666266.0,340802000.0
8087,麗升能源,上櫃,22.85,-2.765957446808511,0,0,0,0,0.0,0.0,0.0,0.0
8088,品安,上櫃,43.8,-1.4623172103487065,-85000.0,0,-675.0,-85675.0,-3722999.9999999995,0.0,-29564.999999999996,-3752564.9999999995
8089,康全電訊,上櫃,19.4,0.2583979328165375,13000.0,0,0,13000.0,252199.99999999997,0.0,0.0,252199.99999999997
8091,翔名,上櫃,230.0,-1.4989293361884368,-89797.0,0,-2852.0,-92649.0,-20653310.0,0.0,-655960.0,-21309270.0
8092,建暐,上櫃,12.75,6.25,53000.0,0,0,53000.0,675750.0,0.0,0.0,675750.0
8093,保銳,上櫃,26.3,-0.18975332068311196,4000.0,0,0,4000.0,105200.0,0.0,0.0,105200.0
8096,擎亞,上櫃,90.3,0.2219755826859046,-76297.0,0,7822.0,-68475.0,-6889619.1,0.0,706326.6,-6183292.5
8097,常珵,上櫃,48.2,-0.20703933747412007,-7000.0,0,0,-7000.0,-337400.0,0.0,0.0,-337400.0
8099,大世科,上櫃,58.7,-0.3395585738539898,0,0,-394.0,-394.0,0.0,0.0,-23127.800000000003,-23127.800000000003
8107,大億金茂,上櫃,11.9,0.0,3000.0,0,0,3000.0,35700.0,0.0,0.0,35700.0
8109,博大,上櫃,136.0,0.7407407407407408,-17343.0,-1000.0,1339.0,-17004.0,-2358648.0,-136000.0,182104.0,-2312544.0
8111,立碁,上櫃,93.7,-0.3191489361702127,727877.0,0,-23813.0,704064.0,68202074.9,0.0,-2231278.1,65970796.800000004
8121,越峰,上櫃,34.4,-0.7215007215007215,-838945.0,0,37317.0,-801628.0,-28859708.0,0.0,1283704.8,-27576003.2
8147,正淩,上櫃,139.0,-2.112676056338028,-42809.0,0,-6630.0,-49439.0,-5950451.0,0.0,-921570.0,-6872021.0
8155,博智,上櫃,326.5,-2.245508982035928,-28184.0,-48000.0,-20725.0,-96909.0,-9202076.0,-15672000.0,-6766712.5,-31640788.5
8171,天宇,上櫃,21.15,0.47505938242280293,22000.0,0,0,22000.0,465299.99999999994,0.0,0.0,465299.99999999994
8176,智捷,上櫃,9.65,-0.720164609053498,-1000.0,0,10.0,-990.0,-9650.0,0.0,96.5,-9553.5
8182,加高,上櫃,45.7,4.337899543378994,257055.0,0,-3369.0,253686.0,11747413.5,0.0,-153963.30000000002,11593450.200000001
8227,巨有科技,上櫃,335.0,-9.946236559139784,-60455.0,0,-13059.0,-73514.0,-20252425.0,0.0,-4374765.0,-24627190.0
8234,新漢,上櫃,63.4,2.5889967637540456,67499.0,0,-745.0,66754.0,4279436.6,0.0,-47233.0,4232203.6
8240,華宏,上櫃,54.5,-2.1543985637342904,44000.0,0,-21528.0,22472.0,2398000.0,0.0,-1173276.0,1224724.0
8255,朋程,上櫃,150.5,-1.6339869281045754,-55445.0,0,-2085.0,-57530.0,-8344472.5,0.0,-313792.5,-8658265.0
8277,商丞,上櫃,15.45,-0.3225806451612903,-3000.0,0,0,-3000.0,-46350.0,0.0,0.0,-46350.0
8279,生展,上櫃,80.9,0.12376237623762375,-5000.0,0,0,-5000.0,-404500.0,0.0,0.0,-404500.0
8284,三竹,上櫃,68.0,0.14727540500736377,0,0,-152.0,-152.0,0.0,0.0,-10336.0,-10336.0
8289,泰藝,上櫃,60.9,9.927797833935019,423130.0,0,30162.0,453292.0,25768617.0,0.0,1836865.8,27605482.8
8291,尚茂,上櫃,27.3,-1.444043321299639,-3000.0,0,0,-3000.0,-81900.0,0.0,0.0,-81900.0
8299,群聯,上櫃,2060.0,0.0,-247828.0,28159.0,1364.0,-218305.0,-510525680.0,58007540.0,2809840.0,-449708300.0
8342,益張,上櫃,84.9,3.536585365853658,-1000.0,0,0,-1000.0,-84900.0,0.0,0.0,-84900.0
8349,恒耀,上櫃,41.25,-0.8413461538461539,-1578.0,0,0,-1578.0,-65092.5,0.0,0.0,-65092.5
8354,冠好,上櫃,16.95,2.7272727272727275,-1000.0,0,-4000.0,-5000.0,-16950.0,0.0,-67800.0,-84750.0
8358,金居,上櫃,535.0,-2.5500910746812386,-308617.0,-1000.0,962693.0,653076.0,-165110095.0,-535000.0,515040755.0,349395660.0
8383,千附,上櫃,69.0,-2.2662889518413603,-102805.0,0,1583.0,-101222.0,-7093545.0,0.0,109227.0,-6984318.0
8390,金益鼎,上櫃,90.9,-0.9803921568627451,-48000.0,0,-4676.0,-52676.0,-4363200.0,0.0,-425048.4,-4788248.4
8401,白紗科,上櫃,22.7,0.44247787610619477,-4000.0,0,0,-4000.0,-90800.0,0.0,0.0,-90800.0
8403,盛弘,上櫃,19.05,1.0610079575596816,38000.0,0,2000.0,40000.0,723900.0,0.0,38100.0,762000.0
8410,森田,上櫃,26.45,-0.9363295880149813,10000.0,0,369.0,10369.0,264500.0,0.0,9760.05,274260.05
8415,大國鋼,上櫃,35.2,-0.2832861189801699,-5000.0,0,0,-5000.0,-176000.0,0.0,0.0,-176000.0
8421,旭源,上櫃,13.15,-0.7547169811320755,-6000.0,0,0,-6000.0,-78900.0,0.0,0.0,-78900.0
8423,保綠-KY,上櫃,17.8,-0.8356545961002786,1000.0,0,0,1000.0,17800.0,0.0,0.0,17800.0
8424,惠普,上櫃,69.5,-0.14367816091954025,2000.0,0,0,2000.0,139000.0,0.0,0.0,139000.0
8426,紅木-KY,上櫃,20.6,-1.1990407673860912,0,0,0,0,0.0,0.0,0.0,0.0
8431,匯鑽科,上櫃,59.6,-6.875000000000001,-342083.0,0,-28992.0,-371075.0,-20388146.8,0.0,-1727923.2,-22116070.0
8432,東生華,上櫃,53.2,-1.1152416356877324,0,0,-3.0,-3.0,0.0,0.0,-159.60000000000002,-159.60000000000002
8435,鉅邁,上櫃,52.7,0.0,0,0,450.0,450.0,0.0,0.0,23715.0,23715.0
8436,大江,上櫃,103.0,0.4878048780487805,-27000.0,0,31764.0,4764.0,-2781000.0,0.0,3271692.0,490692.0
8437,大地-KY,上櫃,10.55,-4.090909090909091,-8000.0,0,0,-8000.0,-84400.0,0.0,0.0,-84400.0
8440,綠電,上櫃,20.1,-0.24813895781637718,0,0,0,0,0.0,0.0,0.0,0.0
8446,華研,上櫃,86.4,0.23201856148491878,6000.0,0,0,6000.0,518400.00000000006,0.0,0.0,518400.00000000006
8450,霹靂,上櫃,14.1,-0.7042253521126761,1000.0,0,0,1000.0,14100.0,0.0,0.0,14100.0
8477,創業家,上櫃,13.5,-4.25531914893617,-4000.0,0,0,-4000.0,-54000.0,0.0,0.0,-54000.0
8489,三貝德,上櫃,21.9,0.0,-12000.0,0,324.0,-11676.0,-262800.0,0.0,7095.599999999999,-255704.4
8905,裕國,上櫃,33.95,-1.3081395348837208,1000.0,0,0,1000.0,33950.0,0.0,0.0,33950.0
8908,欣雄,上櫃,39.8,0.0,2000.0,0,0,2000.0,79600.0,0.0,0.0,79600.0
8916,光隆,上櫃,40.85,0.12254901960784313,-12000.0,0,378.0,-11622.0,-490200.0,0.0,15441.300000000001,-474758.7
8924,大田,上櫃,49.3,0.509683995922528,-5000.0,-1026.0,-413.0,-6439.0,-246500.0,-50581.799999999996,-20360.899999999998,-317442.69999999995
8927,北基,上櫃,18.25,-1.0840108401084012,-31000.0,0,0,-31000.0,-565750.0,0.0,0.0,-565750.0
8928,鉅明,上櫃,22.25,-2.412280701754386,-2000.0,0,0,-2000.0,-44500.0,0.0,0.0,-44500.0
8929,富堡,上櫃,12.75,-0.390625,6000.0,0,0,6000.0,76500.0,0.0,0.0,76500.0
8931,大汽電,上櫃,42.55,0.0,5000.0,0,0,5000.0,212750.0,0.0,0.0,212750.0
8932,智通*,上櫃,92.7,2.8856825749167587,595780.0,0,54906.0,650686.0,55228806.0,0.0,5089786.2,60318592.2
8933,愛地雅,上櫃,4.45,-1.9823788546255505,4000.0,0,0,4000.0,17800.0,0.0,0.0,17800.0
8935,邦泰,上櫃,18.9,3.278688524590164,6000.0,0,0,6000.0,113399.99999999999,0.0,0.0,113399.99999999999
8936,國統,上櫃,54.0,1.694915254237288,293564.0,0,559520.0,853084.0,15852456.0,0.0,30214080.0,46066536.0
8937,合騏*,上櫃,25.2,0.8,-7000.0,0,0,-7000.0,-176400.0,0.0,0.0,-176400.0
8938,明安,上櫃,51.9,0.19305019305019308,1000.0,-1977.0,-20.0,-997.0,51900.0,-102606.3,-1038.0,-51744.299999999996
8941,關中,上櫃,43.25,-1.4806378132118452,-1000.0,0,0,-1000.0,-43250.0,0.0,0.0,-43250.0
8942,森鉅,上櫃,40.2,0.0,-26000.0,0,0,-26000.0,-1045200.0000000001,0.0,0.0,-1045200.0000000001
9951,皇田,上櫃,47.1,1.8378378378378377,2000.0,0,0,2000.0,94200.0,0.0,0.0,94200.0
9960,邁達康,上櫃,38.45,-4.114713216957606,0,0,0,0,0.0,0.0,0.0,0.0
9962,有益,上櫃,10.25,0.49019607843137264,1000.0,0,0,1000.0,10250.0,0.0,0.0,10250.0
