code,name,mkt,close,chg,foreign,trust,dealer,total,foreign_amt,trust_amt,dealer_amt,total_amt
00403A,主動統一升級50,上市,,,150917570.0,0,159715415.0,310632985.0,,,,
00981A,主動統一台股增長,上市,,,110265075.0,550000.0,52549399.0,163364474.0,,,,
00405A,主動富邦台灣龍耀,上市,,,72355490.0,0,62482154.0,134837644.0,,,,
00406A,主動中信台灣收益,上市,,,128492101.0,0,-1921363.0,126570738.0,,,,
00991A,主動復華未來50,上市,,,87616021.0,0,33935073.0,121551094.0,,,,
00631L,元大台灣50正2,上市,,,1971467.0,0,107550085.0,109521552.0,,,,
00685L,群益臺灣加權正2,上市,,,730700.0,0,80387025.0,81117725.0,,,,
00407A,主動凱基台灣,上市,,,25745371.0,0,28874087.0,54619458.0,,,,
00961,FT臺灣永續高息,上市,,,13980300.0,0,20104000.0,34084300.0,,,,
00988A,主動統一全球創新,上市,,,17564945.0,0,9580000.0,27144945.0,,,,
00982A,主動群益台灣強棒,上市,,,15886050.0,0,10665079.0,26551129.0,,,,
00409A,主動復華全球50,上市,,,19343000.0,0,6939108.0,26282108.0,,,,
3231,緯創,上市,,,24878270.0,-181107.0,381749.0,25078912.0,,,,
0050,元大台灣50,上市,,,19566308.0,2100000.0,2389013.0,24055321.0,,,,
00881,國泰台灣科技龍頭,上市,,,17528590.0,0,6050018.0,23578608.0,,,,
2344,華邦電,上市,,,22053190.0,-1848134.0,661419.0,20866475.0,,,,
00404A,主動聯博動能50,上市,,,9274000.0,0,10371842.0,19645842.0,,,,
00999A,主動野村臺灣高息,上市,,,14443000.0,0,3808607.0,18251607.0,,,,
00896,中信綠能及電動車,上市,,,10582700.0,0,5739523.0,16322223.0,,,,
009816,凱基台灣TOP50,上市,,,13753833.0,0,922581.0,14676414.0,,,,
2887,台新新光金,上市,,,13700689.0,-12594.0,182729.0,13870824.0,,,,
2317,鴻海,上市,,,13072342.0,-63478.0,374858.0,13383722.0,,,,
2301,光寶科,上市,,,11841503.0,-56717.0,675263.0,12460049.0,,,,
2481,強茂,上市,,,12256955.0,-1440000.0,505629.0,11322584.0,,,,
2330,台積電,上市,,,9770520.0,589108.0,491655.0,10851283.0,,,,
00994A,主動第一金台股優,上市,,,10139483.0,0,463802.0,10603285.0,,,,
00673R,期元大S&P原油反1,上市,,,67000.0,0,10126143.0,10193143.0,,,,
2426,鼎元,上市,,,9785980.0,0,263352.0,10049332.0,,,,
00990A,主動元大AI新經濟,上市,,,3083670.0,0,6872314.0,9955984.0,,,,
1718,中纖,上市,,,8155131.0,0,1660167.0,9815298.0,,,,
00400A,主動國泰動能高息,上市,,,15966400.0,0,-6198345.0,9768055.0,,,,
2313,華通,上市,,,7879903.0,412000.0,1106537.0,9398440.0,,,,
00993A,主動安聯台灣,上市,,,6072000.0,0,2487930.0,8559930.0,,,,
00997A,主動群益美國增長,上市,,,4711050.0,0,3732542.0,8443592.0,,,,
00402A,主動安聯美國科技,上市,,,-59985.0,0,8478178.0,8418193.0,,,,
2308,台達電,上市,,,7962966.0,29292.0,359524.0,8351782.0,,,,
009820,元大納斯達克精選,上市,,,-81552.0,0,7838968.0,7757416.0,,,,
1303,南亞,上市,,,7047771.0,525194.0,68217.0,7641182.0,,,,
00940,元大台灣價值高息,上市,,,2600071.0,0,4747858.0,7347929.0,,,,
4958,臻鼎-KY,上市,,,6264346.0,1322710.0,-258322.0,7328734.0,,,,
00923,群益台ESG低碳50,上市,,,2952000.0,1000000.0,3319911.0,7271911.0,,,,
1714,和桐,上市,,,6575430.0,0,301821.0,6877251.0,,,,
2885,元大金,上市,,,4059265.0,-50205.0,1657144.0,5666204.0,,,,
00984A,主動安聯台灣高息,上市,,,2441000.0,0,2724203.0,5165203.0,,,,
00648R,元大S&P500反1,上市,,,0,0,5037800.0,5037800.0,,,,
00935,野村臺灣新科技50,上市,,,1081734.0,-432000.0,4227758.0,4877492.0,,,,
6005,群益證,上市,,,4837159.0,-1000.0,0,4836159.0,,,,
00900,富邦特選高股息30,上市,,,3282215.0,0,1369840.0,4652055.0,,,,
009802,富邦旗艦50,上市,,,-49000.0,0,4673811.0,4624811.0,,,,
00663L,國泰臺灣加權正2,上市,,,408090.0,0,4082081.0,4490171.0,,,,
00987A,主動台新優勢成長,上市,,,2338000.0,0,2048508.0,4386508.0,,,,
2340,台亞,上市,,,3398500.0,0,350781.0,3749281.0,,,,
2376,技嘉,上市,,,3143592.0,203000.0,73771.0,3420363.0,,,,
1802,台玻,上市,,,3253226.0,0,154223.0,3407449.0,,,,
00980A,主動野村臺灣優選,上市,,,9035050.0,0,-5764314.0,3270736.0,,,,
009803,玉山市值動能50,上市,,,1373750.0,0,1875567.0,3249317.0,,,,
6209,今國光,上市,,,2936204.0,0,274852.0,3211056.0,,,,
9933,中鼎,上市,,,3958657.0,-25700.0,-813913.0,3119044.0,,,,
00992A,主動群益科技創新,上市,,,5485768.0,300000.0,-2714311.0,3071457.0,,,,
2412,中華電,上市,,,4768337.0,-1874299.0,45000.0,2939038.0,,,,
00995A,主動中信台灣卓越,上市,,,3921100.0,0,-1029654.0,2891446.0,,,,
4989,榮科,上市,,,2767706.0,0,114128.0,2881834.0,,,,
2484,希華,上市,,,2671328.0,0,-50221.0,2621107.0,,,,
009804,聯邦台精彩50,上市,,,1458000.0,0,1114993.0,2572993.0,,,,
3717,聯嘉投控,上市,,,2645194.0,0,-73000.0,2572194.0,,,,
2881,富邦金,上市,,,2098180.0,406941.0,-15157.0,2489964.0,,,,
00892,富邦台灣半導體,上市,,,544100.0,0,1938844.0,2482944.0,,,,
1605,華新,上市,,,2805540.0,-58000.0,-271935.0,2475605.0,,,,
1301,台塑,上市,,,2577907.0,0,-131743.0,2446164.0,,,,
1409,新纖,上市,,,2047492.0,0,351015.0,2398507.0,,,,
3711,日月光投控,上市,,,3081011.0,-879217.0,175004.0,2376798.0,,,,
2377,微星,上市,,,2081048.0,-21000.0,172111.0,2232159.0,,,,
3037,欣興,上市,,,3690708.0,-1274484.0,-188474.0,2227750.0,,,,
00918,大華優利高填息30,上市,,,3433450.0,0,-1244498.0,2188952.0,,,,
00401A,主動摩根台灣鑫收,上市,,,1174000.0,0,983355.0,2157355.0,,,,
00905,FT臺灣Smart,上市,,,666000.0,0,1462068.0,2128068.0,,,,
00408A,主動第一金優股息,上市,,,-32000.0,0,2130300.0,2098300.0,,,,
2408,南亞科,上市,,,3060981.0,-1817473.0,738527.0,1982035.0,,,,
2883,凱基金,上市,,,1676771.0,27225.0,263264.0,1967260.0,,,,
00939,統一台灣高息動能,上市,,,869000.0,0,1064345.0,1933345.0,,,,
3189,景碩,上市,,,838354.0,1150000.0,-102745.0,1885609.0,,,,
1717,長興,上市,,,1846949.0,0,18848.0,1865797.0,,,,
009829,大華韓國KOSPI50,上市,,,3350000.0,0,-1509304.0,1840696.0,,,,
3035,智原,上市,,,1834927.0,0,-12294.0,1822633.0,,,,
2049,上銀,上市,,,2176413.0,-483000.0,112032.0,1805445.0,,,,
0052,富邦科技,上市,,,5241583.0,0,-3504592.0,1736991.0,,,,
00951,台新日本半導體,上市,,,275049.0,0,1448751.0,1723800.0,,,,
00671R,富邦NASDAQ反1,上市,,,0,0,1713848.0,1713848.0,,,,
00930,永豐ESG低碳高息,上市,,,323000.0,0,1346852.0,1669852.0,,,,
1709,和益,上市,,,1634000.0,0,-95212.0,1538788.0,,,,
2104,國際中橡,上市,,,1512113.0,0,24000.0,1536113.0,,,,
2884,玉山金,上市,,,1838741.0,-500861.0,173113.0,1510993.0,,,,
2882,國泰金,上市,,,461973.0,1061503.0,-47274.0,1476202.0,,,,
00688L,國泰20年美債正2,上市,,,1000.0,0,1474032.0,1475032.0,,,,
2332,友訊,上市,,,1440651.0,0,26000.0,1466651.0,,,,
2486,一詮,上市,,,1616509.0,-209000.0,22441.0,1429950.0,,,,
3019,亞光,上市,,,1163171.0,0,264469.0,1427640.0,,,,
1708,東鹼,上市,,,1392260.0,0,14184.0,1406444.0,,,,
4927,泰鼎-KY,上市,,,1332137.0,0,66788.0,1398925.0,,,,
2393,億光,上市,,,1636203.0,-262000.0,12897.0,1387100.0,,,,
009819,中信數據及電力,上市,,,2843000.0,0,-1459804.0,1383196.0,,,,
2454,聯發科,上市,,,1297381.0,-61768.0,121965.0,1357578.0,,,,
8070,長華*,上市,,,638364.0,497000.0,204857.0,1340221.0,,,,
3311,閎暉,上市,,,1341453.0,0,-14377.0,1327076.0,,,,
2385,群光,上市,,,1353976.0,-76000.0,11690.0,1289666.0,,,,
2368,金像電,上市,,,917601.0,17872.0,346549.0,1282022.0,,,,
00735,國泰臺韓科技,上市,,,768100.0,0,485901.0,1254001.0,,,,
8046,南電,上市,,,387199.0,883908.0,-119574.0,1151533.0,,,,
1477,聚陽,上市,,,1169112.0,-41000.0,12437.0,1140549.0,,,,
009813,貝萊德標普卓越50,上市,,,8520.0,0,1127000.0,1135520.0,,,,
3702,大聯大,上市,,,1137108.0,-10000.0,-9876.0,1117232.0,,,,
1773,勝一,上市,,,1049724.0,0,44952.0,1094676.0,,,,
00830,國泰費城半導體,上市,,,1432744.0,0,-353353.0,1079391.0,,,,
3034,聯詠,上市,,,878954.0,163000.0,31872.0,1073826.0,,,,
2855,統一證,上市,,,1031877.0,31000.0,0,1062877.0,,,,
2103,台橡,上市,,,1087951.0,0,-28431.0,1059520.0,,,,
2395,研華,上市,,,866941.0,118831.0,64193.0,1049965.0,,,,
00941,中信上游半導體,上市,,,153000.0,0,868640.0,1021640.0,,,,
8021,尖點,上市,,,983796.0,35000.0,-3195.0,1015601.0,,,,
3543,州巧,上市,,,1003837.0,0,0,1003837.0,,,,
2347,聯強,上市,,,1287321.0,-309000.0,-10733.0,967588.0,,,,
00410A,主動永豐科技趨勢,上市,,,2723000.0,0,-1779749.0,943251.0,,,,
3017,奇鋐,上市,,,724397.0,246883.0,-32302.0,938978.0,,,,
00922,國泰台灣領袖50,上市,,,1222611.0,0,-293797.0,928814.0,,,,
00965,元大航太防衛科技,上市,,,181000.0,0,734282.0,915282.0,,,,
6949,沛爾生醫*-創,上市,,,1054350.0,0,-144283.0,910067.0,,,,
2357,華碩,上市,,,940394.0,-107247.0,53927.0,887074.0,,,,
6153,嘉聯益,上市,,,941800.0,0,-56835.0,884965.0,,,,
2483,百容,上市,,,879960.0,0,4000.0,883960.0,,,,
6962,奕力-KY,上市,,,873867.0,0,2974.0,876841.0,,,,
4976,佳凌,上市,,,865170.0,0,0,865170.0,,,,
6271,同欣電,上市,,,831061.0,0,32114.0,863175.0,,,,
00946,群益科技高息成長,上市,,,205000.0,0,653138.0,858138.0,,,,
5876,上海商銀,上市,,,1125664.0,-428000.0,109817.0,807481.0,,,,
00952,凱基台灣AI50,上市,,,195500.0,0,609512.0,805012.0,,,,
2413,環科,上市,,,801716.0,0,-1488.0,800228.0,,,,
4916,事欣科,上市,,,795126.0,0,-3362.0,791764.0,,,,
5285,界霖,上市,,,720830.0,0,65865.0,786695.0,,,,
00894,中信小資高價30,上市,,,678191.0,0,106583.0,784774.0,,,,
6141,柏承,上市,,,704016.0,0,80000.0,784016.0,,,,
00675L,富邦臺灣加權正2,上市,,,1010.0,0,774490.0,775500.0,,,,
2305,全友,上市,,,899427.0,0,-128276.0,771151.0,,,,
3044,健鼎,上市,,,603508.0,62000.0,103089.0,768597.0,,,,
2421,建準,上市,,,735749.0,1000.0,31404.0,768153.0,,,,
2328,廣宇,上市,,,727231.0,0,35236.0,762467.0,,,,
6901,鑽石投資,上市,,,773250.0,0,-12000.0,761250.0,,,,
3504,揚明光,上市,,,775577.0,0,-19657.0,755920.0,,,,
2617,台航,上市,,,754154.0,0,854.0,755008.0,,,,
00989A,主動摩根美國科技,上市,,,1000.0,0,738475.0,739475.0,,,,
009827,玉山未來全球算力,上市,,,33000.0,0,699000.0,732000.0,,,,
7788,松川精密,上市,,,656057.0,0,66064.0,722121.0,,,,
3023,信邦,上市,,,702887.0,-9000.0,24175.0,718062.0,,,,
2527,宏璟,上市,,,697114.0,0,11098.0,708212.0,,,,
3605,宏致,上市,,,969851.0,-258000.0,-8412.0,703439.0,,,,
6278,台表科,上市,,,836163.0,-262000.0,111581.0,685744.0,,,,
00693U,期街口S&P黃豆,上市,,,-20000.0,0,700018.0,680018.0,,,,
8996,高力,上市,,,601842.0,-18000.0,94082.0,677924.0,,,,
00891,中信關鍵半導體,上市,,,2306000.0,0,-1636614.0,669386.0,,,,
3031,佰鴻,上市,,,627503.0,0,2000.0,629503.0,,,,
3661,世芯-KY,上市,,,314372.0,270000.0,20313.0,604685.0,,,,
00893,國泰智能電動車,上市,,,114010.0,0,481272.0,595282.0,,,,
6164,華興,上市,,,575704.0,0,11790.0,587494.0,,,,
6691,洋基工程,上市,,,512789.0,4000.0,54788.0,571577.0,,,,
6285,啟碁,上市,,,12950.0,4000.0,534604.0,551554.0,,,,
3518,柏騰,上市,,,391844.0,0,153278.0,545122.0,,,,
00882,中信中國高股息,上市,,,1068.0,0,542708.0,543776.0,,,,
3701,大眾控,上市,,,320474.0,0,205734.0,526208.0,,,,
3010,華立,上市,,,533031.0,-1000.0,-10668.0,521363.0,,,,
6446,藥華藥,上市,,,468445.0,-1116.0,41517.0,508846.0,,,,
2611,志信,上市,,,508123.0,0,0,508123.0,,,,
3149,正達,上市,,,506013.0,0,921.0,506934.0,,,,
3665,貿聯-KY,上市,,,2229745.0,-1759066.0,26315.0,496994.0,,,,
2360,致茂,上市,,,578621.0,-19135.0,-67219.0,492267.0,,,,
3016,嘉晶,上市,,,521743.0,0,-31096.0,490647.0,,,,
2451,創見,上市,,,340967.0,134000.0,9039.0,484006.0,,,,
1319,東陽,上市,,,498050.0,-2000.0,-16894.0,479156.0,,,,
2404,漢唐,上市,,,465044.0,-17000.0,11647.0,459691.0,,,,
006208,富邦台50,上市,,,583006.0,-522000.0,395268.0,456274.0,,,,
00982T,平衡兆豐台美動能,上市,,,0,0,449596.0,449596.0,,,,
2476,鉅祥,上市,,,400383.0,0,43686.0,444069.0,,,,
3645,達邁,上市,,,384279.0,0,59669.0,443948.0,,,,
1528,恩德,上市,,,437831.0,0,0,437831.0,,,,
00915,凱基優選高股息30,上市,,,837000.0,0,-400011.0,436989.0,,,,
00983A,主動中信ARK創新,上市,,,1524000.0,0,-1090298.0,433702.0,,,,
5243,乙盛-KY,上市,,,319174.0,0,112237.0,431411.0,,,,
3583,辛耘,上市,,,401803.0,0,19154.0,420957.0,,,,
2891,中信金,上市,,,-769993.0,1017512.0,168745.0,416264.0,,,,
3048,益登,上市,,,249320.0,0,162000.0,411320.0,,,,
6550,北極星藥業-KY,上市,,,413285.0,0,-3000.0,410285.0,,,,
2033,佳大,上市,,,407464.0,0,-2016.0,405448.0,,,,
00921,兆豐龍頭等權重,上市,,,60000.0,0,337355.0,397355.0,,,,
2030,彰源,上市,,,437000.0,0,-45000.0,392000.0,,,,
9939,宏全,上市,,,387972.0,-2000.0,-5577.0,380395.0,,,,
1713,國化,上市,,,375000.0,0,1000.0,376000.0,,,,
1504,東元,上市,,,409400.0,-34000.0,-2622.0,372778.0,,,,
2455,全新,上市,,,99350.0,-45000.0,315884.0,370234.0,,,,
00932,兆豐永續高息等權,上市,,,14000.0,0,352491.0,366491.0,,,,
009801,中信美國創新科技,上市,,,-2000.0,0,367478.0,365478.0,,,,
6414,樺漢,上市,,,304914.0,3000.0,54074.0,361988.0,,,,
3591,艾笛森,上市,,,400741.0,0,-39000.0,361741.0,,,,
1513,中興電,上市,,,339316.0,16000.0,1885.0,357201.0,,,,
8103,瀚荃,上市,,,410065.0,0,-57458.0,352607.0,,,,
2351,順德,上市,,,184505.0,0,165828.0,350333.0,,,,
00738U,期元大道瓊白銀,上市,,,41061.0,0,307636.0,348697.0,,,,
00876,元大全球5G,上市,,,219000.0,0,128576.0,347576.0,,,,
6658,聯策,上市,,,339908.0,0,5762.0,345670.0,,,,
2478,大毅,上市,,,341493.0,0,743.0,342236.0,,,,
6451,訊芯-KY,上市,,,312919.0,0,27603.0,340522.0,,,,
1711,永光,上市,,,248197.0,0,89654.0,337851.0,,,,
4720,德淵,上市,,,337060.0,0,-2696.0,334364.0,,,,
2406,國碩,上市,,,66823.0,0,264035.0,330858.0,,,,
2379,瑞昱,上市,,,131343.0,137000.0,55369.0,323712.0,,,,
00936,台新永續高息中小,上市,,,293000.0,0,23901.0,316901.0,,,,
4961,天鈺,上市,,,210012.0,109000.0,-3523.0,315489.0,,,,
6191,精成科,上市,,,276534.0,0,23877.0,300411.0,,,,
5434,崇越,上市,,,299269.0,-22000.0,23055.0,300324.0,,,,
2467,志聖,上市,,,276503.0,0,22228.0,298731.0,,,,
4540,全球傳動,上市,,,284490.0,0,2000.0,286490.0,,,,
4576,大銀微系統,上市,,,282084.0,0,-1148.0,280936.0,,,,
00910,第一金太空衛星,上市,,,97000.0,0,181000.0,278000.0,,,,
4949,有成精密,上市,,,274132.0,0,3009.0,277141.0,,,,
00681R,元大美債20反1,上市,,,650000.0,0,-373090.0,276910.0,,,,
00850,元大臺灣ESG永續,上市,,,55000.0,0,220860.0,275860.0,,,,
6885,全福生技,上市,,,277000.0,0,-3000.0,274000.0,,,,
00690,兆豐藍籌30,上市,,,-3000.0,0,275906.0,272906.0,,,,
6416,瑞祺電通,上市,,,274001.0,0,-3000.0,271001.0,,,,
009811,統一美國50,上市,,,21000.0,0,244614.0,265614.0,,,,
3060,銘異,上市,,,260237.0,0,408.0,260645.0,,,,
2466,冠西電,上市,,,226458.0,0,33249.0,259707.0,,,,
6415,矽力*-KY,上市,,,234368.0,-37000.0,59938.0,257306.0,,,,
7795,長廣,上市,,,245926.0,0,10158.0,256084.0,,,,
00733,富邦臺灣中小,上市,,,136080.0,0,117697.0,253777.0,,,,
2614,東森,上市,,,5420.0,0,247000.0,252420.0,,,,
3563,牧德,上市,,,221200.0,0,30482.0,251682.0,,,,
2392,正崴,上市,,,253414.0,0,-4952.0,248462.0,,,,
2316,楠梓電,上市,,,249227.0,0,-7211.0,242016.0,,,,
4526,東台,上市,,,299892.0,0,-60569.0,239323.0,,,,
1563,巧新,上市,,,234198.0,0,0,234198.0,,,,
6196,帆宣,上市,,,178542.0,-34000.0,89186.0,233728.0,,,,
4934,太極,上市,,,232017.0,0,0,232017.0,,,,
1476,儒鴻,上市,,,232950.0,-1000.0,-837.0,231113.0,,,,
00949,復華日本龍頭,上市,,,-17000.0,0,245522.0,228522.0,,,,
3305,昇貿,上市,,,222022.0,0,4330.0,226352.0,,,,
009824,群益美國科技巨頭,上市,,,-288000.0,0,514146.0,226146.0,,,,
00982D,主動富邦動態入息,上市,,,0,0,225406.0,225406.0,,,,
00692,富邦公司治理,上市,,,294012.0,0,-70037.0,223975.0,,,,
3338,泰碩,上市,,,215017.0,0,7000.0,222017.0,,,,
00686R,群益臺灣加權反1,上市,,,10000.0,0,206500.0,216500.0,,,,
3062,建漢,上市,,,189005.0,0,27181.0,216186.0,,,,
4912,聯德控股-KY,上市,,,213836.0,0,0,213836.0,,,,
6541,泰福-KY,上市,,,212000.0,0,0,212000.0,,,,
1459,聯發,上市,,,-12000.0,0,212788.0,200788.0,,,,
1514,亞力,上市,,,198318.0,0,101.0,198419.0,,,,
3055,蔚華科,上市,,,174260.0,0,23000.0,197260.0,,,,
6166,凌華,上市,,,194538.0,0,2036.0,196574.0,,,,
2495,普安,上市,,,206867.0,0,-11010.0,195857.0,,,,
7711,永擎,上市,,,125199.0,0,68252.0,193451.0,,,,
6491,晶碩,上市,,,197000.0,0,-7135.0,189865.0,,,,
6715,嘉基,上市,,,45057.0,140000.0,3917.0,188974.0,,,,
00861,元大全球未來通訊,上市,,,188000.0,0,256.0,188256.0,,,,
1560,中砂,上市,,,109061.0,33000.0,45567.0,187628.0,,,,
6944,兆聯實業,上市,,,171981.0,0,15638.0,187619.0,,,,
6933,AMAX-KY,上市,,,194203.0,0,-7274.0,186929.0,,,,
3413,京鼎,上市,,,179767.0,0,5852.0,185619.0,,,,
2241,艾姆勒,上市,,,154000.0,0,30000.0,184000.0,,,,
6789,采鈺,上市,,,207462.0,1000.0,-25683.0,182779.0,,,,
8016,矽創,上市,,,109498.0,75000.0,-2831.0,181667.0,,,,
8473,山林水,上市,,,180219.0,0,0,180219.0,,,,
2397,友通,上市,,,176162.0,0,4000.0,180162.0,,,,
6176,瑞儀,上市,,,182461.0,-1000.0,-2622.0,178839.0,,,,
6669,緯穎,上市,,,428889.0,-296854.0,46564.0,178599.0,,,,
3515,華擎,上市,,,133744.0,0,43809.0,177553.0,,,,
8011,台通,上市,,,177000.0,0,0,177000.0,,,,
6742,澤米,上市,,,168218.0,0,1003.0,169221.0,,,,
00986A,主動台新龍頭成長,上市,,,25000.0,0,144154.0,169154.0,,,,
00895,富邦未來車,上市,,,110973.0,0,53303.0,164276.0,,,,
8081,致新,上市,,,101623.0,53000.0,4750.0,159373.0,,,,
00938,凱基優選30,上市,,,-8000.0,0,166964.0,158964.0,,,,
00911,兆豐洲際半導體,上市,,,-15.0,0,156198.0,156183.0,,,,
6449,鈺邦,上市,,,155458.0,0,-964.0,154494.0,,,,
3032,偉訓,上市,,,153700.0,0,0,153700.0,,,,
3312,弘憶股,上市,,,153000.0,0,-1.0,152999.0,,,,
1582,信錦,上市,,,151535.0,0,-200.0,151335.0,,,,
7610,聯友金屬-創,上市,,,125313.0,0,12594.0,137907.0,,,,
6189,豐藝,上市,,,136158.0,-1000.0,140.0,135298.0,,,,
3167,大量,上市,,,125029.0,0,10263.0,135292.0,,,,
6213,聯茂,上市,,,141441.0,52000.0,-59643.0,133798.0,,,,
2345,智邦,上市,,,213910.0,-188994.0,107462.0,132378.0,,,,
00638R,元大滬深300反1,上市,,,0,0,131400.0,131400.0,,,,
4977,眾達-KY,上市,,,171809.0,0,-44306.0,127503.0,,,,
00730,富邦臺灣優質高息,上市,,,65000.0,0,60817.0,125817.0,,,,
4722,國精化,上市,,,83170.0,0,39828.0,122998.0,,,,
9919,康那香,上市,,,122000.0,0,0,122000.0,,,,
1721,國慶科技,上市,,,123843.0,0,-2000.0,121843.0,,,,
6214,精誠,上市,,,115804.0,10000.0,-4000.0,121804.0,,,,
00916,國泰全球品牌50,上市,,,-9000.0,0,128608.0,119608.0,,,,
8926,台汽電,上市,,,132311.0,-16000.0,-195.0,116116.0,,,,
2102,泰豐,上市,,,115460.0,0,0,115460.0,,,,
5269,祥碩,上市,,,99594.0,23000.0,-7781.0,114813.0,,,,
00641R,富邦日本反1,上市,,,0,0,114100.0,114100.0,,,,
00920,富邦ESG綠色電力,上市,,,5039.0,0,104751.0,109790.0,,,,
2462,良得電,上市,,,108000.0,0,1000.0,109000.0,,,,
5292,華懋,上市,,,107252.0,0,-2512.0,104740.0,,,,
2420,新巨,上市,,,102144.0,0,-170.0,101974.0,,,,
3592,瑞鼎,上市,,,24704.0,74000.0,2100.0,100804.0,,,,
3011,今皓,上市,,,100113.0,0,0,100113.0,,,,
00715L,期街口布蘭特正2,上市,,,187000.0,0,-87049.0,99951.0,,,,
3022,威強電,上市,,,104051.0,0,-4900.0,99151.0,,,,
2457,飛宏,上市,,,94640.0,0,0,94640.0,,,,
6957,裕慶-KY,上市,,,99290.0,0,-5965.0,93325.0,,,,
3025,星通,上市,,,93000.0,0,0,93000.0,,,,
009808,華南永昌優選50,上市,,,48000.0,0,41551.0,89551.0,,,,
3652,精聯,上市,,,89000.0,0,0,89000.0,,,,
3416,融程電,上市,,,103120.0,0,-15999.0,87121.0,,,,
009812,野村日本東證,上市,,,-5000.0,0,91196.0,86196.0,,,,
7786,東方風能,上市,,,93000.0,0,-8000.0,85000.0,,,,
2388,威盛,上市,,,121747.0,0,-37655.0,84092.0,,,,
00654R,富邦印度反1,上市,,,0,0,82000.0,82000.0,,,,
6155,鈞寶,上市,,,89106.0,0,-8357.0,80749.0,,,,
2912,統一超,上市,,,66330.0,3000.0,11000.0,80330.0,,,,
1304,台聚,上市,,,114068.0,0,-33818.0,80250.0,,,,
00674R,期元大S&P黃金反1,上市,,,0,0,79920.0,79920.0,,,,
3533,嘉澤,上市,,,-335493.0,433000.0,-20011.0,77496.0,,,,
6799,來頡,上市,,,77176.0,0,0,77176.0,,,,
2534,宏盛,上市,,,76000.0,0,0,76000.0,,,,
1810,和成,上市,,,75428.0,0,0,75428.0,,,,
1736,喬山,上市,,,82321.0,0,-6965.0,75356.0,,,,
00903,富邦元宇宙,上市,,,0,0,75026.0,75026.0,,,,
3058,立德,上市,,,75000.0,0,0,75000.0,,,,
00634R,富邦上証反1,上市,,,0,0,73000.0,73000.0,,,,
3027,盛達,上市,,,71000.0,0,1000.0,72000.0,,,,
00901,永豐智能車供應鏈,上市,,,672000.0,0,-600805.0,71195.0,,,,
7855,和運租車,上市,,,70000.0,0,0,70000.0,,,,
2850,新產,上市,,,71192.0,0,-2000.0,69192.0,,,,
8261,富鼎,上市,,,12935.0,0,55543.0,68478.0,,,,
6579,研揚,上市,,,57828.0,0,10379.0,68207.0,,,,
2206,三陽工業,上市,,,48190.0,0,20000.0,68190.0,,,,
2228,劍麟,上市,,,68000.0,0,0,68000.0,,,,
4414,如興,上市,,,68000.0,0,0,68000.0,,,,
3029,零壹,上市,,,38341.0,-1000.0,30520.0,67861.0,,,,
2237,華德動能-創,上市,,,65000.0,0,0,65000.0,,,,
6225,天瀚,上市,,,63500.0,0,0,63500.0,,,,
2072,世紀風電,上市,,,64366.0,0,-2609.0,61757.0,,,,
5284,jpp-KY,上市,,,63093.0,0,-1646.0,61447.0,,,,
7750,新代,上市,,,-4548.0,44000.0,21646.0,61098.0,,,,
2254,巨鎧精密-創,上市,,,61000.0,0,0,61000.0,,,,
00700,富邦恒生國企,上市,,,-455940.0,0,516399.0,60459.0,,,,
6409,旭隼,上市,,,61380.0,-5000.0,3742.0,60122.0,,,,
1340,勝悅-KY,上市,,,60000.0,0,0,60000.0,,,,
6206,飛捷,上市,,,58804.0,-3000.0,3848.0,59652.0,,,,
4952,凌通,上市,,,62478.0,0,-3000.0,59478.0,,,,
3138,耀登,上市,,,58149.0,0,940.0,59089.0,,,,
2387,精元,上市,,,55000.0,0,4000.0,59000.0,,,,
7765,中華資安,上市,,,55000.0,0,3000.0,58000.0,,,,
00683L,期元大美元指正2,上市,,,43000.0,0,13087.0,56087.0,,,,
00666R,富邦恒生國企反1,上市,,,-1000.0,0,55000.0,54000.0,,,,
2880,華南金,上市,,,-131676.0,-110405.0,295964.0,53883.0,,,,
00728,第一金工業30,上市,,,201000.0,0,-147283.0,53717.0,,,,
2731,雄獅,上市,,,53278.0,0,-105.0,53173.0,,,,
00926,凱基全球菁英55,上市,,,45.0,0,52146.0,52191.0,,,,
8476,台境*,上市,,,52000.0,0,0,52000.0,,,,
7799,禾榮科,上市,,,46118.0,0,5000.0,51118.0,,,,
6472,保瑞,上市,,,74958.0,0,-23951.0,51007.0,,,,
6947,台鎔科技,上市,,,46102.0,0,0,46102.0,,,,
020028,元大特選電動車N,上市,,,0,0,46000.0,46000.0,,,,
2440,太空梭,上市,,,46000.0,0,0,46000.0,,,,
1108,幸福,上市,,,45930.0,0,0,45930.0,,,,
6969,成信實業*-創,上市,,,45000.0,0,772.0,45772.0,,,,
020034,元大IC設計N,上市,,,0,0,45000.0,45000.0,,,,
3059,華晶科,上市,,,67000.0,0,-22564.0,44436.0,,,,
8429,金麗-KY,上市,,,44000.0,0,0,44000.0,,,,
2607,榮運,上市,,,43322.0,0,0,43322.0,,,,
4142,國光生,上市,,,42865.0,0,426.0,43291.0,,,,
3054,立萬利,上市,,,43000.0,0,0,43000.0,,,,
3043,科風,上市,,,44000.0,0,-1000.0,43000.0,,,,
00898,國泰基因免疫革命,上市,,,-6000.0,0,48585.0,42585.0,,,,
3003,健和興,上市,,,42367.0,0,-44.0,42323.0,,,,
0051,元大中型100,上市,,,0,0,42193.0,42193.0,,,,
3443,創意,上市,,,31122.0,-12329.0,22775.0,41568.0,,,,
2415,錩新,上市,,,42223.0,0,-985.0,41238.0,,,,
5244,弘凱,上市,,,41000.0,0,0,41000.0,,,,
020031,統一IC設計臺灣N,上市,,,0,0,40000.0,40000.0,,,,
2545,皇翔,上市,,,39000.0,0,219.0,39219.0,,,,
2911,麗嬰房,上市,,,39000.0,0,0,39000.0,,,,
1325,恆大,上市,,,38811.0,0,0,38811.0,,,,
3356,奇偶,上市,,,38609.0,0,0,38609.0,,,,
2929,淘帝-KY,上市,,,38000.0,0,0,38000.0,,,,
1337,再生-KY,上市,,,38000.0,0,0,38000.0,,,,
00929,復華台灣科技優息,上市,,,480629.0,0,-442658.0,37971.0,,,,
1522,堤維西,上市,,,37000.0,0,0,37000.0,,,,
1474,弘裕,上市,,,35000.0,0,1000.0,36000.0,,,,
2849,安泰銀,上市,,,39000.0,0,-3000.0,36000.0,,,,
00661,元大日經225,上市,,,0,0,35100.0,35100.0,,,,
8222,寶一,上市,,,35000.0,0,0,35000.0,,,,
5222,全訊,上市,,,34796.0,0,0,34796.0,,,,
2059,川湖,上市,,,10536.0,31980.0,-8076.0,34440.0,,,,
6589,台康生技,上市,,,33757.0,0,0,33757.0,,,,
6526,達發,上市,,,86945.0,15000.0,-68481.0,33464.0,,,,
2414,精技,上市,,,34000.0,0,-1000.0,33000.0,,,,
1733,五鼎,上市,,,37000.0,0,-4000.0,33000.0,,,,
00640L,富邦日本正2,上市,,,1000.0,0,31042.0,32042.0,,,,
2482,連宇,上市,,,31015.0,0,412.0,31427.0,,,,
5258,虹堡,上市,,,32060.0,0,-757.0,31303.0,,,,
2450,神腦,上市,,,31000.0,0,0,31000.0,,,,
7736,虎山,上市,,,31000.0,0,0,31000.0,,,,
020030,統一智慧電動車N,上市,,,0,0,31000.0,31000.0,,,,
3617,碩天,上市,,,33237.0,0,-2520.0,30717.0,,,,
1903,士紙,上市,,,30005.0,0,0,30005.0,,,,
5706,鳳凰,上市,,,29000.0,0,850.0,29850.0,,,,
4935,茂林-KY,上市,,,29000.0,0,0,29000.0,,,,
6552,易華電,上市,,,28000.0,0,0,28000.0,,,,
2923,鼎固-KY,上市,,,13000.0,0,15000.0,28000.0,,,,
3622,洋華,上市,,,80370.0,0,-52891.0,27479.0,,,,
6277,宏正,上市,,,27096.0,0,0,27096.0,,,,
2543,皇昌,上市,,,-28964.0,0,56000.0,27036.0,,,,
2022,聚亨,上市,,,26808.0,0,0,26808.0,,,,
3257,虹冠電,上市,,,26735.0,0,0,26735.0,,,,
6861,睿生光電,上市,,,21089.0,0,5461.0,26550.0,,,,
6152,百一,上市,,,10819.0,0,15605.0,26424.0,,,,
6606,建德工業,上市,,,26000.0,0,0,26000.0,,,,
7749,意騰-KY,上市,,,26838.0,0,-1299.0,25539.0,,,,
7827,漢康-KY創,上市,,,25100.0,0,198.0,25298.0,,,,
00770,國泰北美科技,上市,,,0,0,25081.0,25081.0,,,,
6695,芯鼎,上市,,,24477.0,0,602.0,25079.0,,,,
7818,溢泰實業,上市,,,25000.0,0,0,25000.0,,,,
6197,佳必琪,上市,,,63450.0,0,-38765.0,24685.0,,,,
8464,億豐,上市,,,17541.0,5000.0,1978.0,24519.0,,,,
2497,怡利電,上市,,,25000.0,0,-789.0,24211.0,,,,
1517,利奇,上市,,,24000.0,0,0,24000.0,,,,
02001L,富邦蘋果正二N,上市,,,0,0,24000.0,24000.0,,,,
00731,復華富時高息低波,上市,,,11000.0,0,12774.0,23774.0,,,,
6776,展碁國際,上市,,,22000.0,0,1000.0,23000.0,,,,
6928,攸泰科技,上市,,,23000.0,0,0,23000.0,,,,
3501,維熹,上市,,,23000.0,0,0,23000.0,,,,
4583,台灣精銳,上市,,,22201.0,0,180.0,22381.0,,,,
00706L,期元大S&P日圓正2,上市,,,0,0,22085.0,22085.0,,,,
1417,嘉裕,上市,,,22000.0,0,0,22000.0,,,,
2516,新建,上市,,,22000.0,0,0,22000.0,,,,
6215,和椿,上市,,,20927.0,0,1000.0,21927.0,,,,
00899,FT潔淨能源,上市,,,0,0,21570.0,21570.0,,,,
1339,昭輝,上市,,,21000.0,0,0,21000.0,,,,
3296,勝德,上市,,,-3000.0,0,24000.0,21000.0,,,,
00636,國泰中國A50,上市,,,-1000.0,0,21802.0,20802.0,,,,
3150,鈺寶-創,上市,,,15000.0,0,5245.0,20245.0,,,,
1234,黑松,上市,,,20000.0,0,53.0,20053.0,,,,
1225,福懋油,上市,,,21000.0,0,-1000.0,20000.0,,,,
6657,華安,上市,,,20000.0,0,0,20000.0,,,,
1110,東泥,上市,,,20000.0,0,0,20000.0,,,,
7730,暉盛-創,上市,,,20000.0,0,-260.0,19740.0,,,,
2383,台光電,上市,,,-99570.0,-17107.0,136321.0,19644.0,,,,
009810,玉山全球藍籌100,上市,,,-1000.0,0,20423.0,19423.0,,,,
2722,夏都,上市,,,19000.0,0,0,19000.0,,,,
4562,穎漢,上市,,,19000.0,0,0,19000.0,,,,
6115,鎰勝,上市,,,19000.0,0,0,19000.0,,,,
5515,建國,上市,,,21010.0,0,-2010.0,19000.0,,,,
8488,吉源-KY,上市,,,24000.0,0,-5000.0,19000.0,,,,
2816,旺旺保,上市,,,17121.0,0,0,17121.0,,,,
7740,熙特爾-創,上市,,,17109.0,0,-85.0,17024.0,,,,
6965,中傑-KY,上市,,,15000.0,0,2000.0,17000.0,,,,
6781,AES-KY,上市,,,15140.0,0,1273.0,16413.0,,,,
00651R,復華香港反1,上市,,,2000.0,0,14400.0,16400.0,,,,
2546,根基,上市,,,16320.0,0,0,16320.0,,,,
00717,富邦美國特別股,上市,,,16000.0,0,0,16000.0,,,,
6722,輝創,上市,,,16000.0,0,0,16000.0,,,,
5538,東明-KY,上市,,,19000.0,0,-3000.0,16000.0,,,,
9924,福興,上市,,,15000.0,0,0,15000.0,,,,
1623,大東電,上市,,,15000.0,0,0,15000.0,,,,
1321,大洋,上市,,,15000.0,0,0,15000.0,,,,
3015,全漢,上市,,,65998.0,-51000.0,0,14998.0,,,,
1795,美時,上市,,,6587.0,0,8332.0,14919.0,,,,
5225,東科-KY,上市,,,14000.0,0,0,14000.0,,,,
8499,鼎炫-KY,上市,,,13000.0,0,747.0,13747.0,,,,
006203,元大MSCI台灣,上市,,,0,0,13744.0,13744.0,,,,
1533,車王電,上市,,,13000.0,0,0,13000.0,,,,
6591,動力-KY,上市,,,13000.0,0,0,13000.0,,,,
2423,固緯,上市,,,13000.0,0,0,13000.0,,,,
3321,同泰,上市,,,12999.0,0,0,12999.0,,,,
00645,富邦日本,上市,,,16.0,68000.0,-55452.0,12564.0,,,,
2460,建通,上市,,,12008.0,0,0,12008.0,,,,
1456,怡華,上市,,,13000.0,0,-1000.0,12000.0,,,,
4148,全宇生技-KY,上市,,,10000.0,0,2000.0,12000.0,,,,
1735,日勝化,上市,,,9000.0,0,2715.0,11715.0,,,,
01009T,王道圓滿R1,上市,,,11000.0,0,0,11000.0,,,,
1806,冠軍,上市,,,11000.0,0,0,11000.0,,,,
6525,捷敏-KY,上市,,,-5882.0,-2000.0,18525.0,10643.0,,,,
3596,智易,上市,,,-12990.0,0,23613.0,10623.0,,,,
6201,亞弘電,上市,,,9000.0,0,1000.0,10000.0,,,,
7823,奧義賽博-KY創,上市,,,10000.0,0,0,10000.0,,,,
8114,振樺電,上市,,,15349.0,-1000.0,-5000.0,9349.0,,,,
8104,錸寶,上市,,,9000.0,0,0,9000.0,,,,
1583,程泰,上市,,,9000.0,0,0,9000.0,,,,
6908,宏碁遊戲-創,上市,,,3000.0,0,6000.0,9000.0,,,,
4440,宜新實業,上市,,,16000.0,0,-7000.0,9000.0,,,,
4133,亞諾法,上市,,,9000.0,0,0,9000.0,,,,
4557,永新-KY,上市,,,9000.0,0,0,9000.0,,,,
3168,眾福科,上市,,,9000.0,0,0,9000.0,,,,
2636,台驊控股,上市,,,9000.0,0,0,9000.0,,,,
8213,志超,上市,,,8923.0,0,-150.0,8773.0,,,,
9917,中保科,上市,,,8440.0,0,0,8440.0,,,,
00908,富邦入息REITs+,上市,,,-34000.0,0,42328.0,8328.0,,,,
00657,國泰日經225,上市,,,0,0,8098.0,8098.0,,,,
6230,尼得科超眾,上市,,,8000.0,0,23.0,8023.0,,,,
5007,三星,上市,,,8000.0,0,0,8000.0,,,,
8463,潤泰材,上市,,,7000.0,0,1000.0,8000.0,,,,
1776,展宇,上市,,,8000.0,0,0,8000.0,,,,
020039,元大加權N,上市,,,0,0,8000.0,8000.0,,,,
1432,大魯閣,上市,,,8000.0,0,0,8000.0,,,,
1446,宏和,上市,,,7900.0,0,0,7900.0,,,,
2207,和泰車,上市,,,9844.0,-2000.0,-4.0,7840.0,,,,
1342,八貫,上市,,,7690.0,0,0,7690.0,,,,
4169,泰宗,上市,,,7003.0,0,0,7003.0,,,,
4426,利勤,上市,,,7000.0,0,0,7000.0,,,,
4737,華廣,上市,,,7000.0,0,0,7000.0,,,,
1471,首利,上市,,,11000.0,0,-4000.0,7000.0,,,,
1541,錩泰,上市,,,7000.0,0,0,7000.0,,,,
1535,中宇,上市,,,7000.0,0,0,7000.0,,,,
9935,慶豐富,上市,,,7000.0,0,0,7000.0,,,,
9946,三發地產,上市,,,7000.0,0,0,7000.0,,,,
2702,華園,上市,,,7000.0,0,0,7000.0,,,,
2637,慧洋-KY,上市,,,7590.0,11000.0,-11608.0,6982.0,,,,
7812,稜研科技*-創,上市,,,-14000.0,0,20957.0,6957.0,,,,
00703,台新MSCI中國,上市,,,0,0,6511.0,6511.0,,,,
2107,厚生,上市,,,6286.0,0,0,6286.0,,,,
00656R,國泰中國A50反1,上市,,,-2000.0,0,8200.0,6200.0,,,,
6558,興能高,上市,,,6092.0,0,0,6092.0,,,,
2712,遠雄來,上市,,,6000.0,0,0,6000.0,,,,
6936,永鴻生技,上市,,,6000.0,0,0,6000.0,,,,
1203,味王,上市,,,6000.0,0,0,6000.0,,,,
1443,立益物流,上市,,,6000.0,0,0,6000.0,,,,
3052,夆典,上市,,,6000.0,0,0,6000.0,,,,
1598,岱宇,上市,,,6717.0,0,-868.0,5849.0,,,,
9136,巨騰-DR,上市,,,7000.0,0,-1171.0,5829.0,,,,
6924,榮惠-KY創,上市,,,6000.0,0,-460.0,5540.0,,,,
6515,穎崴,上市,,,11589.0,-7000.0,886.0,5475.0,,,,
1449,佳和,上市,,,5192.0,0,0,5192.0,,,,
1218,泰山,上市,,,5000.0,0,0,5000.0,,,,
2248,華勝-KY,上市,,,3000.0,0,2000.0,5000.0,,,,
1626,艾美特-KY,上市,,,5000.0,0,0,5000.0,,,,
7705,三商餐飲,上市,,,5000.0,0,0,5000.0,,,,
9908,大台北,上市,,,5000.0,0,0,5000.0,,,,
6216,居易,上市,,,4000.0,0,1000.0,5000.0,,,,
3432,台端,上市,,,5000.0,0,0,5000.0,,,,
6573,虹揚-KY,上市,,,5000.0,0,0,5000.0,,,,
6958,日盛台駿,上市,,,3000.0,0,2000.0,5000.0,,,,
00739,元大MSCI A股,上市,,,-1000.0,0,5871.0,4871.0,,,,
6955,邦睿生技-創,上市,,,2000.0,0,2784.0,4784.0,,,,
7722,LINEPAY,上市,,,1377.0,0,3000.0,4377.0,,,,
1702,南僑,上市,,,4254.0,0,0,4254.0,,,,
2008,高興昌,上市,,,4000.0,0,0,4000.0,,,,
1435,中福,上市,,,4000.0,0,0,4000.0,,,,
020020,元大台股領航N,上市,,,0,0,4000.0,4000.0,,,,
9937,全國,上市,,,4000.0,0,0,4000.0,,,,
9926,新海,上市,,,4000.0,0,0,4000.0,,,,
9931,欣高,上市,,,4000.0,0,0,4000.0,,,,
3164,景岳,上市,,,4000.0,0,0,4000.0,,,,
2939,永邑-KY,上市,,,4000.0,0,0,4000.0,,,,
6641,基士德-KY,上市,,,4000.0,0,0,4000.0,,,,
5906,台南-KY,上市,,,4000.0,0,0,4000.0,,,,
9929,秋雨,上市,,,0,0,4000.0,4000.0,,,,
3018,隆銘綠能,上市,,,4000.0,0,0,4000.0,,,,
2438,翔耀,上市,,,5000.0,0,-1000.0,4000.0,,,,
4582,聚恆-創,上市,,,3000.0,0,899.0,3899.0,,,,
00684R,期元大美元指反1,上市,,,0,0,3670.0,3670.0,,,,
2851,中再保,上市,,,55000.0,0,-51501.0,3499.0,,,,
2431,聯昌,上市,,,4000.0,0,-869.0,3131.0,,,,
00711B,復華彭博新興債,上市,,,-8000.0,0,11018.0,3018.0,,,,
8940,新天地,上市,,,3000.0,0,0,3000.0,,,,
7760,享溫馨,上市,,,3000.0,0,0,3000.0,,,,
020029,元大ESG高股息N,上市,,,0,0,3000.0,3000.0,,,,
2012,春雨,上市,,,3000.0,0,0,3000.0,,,,
2024,志聯,上市,,,3000.0,0,0,3000.0,,,,
2247,汎德永業,上市,,,3000.0,0,0,3000.0,,,,
2433,互盛電,上市,,,3000.0,0,0,3000.0,,,,
2496,卓越,上市,,,3000.0,0,0,3000.0,,,,
1516,川飛,上市,,,2000.0,0,1000.0,3000.0,,,,
4588,玖鼎電力,上市,,,3000.0,0,0,3000.0,,,,
1470,大統新創,上市,,,3000.0,0,0,3000.0,,,,
6921,嘉雨思-創,上市,,,3000.0,0,-1.0,2999.0,,,,
2477,美隆電,上市,,,2800.0,0,0,2800.0,,,,
8487,愛爾達-創,上市,,,3000.0,0,-402.0,2598.0,,,,
0057,富邦摩台,上市,,,3.0,0,2516.0,2519.0,,,,
9942,茂順,上市,,,2196.0,0,0,2196.0,,,,
6890,來億-KY,上市,,,1845.0,0,329.0,2174.0,,,,
6916,華凌,上市,,,2000.0,0,0,2000.0,,,,
6792,詠業,上市,,,2000.0,0,0,2000.0,,,,
6655,科定,上市,,,2000.0,0,0,2000.0,,,,
6183,關貿,上市,,,2000.0,0,0,2000.0,,,,
6464,台數科,上市,,,2000.0,0,0,2000.0,,,,
4581,光隆精密-KY,上市,,,2000.0,0,0,2000.0,,,,
2887Z1,台新新光己特,上市,,,2000.0,0,0,2000.0,,,,
2887H,台新新光庚特二,上市,,,2000.0,0,0,2000.0,,,,
2904,匯僑,上市,,,2000.0,0,0,2000.0,,,,
8443,阿瘦,上市,,,2000.0,0,0,2000.0,,,,
8478,東哥遊艇,上市,,,2000.0,0,0,2000.0,,,,
2114,鑫永銓,上市,,,2000.0,0,0,2000.0,,,,
1762,中化生,上市,,,2000.0,0,0,2000.0,,,,
1512,瑞利,上市,,,2000.0,0,0,2000.0,,,,
1445,大宇,上市,,,2000.0,0,0,2000.0,,,,
1439,雋揚,上市,,,2000.0,0,0,2000.0,,,,
1233,天仁,上市,,,2000.0,0,0,2000.0,,,,
6952,大武山,上市,,,2000.0,0,0,2000.0,,,,
00707R,期元大S&P日圓反1,上市,,,0,0,2000.0,2000.0,,,,
6142,友勁,上市,,,0,0,2000.0,2000.0,,,,
2891C,中信金丙特,上市,,,0,0,2000.0,2000.0,,,,
3266,昇陽,上市,,,2000.0,0,0,2000.0,,,,
6862,三集瑞-KY,上市,,,2000.0,0,-27.0,1973.0,,,,
1731,美吾華,上市,,,1841.0,0,0,1841.0,,,,
4137,麗豐-KY,上市,,,3000.0,0,-1184.0,1816.0,,,,
00714,群益道瓊美國地產,上市,,,-900.0,0,2489.0,1589.0,,,,
00636K,國泰中國A50+U,上市,,,0,0,1500.0,1500.0,,,,
9802,鈺齊-KY,上市,,,-3871.0,0,5000.0,1129.0,,,,
8072,陞泰,上市,,,1090.0,0,0,1090.0,,,,
4441,振大環球,上市,,,1080.0,0,0,1080.0,,,,
1531,高林股,上市,,,1020.0,0,0,1020.0,,,,
1341,富林-KY,上市,,,1000.0,0,0,1000.0,,,,
1413,宏洲,上市,,,1000.0,0,0,1000.0,,,,
4930,燦星網,上市,,,1000.0,0,0,1000.0,,,,
4572,駐龍,上市,,,1000.0,0,0,1000.0,,,,
5546,永固-KY,上市,,,1000.0,0,0,1000.0,,,,
6887,寶綠特-KY,上市,,,1000.0,0,0,1000.0,,,,
6504,南六,上市,,,1000.0,0,0,1000.0,,,,
2881B,富邦金乙特,上市,,,0,0,1000.0,1000.0,,,,
2836A,高雄銀甲特,上市,,,1000.0,0,0,1000.0,,,,
3494,誠研,上市,,,1000.0,0,0,1000.0,,,,
3308,聯德,上市,,,1000.0,0,0,1000.0,,,,
2373,震旦行,上市,,,2000.0,0,-1000.0,1000.0,,,,
7835,永悅健康-創,上市,,,1000.0,0,0,1000.0,,,,
6988,威力暘-創,上市,,,5000.0,0,-4000.0,1000.0,,,,
8442,威宏-KY,上市,,,2000.0,0,-1000.0,1000.0,,,,
8466,美吉吉-KY,上市,,,1000.0,0,0,1000.0,,,,
8467,波力-KY,上市,,,1000.0,0,0,1000.0,,,,
1419,新紡,上市,,,1000.0,0,0,1000.0,,,,
1475,業旺,上市,,,1000.0,0,0,1000.0,,,,
020038,元大ESG配息N,上市,,,0,0,1000.0,1000.0,,,,
1603,華電,上市,,,1000.0,0,0,1000.0,,,,
00682U,期元大美元指數,上市,,,0,0,977.0,977.0,,,,
4569,六方科-KY,上市,,,1000.0,0,-50.0,950.0,,,,
7803,雲象科技-創,上市,,,-2000.0,0,2707.0,707.0,,,,
6906,現觀科,上市,,,490.0,0,0,490.0,,,,
006204,永豐臺灣加權,上市,,,0,0,188.0,188.0,,,,
7732,金興精密,上市,,,0,0,0,0,,,,
00657K,國泰日經225+U,上市,,,0,0,0,0,,,,
00660,元大歐洲50,上市,,,0,0,0,0,,,,
00668K,國泰美國道瓊+U,上市,,,0,0,0,0,,,,
1525,江申,上市,,,0,0,0,0,,,,
1805,寶徠,上市,,,0,0,0,0,,,,
1423,利華,上市,,,0,0,0,0,,,,
4560,強信-KY,上市,,,0,0,0,0,,,,
4439,冠星-KY,上市,,,0,0,0,0,,,,
6281,全國電,上市,,,0,0,0,0,,,,
6918,愛派司,上市,,,0,0,0,0,,,,
6614,資拓宏宇,上市,,,0,0,0,0,,,,
6645,金萬林-創,上市,,,0,0,0,0,,,,
2642,宅配通,上市,,,0,0,0,0,,,,
3447,展達,上市,,,2000.0,0,-2000.0,0,,,,
2891B,中信金乙特,上市,,,0,0,0,0,,,,
2910,統領,上市,,,0,0,0,0,,,,
2945,三商家購,上市,,,0,0,0,0,,,,
6951,青新-創,上市,,,0,0,0,0,,,,
6581,鋼聯,上市,,,0,0,0,0,,,,
1614,三洋電,上市,,,-1000.0,0,1000.0,0,,,,
00689R,國泰20年美債反1,上市,,,0,0,-120.0,-120.0,,,,
7821,神數,上市,,,-460.0,0,0,-460.0,,,,
2013,中鋼構,上市,,,0,0,-495.0,-495.0,,,,
1530,亞崴,上市,,,190.0,0,-928.0,-738.0,,,,
006206,元大上證50,上市,,,0,0,-848.0,-848.0,,,,
00783,富邦中証500,上市,,,0,0,-958.0,-958.0,,,,
00851,台新全球AI,上市,,,-1000.0,0,0,-1000.0,,,,
8481,政伸,上市,,,-1000.0,0,0,-1000.0,,,,
9905,大華,上市,,,-1000.0,0,0,-1000.0,,,,
9918,欣天然,上市,,,-1000.0,0,0,-1000.0,,,,
9912,偉聯,上市,,,0,0,-1000.0,-1000.0,,,,
8367,建新國際,上市,,,-1000.0,0,0,-1000.0,,,,
2115,六暉-KY,上市,,,-1000.0,0,0,-1000.0,,,,
2314,台揚,上市,,,-1000.0,0,0,-1000.0,,,,
1465,偉全,上市,,,-1000.0,0,0,-1000.0,,,,
020036,元大金融配息N,上市,,,0,0,-1000.0,-1000.0,,,,
1109,信大,上市,,,-2000.0,0,1000.0,-1000.0,,,,
01007T,兆豐國泰R2,上市,,,-1000.0,0,0,-1000.0,,,,
4190,佐登-KY,上市,,,-1000.0,0,0,-1000.0,,,,
3593,力銘,上市,,,-1000.0,0,0,-1000.0,,,,
2432,倚天酷碁-創,上市,,,-4000.0,0,3000.0,-1000.0,,,,
6807,峰源-KY,上市,,,-1000.0,0,0,-1000.0,,,,
00960,野村全球航運龍頭,上市,,,108015.0,0,-109252.0,-1237.0,,,,
2488,漢平,上市,,,-2000.0,0,287.0,-1713.0,,,,
2243,宏旭-KY,上市,,,-3950.0,0,2000.0,-1950.0,,,,
2227,裕日車,上市,,,-2000.0,0,0,-2000.0,,,,
1468,昶和,上市,,,-2000.0,0,0,-2000.0,,,,
01010T,京城樂富R1,上市,,,-2000.0,0,0,-2000.0,,,,
1438,三地開發,上市,,,2000.0,0,-4000.0,-2000.0,,,,
8482,商億-KY,上市,,,-2000.0,0,0,-2000.0,,,,
6771,平和環保-創,上市,,,2000.0,0,-4000.0,-2000.0,,,,
6756,威鋒電子,上市,,,-3000.0,0,956.0,-2044.0,,,,
00702,國泰標普低波高息,上市,,,53.0,0,-2650.0,-2597.0,,,,
7822,倍利科,上市,,,-1813.0,0,-1096.0,-2909.0,,,,
7721,微程式,上市,,,-3000.0,0,0,-3000.0,,,,
00775B,台新投等債15+,上市,,,0,0,-3000.0,-3000.0,,,,
00736,國泰新興市場,上市,,,0,0,-3000.0,-3000.0,,,,
1410,南染,上市,,,-3000.0,0,0,-3000.0,,,,
1454,台富,上市,,,-3000.0,0,0,-3000.0,,,,
1752,南光,上市,,,-3000.0,0,0,-3000.0,,,,
6671,三能-KY,上市,,,-3000.0,0,0,-3000.0,,,,
6184,大豐電,上市,,,-3000.0,0,0,-3000.0,,,,
4552,力達-KY,上市,,,-3000.0,0,0,-3000.0,,,,
5215,科嘉-KY,上市,,,-3000.0,0,0,-3000.0,,,,
1414,東和,上市,,,-3000.0,0,0,-3000.0,,,,
1418,東華,上市,,,-3000.0,0,0,-3000.0,,,,
00771,元大US高息特別股,上市,,,0,0,-3077.0,-3077.0,,,,
7791,皇家可口,上市,,,-4000.0,0,0,-4000.0,,,,
9944,新麗,上市,,,-4000.0,0,0,-4000.0,,,,
1783,和康生,上市,,,-4000.0,0,0,-4000.0,,,,
1521,大億,上市,,,-4000.0,0,0,-4000.0,,,,
1539,巨庭,上市,,,-4000.0,0,0,-4000.0,,,,
2239,英利-KY,上市,,,-4000.0,0,0,-4000.0,,,,
3607,谷崧,上市,,,-4000.0,0,0,-4000.0,,,,
2616,山隆,上市,,,-4000.0,0,0,-4000.0,,,,
6582,申豐,上市,,,-4000.0,0,0,-4000.0,,,,
1817,凱撒衛,上市,,,-4000.0,0,-35.0,-4035.0,,,,
1568,倉佑,上市,,,-4698.0,0,441.0,-4257.0,,,,
4994,傳奇,上市,,,-4600.0,0,0,-4600.0,,,,
6431,光麗-KY,上市,,,-6000.0,0,1000.0,-5000.0,,,,
6666,羅麗芬-KY,上市,,,-5000.0,0,0,-5000.0,,,,
2748,雲品,上市,,,-5000.0,0,0,-5000.0,,,,
1453,大將,上市,,,-5000.0,0,0,-5000.0,,,,
2753,八方雲集,上市,,,-4193.0,-1000.0,-100.0,-5293.0,,,,
00670L,富邦NASDAQ正2,上市,,,-5005.0,0,-792.0,-5797.0,,,,
9906,欣巴巴,上市,,,-6000.0,0,0,-6000.0,,,,
1236,宏亞,上市,,,-6000.0,0,0,-6000.0,,,,
1324,地球,上市,,,-6000.0,0,0,-6000.0,,,,
2739,寒舍,上市,,,-6000.0,0,0,-6000.0,,,,
2887G,台新新光庚特一,上市,,,-6000.0,0,0,-6000.0,,,,
1734,杏輝,上市,,,-6004.0,0,0,-6004.0,,,,
1467,南緯,上市,,,-7000.0,0,0,-7000.0,,,,
6934,心誠鎂,上市,,,-7000.0,0,0,-7000.0,,,,
1463,強盛新,上市,,,-8000.0,0,1000.0,-7000.0,,,,
2380,虹光,上市,,,-7000.0,0,0,-7000.0,,,,
8462,柏文,上市,,,-7760.0,0,104.0,-7656.0,,,,
1452,宏益,上市,,,-7716.0,0,0,-7716.0,,,,
8374,羅昇,上市,,,80.0,0,-8018.0,-7938.0,,,,
2434,統懋,上市,,,-7982.0,0,0,-7982.0,,,,
6128,上福,上市,,,-8000.0,0,0,-8000.0,,,,
1441,大東,上市,,,-7000.0,0,-1000.0,-8000.0,,,,
1604,聲寶,上市,,,-8000.0,0,0,-8000.0,,,,
3038,全台,上市,,,-8000.0,0,0,-8000.0,,,,
2887E,台新新光戊特一,上市,,,-8000.0,0,0,-8000.0,,,,
4590,富田-創,上市,,,-10000.0,0,1966.0,-8034.0,,,,
2504,國產,上市,,,-230005.0,0,221030.0,-8975.0,,,,
1615,大山,上市,,,-9000.0,0,0,-9000.0,,,,
2906,高林,上市,,,-9000.0,0,-465.0,-9465.0,,,,
4585,達明,上市,,,-8703.0,0,-1245.0,-9948.0,,,,
2908,特力,上市,,,-9969.0,0,0,-9969.0,,,,
2901,欣欣,上市,,,-10000.0,0,0,-10000.0,,,,
5525,順天,上市,,,-10000.0,0,0,-10000.0,,,,
6923,中台,上市,,,-10000.0,0,0,-10000.0,,,,
1906,寶隆,上市,,,-10000.0,0,0,-10000.0,,,,
1235,興泰,上市,,,-10000.0,0,0,-10000.0,,,,
2007,燁興,上市,,,-10000.0,0,0,-10000.0,,,,
9943,好樂迪,上市,,,-10000.0,0,0,-10000.0,,,,
3092,鴻碩,上市,,,-9902.0,0,-509.0,-10411.0,,,,
6625,必應,上市,,,-10900.0,0,163.0,-10737.0,,,,
1726,永記,上市,,,-10741.0,0,0,-10741.0,,,,
2015,豐興,上市,,,-10802.0,0,0,-10802.0,,,,
4770,上品,上市,,,8133.0,0,-19023.0,-10890.0,,,,
6835,圓裕,上市,,,-11000.0,0,0,-11000.0,,,,
5907,大洋-KY,上市,,,-11000.0,0,0,-11000.0,,,,
4736,泰博,上市,,,-12000.0,0,1000.0,-11000.0,,,,
3679,新至陞,上市,,,-11000.0,0,0,-11000.0,,,,
6914,阜爾運通,上市,,,-11130.0,0,0,-11130.0,,,,
1220,台榮,上市,,,-11192.0,0,0,-11192.0,,,,
2430,燦坤,上市,,,-13606.0,0,2000.0,-11606.0,,,,
3046,建碁,上市,,,-18078.0,0,6341.0,-11737.0,,,,
6863,永道-KY,上市,,,-12000.0,0,15.0,-11985.0,,,,
6794,向榮生技,上市,,,-12000.0,0,0,-12000.0,,,,
6931,青松健康,上市,,,-12000.0,0,0,-12000.0,,,,
4108,懷特,上市,,,-12000.0,0,0,-12000.0,,,,
2424,隴華,上市,,,-12000.0,0,0,-12000.0,,,,
2701,萬企,上市,,,-12000.0,0,0,-12000.0,,,,
1526,日馳,上市,,,-12000.0,0,0,-12000.0,,,,
009809,富邦淨零ESG50,上市,,,-1000.0,0,-11050.0,-12050.0,,,,
7769,鴻勁,上市,,,-19151.0,-2021.0,8738.0,-12434.0,,,,
5306,桂盟,上市,,,-12000.0,-500.0,0,-12500.0,,,,
1537,廣隆,上市,,,-13000.0,0,0,-13000.0,,,,
1725,元禎,上市,,,-14000.0,0,1000.0,-13000.0,,,,
1732,毛寶,上市,,,-13000.0,0,0,-13000.0,,,,
1737,臺鹽,上市,,,-13000.0,0,0,-13000.0,,,,
2109,華豐,上市,,,-13585.0,0,0,-13585.0,,,,
006205,富邦上証,上市,,,-2000.0,103000.0,-114748.0,-13748.0,,,,
2028,威致,上市,,,-14000.0,0,0,-14000.0,,,,
2762,世界健身-KY,上市,,,-14000.0,0,0,-14000.0,,,,
006207,復華滬深,上市,,,3428.0,0,-17573.0,-14145.0,,,,
4106,雃博,上市,,,-14000.0,0,-966.0,-14966.0,,,,
1730,花仙子,上市,,,-15000.0,0,0,-15000.0,,,,
6674,鋐寶科技,上市,,,-15000.0,0,0,-15000.0,,,,
6283,淳安,上市,,,-16000.0,0,0,-16000.0,,,,
1472,三洋實業,上市,,,-4000.0,0,-12000.0,-16000.0,,,,
1256,鮮活果汁-KY,上市,,,-15110.0,0,-1000.0,-16110.0,,,,
6534,正瀚-創,上市,,,-14000.0,0,-2122.0,-16122.0,,,,
00709,富邦歐洲,上市,,,0,0,-16885.0,-16885.0,,,,
1232,大統益,上市,,,-16992.0,0,0,-16992.0,,,,
6192,巨路,上市,,,-16995.0,0,0,-16995.0,,,,
6796,晉弘,上市,,,-17000.0,0,0,-17000.0,,,,
4104,佳醫,上市,,,-18929.0,0,1368.0,-17561.0,,,,
8045,達運光電,上市,,,-17950.0,0,0,-17950.0,,,,
4438,廣越,上市,,,-18000.0,0,0,-18000.0,,,,
2524,京城,上市,,,-18000.0,0,0,-18000.0,,,,
3130,一零四,上市,,,-18015.0,0,0,-18015.0,,,,
2038,海光,上市,,,-21317.0,0,3000.0,-18317.0,,,,
00668,國泰美國道瓊,上市,,,0,0,-18520.0,-18520.0,,,,
2727,王品,上市,,,32367.0,-49000.0,-2000.0,-18633.0,,,,
00972,野村日本動能高息,上市,,,0,0,-18901.0,-18901.0,,,,
3705,永信,上市,,,-18960.0,0,0,-18960.0,,,,
1558,伸興,上市,,,-18963.0,0,0,-18963.0,,,,
4999,鑫禾,上市,,,-19000.0,0,0,-19000.0,,,,
6412,群電,上市,,,-16596.0,0,-2415.0,-19011.0,,,,
4195,基米-創,上市,,,-19000.0,0,-256.0,-19256.0,,,,
6670,復盛應用,上市,,,-28960.0,9000.0,-5.0,-19965.0,,,,
4155,訊映,上市,,,-24000.0,0,4000.0,-20000.0,,,,
6438,迅得,上市,,,-13549.0,0,-7000.0,-20549.0,,,,
2353,宏碁,上市,,,230551.0,-150000.0,-101479.0,-20928.0,,,,
1338,廣華-KY,上市,,,-24000.0,0,3000.0,-21000.0,,,,
1103,嘉泥,上市,,,-21250.0,0,0,-21250.0,,,,
7631,聚賢研發-創,上市,,,-31068.0,0,9228.0,-21840.0,,,,
2705,六福,上市,,,-22000.0,0,0,-22000.0,,,,
8404,百和興業-KY,上市,,,-17000.0,0,-5000.0,-22000.0,,,,
2704,國賓,上市,,,-22000.0,0,0,-22000.0,,,,
2312,金寶,上市,,,-67961.0,100000.0,-54335.0,-22296.0,,,,
4807,日成-KY,上市,,,-22950.0,0,0,-22950.0,,,,
4178,永笙-KY,上市,,,-23000.0,0,-1000.0,-24000.0,,,,
1506,正道,上市,,,-24000.0,0,0,-24000.0,,,,
2250,IKKA-KY,上市,,,-24000.0,0,0,-24000.0,,,,
009818,華南永昌NASDAQxT,上市,,,-2000.0,0,-22047.0,-24047.0,,,,
9902,台火,上市,,,-25000.0,0,0,-25000.0,,,,
4545,銘鈺,上市,,,-41000.0,0,16000.0,-25000.0,,,,
1315,達新,上市,,,-25000.0,0,0,-25000.0,,,,
5283,禾聯碩,上市,,,-25640.0,0,0,-25640.0,,,,
5203,訊連,上市,,,-26818.0,0,1000.0,-25818.0,,,,
00710B,復華彭博非投等債,上市,,,1000.0,0,-26877.0,-25877.0,,,,
2723,美食-KY,上市,,,-26000.0,0,0,-26000.0,,,,
1323,永裕,上市,,,-26000.0,0,0,-26000.0,,,,
00944,野村趨勢動能高息,上市,,,-49000.0,0,22629.0,-26371.0,,,,
00875,國泰網路資安,上市,,,-1996.0,0,-25539.0,-27535.0,,,,
6205,詮欣,上市,,,-26000.0,0,-1664.0,-27664.0,,,,
7689,大鵬科CLMX,上市,,,-27920.0,0,0,-27920.0,,,,
020037,元大金融高股息N,上市,,,0,0,-28000.0,-28000.0,,,,
2006,東和鋼鐵,上市,,,-31723.0,-2000.0,5330.0,-28393.0,,,,
1618,合機,上市,,,-28500.0,0,-300.0,-28800.0,,,,
2707,晶華,上市,,,-29000.0,0,0,-29000.0,,,,
4536,拓凱,上市,,,-29263.0,0,-343.0,-29606.0,,,,
6117,迎廣,上市,,,93.0,0,-29995.0,-29902.0,,,,
3550,聯穎,上市,,,-30563.0,0,333.0,-30230.0,,,,
00647L,元大S&P500正2,上市,,,-1000.0,0,-29281.0,-30281.0,,,,
9911,櫻花,上市,,,-31000.0,0,0,-31000.0,,,,
2027,大成鋼,上市,,,-133691.0,-12000.0,114599.0,-31092.0,,,,
00678,群益那斯達克生技,上市,,,-3000.0,0,-28383.0,-31383.0,,,,
6272,驊陞,上市,,,-31950.0,0,0,-31950.0,,,,
2062,橋椿,上市,,,-32000.0,0,0,-32000.0,,,,
1527,鑽全,上市,,,-32000.0,0,0,-32000.0,,,,
3557,嘉威,上市,,,-33000.0,0,1000.0,-32000.0,,,,
4571,鈞興-KY,上市,,,-32000.0,0,0,-32000.0,,,,
2613,中櫃,上市,,,-33000.0,0,0,-33000.0,,,,
2459,敦吉,上市,,,-33000.0,0,0,-33000.0,,,,
3057,喬鼎,上市,,,-33000.0,0,0,-33000.0,,,,
1457,宜進,上市,,,-34000.0,0,0,-34000.0,,,,
4119,旭富,上市,,,-33970.0,0,-364.0,-34334.0,,,,
9930,中聯資源,上市,,,-34000.0,-1000.0,-519.0,-35519.0,,,,
6838,台新藥,上市,,,-34602.0,0,-1000.0,-35602.0,,,,
2233,宇隆,上市,,,-39000.0,0,3336.0,-35664.0,,,,
6269,台郡,上市,,,-9507.0,0,-27049.0,-36556.0,,,,
5519,隆大,上市,,,-37000.0,0,0,-37000.0,,,,
2509,全坤建,上市,,,-37000.0,0,0,-37000.0,,,,
2706,第一店,上市,,,-37000.0,0,0,-37000.0,,,,
2231,為升,上市,,,-15474.0,0,-22177.0,-37651.0,,,,
3033,威健,上市,,,-26776.0,-5000.0,-5928.0,-37704.0,,,,
1460,宏遠,上市,,,-37819.0,0,0,-37819.0,,,,
2453,凌群,上市,,,-38000.0,0,0,-38000.0,,,,
6902,GOGOLOOK,上市,,,-38955.0,0,0,-38955.0,,,,
3669,圓展,上市,,,-39000.0,0,0,-39000.0,,,,
1436,華友聯,上市,,,-39141.0,0,0,-39141.0,,,,
1723,中碳,上市,,,17000.0,-57000.0,-35.0,-40035.0,,,,
5288,豐祥-KY,上市,,,-39419.0,0,-698.0,-40117.0,,,,
3040,遠見,上市,,,-41000.0,0,0,-41000.0,,,,
5236,凌陽創新,上市,,,-39000.0,0,-2555.0,-41555.0,,,,
4766,南寶,上市,,,-34768.0,0,-7063.0,-41831.0,,,,
2540,愛山林,上市,,,-34246.0,0,-8000.0,-42246.0,,,,
00643,群益深証中小,上市,,,-11000.0,0,-31704.0,-42704.0,,,,
3686,達能,上市,,,-44000.0,0,1000.0,-43000.0,,,,
5484,慧友,上市,,,-43000.0,0,0,-43000.0,,,,
8163,達方,上市,,,-28685.0,0,-14874.0,-43559.0,,,,
1612,宏泰,上市,,,-39000.0,-5000.0,-486.0,-44486.0,,,,
1760,寶齡富錦,上市,,,-45000.0,0,0,-45000.0,,,,
6243,迅杰,上市,,,-45978.0,0,0,-45978.0,,,,
1473,台南,上市,,,-46990.0,0,0,-46990.0,,,,
6754,匯僑設計,上市,,,-47000.0,0,0,-47000.0,,,,
8201,無敵,上市,,,-47760.0,0,0,-47760.0,,,,
3419,譁裕,上市,,,-49000.0,0,0,-49000.0,,,,
6937,天虹,上市,,,-35564.0,0,-13992.0,-49556.0,,,,
3346,麗清,上市,,,-42995.0,0,-7332.0,-50327.0,,,,
6782,視陽,上市,,,-29203.0,0,-21318.0,-50521.0,,,,
4771,望隼,上市,,,-50249.0,0,-612.0,-50861.0,,,,
00639,富邦深100,上市,,,8000.0,0,-58933.0,-50933.0,,,,
00737,國泰AI機器人,上市,,,0,0,-51121.0,-51121.0,,,,
00653L,富邦印度正2,上市,,,27000.0,0,-78128.0,-51128.0,,,,
6585,鼎基,上市,,,-51870.0,0,-110.0,-51980.0,,,,
1587,吉茂,上市,,,-53000.0,0,38.0,-52962.0,,,,
9955,佳龍,上市,,,-53000.0,0,0,-53000.0,,,,
910322,康師傅-DR,上市,,,-53000.0,0,0,-53000.0,,,,
4956,光鋐,上市,,,-52106.0,0,-1257.0,-53363.0,,,,
00652,富邦印度,上市,,,-18000.0,0,-36503.0,-54503.0,,,,
1219,福壽,上市,,,-55092.0,0,0,-55092.0,,,,
2365,昆盈,上市,,,-55979.0,0,0,-55979.0,,,,
6854,錼創科技-KY創,上市,,,-56168.0,0,174.0,-55994.0,,,,
5533,皇鼎,上市,,,-56000.0,0,0,-56000.0,,,,
1609,大亞,上市,,,-57122.0,0,841.0,-56281.0,,,,
6533,晶心科,上市,,,-37478.0,0,-19150.0,-56628.0,,,,
3050,鈺德,上市,,,-57700.0,0,0,-57700.0,,,,
00902,中信電池及儲能,上市,,,220000.0,0,-278620.0,-58620.0,,,,
3028,增你強,上市,,,-33612.0,0,-25060.0,-58672.0,,,,
0053,元大電子,上市,,,2000.0,0,-61090.0,-59090.0,,,,
6768,志強-KY,上市,,,-58000.0,-1000.0,-205.0,-59205.0,,,,
4755,三福化,上市,,,-57866.0,0,-2000.0,-59866.0,,,,
2017,官田鋼,上市,,,-60000.0,0,0,-60000.0,,,,
2608,嘉里大榮,上市,,,-71000.0,0,10000.0,-61000.0,,,,
4164,承業醫,上市,,,-51227.0,0,-10099.0,-61326.0,,,,
2364,倫飛,上市,,,-61500.0,0,0,-61500.0,,,,
1217,愛之味,上市,,,-73000.0,0,11000.0,-62000.0,,,,
8341,日友,上市,,,-62000.0,0,-30.0,-62030.0,,,,
1590,亞德客-KY,上市,,,-62061.0,-2000.0,-272.0,-64333.0,,,,
2514,龍邦,上市,,,-65000.0,0,0,-65000.0,,,,
6224,聚鼎,上市,,,-62080.0,0,-4000.0,-66080.0,,,,
3135,凌航,上市,,,-66661.0,0,-109.0,-66770.0,,,,
0061,元大寶滬深,上市,,,23000.0,0,-90879.0,-67879.0,,,,
2471,資通,上市,,,-69002.0,0,0,-69002.0,,,,
00701,國泰股利精選30,上市,,,154255.0,0,-224124.0,-69869.0,,,,
6790,永豐實,上市,,,-70000.0,0,-58.0,-70058.0,,,,
3588,通嘉,上市,,,-71050.0,0,857.0,-70193.0,,,,
6477,安集,上市,,,-70290.0,0,0,-70290.0,,,,
1616,億泰,上市,,,-71000.0,0,462.0,-70538.0,,,,
6531,愛普*,上市,,,-234137.0,158000.0,5483.0,-70654.0,,,,
1540,喬福,上市,,,-70980.0,0,0,-70980.0,,,,
1451,年興,上市,,,-73000.0,0,0,-73000.0,,,,
6598,ABC-KY,上市,,,-73000.0,0,0,-73000.0,,,,
6698,旭暉應材,上市,,,-73033.0,0,0,-73033.0,,,,
7768,頌勝科技,上市,,,-73852.0,0,0,-73852.0,,,,
6689,伊雲谷,上市,,,-74000.0,0,0,-74000.0,,,,
2428,興勤,上市,,,-56245.0,0,-18182.0,-74427.0,,,,
8131,福懋科,上市,,,-68127.0,0,-6575.0,-74702.0,,,,
00762,元大全球AI,上市,,,-10000.0,0,-64868.0,-74868.0,,,,
9927,泰銘,上市,,,-69000.0,0,-6000.0,-75000.0,,,,
2425,承啟,上市,,,-76000.0,0,0,-76000.0,,,,
2832,台產,上市,,,-76917.0,0,-11.0,-76928.0,,,,
1464,得力,上市,,,-78666.0,0,0,-78666.0,,,,
3380,明泰,上市,,,-20000.0,0,-60113.0,-80113.0,,,,
5471,松翰,上市,,,-82472.0,0,2031.0,-80441.0,,,,
3653,健策,上市,,,-99383.0,18468.0,-286.0,-81201.0,,,,
1466,聚隆,上市,,,-83400.0,0,0,-83400.0,,,,
6165,浪凡,上市,,,-83440.0,0,0,-83440.0,,,,
3229,晟鈦,上市,,,-83749.0,0,0,-83749.0,,,,
00991B,貝萊德A級公司債,上市,,,0,0,-84889.0,-84889.0,,,,
6757,台灣虎航,上市,,,-67944.0,0,-19000.0,-86944.0,,,,
3530,晶相光,上市,,,-87000.0,0,0,-87000.0,,,,
2506,太設,上市,,,-87000.0,0,0,-87000.0,,,,
3450,聯鈞,上市,,,-438285.0,463000.0,-112233.0,-87518.0,,,,
4555,氣立,上市,,,-87761.0,0,0,-87761.0,,,,
9921,巨大,上市,,,-90065.0,0,1635.0,-88430.0,,,,
5607,遠雄港,上市,,,-113477.0,0,25000.0,-88477.0,,,,
1455,集盛,上市,,,-88759.0,0,0,-88759.0,,,,
00852L,國泰美國道瓊正2,上市,,,0,0,-89499.0,-89499.0,,,,
00971,野村美國研發龍頭,上市,,,0,0,-90645.0,-90645.0,,,,
8033,雷虎,上市,,,-91571.0,0,758.0,-90813.0,,,,
8411,福貞-KY,上市,,,-19000.0,0,-72000.0,-91000.0,,,,
2429,銘旺科,上市,,,-92140.0,0,0,-92140.0,,,,
3528,安馳,上市,,,-92737.0,0,0,-92737.0,,,,
2535,達欣工,上市,,,-91728.0,-1000.0,-525.0,-93253.0,,,,
4532,瑞智,上市,,,-93539.0,-1000.0,500.0,-94039.0,,,,
8162,微矽電子-創,上市,,,-96883.0,0,1137.0,-95746.0,,,,
6024,群益期,上市,,,-96000.0,0,0,-96000.0,,,,
2905,三商,上市,,,-83140.0,0,-13000.0,-96140.0,,,,
6831,邁科,上市,,,-97371.0,0,292.0,-97079.0,,,,
3694,海華,上市,,,-98000.0,0,0,-98000.0,,,,
2009,第一銅,上市,,,-91000.0,0,-7055.0,-98055.0,,,,
3406,玉晶光,上市,,,-222862.0,144000.0,-20172.0,-99034.0,,,,
3005,神基,上市,,,-163259.0,38000.0,24711.0,-100548.0,,,,
1437,勤益控,上市,,,-102131.0,0,0,-102131.0,,,,
3002,歐格,上市,,,-102991.0,0,0,-102991.0,,,,
2612,中航,上市,,,-102854.0,0,-2000.0,-104854.0,,,,
2630,亞航,上市,,,-97440.0,0,-7459.0,-104899.0,,,,
2852,第一保,上市,,,-106000.0,0,0,-106000.0,,,,
3014,聯陽,上市,,,-273087.0,153000.0,10174.0,-109913.0,,,,
1524,耿鼎,上市,,,-110000.0,0,0,-110000.0,,,,
1611,中電,上市,,,-112605.0,0,0,-112605.0,,,,
2236,百達-KY,上市,,,-101921.0,0,-11849.0,-113770.0,,,,
2023,燁輝,上市,,,-115720.0,0,0,-115720.0,,,,
1416,廣豐,上市,,,-116285.0,0,0,-116285.0,,,,
6605,帝寶,上市,,,-118000.0,0,1062.0,-116938.0,,,,
6108,競國,上市,,,-113999.0,0,-3000.0,-116999.0,,,,
2417,圓剛,上市,,,-117219.0,0,0,-117219.0,,,,
6830,汎銓,上市,,,-116173.0,0,-1609.0,-117782.0,,,,
9940,信義,上市,,,-123000.0,0,3990.0,-119010.0,,,,
6753,龍德造船,上市,,,-116000.0,0,-4054.0,-120054.0,,,,
8249,菱光,上市,,,-123217.0,0,0,-123217.0,,,,
3535,晶彩科,上市,,,-124942.0,0,-2937.0,-127879.0,,,,
2597,潤弘,上市,,,-129602.0,0,0,-129602.0,,,,
1786,科妍,上市,,,-130000.0,0,0,-130000.0,,,,
2108,南帝,上市,,,-138130.0,0,5940.0,-132190.0,,,,
3004,豐達科,上市,,,-128500.0,0,-4137.0,-132637.0,,,,
00913,兆豐台灣晶圓製造,上市,,,-44268.0,0,-90981.0,-135249.0,,,,
3041,揚智,上市,,,-143689.0,0,397.0,-143292.0,,,,
3047,訊舟,上市,,,-145000.0,0,0,-145000.0,,,,
6136,富爾特,上市,,,-146056.0,0,0,-146056.0,,,,
3021,鴻名,上市,,,-147000.0,0,0,-147000.0,,,,
1707,葡萄王,上市,,,-147869.0,0,597.0,-147272.0,,,,
6743,安普新,上市,,,-148802.0,0,0,-148802.0,,,,
3008,大立光,上市,,,-318236.0,159966.0,9409.0,-148861.0,,,,
6909,創控,上市,,,-152000.0,0,0,-152000.0,,,,
1712,興農,上市,,,-152000.0,0,-565.0,-152565.0,,,,
00752,中信中國50,上市,,,-44000.0,0,-109452.0,-153452.0,,,,
00983D,主動富邦複合收益,上市,,,6000.0,0,-160650.0,-154650.0,,,,
3056,富華新,上市,,,-155000.0,0,0,-155000.0,,,,
4968,立積,上市,,,-154222.0,0,-2525.0,-156747.0,,,,
2402,毅嘉,上市,,,-142240.0,0,-14622.0,-156862.0,,,,
2331,精英,上市,,,-154423.0,0,-3000.0,-157423.0,,,,
2528,皇普,上市,,,-79000.0,0,-79000.0,-158000.0,,,,
9907,統一實,上市,,,-149000.0,-9000.0,0,-158000.0,,,,
1789,神隆,上市,,,-162000.0,0,0,-162000.0,,,,
6719,力智,上市,,,-193778.0,0,30993.0,-162785.0,,,,
2427,三商電,上市,,,-163053.0,0,0,-163053.0,,,,
3437,榮創,上市,,,-164304.0,0,0,-164304.0,,,,
6133,金橋,上市,,,-169427.0,0,0,-169427.0,,,,
5234,達興材料,上市,,,-173697.0,-2000.0,5397.0,-170300.0,,,,
00763U,期街口道瓊銅,上市,,,-10000.0,0,-161601.0,-171601.0,,,,
1809,中釉,上市,,,-127004.0,0,-44848.0,-171852.0,,,,
2645,長榮航太,上市,,,-168058.0,0,-4214.0,-172272.0,,,,
00947,台新臺灣IC設計,上市,,,4548186.0,-6950000.0,2227666.0,-174148.0,,,,
6235,華孚,上市,,,-172699.0,0,-2430.0,-175129.0,,,,
1104,環泥,上市,,,-176000.0,0,0,-176000.0,,,,
1710,東聯,上市,,,-158963.0,0,-17476.0,-176439.0,,,,
1442,名軒,上市,,,-170000.0,0,-10000.0,-180000.0,,,,
2458,義隆,上市,,,-315112.0,276000.0,-141657.0,-180769.0,,,,
00655L,國泰中國A50正2,上市,,,-27000.0,0,-155207.0,-182207.0,,,,
2442,新美齊,上市,,,-183950.0,0,0,-183950.0,,,,
4942,嘉彰,上市,,,-184000.0,0,0,-184000.0,,,,
2461,光群雷,上市,,,-190000.0,0,4000.0,-186000.0,,,,
3051,力特,上市,,,-187000.0,0,1000.0,-186000.0,,,,
2348,海悅,上市,,,-185000.0,0,-1412.0,-186412.0,,,,
6869,雲豹能源,上市,,,-181888.0,0,-5009.0,-186897.0,,,,
4564,元翎,上市,,,-187000.0,0,0,-187000.0,,,,
6706,惠特,上市,,,-256455.0,0,67710.0,-188745.0,,,,
1503,士電,上市,,,-190091.0,-3000.0,3895.0,-189196.0,,,,
6442,光聖,上市,,,-175293.0,0,-14240.0,-189533.0,,,,
1307,三芳,上市,,,413000.0,-5000.0,-601000.0,-193000.0,,,,
1720,生達,上市,,,-193174.0,0,100.0,-193074.0,,,,
8454,富邦媒,上市,,,-195747.0,0,-977.0,-196724.0,,,,
3716,中化控股,上市,,,-197000.0,0,0,-197000.0,,,,
3545,敦泰,上市,,,-197976.0,0,-169.0,-198145.0,,,,
2029,盛餘,上市,,,-205413.0,0,2100.0,-203313.0,,,,
00757,統一FANG+,上市,,,-21412.0,0,-185146.0,-206558.0,,,,
5521,工信,上市,,,-210553.0,0,0,-210553.0,,,,
2069,運錩,上市,,,-212886.0,0,0,-212886.0,,,,
4746,台耀,上市,,,-45300.0,-169000.0,0,-214300.0,,,,
1515,力山,上市,,,-217000.0,0,-1476.0,-218476.0,,,,
1313,聯成,上市,,,-202309.0,0,-18000.0,-220309.0,,,,
1519,華城,上市,,,-129731.0,-1000.0,-90283.0,-221014.0,,,,
1808,潤隆,上市,,,-208710.0,0,-20000.0,-228710.0,,,,
2375,凱美,上市,,,-198167.0,0,-31777.0,-229944.0,,,,
2390,云辰,上市,,,-232000.0,0,411.0,-231589.0,,,,
2258,鴻華先進-創,上市,,,-234000.0,0,437.0,-233563.0,,,,
2539,櫻花建,上市,,,-234830.0,0,857.0,-233973.0,,,,
2031,新光鋼,上市,,,-241441.0,-4000.0,11365.0,-234076.0,,,,
2302,麗正,上市,,,-279845.0,0,40591.0,-239254.0,,,,
2493,揚博,上市,,,-369494.0,-1000.0,130076.0,-240418.0,,,,
6873,泓德能源,上市,,,-242000.0,0,-2000.0,-244000.0,,,,
00956,中信日經高股息,上市,,,20000.0,0,-264598.0,-244598.0,,,,
3708,上緯投控,上市,,,-242000.0,-5000.0,-1631.0,-248631.0,,,,
4915,致伸,上市,,,-256410.0,-1000.0,3404.0,-254006.0,,,,
1529,樂事綠能,上市,,,-254026.0,0,0,-254026.0,,,,
1308,亞聚,上市,,,-249020.0,0,-7111.0,-256131.0,,,,
3712,永崴投控,上市,,,-257000.0,0,0,-257000.0,,,,
2362,藍天,上市,,,-261987.0,0,272.0,-261715.0,,,,
8271,宇瞻,上市,,,-256206.0,0,-7779.0,-263985.0,,,,
4566,時碩工業,上市,,,-285477.0,0,16399.0,-269078.0,,,,
9938,百和,上市,,,-270000.0,-4000.0,-880.0,-274880.0,,,,
2520,冠德,上市,,,-278312.0,0,500.0,-277812.0,,,,
2883B,凱基金乙特,上市,,,-294000.0,0,16000.0,-278000.0,,,,
6405,悅城,上市,,,-279665.0,0,719.0,-278946.0,,,,
3024,憶聲,上市,,,-281000.0,0,0,-281000.0,,,,
2505,國揚,上市,,,-209272.0,0,-72000.0,-281272.0,,,,
1597,直得,上市,,,-265826.0,0,-16397.0,-282223.0,,,,
3376,新日興,上市,,,-138634.0,-117000.0,-28259.0,-283893.0,,,,
2211,長榮鋼,上市,,,-285000.0,-1000.0,602.0,-285398.0,,,,
4739,康普,上市,,,-254355.0,0,-32806.0,-287161.0,,,,
1231,聯華食,上市,,,-288300.0,0,990.0,-287310.0,,,,
5469,瀚宇博,上市,,,-299831.0,0,9284.0,-290547.0,,,,
00924,復華S&P500成長,上市,,,-4788.0,0,-286942.0,-291730.0,,,,
2480,敦陽科,上市,,,-307974.0,-1000.0,8833.0,-300141.0,,,,
5388,中磊,上市,,,-22184.0,0,-292523.0,-314707.0,,,,
8438,昶昕,上市,,,-317000.0,0,501.0,-316499.0,,,,
2474,可成,上市,,,-212960.0,-35000.0,-69685.0,-317645.0,,,,
1904,正隆,上市,,,-319042.0,0,0,-319042.0,,,,
0055,元大MSCI金融,上市,,,-65676.0,0,-258739.0,-324415.0,,,,
1536,和大,上市,,,-275935.0,0,-53152.0,-329087.0,,,,
1215,卜蜂,上市,,,-330800.0,0,185.0,-330615.0,,,,
3209,全科,上市,,,-317000.0,0,-14879.0,-331879.0,,,,
2468,華經,上市,,,-324178.0,0,-10000.0,-334178.0,,,,
2465,麗臺,上市,,,-338059.0,0,1000.0,-337059.0,,,,
5522,遠雄,上市,,,-336000.0,0,-3000.0,-339000.0,,,,
1201,味全,上市,,,-343000.0,0,0,-343000.0,,,,
6426,統新,上市,,,-348070.0,0,1294.0,-346776.0,,,,
1532,勤美,上市,,,-347221.0,0,0,-347221.0,,,,
2915,潤泰全,上市,,,-353000.0,0,1322.0,-351678.0,,,,
6592,和潤企業,上市,,,-355700.0,-500.0,1168.0,-355032.0,,,,
00885,富邦越南,上市,,,-140000.0,0,-216227.0,-356227.0,,,,
3704,合勤控,上市,,,-359610.0,0,-294.0,-359904.0,,,,
1440,南紡,上市,,,-364762.0,0,0,-364762.0,,,,
1305,華夏,上市,,,-365185.0,0,0,-365185.0,,,,
9103,美德醫療-DR,上市,,,-377000.0,0,-339.0,-377339.0,,,,
2439,美律,上市,,,-361660.0,-1000.0,-28987.0,-391647.0,,,,
00633L,富邦上証正2,上市,,,0,0,-397619.0,-397619.0,,,,
1907,永豐餘,上市,,,-397628.0,0,0,-397628.0,,,,
4763,材料*-KY,上市,,,-465789.0,58000.0,5016.0,-402773.0,,,,
2025,千興,上市,,,-406682.0,0,-1000.0,-407682.0,,,,
2538,基泰,上市,,,-409080.0,0,0,-409080.0,,,,
4904,遠傳,上市,,,597962.0,-1152651.0,141276.0,-413413.0,,,,
2615,萬海,上市,,,-248277.0,-65000.0,-100198.0,-413475.0,,,,
8215,明基材,上市,,,-383185.0,-20000.0,-12439.0,-415624.0,,,,
2010,春源,上市,,,-416000.0,0,0,-416000.0,,,,
6672,騰輝電子-KY,上市,,,-425196.0,0,4294.0,-420902.0,,,,
00676R,富邦臺灣加權反1,上市,,,77000.0,0,-498471.0,-421471.0,,,,
8028,昇陽半導體,上市,,,-382242.0,0,-39629.0,-421871.0,,,,
00897,富邦基因免疫生技,上市,,,-104000.0,0,-320323.0,-424323.0,,,,
2536,宏普,上市,,,-425000.0,0,0,-425000.0,,,,
2472,立隆電,上市,,,-398293.0,0,-27015.0,-425308.0,,,,
00981T,平衡凱基雙核收息,上市,,,24000.0,0,-449719.0,-425719.0,,,,
009800,中信NASDAQ,上市,,,-22791.0,0,-404807.0,-427598.0,,,,
2349,錸德,上市,,,-434413.0,0,0,-434413.0,,,,
1447,力鵬,上市,,,-436227.0,0,0,-436227.0,,,,
00909,國泰數位支付服務,上市,,,105020.0,0,-541601.0,-436581.0,,,,
9925,新保,上市,,,-443000.0,0,1000.0,-442000.0,,,,
3013,晟銘電,上市,,,-434928.0,0,-10437.0,-445365.0,,,,
3706,神達,上市,,,-374430.0,-143000.0,69869.0,-447561.0,,,,
2374,佳能,上市,,,-448919.0,0,902.0,-448017.0,,,,
2405,輔信,上市,,,-454428.0,0,3000.0,-451428.0,,,,
2511,太子,上市,,,-464000.0,0,0,-464000.0,,,,
2491,吉祥全,上市,,,-466020.0,0,1000.0,-465020.0,,,,
3703,欣陸,上市,,,-486000.0,0,0,-486000.0,,,,
1905,華紙,上市,,,-451291.0,0,-37961.0,-489252.0,,,,
2436,偉詮電,上市,,,-323159.0,0,-173401.0,-496560.0,,,,
2106,建大,上市,,,-501000.0,0,216.0,-500784.0,,,,
00945B,凱基美國非投等債,上市,,,-1604.0,0,-502154.0,-503758.0,,,,
6834,天二科技,上市,,,-392503.0,0,-111540.0,-504043.0,,,,
1444,力麗,上市,,,-509000.0,0,0,-509000.0,,,,
2530,華建,上市,,,-265830.0,0,-249000.0,-514830.0,,,,
3030,德律,上市,,,-509094.0,0,-8830.0,-517924.0,,,,
2032,新鋼,上市,,,-527882.0,0,-373.0,-528255.0,,,,
2034,允強,上市,,,-516033.0,0,-18962.0,-534995.0,,,,
3532,台勝科,上市,,,-361250.0,-76000.0,-97852.0,-535102.0,,,,
2444,兆勁,上市,,,-537851.0,0,2000.0,-535851.0,,,,
1210,大成,上市,,,-540940.0,0,940.0,-540000.0,,,,
6805,富世達,上市,,,238361.0,-790000.0,11314.0,-540325.0,,,,
1909,榮成,上市,,,-598000.0,0,56000.0,-542000.0,,,,
00669R,國泰美國道瓊反1,上市,,,0,0,-542100.0,-542100.0,,,,
9958,世紀鋼,上市,,,-520238.0,0,-22638.0,-542876.0,,,,
4306,炎洲,上市,,,-537113.0,0,-6000.0,-543113.0,,,,
1402,遠東新,上市,,,-619979.0,-72000.0,147069.0,-544910.0,,,,
5608,四維航,上市,,,-579000.0,0,29000.0,-550000.0,,,,
6919,康霈*,上市,,,-544566.0,0,-7000.0,-551566.0,,,,
5531,鄉林,上市,,,-562885.0,0,0,-562885.0,,,,
2020,美亞,上市,,,-569690.0,0,0,-569690.0,,,,
9934,成霖,上市,,,-583000.0,0,0,-583000.0,,,,
5871,中租-KY,上市,,,-486935.0,-119000.0,22000.0,-583935.0,,,,
2606,裕民,上市,,,-569030.0,21000.0,-38902.0,-586932.0,,,,
6139,亞翔,上市,,,-714016.0,93000.0,32568.0,-588448.0,,,,
6668,中揚光,上市,,,-590860.0,0,0,-590860.0,,,,
1608,華榮,上市,,,-580220.0,-5000.0,-14391.0,-599611.0,,,,
00907,永豐優息存股,上市,,,58107.0,0,-664217.0,-606110.0,,,,
6202,盛群,上市,,,-583414.0,0,-22944.0,-606358.0,,,,
8105,凌巨,上市,,,-605700.0,0,-3000.0,-608700.0,,,,
3090,日電貿,上市,,,-586958.0,0,-24836.0,-611794.0,,,,
00642U,期元大S&P石油,上市,,,44045.0,0,-658972.0,-614927.0,,,,
2359,所羅門,上市,,,-615040.0,0,-16204.0,-631244.0,,,,
00680L,元大美債20正2,上市,,,1022000.0,0,-1654860.0,-632860.0,,,,
2014,中鴻,上市,,,-633410.0,0,0,-633410.0,,,,
00713,元大台灣高息低波,上市,,,297576.0,135000.0,-1085005.0,-652429.0,,,,
2820,華票,上市,,,-671150.0,0,0,-671150.0,,,,
1309,台達化,上市,,,-668834.0,0,-6997.0,-675831.0,,,,
6443,元晶,上市,,,-689072.0,0,-958.0,-690030.0,,,,
2105,正新,上市,,,-560413.0,-175000.0,36453.0,-698960.0,,,,
2419,仲琦,上市,,,-697403.0,0,-8021.0,-705424.0,,,,
2369,菱生,上市,,,-707521.0,0,830.0,-706691.0,,,,
4938,和碩,上市,,,-876685.0,97000.0,60577.0,-719108.0,,,,
3036,文曄,上市,,,-774740.0,24000.0,22845.0,-727895.0,,,,
2329,華泰,上市,,,-706501.0,0,-28371.0,-734872.0,,,,
6112,邁達特,上市,,,-701900.0,0,-32988.0,-734888.0,,,,
6177,達麗,上市,,,-735000.0,0,-3048.0,-738048.0,,,,
2646,星宇航空,上市,,,-703258.0,0,-35000.0,-738258.0,,,,
2498,宏達電,上市,,,-481792.0,0,-261341.0,-743133.0,,,,
00912,中信臺灣智慧50,上市,,,13040.0,0,-781587.0,-768547.0,,,,
1229,聯華,上市,,,-793198.0,-500.0,4402.0,-789296.0,,,,
8210,勤誠,上市,,,-525858.0,-324000.0,59159.0,-790699.0,,,,
1312,國喬,上市,,,-784953.0,0,-10444.0,-795397.0,,,,
2548,華固,上市,,,-795952.0,0,-476.0,-796428.0,,,,
3049,精金,上市,,,-777929.0,0,-33497.0,-811426.0,,,,
2441,超豐,上市,,,-993523.0,244000.0,-63290.0,-812813.0,,,,
1227,佳格,上市,,,-813000.0,0,0,-813000.0,,,,
6282,康舒,上市,,,-762726.0,-19000.0,-42068.0,-823794.0,,,,
9941,裕融,上市,,,-428652.0,-314500.0,-83490.0,-826642.0,,,,
1316,上曜,上市,,,-829000.0,0,0,-829000.0,,,,
912000,晨訊科-DR,上市,,,-835000.0,0,0,-835000.0,,,,
2890,永豐金,上市,,,-1735964.0,652197.0,239403.0,-844364.0,,,,
7780,大研生醫*,上市,,,-829933.0,-500.0,-19684.0,-850117.0,,,,
2913,農林,上市,,,-858000.0,0,0,-858000.0,,,,
2547,日勝生,上市,,,-869000.0,0,0,-869000.0,,,,
2618,長榮航,上市,,,-920518.0,-27000.0,69053.0,-878465.0,,,,
4967,十銓,上市,,,-864623.0,-1000.0,-17549.0,-883172.0,,,,
00646,元大S&P500,上市,,,-965.0,261000.0,-1195615.0,-935580.0,,,,
6994,富威電力,上市,,,-938872.0,0,-3877.0,-942749.0,,,,
2903,遠百,上市,,,-945455.0,-500.0,1000.0,-944955.0,,,,
1102,亞泥,上市,,,-842122.0,-204000.0,72830.0,-973292.0,,,,
4764,雙鍵,上市,,,-938848.0,0,-44057.0,-982905.0,,,,
2204,中華,上市,,,-984954.0,-3000.0,-675.0,-988629.0,,,,
009817,國泰日本不動產,上市,,,-486000.0,0,-558851.0,-1044851.0,,,,
1310,台苯,上市,,,-1071209.0,0,-5000.0,-1076209.0,,,,
2337,旺宏,上市,,,-1105941.0,17000.0,7946.0,-1080995.0,,,,
2836,高雄銀,上市,,,-1085949.0,0,0,-1085949.0,,,,
00650L,復華香港正2,上市,,,-154000.0,0,-940460.0,-1094460.0,,,,
2887I,台新新光辛特,上市,,,-1096175.0,0,0,-1096175.0,,,,
6257,矽格,上市,,,-1556139.0,432000.0,-6816.0,-1130955.0,,,,
3026,禾伸堂,上市,,,-140003.0,-1036000.0,44976.0,-1131027.0,,,,
9914,美利達,上市,,,-1126878.0,0,-6176.0,-1133054.0,,,,
00665L,富邦恒生國企正2,上市,,,931000.0,0,-2065005.0,-1134005.0,,,,
2201,裕隆,上市,,,-1085509.0,0,-60026.0,-1145535.0,,,,
2355,敬鵬,上市,,,-1214000.0,0,65370.0,-1148630.0,,,,
1722,台肥,上市,,,-1164408.0,0,2000.0,-1162408.0,,,,
00917,中信特選金融,上市,,,-69955.0,0,-1111996.0,-1181951.0,,,,
2352,佳世達,上市,,,-1148513.0,-38000.0,4000.0,-1182513.0,,,,
1434,福懋,上市,,,-1192520.0,0,200.0,-1192320.0,,,,
2401,凌陽,上市,,,-937094.0,0,-277301.0,-1214395.0,,,,
2338,光罩,上市,,,-1150712.0,0,-87154.0,-1237866.0,,,,
2489,瑞軒,上市,,,-364729.0,0,-886321.0,-1251050.0,,,,
2537,聯上發,上市,,,-1259000.0,0,0,-1259000.0,,,,
3045,台灣大,上市,,,-1292546.0,-36518.0,55927.0,-1273137.0,,,,
2897,王道銀行,上市,,,-1283318.0,0,-744.0,-1284062.0,,,,
00963,中信全球高股息,上市,,,336000.0,0,-1720682.0,-1384682.0,,,,
3715,定穎投控,上市,,,-1444482.0,0,-39975.0,-1484457.0,,,,
8110,華東,上市,,,-1296414.0,0,-193606.0,-1490020.0,,,,
2601,益航,上市,,,-1406102.0,0,-97000.0,-1503102.0,,,,
2838,聯邦銀,上市,,,-1571149.0,0,13803.0,-1557346.0,,,,
2633,台灣高鐵,上市,,,-921000.0,-651500.0,0,-1572500.0,,,,
2886,兆豐金,上市,,,3598995.0,-5455334.0,272405.0,-1583934.0,,,,
9910,豐泰,上市,,,-1726815.0,106000.0,-6067.0,-1626882.0,,,,
5534,長虹,上市,,,-1386000.0,-267500.0,-1993.0,-1655493.0,,,,
00943,兆豐電子高息等權,上市,,,-695500.0,0,-974407.0,-1669907.0,,,,
2342,茂矽,上市,,,-1637331.0,0,-34170.0,-1671501.0,,,,
00964,中信亞太高股息,上市,,,78000.0,0,-1753124.0,-1675124.0,,,,
2101,南港,上市,,,-1704000.0,0,0,-1704000.0,,,,
4906,正文,上市,,,-1593295.0,0,-135923.0,-1729218.0,,,,
3006,晶豪科,上市,,,-1863717.0,0,123190.0,-1740527.0,,,,
4960,誠美材,上市,,,-1776253.0,0,-4416.0,-1780669.0,,,,
2515,中工,上市,,,-1558999.0,0,-226525.0,-1785524.0,,,,
9105,泰金寶-DR,上市,,,-1847000.0,0,-15092.0,-1862092.0,,,,
9945,潤泰新,上市,,,-1984599.0,40000.0,73707.0,-1870892.0,,,,
4551,智伸科,上市,,,-2105433.0,223000.0,-38265.0,-1920698.0,,,,
8112,至上,上市,,,-1942092.0,-10000.0,-39772.0,-1991864.0,,,,
00637L,元大滬深300正2,上市,,,-113000.0,0,-1929280.0,-2042280.0,,,,
1326,台化,上市,,,-1787309.0,0,-306367.0,-2093676.0,,,,
00664R,國泰臺灣加權反1,上市,,,10000.0,0,-2115262.0,-2105262.0,,,,
8422,可寧衛*,上市,,,-2094670.0,0,-12000.0,-2106670.0,,,,
5880,合庫金,上市,,,-2087820.0,-44935.0,-24213.0,-2156968.0,,,,
1216,統一,上市,,,-1415677.0,-670812.0,-71185.0,-2157674.0,,,,
1617,榮星,上市,,,-2206986.0,0,8000.0,-2198986.0,,,,
00635U,期元大S&P黃金,上市,,,-258495.0,0,-1949158.0,-2207653.0,,,,
2501,國建,上市,,,-2210000.0,0,596.0,-2209404.0,,,,
00904,台新臺灣半導體30,上市,,,28000.0,0,-2298985.0,-2270985.0,,,,
3094,聯傑,上市,,,-2313261.0,0,21000.0,-2292261.0,,,,
3042,晶技,上市,,,-1471319.0,149000.0,-1115232.0,-2437551.0,,,,
2464,盟立,上市,,,-2533869.0,0,40602.0,-2493267.0,,,,
00878,國泰永續高股息,上市,,,564797.0,0,-3139358.0,-2574561.0,,,,
2634,漢翔,上市,,,-2161084.0,-2000.0,-439838.0,-2602922.0,,,,
2892,第一金,上市,,,-2481899.0,-64107.0,-63707.0,-2609713.0,,,,
8039,台虹,上市,,,-2067648.0,-4000.0,-566227.0,-2637875.0,,,,
6456,GIS-KY,上市,,,-2506254.0,0,-213474.0,-2719728.0,,,,
00954,中信日本半導體,上市,,,-10000.0,0,-2715739.0,-2725739.0,,,,
2609,陽明,上市,,,-2393057.0,-59000.0,-276629.0,-2728686.0,,,,
6168,宏齊,上市,,,-2741972.0,0,11230.0,-2730742.0,,,,
2603,長榮,上市,,,-1813717.0,-748408.0,-176195.0,-2738320.0,,,,
2382,廣達,上市,,,-2930158.0,130031.0,49565.0,-2750562.0,,,,
2367,燿華,上市,,,-3821758.0,0,861664.0,-2960094.0,,,,
2605,新興,上市,,,-2829354.0,0,-143735.0,-2973089.0,,,,
1727,中華化,上市,,,-2754581.0,0,-223952.0,-2978533.0,,,,
2363,矽統,上市,,,-2526880.0,0,-600444.0,-3127324.0,,,,
2208,台船,上市,,,-3204800.0,0,1000.0,-3203800.0,,,,
6226,光鼎,上市,,,-3128630.0,0,-79000.0,-3207630.0,,,,
6505,台塑化,上市,,,-3365787.0,651579.0,-532181.0,-3246389.0,,,,
2354,鴻準,上市,,,-3045782.0,0,-204193.0,-3249975.0,,,,
00708L,期元大S&P黃金正2,上市,,,-172900.0,0,-3152838.0,-3325738.0,,,,
2399,映泰,上市,,,-3358024.0,0,13483.0,-3344541.0,,,,
2485,兆赫,上市,,,-3644348.0,0,184729.0,-3459619.0,,,,
6120,達運,上市,,,-3508033.0,0,-10994.0,-3519027.0,,,,
4919,新唐,上市,,,-2285279.0,-3000.0,-1463496.0,-3751775.0,,,,
2449,京元電子,上市,,,-4134255.0,202581.0,-209103.0,-4140777.0,,,,
009805,台新美國電力基建,上市,,,-1016086.0,0,-3187469.0,-4203555.0,,,,
8150,南茂,上市,,,-4588932.0,396000.0,-161307.0,-4354239.0,,,,
009821,野村稀土關鍵資源,上市,,,-71000.0,0,-4572735.0,-4643735.0,,,,
2356,英業達,上市,,,-4948869.0,-119000.0,-10193.0,-5078062.0,,,,
00662,富邦NASDAQ,上市,,,-470573.0,64000.0,-4765784.0,-5172357.0,,,,
2492,華新科,上市,,,-8910769.0,3126000.0,483409.0,-5301360.0,,,,
00934,中信成長高股息,上市,,,-715000.0,0,-4607203.0,-5322203.0,,,,
2845,遠東銀,上市,,,-5514455.0,-52720.0,-155174.0,-5722349.0,,,,
3576,聯合再生,上市,,,-5795517.0,0,-3000.0,-5798517.0,,,,
2889,國票金,上市,,,-5714950.0,0,-140000.0,-5854950.0,,,,
2801,彰銀,上市,,,-7368063.0,1411000.0,-21226.0,-5978289.0,,,,
2542,興富發,上市,,,-6134000.0,148000.0,-58443.0,-6044443.0,,,,
3481,群創,上市,,,-4951561.0,0,-1219732.0,-6171293.0,,,,
3673,TPK-KY,上市,,,-5351754.0,0,-982912.0,-6334666.0,,,,
00984D,主動聯博全球非投,上市,,,-669000.0,0,-5676000.0,-6345000.0,,,,
00962,台新AI優息動能,上市,,,-38349.0,0,-6311403.0,-6349752.0,,,,
00865B,國泰US短期公債,上市,,,-2630300.0,0,-3777069.0,-6407369.0,,,,
009826,貝萊德世界股票,上市,,,-850.0,0,-6518057.0,-6518907.0,,,,
3714,富采,上市,,,-6501026.0,0,-211249.0,-6712275.0,,,,
2371,大同,上市,,,-6918597.0,-43000.0,-170799.0,-7132396.0,,,,
2002,中鋼,上市,,,-7383957.0,-130000.0,33905.0,-7480052.0,,,,
2610,華航,上市,,,-7398000.0,-208000.0,65125.0,-7540875.0,,,,
00712,復華富時不動產,上市,,,9740342.0,0,-18904515.0,-9164173.0,,,,
2327,國巨*,上市,,,-12365940.0,3094423.0,-12851.0,-9284368.0,,,,
0056,元大高股息,上市,,,-5745023.0,210000.0,-4050977.0,-9586000.0,,,,
00996A,主動兆豐台灣豐收,上市,,,-5180000.0,0,-4468281.0,-9648281.0,,,,
9904,寶成,上市,,,-9676359.0,-78000.0,-53958.0,-9808317.0,,,,
6239,力成,上市,,,-10753842.0,150000.0,-434537.0,-11038379.0,,,,
1101,台泥,上市,,,-11976480.0,-99000.0,2689.0,-12072791.0,,,,
00985B,群益ESG投等債0-5,上市,,,-97000.0,0,-12393150.0,-12490150.0,,,,
00753L,中信中國50正2,上市,,,-2642000.0,0,-11948602.0,-14590602.0,,,,
6770,力積電,上市,,,-15614027.0,33000.0,-1606201.0,-17187228.0,,,,
2834,臺企銀,上市,,,-17675080.0,0,-14181.0,-17689261.0,,,,
2812,台中銀,上市,,,-19205109.0,0,-17275.0,-19222384.0,,,,
00919,群益台灣精選高息,上市,,,-263499.0,0,-19031364.0,-19294863.0,,,,
1314,中石化,上市,,,-19051289.0,0,-846859.0,-19898148.0,,,,
2324,仁寶,上市,,,-25066307.0,0,-69150.0,-25135457.0,,,,
00953B,群益優選非投等債,上市,,,26000.0,0,-25732675.0,-25706675.0,,,,
6116,彩晶,上市,,,-27574299.0,0,-2521619.0,-30095918.0,,,,
009828,中信台日韓PCB,上市,,,-7168969.0,0,-23903193.0,-31072162.0,,,,
00927,群益半導體收益,上市,,,-2305430.0,0,-36294094.0,-38599524.0,,,,
00985A,主動野村台灣50,上市,,,369252.0,0,-42802737.0,-42433485.0,,,,
00632R,元大台灣50反1,上市,,,56000.0,0,-57387764.0,-57331764.0,,,,
2303,聯電,上市,,,-81562142.0,-35930277.0,-3193301.0,-120685720.0,,,,
2409,友達,上市,,,-212135842.0,0,-22053472.0,-234189314.0,,,,
00411A,主動統一前沿科技,上櫃,10.94,2.147525676937442,1388000.0,0,-99585.0,1288415.0,15184720.0,0.0,-1089459.9,14095260.1
006201,元大富櫃50,上櫃,48.96,2.2983702465524445,-1006.0,0,-26142.0,-27148.0,-49253.76,0.0,-1279912.32,-1329166.08
00679B,元大美債20年,上櫃,24.5,-0.4469727752945957,-2025750.0,0,-7375854.0,-9401604.0,-49630875.0,0.0,-180708423.0,-230339298.0
00687B,國泰20年美債,上櫃,25.46,-0.39123630672926446,274700.0,0,-2186474.0,-1911774.0,6993862.0,0.0,-55667628.04,-48673766.04
00687C,國泰20年美債+櫃U,上櫃,8.65,0.11574074074074073,0,0,0,0,0.0,0.0,0.0,0.0
00694B,富邦美債1-3,上櫃,41.66,-0.43021032504780116,-13000.0,553000.0,-611348.0,-71348.0,-541580.0,23037979.999999996,-25468757.68,-2972357.6799999997
00695B,富邦美債7-10,上櫃,33.63,-0.4735128736312519,1000.0,0,-183793.0,-182793.0,33630.0,0.0,-6180958.590000001,-6147328.590000001
00696B,富邦美債20年,上櫃,26.7,-0.41029466616933985,8000.0,757000.0,-1162031.0,-397031.0,213600.0,20211900.0,-31026227.7,-10600727.7
00697B,元大美債7-10,上櫃,33.91,-0.35263003232441964,-11000.0,0,-963213.0,-974213.0,-373009.99999999994,0.0,-32662552.83,-33035562.83
00719B,元大美債1-3,上櫃,30.98,-0.4818503051718599,-396930.0,0,-2548641.0,-2945571.0,-12296891.4,0.0,-78956898.18,-91253789.58
00720B,元大投資級公司債,上櫃,30.61,-0.2606712284131639,18199.0,0,-1018343.0,-1000144.0,557071.39,0.0,-31171479.23,-30614407.84
00722B,群益投資級電信債,上櫃,32.9,-0.2728099424067899,-39000.0,0,-1052577.0,-1091577.0,-1283100.0,0.0,-34629783.3,-35912883.3
00723B,群益投資級科技債,上櫃,28.11,-0.4250797024442083,-1000.0,0,-39000.0,-40000.0,-28110.0,0.0,-1096290.0,-1124400.0
00724B,群益投資級金融債,上櫃,31.37,-0.38107335662114955,-55000.0,0,-328404.0,-383404.0,-1725350.0,0.0,-10302033.48,-12027383.48
00725B,國泰投資級公司債,上櫃,32.63,-0.3359804520464264,35000.0,0,-1919428.0,-1884428.0,1142050.0,0.0,-62630935.64000001,-61488885.64000001
00726B,國泰新興投等債,上櫃,30.91,-0.45088566827697263,0,0,-40470.0,-40470.0,0.0,0.0,-1250927.7,-1250927.7
00727B,國泰優選非投等債,上櫃,38.84,-0.1285677552069941,0,0,-26694.0,-26694.0,0.0,0.0,-1036794.9600000001,-1036794.9600000001
00734B,台新JPM新興債,上櫃,14.76,0.0,-1000.0,0,0,-1000.0,-14760.0,0.0,0.0,-14760.0
00740B,富邦全球投等債,上櫃,35.69,-0.3629257398101619,-9000.0,0,-263676.0,-272676.0,-321210.0,0.0,-9410596.44,-9731806.44
00741B,富邦全球非投等債,上櫃,36.52,-0.27307482250136533,0,0,66050.0,66050.0,0.0,0.0,2412146.0,2412146.0
00746B,富邦A級公司債,上櫃,33.08,-0.4214328717639977,3000.0,0,-62184.0,-59184.0,99240.0,0.0,-2057046.72,-1957806.72
00749B,凱基新興債10+,上櫃,29.28,-0.30643513789581206,-1000.0,0,1000.0,0,-29280.0,0.0,29280.0,0.0
00750B,凱基科技債10+,上櫃,30.47,-0.3597122302158274,0,0,0,0,0.0,0.0,0.0,0.0
00751B,元大AAA至A公司債,上櫃,28.68,-0.2781641168289291,-197003.0,0,-2317347.0,-2514350.0,-5650046.04,0.0,-66461511.96,-72111558.0
00754B,群益AAA-AA公司債,上櫃,30.2,-0.033101621979477,0,0,-42032.0,-42032.0,0.0,0.0,-1269366.4,-1269366.4
00755B,群益投資級公用債,上櫃,30.22,-0.09917355371900827,1000.0,0,-3491.0,-2491.0,30220.0,0.0,-105498.01999999999,-75278.02
00756B,群益投等新興公債,上櫃,28.6,-0.38314176245210724,-100000.0,0,42172.0,-57828.0,-2860000.0,0.0,1206119.2,-1653880.8
00758B,復華能源債,上櫃,48.08,-0.31100974497200917,0,0,0,0,0.0,0.0,0.0,0.0
00759B,復華製藥債,上櫃,50.5,-0.29615004935834155,0,0,-80.0,-80.0,0.0,0.0,-4040.0,-4040.0
00760B,復華新興企業債,上櫃,49.76,-0.48,-5000.0,0,-1579.0,-6579.0,-248800.0,0.0,-78571.04,-327371.04
00761B,國泰A級公司債,上櫃,31.69,-0.37723986167871737,0,0,-33198.0,-33198.0,0.0,0.0,-1052044.62,-1052044.62
00764B,群益25年美債,上櫃,25.42,-0.3137254901960784,-368000.0,0,359771.0,-8229.0,-9354560.0,0.0,9145378.82,-209181.18000000002
00768B,復華20年美債,上櫃,45.58,-0.4151190736290147,179000.0,0,168960.0,347960.0,8158820.0,0.0,7701196.8,15860016.799999999
00772B,中信高評級公司債,上櫃,30.96,-0.3219575016097875,-26000.0,0,135386.0,109386.0,-804960.0,0.0,4191550.56,3386590.56
00773B,中信優先金融債,上櫃,33.14,-0.3607937462417318,13000.0,0,9846.0,22846.0,430820.0,0.0,326296.44,757116.4400000001
00777B,凱基AAA至A公司債,上櫃,29.86,-0.40026684456304196,0,0,-11000.0,-11000.0,0.0,0.0,-328460.0,-328460.0
00778B,凱基金融債20+,上櫃,31.57,-0.15812776723592664,0,0,-3000.0,-3000.0,0.0,0.0,-94710.0,-94710.0
00779B,凱基美債25+,上櫃,25.63,-0.3111629716063789,0,0,52000.0,52000.0,0.0,0.0,1332760.0,1332760.0
00780B,國泰A級金融債,上櫃,35.22,-0.5084745762711864,2000.0,0,-2221.0,-221.0,70440.0,0.0,-78223.62,-7783.62
00781B,國泰A級科技債,上櫃,25.57,-0.46710782405605294,0,0,-30768.0,-30768.0,0.0,0.0,-786737.76,-786737.76
00782B,國泰A級公用債,上櫃,28.17,-0.3537318712415988,5000.0,0,-384640.0,-379640.0,140850.0,0.0,-10835308.8,-10694458.8
00785B,富邦金融投等債,上櫃,32.6,-0.5187671650900214,0,0,-1303.0,-1303.0,0.0,0.0,-42477.8,-42477.8
00786B,元大10年IG銀行債,上櫃,30.42,-0.3603013429413691,-1000.0,0,59509.0,58509.0,-30420.0,0.0,1810263.78,1779843.78
00787B,元大10年IG醫療債,上櫃,30.08,-0.36435905929115603,0,0,-1516.0,-1516.0,0.0,0.0,-45601.28,-45601.28
00788B,元大10年IG電能債,上櫃,27.95,-0.14290818149339052,0,0,-32.0,-32.0,0.0,0.0,-894.4,-894.4
00789B,復華公司債A3,上櫃,44.15,-0.33860045146726864,0,0,-130.0,-130.0,0.0,0.0,-5739.5,-5739.5
00791B,復華信用債1-5,上櫃,56.05,-0.7085916740478301,0,0,0,0,0.0,0.0,0.0,0.0
00792B,群益A級公司債,上櫃,28.92,-0.17259233690024162,0,0,-10500.0,-10500.0,0.0,0.0,-303660.0,-303660.0
00795B,中信美國公債20年,上櫃,24.64,-0.3236245954692557,201080.0,0,-1388986.0,-1187906.0,4954611.2,0.0,-34224615.04,-29270003.84
00799B,國泰A級醫療債,上櫃,27.31,-0.401167031363968,2000.0,0,-49683.0,-47683.0,54620.0,0.0,-1356842.73,-1302222.73
00834B,第一金金融債10+,上櫃,31.87,-0.2191609267376331,0,0,0,0,0.0,0.0,0.0,0.0
00836B,永豐10年A公司債,上櫃,26.34,-0.189465706707086,0,0,-2000.0,-2000.0,0.0,0.0,-52680.0,-52680.0
00840B,凱基IG精選15+,上櫃,27.43,-0.39941902687000724,0,0,0,0,0.0,0.0,0.0,0.0
00841B,凱基AAA-AA公司債,上櫃,26.09,-0.6473724295506473,0,0,1000.0,1000.0,0.0,0.0,26090.0,26090.0
00842B,台新美元銀行債,上櫃,27.97,-0.6041222459132907,0,0,-134000.0,-134000.0,0.0,0.0,-3747980.0,-3747980.0
00844B,台新15年IG金融債,上櫃,29.1,-0.06868131868131867,0,0,-150.0,-150.0,0.0,0.0,-4365.0,-4365.0
00845B,富邦新興投等債,上櫃,31.22,-0.4146730462519937,0,0,-1169.0,-1169.0,0.0,0.0,-36496.18,-36496.18
00846B,富邦歐洲銀行債,上櫃,33.88,-0.6451612903225806,0,0,-4170.0,-4170.0,0.0,0.0,-141279.6,-141279.6
00848B,中信新興亞洲債,上櫃,32.07,-0.49643189574930197,0,0,3974.0,3974.0,0.0,0.0,127446.18000000001,127446.18000000001
00849B,中信EM主權債0-5,上櫃,37.12,-0.5891805034815212,8000.0,0,-6069.0,1931.0,296960.0,0.0,-225281.28,71678.72
00853B,統一美債10年Aa-A,上櫃,25.36,-0.23603461841070023,0,0,-4140.0,-4140.0,0.0,0.0,-104990.4,-104990.4
00856B,永豐1-3年美公債,上櫃,37.14,-0.322061191626409,-1000.0,0,-9000.0,-10000.0,-37140.0,0.0,-334260.0,-371400.0
00857B,永豐20年美公債,上櫃,21.18,-0.3762935089369709,27000.0,0,249485.0,276485.0,571860.0,0.0,5284092.3,5855952.3
00858,永豐美國500大,上櫃,36.3,0.13793103448275862,3000.0,0,-42668.0,-39668.0,108899.99999999999,0.0,-1548848.4,-1439948.4
00859B,群益0-1年美債,上櫃,40.64,-0.39215686274509803,-156000.0,0,-367628.0,-523628.0,-6339840.0,0.0,-14940401.92,-21280241.92
00860B,群益1-5Y投資級債,上櫃,37.68,-0.3965107057890563,0,0,-1178.0,-1178.0,0.0,0.0,-44387.04,-44387.04
00862B,中信投資級公司債,上櫃,29.01,-0.2750085940185631,0,0,-8052.0,-8052.0,0.0,0.0,-233588.52000000002,-233588.52000000002
00863B,中信全球電信債,上櫃,29.32,-0.0681663258350375,0,0,-5299.0,-5299.0,0.0,0.0,-155366.68,-155366.68
00864B,中信美國公債0-1,上櫃,46.18,-0.3667745415318231,-341000.0,0,-374883.0,-715883.0,-15747380.0,0.0,-17312096.94,-33059476.94
00867B,台新A-BBB電信債,上櫃,28.41,0.035211267605633804,0,0,-1559.0,-1559.0,0.0,0.0,-44291.19,-44291.19
00870B,元大15年EM主權債,上櫃,25.96,-0.07698229407236336,-45000.0,0,40000.0,-5000.0,-1168200.0,0.0,1038400.0,-129800.0
00877,復華中國5G,上櫃,34.87,0.08610792192881746,27000.0,0,-388305.0,-361305.0,941489.9999999999,0.0,-13540195.35,-12598705.35
00884B,中信低碳新興債,上櫃,27.19,0.18422991893883567,-11000.0,0,10858.0,-142.0,-299090.0,0.0,295229.02,-3860.98
00886,永豐美國科技,上櫃,49.75,0.1610630159049728,0,0,-309.0,-309.0,0.0,0.0,-15372.75,-15372.75
00887,永豐中國科技50大,上櫃,15.03,0.2,64000.0,0,719182.0,783182.0,961920.0,0.0,10809305.459999999,11771225.459999999
00888,永豐台灣ESG,上櫃,36.96,0.7908371966184892,487520.0,0,567268.0,1054788.0,18018739.2,0.0,20966225.28,38984964.480000004
00890B,凱基ESG BBB債15+,上櫃,29.83,-0.2674690738883317,0,0,-4000.0,-4000.0,0.0,0.0,-119320.0,-119320.0
00928,中信上櫃ESG 30,上櫃,35.61,3.1874818893074472,-54100.0,0,660730.0,606630.0,-1926501.0,0.0,23528595.3,21602094.3
00931B,統一美債20年,上櫃,12.4,-0.1610305958132045,12000.0,0,-261223.0,-249223.0,148800.0,0.0,-3239165.2,-3090365.2
00933B,國泰10Y+金融債,上櫃,14.86,-0.40214477211796246,83052.0,0,-2153166.0,-2070114.0,1234152.72,0.0,-31996046.759999998,-30761894.04
00937B,群益ESG投等債20+,上櫃,13.62,-0.5113221329437546,-12435339.0,0,-7385561.0,-19820900.0,-169369317.17999998,0.0,-100591340.82,-269960658.0
00942B,台新美A公司債20+,上櫃,13.09,-0.3046458492003047,0,0,184874.0,184874.0,0.0,0.0,2420000.66,2420000.66
00948B,中信優息投資級債,上櫃,8.74,-0.34207525655644244,-10000.0,0,-312110.0,-322110.0,-87400.0,0.0,-2727841.4,-2815241.4
00950B,凱基A級公司債,上櫃,13.0,,-2000.0,0,-2687846.0,-2689846.0,-26000.0,0.0,-34941998.0,-34967998.0
00955,中信日本商社,上櫃,15.87,0.06305170239596469,18000.0,0,690366.0,708366.0,285660.0,0.0,10956108.42,11241768.42
00957B,兆豐US優選投等債,上櫃,12.37,-0.40257648953301134,2000.0,0,-12203.0,-10203.0,24740.0,0.0,-150951.11,-126211.10999999999
00958B,永豐ESG銀行債15+,上櫃,8.56,-0.46511627906976744,0,0,-164951.0,-164951.0,0.0,0.0,-1411980.56,-1411980.56
00959B,大華投等美債15Y+,上櫃,8.64,,-20000.0,0,-472142.0,-492142.0,-172800.0,0.0,-4079306.8800000004,-4252106.88
00966B,統一ESG投等債15+,上櫃,12.85,,-3000.0,0,104524.0,101524.0,-38550.0,0.0,1343133.4,1304583.4
00967B,元大優息美債,上櫃,8.47,-0.4700352526439483,0,0,233816.0,233816.0,0.0,0.0,1980421.5200000003,1980421.5200000003
00968B,元大優息投等債,上櫃,8.59,-0.11627906976744186,-9000.0,0,-40936.0,-49936.0,-77310.0,0.0,-351640.24,-428950.24
00969B,元大零息超長美債,上櫃,7.36,-0.27100271002710025,-114000.0,0,211398.0,97398.0,-839040.0,0.0,1555889.28,716849.28
00970B,台新BBB投等債20+,上櫃,8.62,-0.5767012687427913,15000.0,0,-95354.0,-80354.0,129299.99999999999,0.0,-821951.48,-692651.48
009806,台新標普500,上櫃,13.77,0.07267441860465117,0,0,-2754.0,-2754.0,0.0,0.0,-37922.58,-37922.58
009807,台新標普科技精選,上櫃,18.23,0.16483516483516483,0,0,46297.0,46297.0,0.0,0.0,843994.31,843994.31
00980B,台新特選IG債10+,上櫃,8.76,-0.3412969283276451,0,0,-240029.0,-240029.0,0.0,0.0,-2102654.04,-2102654.04
00980D,主動聯博投等入息,上櫃,19.38,-0.308641975308642,1000.0,0,9140.0,10140.0,19380.0,0.0,177133.19999999998,196513.19999999998
00980T,平衡凱基美國TOP,上櫃,12.14,0.2477291494632535,0,0,30047.0,30047.0,0.0,0.0,364770.58,364770.58
009814,富邦標普500,上櫃,11.44,-0.08733624454148471,-3000.0,40000.0,-940860.0,-903860.0,-34320.0,457600.0,-10763438.4,-10340158.4
009815,大華美國MAG7+,上櫃,12.15,0.6628003314001657,27700.0,0,-315586.0,-287886.0,336555.0,0.0,-3834369.9,-3497814.9
00981B,第一金優選非投債,上櫃,8.92,-0.4464285714285715,20127.0,0,304336.0,324463.0,179532.84,0.0,2714677.12,2894209.96
00981D,主動中信非投等債,上櫃,10.05,-0.5934718100890207,42000.0,0,1896321.0,1938321.0,422100.00000000006,0.0,19058026.05,19480126.05
009822,華南永昌未來金融,上櫃,9.31,0.0,0,0,-13144.0,-13144.0,0.0,0.0,-122370.64,-122370.64
009823,群益S&P500,上櫃,10.49,-0.19029495718363465,-34000.0,0,-656097.0,-690097.0,-356660.0,0.0,-6882457.53,-7239117.53
009825,聯邦美國金融創新,上櫃,9.64,-0.2070393374741201,-2000.0,0,201785.0,199785.0,-19280.0,0.0,1945207.4000000001,1925927.4000000001
00982B,FT投資級債20+,上櫃,9.02,0.0,0,0,-100.0,-100.0,0.0,0.0,-902.0,-902.0
00983B,大華優利美公債20,上櫃,14.3,,-8000.0,0,352457.0,344457.0,-114400.0,0.0,5040135.100000001,4925735.100000001
00984B,大華優利美A債15,上櫃,14.99,,-19000.0,0,-10049.0,-29049.0,-284810.0,0.0,-150634.51,-435444.51
00985D,主動貝萊德優投等,上櫃,9.42,-0.211864406779661,-13000.0,0,-1243632.0,-1256632.0,-122460.0,0.0,-11715013.44,-11837473.44
00986B,FT金融債10+,上櫃,9.15,,0,0,-17004.0,-17004.0,0.0,0.0,-155586.6,-155586.6
00986D,主動復華金融債息,上櫃,13.83,-0.36023054755043227,-13000.0,0,110822.0,97822.0,-179790.0,0.0,1532668.26,1352878.26
00987B,野村10+澳洲公債,上櫃,15.17,-0.26298487836949375,18000.0,0,-251544.0,-233544.0,273060.0,0.0,-3815922.48,-3542862.48
00987D,主動統一美債量化,上櫃,9.43,-0.31712473572938693,0,0,-137503.0,-137503.0,0.0,0.0,-1296653.29,-1296653.29
00988B,玉山嚴選非投債,上櫃,19.02,-0.2098635886673662,-1000.0,0,169424.0,168424.0,-19020.0,0.0,3222444.48,3203424.48
00989B,台新美國非投等債,上櫃,9.82,0.0,36000.0,0,-535589.0,-499589.0,353520.0,0.0,-5259483.98,-4905963.98
00990B,國泰收益非投等債,上櫃,9.81,-0.20345879959308238,-1000.0,0,-1234199.0,-1235199.0,-9810.0,0.0,-12107492.190000001,-12117302.190000001
00998A,主動復華金融股息,上櫃,16.15,-0.5541871921182266,328650.0,0,-8243375.0,-7914725.0,5307697.499999999,0.0,-133130506.24999999,-127822808.74999999
020025,統一亞洲半導體N,上櫃,41.82,1.2345679012345678,0,0,217000.0,217000.0,0.0,0.0,9074940.0,9074940.0
020033,統一恒生科期N,上櫃,3.34,0.6024096385542169,0,0,-16000.0,-16000.0,0.0,0.0,-53440.0,-53440.0
020035,元大上櫃ESG高息N,上櫃,14.0,,0,0,1000.0,1000.0,0.0,0.0,14000.0,14000.0
020041,兆豐半導體氣候N,上櫃,22.56,2.7322404371584703,0,0,121000.0,121000.0,0.0,0.0,2729760.0,2729760.0
1240,茂生農經,上櫃,53.9,-0.1851851851851852,0,0,905.0,905.0,0.0,0.0,48779.5,48779.5
1264,德麥,上櫃,246.5,0.6122448979591837,7000.0,0,-18.0,6982.0,1725500.0,0.0,-4437.0,1721063.0
1268,漢來美食,上櫃,176.0,-0.8450704225352111,910.0,0,0,910.0,160160.0,0.0,0.0,160160.0
1294,漢田生技,上櫃,49.8,0.10050251256281408,6000.0,0,-741.0,5259.0,298800.0,0.0,-36901.799999999996,261898.19999999998
1295,生合,上櫃,49.05,0.7186858316221766,3000.0,0,0,3000.0,147150.0,0.0,0.0,147150.0
1336,台翰,上櫃,18.0,-0.2770083102493075,18019.0,0,33927.0,51946.0,324342.0,0.0,610686.0,935028.0
1565,精華,上櫃,96.7,-0.51440329218107,-58000.0,0,-5680.0,-63680.0,-5608600.0,0.0,-549256.0,-6157856.0
1569,濱川,上櫃,68.5,3.007518796992481,-1496807.0,0,18507.0,-1478300.0,-102531279.5,0.0,1267729.5,-101263550.0
1570,力肯,上櫃,32.5,-1.2158054711246202,2000.0,0,108.0,2108.0,65000.0,0.0,3510.0,68510.0
1580,新麥,上櫃,95.8,-1.4403292181069958,-46000.0,0,-451.0,-46451.0,-4406800.0,0.0,-43205.799999999996,-4450005.8
1584,精剛,上櫃,18.1,-2.6881720430107525,-208000.0,0,-407.0,-208407.0,-3764800.0000000005,0.0,-7366.700000000001,-3772166.7
1586,和勤,上櫃,17.8,-0.5586592178770949,-189371.0,0,0,-189371.0,-3370803.8000000003,0.0,0.0,-3370803.8000000003
1591,駿吉-KY,上櫃,41.85,1.4545454545454546,155997.0,0,0,155997.0,6528474.45,0.0,0.0,6528474.45
1593,祺驊,上櫃,31.4,-0.9463722397476341,-1000.0,0,0,-1000.0,-31400.0,0.0,0.0,-31400.0
1595,川寶,上櫃,73.5,-7.3139974779319035,227112.0,0,15005.0,242117.0,16692732.0,0.0,1102867.5,17795599.5
1599,宏佳騰,上櫃,23.1,-0.43103448275862066,-1000.0,0,0,-1000.0,-23100.0,0.0,0.0,-23100.0
1777,生泰,上櫃,74.4,0.0,-1000.0,0,0,-1000.0,-74400.0,0.0,0.0,-74400.0
1780,立弘,上櫃,25.15,-0.7889546351084813,0,0,0,0,0.0,0.0,0.0,0.0
1784,訊聯,上櫃,59.5,-1.6528925619834711,-18000.0,0,-2416.0,-20416.0,-1071000.0,0.0,-143752.0,-1214752.0
1785,光洋科,上櫃,102.5,0.0,-470422.0,0,40265.0,-430157.0,-48218255.0,0.0,4127162.5,-44091092.5
1788,杏昌,上櫃,128.0,0.0,1000.0,0,0,1000.0,128000.0,0.0,0.0,128000.0
1796,金穎生技,上櫃,29.5,-1.3377926421404684,-2000.0,0,0,-2000.0,-59000.0,0.0,0.0,-59000.0
1799,易威,上櫃,28.6,-1.3793103448275863,-16091.0,0,0,-16091.0,-460202.60000000003,0.0,0.0,-460202.60000000003
1813,寶利徠,上櫃,11.25,0.0,-1000.0,0,0,-1000.0,-11250.0,0.0,0.0,-11250.0
1815,富喬,上櫃,128.5,6.198347107438017,11227232.0,0,489527.0,11716759.0,1442699312.0,0.0,62904219.5,1505603531.5
2061,風青,上櫃,65.2,-3.8348082595870205,-1200770.0,0,-685.0,-1201455.0,-78290204.0,0.0,-44662.0,-78334866.0
2063,世鎧,上櫃,23.8,0.6342494714587736,13000.0,0,734.0,13734.0,309400.0,0.0,17469.2,326869.2
2064,晉椿,上櫃,11.95,-0.4166666666666667,0,0,0,0,0.0,0.0,0.0,0.0
2065,世豐,上櫃,35.55,-0.2805049088359047,6000.0,0,223.0,6223.0,213299.99999999997,0.0,7927.65,221227.65
2066,世德,上櫃,52.4,-0.19047619047619047,4000.0,0,340.0,4340.0,209600.0,0.0,17816.0,227416.0
2067,嘉鋼,上櫃,4.89,0.0,-31000.0,0,0,-31000.0,-151590.0,0.0,0.0,-151590.0
2070,精湛,上櫃,62.6,-0.7923930269413629,-26926.0,0,5000.0,-21926.0,-1685567.6,0.0,313000.0,-1372567.6
2221,大甲,上櫃,186.0,-1.0638297872340425,48000.0,0,70845.0,118845.0,8928000.0,0.0,13177170.0,22105170.0
2230,泰茂,上櫃,21.8,-1.8018018018018018,-14000.0,0,800.0,-13200.0,-305200.0,0.0,17440.0,-287760.0
2235,謚源,上櫃,27.2,-3.202846975088968,1000.0,0,0,1000.0,27200.0,0.0,0.0,27200.0
2596,綠意,上櫃,34.3,-1.4367816091954024,-4000.0,0,0,-4000.0,-137200.0,0.0,0.0,-137200.0
2640,大車隊,上櫃,154.0,-1.5974440894568689,-5000.0,0,2199.0,-2801.0,-770000.0,0.0,338646.0,-431354.0
2641,正德,上櫃,17.25,-1.1461318051575933,-739000.0,0,-2561.0,-741561.0,-12747750.0,0.0,-44177.25,-12791927.25
2643,捷迅,上櫃,62.6,0.967741935483871,2000.0,0,0,2000.0,125200.0,0.0,0.0,125200.0
2719,燦星旅,上櫃,19.4,-1.5228426395939088,-2000.0,0,0,-2000.0,-38800.0,0.0,0.0,-38800.0
2729,瓦城,上櫃,154.5,-0.6430868167202572,0,0,-3000.0,-3000.0,0.0,0.0,-463500.0,-463500.0
2732,六角,上櫃,63.3,-0.1577287066246057,3000.0,0,0,3000.0,189900.0,0.0,0.0,189900.0
2734,易飛網,上櫃,14.35,-0.34722222222222227,-15000.0,0,-871.0,-15871.0,-215250.0,0.0,-12498.85,-227748.85
2736,富野,上櫃,11.2,0.0,-1000.0,0,666.0,-334.0,-11200.0,0.0,7459.2,-3740.7999999999997
2743,山富,上櫃,51.3,-2.6565464895635675,-12000.0,0,-44000.0,-56000.0,-615600.0,0.0,-2257200.0,-2872800.0
2745,五福,上櫃,84.9,0.0,-6000.0,0,-6000.0,-12000.0,-509400.00000000006,0.0,-509400.00000000006,-1018800.0000000001
2751,王座,上櫃,53.0,0.5692599620493358,0,0,0,0,0.0,0.0,0.0,0.0
2752,豆府,上櫃,176.0,-0.5649717514124294,2000.0,0,0,2000.0,352000.0,0.0,0.0,352000.0
2754,亞洲藏壽司,上櫃,67.2,-1.3215859030837003,-1000.0,0,0,-1000.0,-67200.0,0.0,0.0,-67200.0
2755,揚秦,上櫃,99.5,0.8105369807497468,3000.0,0,1.0,3001.0,298500.0,0.0,99.5,298599.5
2916,滿心,上櫃,40.5,-0.36900369003690037,5000.0,0,0,5000.0,202500.0,0.0,0.0,202500.0
2926,誠品生活,上櫃,30.1,0.5008347245409014,70.0,0,0,70.0,2107.0,0.0,0.0,2107.0
2938,床的世界,上櫃,18.15,-1.8918918918918917,5000.0,0,0,5000.0,90750.0,0.0,0.0,90750.0
2947,振宇五金,上櫃,61.0,0.32894736842105265,5000.0,0,0,5000.0,305000.0,0.0,0.0,305000.0
3066,李洲,上櫃,28.05,-3.275862068965517,-123140.0,0,4000.0,-119140.0,-3454077.0,0.0,112200.0,-3341877.0
3071,協禧,上櫃,22.7,-1.0893246187363834,-51000.0,0,-764.0,-51764.0,-1157700.0,0.0,-17342.8,-1175042.8
3073,天方能源,上櫃,20.55,-0.24271844660194172,-8000.0,0,0,-8000.0,-164400.0,0.0,0.0,-164400.0
3078,僑威,上櫃,46.0,0.1088139281828074,276424.0,0,-3012.0,273412.0,12715504.0,0.0,-138552.0,12576952.0
3081,聯亞,上櫃,3000.0,2.564102564102564,-846718.0,676100.0,3557.0,-167061.0,-2540154000.0,2028300000.0,10671000.0,-501183000.0
3083,網龍,上櫃,23.75,0.0,-1000.0,0,0,-1000.0,-23750.0,0.0,0.0,-23750.0
3086,華義*,上櫃,27.4,-3.5211267605633805,-1000.0,0,-3285.0,-4285.0,-27400.0,0.0,-90009.0,-117409.0
3088,艾訊,上櫃,134.5,1.893939393939394,224559.0,0,11806.0,236365.0,30203185.5,0.0,1587907.0,31791092.5
3093,港建*,上櫃,46.7,1.0822510822510822,50995.0,0,-974.0,50021.0,2381466.5,0.0,-45485.8,2335980.7
3095,及成,上櫃,33.5,1.2084592145015105,1000.0,0,43.0,1043.0,33500.0,0.0,1440.5,34940.5
3105,穩懋,上櫃,615.0,4.060913705583756,9741607.0,1023000.0,812618.0,11577225.0,5991088305.0,629145000.0,499760070.0,7119993375.0
3114,好德,上櫃,43.6,9.962168978562422,14000.0,0,20121.0,34121.0,610400.0,0.0,877275.6,1487675.6
3118,進階,上櫃,31.2,-0.9523809523809523,0,0,-1.0,-1.0,0.0,0.0,-31.2,-31.2
3122,笙泉,上櫃,23.35,-3.5123966942148757,0,0,2.0,2.0,0.0,0.0,46.7,46.7
3128,昇銳,上櫃,20.05,-1.4742014742014742,-6000.0,0,0,-6000.0,-120300.0,0.0,0.0,-120300.0
3131,弘塑,上櫃,2530.0,4.11522633744856,181315.0,6000.0,28404.0,215719.0,458726950.0,15180000.0,71862120.0,545769070.0
3141,晶宏,上櫃,88.0,1.0332950631458095,-334818.0,0,-1800.0,-336618.0,-29463984.0,0.0,-158400.0,-29622384.0
3147,大綜,上櫃,275.0,3.9697542533081283,-257217.0,0,19426.0,-237791.0,-70734675.0,0.0,5342150.0,-65392525.0
3152,璟德,上櫃,240.0,1.910828025477707,22424.0,0,1789.0,24213.0,5381760.0,0.0,429360.0,5811120.0
3162,精確,上櫃,86.9,-3.013392857142857,-364235.0,0,-20216.0,-384451.0,-31652021.500000004,0.0,-1756770.4000000001,-33408791.900000002
3163,波若威,上櫃,709.0,-0.5610098176718092,-742742.0,0,16153.0,-726589.0,-526604078.0,0.0,11452477.0,-515151601.0
3169,亞信,上櫃,113.5,-1.3043478260869565,37439.0,0,0,37439.0,4249326.5,0.0,0.0,4249326.5
3171,炎洲流通,上櫃,57.2,0.8818342151675485,3000.0,0,-1000.0,2000.0,171600.0,0.0,-57200.0,114400.0
3176,基亞,上櫃,38.25,1.8641810918774968,155001.0,0,0,155001.0,5928788.25,0.0,0.0,5928788.25
3178,公準,上櫃,69.8,-2.240896358543418,-37880.0,0,624.0,-37256.0,-2644024.0,0.0,43555.2,-2600468.8
3188,鑫龍騰,上櫃,22.65,-1.9480519480519483,-47000.0,0,0,-47000.0,-1064550.0,0.0,0.0,-1064550.0
3191,雲嘉南,上櫃,17.0,-2.5787965616045847,0,0,1000.0,1000.0,0.0,0.0,17000.0,17000.0
3205,佰研,上櫃,47.0,-0.423728813559322,2000.0,0,-348.0,1652.0,94000.0,0.0,-16356.0,77644.0
3206,志豐,上櫃,34.0,0.0,16000.0,0,4212.0,20212.0,544000.0,0.0,143208.0,687208.0
3207,耀勝,上櫃,40.0,0.628930817610063,54000.0,0,8.0,54008.0,2160000.0,0.0,320.0,2160320.0
3211,順達,上櫃,399.0,0.5037783375314862,-167131.0,-34000.0,56428.0,-144703.0,-66685269.0,-13566000.0,22514772.0,-57736497.0
3213,茂訊,上櫃,125.5,2.0325203252032518,109000.0,0,3514.0,112514.0,13679500.0,0.0,441007.0,14120507.0
3217,優群,上櫃,129.0,0.0,-10800.0,0,-4967.0,-15767.0,-1393200.0,0.0,-640743.0,-2033943.0
3218,大學光,上櫃,133.5,0.0,-122000.0,-1000.0,-330.0,-123330.0,-16287000.0,-133500.0,-44055.0,-16464555.0
3219,倚強科,上櫃,128.0,-0.38910505836575876,103000.0,0,8982.0,111982.0,13184000.0,0.0,1149696.0,14333696.0
3221,台嘉碩,上櫃,55.7,-0.5357142857142857,886402.0,0,-4810.0,881592.0,49372591.400000006,0.0,-267917.0,49104674.400000006
3224,三顧,上櫃,31.45,0.64,-2000.0,0,0,-2000.0,-62900.0,0.0,0.0,-62900.0
3226,龍鋒,上櫃,62.8,-0.4754358161648178,2000.0,0,0,2000.0,125600.0,0.0,0.0,125600.0
3227,原相,上櫃,188.5,0.5333333333333333,-54598.0,-10000.0,-6114.0,-70712.0,-10291723.0,-1885000.0,-1152489.0,-13329212.0
3228,金麗科,上櫃,172.0,-1.9943019943019942,11622.0,0,-8719.0,2903.0,1998984.0,0.0,-1499668.0,499316.0
3230,錦明,上櫃,40.75,-2.860548271752086,-104000.0,0,0,-104000.0,-4238000.0,0.0,0.0,-4238000.0
3232,昱捷,上櫃,20.25,-1.4598540145985401,0,0,0,0,0.0,0.0,0.0,0.0
3234,光環,上櫃,180.0,-0.8264462809917356,-1232812.0,0,94592.0,-1138220.0,-221906160.0,0.0,17026560.0,-204879600.0
3236,千如,上櫃,53.5,0.18726591760299627,-2040677.0,0,58523.0,-1982154.0,-109176219.5,0.0,3130980.5,-106045239.0
3252,海灣,上櫃,15.3,0.0,0,0,0,0,0.0,0.0,0.0,0.0
3259,鑫創,上櫃,13.0,1.1673151750972763,-4000.0,0,0,-4000.0,-52000.0,0.0,0.0,-52000.0
3260,威剛,上櫃,378.0,-1.0471204188481675,-1043941.0,-14000.0,71064.0,-986877.0,-394609698.0,-5292000.0,26862192.0,-373039506.0
3264,欣銓,上櫃,241.5,-1.4285714285714286,-3715270.0,-6962000.0,-183554.0,-10860824.0,-897237705.0,-1681323000.0,-44328291.0,-2622888996.0
3265,台星科,上櫃,188.0,0.0,-145073.0,0,-32557.0,-177630.0,-27273724.0,0.0,-6120716.0,-33394440.0
3268,海德威,上櫃,23.1,6.69745958429561,121000.0,0,0,121000.0,2795100.0,0.0,0.0,2795100.0
3272,東碩,上櫃,14.15,0.3546099290780142,3000.0,0,0,3000.0,42450.0,0.0,0.0,42450.0
3276,宇環,上櫃,14.15,-2.413793103448276,-3000.0,0,0,-3000.0,-42450.0,0.0,0.0,-42450.0
3284,太普高,上櫃,21.6,7.462686567164178,81000.0,0,734.0,81734.0,1749600.0,0.0,15854.400000000001,1765454.4000000001
3285,微端,上櫃,41.95,0.11933174224343673,-4000.0,0,582.0,-3418.0,-167800.0,0.0,24414.9,-143385.1
3287,廣寰科,上櫃,40.55,-3.567181926278241,-179151.0,0,0,-179151.0,-7264573.05,0.0,0.0,-7264573.05
3288,點晶,上櫃,21.55,2.375296912114014,0,0,5.0,5.0,0.0,0.0,107.75,107.75
3289,宜特,上櫃,141.0,-1.3986013986013985,-17663.0,0,6727.0,-10936.0,-2490483.0,0.0,948507.0,-1541976.0
3290,東浦,上櫃,49.95,-0.6958250497017892,-108821.0,0,-1101.0,-109922.0,-5435608.95,0.0,-54994.950000000004,-5490603.9
3293,鈊象,上櫃,794.0,0.37926675094816686,489669.0,-20000.0,223.0,469892.0,388797186.0,-15880000.0,177062.0,373094248.0
3294,英濟,上櫃,32.35,-1.371951219512195,-150265.0,0,-709.0,-150974.0,-4861072.75,0.0,-22936.15,-4884008.9
3297,杭特,上櫃,32.1,-1.2307692307692308,-20000.0,0,598.0,-19402.0,-642000.0,0.0,19195.8,-622804.2000000001
3303,岱稜,上櫃,48.9,0.20491803278688525,25000.0,0,0,25000.0,1222500.0,0.0,0.0,1222500.0
3306,鼎天,上櫃,47.5,0.9564293304994688,5000.0,0,0,5000.0,237500.0,0.0,0.0,237500.0
3313,斐成,上櫃,10.3,-1.9047619047619049,2000.0,0,0,2000.0,20600.0,0.0,0.0,20600.0
3317,尼克森,上櫃,71.8,9.95405819295559,-58520.0,0,84167.0,25647.0,-4201736.0,0.0,6043190.6,1841454.5999999999
3322,建舜電,上櫃,11.2,-1.3215859030837005,-45000.0,0,108.0,-44892.0,-503999.99999999994,0.0,1209.6,-502790.39999999997
3323,加百裕,上櫃,30.6,0.8237232289950577,-236124.0,0,-636.0,-236760.0,-7225394.4,0.0,-19461.600000000002,-7244856.0
3324,雙鴻,上櫃,1550.0,2.990033222591362,-585960.0,0,140963.0,-444997.0,-908238000.0,0.0,218492650.0,-689745350.0
3325,旭品,上櫃,11.6,-1.6949152542372885,-6000.0,0,2.0,-5998.0,-69600.0,0.0,23.2,-69576.8
3332,幸康,上櫃,64.9,0.9331259720062206,-3000.0,0,-987.0,-3987.0,-194700.00000000003,0.0,-64056.3,-258756.30000000002
3339,泰谷,上櫃,45.9,-2.3404255319148937,-282574.0,0,-771.0,-283345.0,-12970146.6,0.0,-35388.9,-13005535.5
3349,寶德,上櫃,19.0,0.0,-12000.0,0,0,-12000.0,-228000.0,0.0,0.0,-228000.0
3354,律勝,上櫃,31.6,4.983388704318937,247600.0,0,-3357.0,244243.0,7824160.0,0.0,-106081.20000000001,7718078.800000001
3357,臺慶科,上櫃,218.0,1.160092807424594,387140.0,0,40245.0,427385.0,84396520.0,0.0,8773410.0,93169930.0
3360,尚立,上櫃,15.3,-1.607717041800643,-77800.0,0,50.0,-77750.0,-1190340.0,0.0,765.0,-1189575.0
3362,先進光,上櫃,191.0,8.831908831908832,-27231.0,0,14958.0,-12273.0,-5201121.0,0.0,2856978.0,-2344143.0
3363,上詮,上櫃,664.0,-1.0432190760059614,-398517.0,0,-7723.0,-406240.0,-264615288.0,0.0,-5128072.0,-269743360.0
3372,典範,上櫃,16.35,-3.2544378698224854,-232003.0,0,1000.0,-231003.0,-3793249.0500000003,0.0,16350.000000000002,-3776899.0500000003
3373,熱映,上櫃,15.9,0.0,-9000.0,0,0,-9000.0,-143100.0,0.0,0.0,-143100.0
3374,精材,上櫃,498.5,6.631016042780749,201241.0,0,684635.0,885876.0,100318638.5,0.0,341290547.5,441609186.0
3379,彬台,上櫃,27.7,-0.3597122302158274,-7000.0,0,54.0,-6946.0,-193900.0,0.0,1495.8,-192404.19999999998
3388,崇越電,上櫃,84.6,0.1183431952662722,44000.0,0,433.0,44433.0,3722399.9999999995,0.0,36631.799999999996,3759031.8
3390,旭軟,上櫃,22.2,-0.892857142857143,-51000.0,0,0,-51000.0,-1132200.0,0.0,0.0,-1132200.0
3402,漢科,上櫃,140.0,0.35842293906810035,328274.0,0,15047.0,343321.0,45958360.0,0.0,2106580.0,48064940.0
3430,奇鈦科,上櫃,113.0,-0.4405286343612335,22268.0,0,-90.0,22178.0,2516284.0,0.0,-10170.0,2506114.0
3434,哲固,上櫃,31.0,-0.6410256410256411,-21933.0,0,-139.0,-22072.0,-679923.0,0.0,-4309.0,-684232.0
3438,類比科,上櫃,61.8,-0.3225806451612903,-7909.0,0,-57.0,-7966.0,-488776.19999999995,0.0,-3522.6,-492298.8
3441,聯一光,上櫃,232.0,9.95260663507109,-386334.0,0,4792.0,-381542.0,-89629488.0,0.0,1111744.0,-88517744.0
3444,利機,上櫃,77.0,-4.702970297029703,-55004.0,0,-10089.0,-65093.0,-4235308.0,0.0,-776853.0,-5012161.0
3455,由田,上櫃,283.5,1.25,-430174.0,109000.0,-61022.0,-382196.0,-121954329.0,30901500.0,-17299737.0,-108352566.0
3465,進泰電子,上櫃,29.85,-0.6655574043261231,3000.0,0,0,3000.0,89550.0,0.0,0.0,89550.0
3466,德晉,上櫃,24.3,0.4132231404958678,35000.0,0,-909.0,34091.0,850500.0,0.0,-22088.7,828411.3
3467,台灣精材,上櫃,71.1,-2.8688524590163937,-106130.0,0,-1000.0,-107130.0,-7545842.999999999,0.0,-71100.0,-7616942.999999999
3479,安勤,上櫃,136.0,0.0,173781.0,0,-3408.0,170373.0,23634216.0,0.0,-463488.0,23170728.0
3483,力致,上櫃,81.3,0.4944375772558715,-65629.0,0,-1378.0,-67007.0,-5335637.7,0.0,-112031.4,-5447669.1
3484,崧騰,上櫃,49.15,0.5112474437627812,90175.0,0,-1600.0,88575.0,4432101.25,0.0,-78640.0,4353461.25
3485,敘豐,上櫃,217.0,0.4629629629629629,22369.0,0,-1182.0,21187.0,4854073.0,0.0,-256494.0,4597579.0
3489,森寶,上櫃,22.95,-1.0775862068965518,-20000.0,0,-815.0,-20815.0,-459000.0,0.0,-18704.25,-477704.25
3490,單井,上櫃,46.15,-8.974358974358974,-2451615.0,0,574.0,-2451041.0,-113142032.25,0.0,26490.1,-113115542.14999999
3491,昇達科,上櫃,1630.0,9.764309764309765,513446.0,117000.0,-8668.0,621778.0,836916980.0,190710000.0,-14128840.0,1013498140.0
3492,長盛,上櫃,19.7,1.2853470437017995,1000.0,0,0,1000.0,19700.0,0.0,0.0,19700.0
3498,陽程,上櫃,236.5,10.0,646092.0,0,141183.0,787275.0,152800758.0,0.0,33389779.5,186190537.5
3499,環天科,上櫃,13.5,-2.1739130434782608,17000.0,0,0,17000.0,229500.0,0.0,0.0,229500.0
3508,位速,上櫃,24.9,-3.300970873786407,-64027.0,0,0,-64027.0,-1594272.2999999998,0.0,0.0,-1594272.2999999998
3511,矽瑪,上櫃,20.25,2.5316455696202533,86000.0,0,428.0,86428.0,1741500.0,0.0,8667.0,1750167.0
3512,皇龍,上櫃,18.95,-0.7853403141361258,-1000.0,0,0,-1000.0,-18950.0,0.0,0.0,-18950.0
3516,亞帝歐,上櫃,26.25,3.5502958579881656,1000.0,0,-1799.0,-799.0,26250.0,0.0,-47223.75,-20973.75
3520,華盈,上櫃,18.05,4.941860465116279,-159999.0,0,0,-159999.0,-2887981.95,0.0,0.0,-2887981.95
3521,台鋼建設,上櫃,11.55,-2.11864406779661,10000.0,0,0,10000.0,115500.0,0.0,0.0,115500.0
3522,御嵿,上櫃,12.15,-2.4096385542168672,-9000.0,0,0,-9000.0,-109350.0,0.0,0.0,-109350.0
3523,迎輝,上櫃,14.1,-1.3986013986013988,3000.0,0,0,3000.0,42300.0,0.0,0.0,42300.0
3526,凡甲,上櫃,276.0,0.546448087431694,-37137.0,-1000.0,1150.0,-36987.0,-10249812.0,-276000.0,317400.0,-10208412.0
3527,聚積,上櫃,50.9,-0.9727626459143969,-4000.0,0,0,-4000.0,-203600.0,0.0,0.0,-203600.0
3529,力旺,上櫃,3155.0,-0.47318611987381703,103506.0,-174000.0,36273.0,-34221.0,326561430.0,-548970000.0,114441315.0,-107967255.0
3537,堡達,上櫃,56.0,-1.4084507042253522,-23950.0,0,-2369.0,-26319.0,-1341200.0,0.0,-132664.0,-1473864.0
3540,曜越,上櫃,24.6,5.128205128205128,-26920.0,0,0,-26920.0,-662232.0,0.0,0.0,-662232.0
3541,西柏,上櫃,24.6,0.20366598778004075,-9000.0,0,0,-9000.0,-221400.0,0.0,0.0,-221400.0
3546,宇峻,上櫃,72.2,-1.095890410958904,-19374.0,0,0,-19374.0,-1398802.8,0.0,0.0,-1398802.8
3548,兆利,上櫃,75.6,-2.072538860103627,-78909.0,0,-1365.0,-80274.0,-5965520.399999999,0.0,-103193.99999999999,-6068714.399999999
3551,世禾,上櫃,199.0,-0.2506265664160401,-118518.0,0,-233.0,-118751.0,-23585082.0,0.0,-46367.0,-23631449.0
3552,同致,上櫃,44.4,-3.056768558951965,-18000.0,0,-5000.0,-23000.0,-799200.0,0.0,-222000.0,-1021200.0
3555,博士旺,上櫃,166.5,-0.29940119760479045,-687.0,0,0,-687.0,-114385.5,0.0,0.0,-114385.5
3556,禾瑞亞,上櫃,58.5,-1.015228426395939,15577.0,0,0,15577.0,911254.5,0.0,0.0,911254.5
3558,神準,上櫃,130.5,-0.38167938931297707,45037.0,0,3473.0,48510.0,5877328.5,0.0,453226.5,6330555.0
3564,其陽,上櫃,61.7,9.98217468805704,38000.0,0,-44985.0,-6985.0,2344600.0,0.0,-2775574.5,-430974.5
3567,逸昌,上櫃,26.0,-0.7633587786259542,-8000.0,0,472.0,-7528.0,-208000.0,0.0,12272.0,-195728.0
3570,大塚,上櫃,169.5,-0.29411764705882354,1958.0,0,0,1958.0,331881.0,0.0,0.0,331881.0
3577,泓格,上櫃,112.0,-2.1834061135371177,-27426.0,0,-1423.0,-28849.0,-3071712.0,0.0,-159376.0,-3231088.0
3580,友威科,上櫃,108.0,-0.4608294930875576,246927.0,0,-5605.0,241322.0,26668116.0,0.0,-605340.0,26062776.0
3581,博磊,上櫃,117.5,-0.8438818565400843,37303.0,0,-1654.0,35649.0,4383102.5,0.0,-194345.0,4188757.5
3587,閎康,上櫃,257.5,5.1020408163265305,-45488.0,0,33251.0,-12237.0,-11713160.0,0.0,8562132.5,-3151027.5
3594,磐儀,上櫃,46.2,-2.014846235418876,-169000.0,0,-20965.0,-189965.0,-7807800.000000001,0.0,-968583.0000000001,-8776383.0
3597,映興,上櫃,30.45,9.927797833935019,48600.0,0,0,48600.0,1479870.0,0.0,0.0,1479870.0
3609,三一東林,上櫃,23.65,3.2751091703056767,28000.0,0,0,28000.0,662200.0,0.0,0.0,662200.0
3611,鼎翰,上櫃,182.5,-1.084010840108401,7000.0,0,-62.0,6938.0,1277500.0,0.0,-11315.0,1266185.0
3615,安可,上櫃,44.45,-1.2222222222222223,-15106.0,0,-473.0,-15579.0,-671461.7000000001,0.0,-21024.850000000002,-692486.55
3623,富晶通,上櫃,30.05,-1.6366612111292964,-9993.0,0,0,-9993.0,-300289.65,0.0,0.0,-300289.65
3624,光頡,上櫃,145.5,-2.0202020202020203,658216.0,-400000.0,55820.0,314036.0,95770428.0,-58200000.0,8121810.0,45692238.0
3625,西勝,上櫃,10.4,-6.726457399103139,-51001.0,0,0,-51001.0,-530410.4,0.0,0.0,-530410.4
3628,盈正,上櫃,72.2,0.5571030640668525,1000.0,0,-119.0,881.0,72200.0,0.0,-8591.800000000001,63608.200000000004
3630,新鉅科,上櫃,27.3,1.8656716417910446,137438.0,0,-4371.0,133067.0,3752057.4,0.0,-119328.3,3632729.1
3631,晟楠,上櫃,40.85,-0.7290400972053462,-16000.0,0,0,-16000.0,-653600.0,0.0,0.0,-653600.0
3663,鑫科,上櫃,63.2,-2.469135802469136,208222.0,0,-80.0,208142.0,13159630.4,0.0,-5056.0,13154574.4
3666,光耀,上櫃,25.3,0.0,-1000.0,0,504.0,-496.0,-25300.0,0.0,12751.2,-12548.800000000001
3672,康聯訊,上櫃,12.3,0.40816326530612246,0,0,-1000.0,-1000.0,0.0,0.0,-12300.0,-12300.0
3675,德微,上櫃,349.0,-3.0555555555555554,-529040.0,0,3244.0,-525796.0,-184634960.0,0.0,1132156.0,-183502804.0
3680,家登,上櫃,561.0,1.6304347826086956,602668.0,0,56889.0,659557.0,338096748.0,0.0,31914729.0,370011477.0
3684,榮昌,上櫃,55.2,1.8450184501845017,-1000.0,0,-763.0,-1763.0,-55200.0,0.0,-42117.6,-97317.6
3685,元創精密,上櫃,36.1,0.2777777777777778,198000.0,0,0,198000.0,7147800.0,0.0,0.0,7147800.0
3687,歐買尬,上櫃,60.8,-0.4909983633387889,-4000.0,0,228.0,-3772.0,-243200.0,0.0,13862.4,-229337.59999999998
3689,湧德,上櫃,113.0,0.0,93705.0,0,-1102.0,92603.0,10588665.0,0.0,-124526.0,10464139.0
3691,碩禾,上櫃,105.5,-6.637168141592921,-304137.0,0,-223822.0,-527959.0,-32086453.5,0.0,-23613221.0,-55699674.5
3693,營邦,上櫃,689.0,3.9215686274509802,97641.0,0,48931.0,146572.0,67274649.0,0.0,33713459.0,100988108.0
3707,漢磊,上櫃,85.3,0.11737089201877934,4981322.0,0,-175213.0,4806109.0,424906766.59999996,0.0,-14945668.9,409961097.7
3709,鑫聯大投控,上櫃,64.4,-1.6793893129770994,-80000.0,0,-4191.0,-84191.0,-5152000.0,0.0,-269900.4,-5421900.4
3710,連展投控,上櫃,8.19,0.8620689655172415,21000.0,0,0,21000.0,171990.0,0.0,0.0,171990.0
3713,新晶投控,上櫃,13.55,-1.8115942028985508,-1000.0,0,0,-1000.0,-13550.0,0.0,0.0,-13550.0
3718,中光電投控,上櫃,65.0,-0.15360983102918588,51491.0,0,-3999.0,47492.0,3346915.0,0.0,-259935.0,3086980.0
4102,永日,上櫃,18.0,-2.4390243902439024,1000.0,0,-557.0,443.0,18000.0,0.0,-10026.0,7974.0
4105,東洋,上櫃,78.3,-0.7604562737642586,-172488.0,0,28000.0,-144488.0,-13505810.4,0.0,2192400.0,-11313410.4
4107,邦特,上櫃,110.5,0.45454545454545453,-7000.0,0,-362.0,-7362.0,-773500.0,0.0,-40001.0,-813501.0
4109,加捷生醫,上櫃,10.9,-0.9090909090909092,-9000.0,0,-30.0,-9030.0,-98100.0,0.0,-327.0,-98427.0
4111,濟生,上櫃,29.0,0.0,1000.0,0,0,1000.0,29000.0,0.0,0.0,29000.0
4113,聯上,上櫃,14.8,-2.631578947368421,-146665.0,0,0,-146665.0,-2170642.0,0.0,0.0,-2170642.0
4114,健喬,上櫃,29.05,-1.0221465076660987,-582000.0,0,0,-582000.0,-16907100.0,0.0,0.0,-16907100.0
4116,明基醫,上櫃,40.0,-0.37359900373599003,-6000.0,0,0,-6000.0,-240000.0,0.0,0.0,-240000.0
4120,友華,上櫃,46.0,-0.21691973969631237,-8000.0,0,-884.0,-8884.0,-368000.0,0.0,-40664.0,-408664.0
4121,優盛,上櫃,12.7,-1.5503875968992251,-6000.0,0,0,-6000.0,-76200.0,0.0,0.0,-76200.0
4123,晟德,上櫃,30.85,-1.1217948717948716,-92099.0,0,-103888.0,-195987.0,-2841254.15,0.0,-3204944.8000000003,-6046198.95
4126,太醫,上櫃,77.6,-0.5128205128205128,-13000.0,0,0,-13000.0,-1008799.9999999999,0.0,0.0,-1008799.9999999999
4127,天良,上櫃,43.3,-5.043859649122807,14000.0,0,-2752.0,11248.0,606200.0,0.0,-119161.59999999999,487038.39999999997
4128,中天,上櫃,15.45,0.9803921568627451,-292316.0,0,26000.0,-266316.0,-4516282.2,0.0,401700.0,-4114582.1999999997
4129,聯合,上櫃,82.2,-0.12150668286755772,-29000.0,0,0,-29000.0,-2383800.0,0.0,0.0,-2383800.0
4131,浩泰,上櫃,30.85,0.16233766233766234,-1000.0,0,1.0,-999.0,-30850.0,0.0,30.85,-30819.15
4138,曜亞,上櫃,53.5,0.0,-7000.0,0,0,-7000.0,-374500.0,0.0,0.0,-374500.0
4139,馬光-KY,上櫃,43.0,2.502979737783075,9000.0,0,0,9000.0,387000.0,0.0,0.0,387000.0
4147,中裕,上櫃,60.0,-2.2801302931596092,-366514.0,0,-1509.0,-368023.0,-21990840.0,0.0,-90540.0,-22081380.0
4153,鈺緯,上櫃,31.4,-0.4754358161648178,0,0,-932.0,-932.0,0.0,0.0,-29264.8,-29264.8
4157,太景*-KY,上櫃,8.52,-1.5028901734104045,-571000.0,0,0,-571000.0,-4864920.0,0.0,0.0,-4864920.0
4160,訊聯基因,上櫃,38.4,-1.0309278350515465,-1000.0,0,0,-1000.0,-38400.0,0.0,0.0,-38400.0
4161,聿新科,上櫃,21.7,0.23094688221709012,0,0,0,0,0.0,0.0,0.0,0.0
4162,智擎,上櫃,55.0,-0.7220216606498195,-58848.0,0,-1909.0,-60757.0,-3236640.0,0.0,-104995.0,-3341635.0
4163,鐿鈦,上櫃,136.0,-0.7299270072992701,-4000.0,0,1192.0,-2808.0,-544000.0,0.0,162112.0,-381888.0
4166,友霖,上櫃,24.3,-0.4098360655737705,-14000.0,0,0,-14000.0,-340200.0,0.0,0.0,-340200.0
4167,松瑞藥,上櫃,19.45,-0.5115089514066496,-167337.0,0,-10254.0,-177591.0,-3254704.65,0.0,-199440.3,-3454144.9499999997
4168,醣聯,上櫃,22.8,1.7857142857142856,-20000.0,0,0,-20000.0,-456000.0,0.0,0.0,-456000.0
4171,瑞基,上櫃,16.85,3.0581039755351678,-22000.0,0,0,-22000.0,-370700.00000000006,0.0,0.0,-370700.00000000006
4173,久裕,上櫃,17.3,-0.5747126436781609,-2000.0,0,-78.0,-2078.0,-34600.0,0.0,-1349.4,-35949.4
4174,浩鼎,上櫃,46.2,10.0,-172000.0,0,15000.0,-157000.0,-7946400.000000001,0.0,693000.0,-7253400.0
4175,杏一,上櫃,50.8,-0.1964636542239686,5000.0,0,0,5000.0,254000.0,0.0,0.0,254000.0
4188,安克,上櫃,13.85,-1.773049645390071,-6000.0,0,0,-6000.0,-83100.0,0.0,0.0,-83100.0
4198,欣大健康,上櫃,48.95,-0.10204081632653061,0,0,-964.0,-964.0,0.0,0.0,-47187.8,-47187.8
4205,中華食,上櫃,67.8,-0.8771929824561405,-19000.0,0,0,-19000.0,-1288200.0,0.0,0.0,-1288200.0
4207,環泰,上櫃,19.45,0.2577319587628866,-4000.0,0,0,-4000.0,-77800.0,0.0,0.0,-77800.0
4303,信立,上櫃,32.0,-4.047976011994003,-351900.0,0,-27246.0,-379146.0,-11260800.0,0.0,-871872.0,-12132672.0
4304,勝昱,上櫃,17.0,-1.7341040462427744,1000.0,0,0,1000.0,17000.0,0.0,0.0,17000.0
4401,東隆興,上櫃,13.8,-1.075268817204301,-7000.0,0,0,-7000.0,-96600.0,0.0,0.0,-96600.0
4402,郡都開發,上櫃,13.55,-4.240282685512367,1000.0,0,-991.0,9.0,13550.0,0.0,-13428.050000000001,121.95
4406,新昕纖,上櫃,10.0,-2.4390243902439024,-1000.0,0,0,-1000.0,-10000.0,0.0,0.0,-10000.0
4413,飛寶企業,上櫃,19.9,-1.9704433497536948,-1000.0,0,0,-1000.0,-19900.0,0.0,0.0,-19900.0
4416,三圓,上櫃,12.75,-0.390625,-78000.0,0,0,-78000.0,-994500.0,0.0,0.0,-994500.0
4417,金洲,上櫃,49.2,-0.303951367781155,-8000.0,0,0,-8000.0,-393600.0,0.0,0.0,-393600.0
4420,光明,上櫃,35.2,-0.8450704225352111,18000.0,0,0,18000.0,633600.0,0.0,0.0,633600.0
4430,耀億,上櫃,17.75,0.28248587570621475,6000.0,0,0,6000.0,106500.0,0.0,0.0,106500.0
4432,銘旺實,上櫃,15.3,-1.607717041800643,-6000.0,0,0,-6000.0,-91800.0,0.0,0.0,-91800.0
4433,興采,上櫃,17.7,-1.6666666666666667,0,0,0,0,0.0,0.0,0.0,0.0
4442,竣邦-KY,上櫃,53.2,-0.7462686567164178,-3000.0,0,-831.0,-3831.0,-159600.0,0.0,-44209.200000000004,-203809.2
4502,健信,上櫃,15.75,-0.6309148264984228,1000.0,0,727.0,1727.0,15750.0,0.0,11450.25,27200.25
4503,金雨,上櫃,23.9,-0.8298755186721993,44000.0,0,-283.0,43717.0,1051600.0,0.0,-6763.7,1044836.2999999999
4506,崇友,上櫃,117.5,0.0,10250.0,0,0,10250.0,1204375.0,0.0,0.0,1204375.0
4510,高鋒,上櫃,42.65,-2.1788990825688073,-181975.0,0,-3207.0,-185182.0,-7761233.75,0.0,-136778.55,-7898012.3
4513,福裕,上櫃,16.1,-1.2269938650306749,2000.0,0,1330.0,3330.0,32200.000000000004,0.0,21413.000000000004,53613.00000000001
4523,永彰,上櫃,23.75,-0.6276150627615062,0,0,0,0,0.0,0.0,0.0,0.0
4528,江興鍛,上櫃,14.8,0.0,-4000.0,0,0,-4000.0,-59200.0,0.0,0.0,-59200.0
4529,淳紳,上櫃,3.3,-1.1976047904191618,-15000.0,0,0,-15000.0,-49500.0,0.0,0.0,-49500.0
4530,天意能創,上櫃,24.6,2.5,-1000.0,0,0,-1000.0,-24600.0,0.0,0.0,-24600.0
4533,協易機,上櫃,25.55,-0.1953125,16061.0,0,-16000.0,61.0,410358.55,0.0,-408800.0,1558.55
4534,慶騰,上櫃,30.3,1.0,363920.0,0,0,363920.0,11026776.0,0.0,0.0,11026776.0
4535,至興,上櫃,26.9,0.5607476635514018,0,0,0,0,0.0,0.0,0.0,0.0
4538,大詠城,上櫃,17.25,-0.2890173410404624,-1000.0,0,-703.0,-1703.0,-17250.0,0.0,-12126.75,-29376.75
4541,晟田,上櫃,60.8,-0.4909983633387889,10650.0,0,983.0,11633.0,647520.0,0.0,59766.399999999994,707286.4
4542,科嶠,上櫃,358.0,6.389301634472511,6975.0,0,-5000.0,1975.0,2497050.0,0.0,-1790000.0,707050.0
4543,萬在,上櫃,30.15,-0.3305785123966942,-24000.0,0,0,-24000.0,-723600.0,0.0,0.0,-723600.0
4549,桓達,上櫃,98.8,1.5416238437821173,30980.0,0,1079.0,32059.0,3060824.0,0.0,106605.2,3167429.1999999997
4554,橙的,上櫃,27.85,-0.889679715302491,-4000.0,0,0,-4000.0,-111400.0,0.0,0.0,-111400.0
4556,旭然,上櫃,125.5,9.606986899563319,-90618.0,0,1790.0,-88828.0,-11372559.0,0.0,224645.0,-11147914.0
4558,寶緯,上櫃,16.75,-0.2976190476190476,0,0,0,0,0.0,0.0,0.0,0.0
4561,健椿,上櫃,42.8,-1.8348623853211015,-51000.0,0,0,-51000.0,-2182800.0,0.0,0.0,-2182800.0
4563,百德,上櫃,54.0,1.5037593984962405,53000.0,0,0,53000.0,2862000.0,0.0,0.0,2862000.0
4568,科際精密,上櫃,39.05,0.1282051282051282,2000.0,0,0,2000.0,78100.0,0.0,0.0,78100.0
4577,達航科技,上櫃,92.5,0.5434782608695652,32070.0,0,5710.0,37780.0,2966475.0,0.0,528175.0,3494650.0
4580,捷流閥業,上櫃,82.4,0.24330900243309003,-7985.0,0,0,-7985.0,-657964.0,0.0,0.0,-657964.0
4702,中美實,上櫃,9.3,0.1076426264800861,-5000.0,0,0,-5000.0,-46500.0,0.0,0.0,-46500.0
4706,大恭,上櫃,35.7,2.881844380403458,4000.0,0,0,4000.0,142800.0,0.0,0.0,142800.0
4707,磐亞,上櫃,30.25,0.3316749585406302,-67062.0,0,53861.0,-13201.0,-2028625.5,0.0,1629295.25,-399330.25
4711,永純,上櫃,16.8,2.4390243902439024,15000.0,0,10.0,15010.0,252000.0,0.0,168.0,252168.0
4714,永捷,上櫃,11.95,-3.2388663967611335,-1091768.0,0,0,-1091768.0,-13046627.6,0.0,0.0,-13046627.6
4716,大立,上櫃,19.05,0.5277044854881268,-244949.0,0,0,-244949.0,-4666278.45,0.0,0.0,-4666278.45
4721,美琪瑪,上櫃,80.9,-0.3694581280788177,159285.0,0,8000.0,167285.0,12886156.5,0.0,647200.0,13533356.500000002
4726,永昕,上櫃,22.95,-1.0775862068965518,-25000.0,0,0,-25000.0,-573750.0,0.0,0.0,-573750.0
4728,雙美,上櫃,395.0,0.12674271229404308,-5000.0,0,0,-5000.0,-1975000.0,0.0,0.0,-1975000.0
4729,熒茂,上櫃,19.8,0.5076142131979696,-7000.0,0,-530.0,-7530.0,-138600.0,0.0,-10494.0,-149094.0
4735,豪展,上櫃,36.05,0.1388888888888889,-8000.0,0,14.0,-7986.0,-288400.0,0.0,504.69999999999993,-287895.3
4741,泓瀚,上櫃,40.5,-2.7611044417767108,-10000.0,0,0,-10000.0,-405000.0,0.0,0.0,-405000.0
4743,合一,上櫃,47.1,-0.10604453870625664,-205920.0,0,42000.0,-163920.0,-9698832.0,0.0,1978200.0,-7720632.0
4744,皇將,上櫃,28.35,0.17667844522968199,-2000.0,0,0,-2000.0,-56700.0,0.0,0.0,-56700.0
4745,合富-KY,上櫃,12.15,-0.4098360655737705,-7000.0,0,0,-7000.0,-85050.0,0.0,0.0,-85050.0
4747,強生*,上櫃,22.85,-0.43572984749455335,-3000.0,0,0,-3000.0,-68550.0,0.0,0.0,-68550.0
4749,新應材,上櫃,806.0,2.67515923566879,-251625.0,0,15739.0,-235886.0,-202809750.0,0.0,12685634.0,-190124116.0
4754,國碳科,上櫃,37.95,-0.5242463958060287,0,0,0,0,0.0,0.0,0.0,0.0
4760,勤凱,上櫃,348.5,9.936908517350158,-5100.0,0,4034.0,-1066.0,-1777350.0,0.0,1405849.0,-371501.0
4767,誠泰科技,上櫃,28.5,-0.6968641114982579,-1000.0,0,-6.0,-1006.0,-28500.0,0.0,-171.0,-28671.0
4768,晶呈科技,上櫃,365.0,-2.53671562082777,-63515.0,0,-24670.0,-88185.0,-23182975.0,0.0,-9004550.0,-32187525.0
4772,台特化,上櫃,278.0,-1.2433392539964476,-446532.0,0,-7644.0,-454176.0,-124135896.0,0.0,-2125032.0,-126260928.0
4806,桂田文創,上櫃,12.1,-9.701492537313433,-349.0,0,0,-349.0,-4222.9,0.0,0.0,-4222.9
4903,聯光通,上櫃,43.8,-3.3112582781456954,-64198.0,0,0,-64198.0,-2811872.4,0.0,0.0,-2811872.4
4905,台聯電,上櫃,97.1,4.972972972972973,6000.0,0,759.0,6759.0,582600.0,0.0,73698.9,656298.8999999999
4907,富宇,上櫃,42.8,-3.8202247191011236,-3000.0,0,0,-3000.0,-128399.99999999999,0.0,0.0,-128399.99999999999
4908,前鼎,上櫃,234.5,4.4543429844097995,-864479.0,0,46792.0,-817687.0,-202720325.5,0.0,10972724.0,-191747601.5
4909,新復興,上櫃,37.3,1.221166892808684,17141.0,0,-100.0,17041.0,639359.2999999999,0.0,-3729.9999999999995,635629.2999999999
4911,德英,上櫃,28.25,-0.528169014084507,0,0,0,0,0.0,0.0,0.0,0.0
4923,力士,上櫃,64.1,-3.7537537537537538,-235000.0,0,0,-235000.0,-15063499.999999998,0.0,0.0,-15063499.999999998
4924,欣厚-KY,上櫃,15.0,-5.660377358490567,-59986.0,0,0,-59986.0,-899790.0,0.0,0.0,-899790.0
4931,新盛力,上櫃,250.0,-0.7936507936507936,-233511.0,0,-40278.0,-273789.0,-58377750.0,0.0,-10069500.0,-68447250.0
4933,友輝,上櫃,54.0,0.1855287569573284,3000.0,0,0,3000.0,162000.0,0.0,0.0,162000.0
4939,亞電,上櫃,78.6,-0.7575757575757577,-607585.0,0,-22971.0,-630556.0,-47756181.0,0.0,-1805520.5999999999,-49561701.599999994
4946,辣椒,上櫃,98.8,-2.1782178217821784,-2000.0,0,0,-2000.0,-197600.0,0.0,0.0,-197600.0
4951,精拓科,上櫃,90.1,-0.8800880088008802,-51979.0,0,-920.0,-52899.0,-4683307.899999999,0.0,-82892.0,-4766199.899999999
4953,緯致,上櫃,116.5,-0.851063829787234,-72975.0,0,-1563.0,-74538.0,-8501587.5,0.0,-182089.5,-8683677.0
4966,譜瑞-KY,上櫃,574.0,0.0,-784.0,27000.0,3222.0,29438.0,-450016.0,15498000.0,1849428.0,16897412.0
4971,IET-KY,上櫃,584.0,-0.5110732538330494,-143630.0,0,-42132.0,-185762.0,-83879920.0,0.0,-24605088.0,-108485008.0
4972,湯石照明,上櫃,16.2,0.0,0,0,0,0,0.0,0.0,0.0,0.0
4973,廣穎,上櫃,138.0,-0.36101083032490977,-110850.0,0,-7546.0,-118396.0,-15297300.0,0.0,-1041348.0,-16338648.0
4974,亞泰,上櫃,71.1,-0.14044943820224723,-24000.0,0,-6.0,-24006.0,-1706399.9999999998,0.0,-426.59999999999997,-1706826.5999999999
4979,華星光,上櫃,598.0,2.2222222222222223,88932.0,-213000.0,20413.0,-103655.0,53181336.0,-127374000.0,12206974.0,-61985690.0
4991,環宇-KY,上櫃,524.0,-1.8726591760299627,-1556041.0,235000.0,-93580.0,-1414621.0,-815365484.0,123140000.0,-49035920.0,-741261404.0
4995,晶達,上櫃,47.3,-3.073770491803279,-13000.0,0,1000.0,-12000.0,-614900.0,0.0,47300.0,-567600.0
5009,榮剛,上櫃,32.45,-1.9637462235649545,-613000.0,0,-10201.0,-623201.0,-19891850.0,0.0,-331022.45,-20222872.450000003
5011,久陽,上櫃,22.45,9.7799511002445,-35000.0,0,4187.0,-30813.0,-785750.0,0.0,93998.15,-691751.85
5013,強新,上櫃,51.5,9.92529348986126,0,0,2169.0,2169.0,0.0,0.0,111703.5,111703.5
5014,建錩,上櫃,10.0,-0.9900990099009901,21000.0,0,0,21000.0,210000.0,0.0,0.0,210000.0
5015,華祺,上櫃,23.45,-2.0876826722338206,0,0,0,0,0.0,0.0,0.0,0.0
5016,松和,上櫃,27.0,-5.594405594405594,0,0,0,0,0.0,0.0,0.0,0.0
5201,凱衛,上櫃,27.35,-2.3214285714285716,-1000.0,0,0,-1000.0,-27350.0,0.0,0.0,-27350.0
5202,力新,上櫃,13.7,-2.8368794326241136,-84466.0,0,42.0,-84424.0,-1157184.2,0.0,575.4,-1156608.8
5206,坤悅,上櫃,22.6,-1.0940919037199124,5296.0,0,0,5296.0,119689.6,0.0,0.0,119689.6
5209,新鼎,上櫃,174.5,-0.8522727272727272,-10419.0,0,72.0,-10347.0,-1818115.5,0.0,12564.0,-1805551.5
5210,寶碩,上櫃,29.8,-1.65016501650165,-49196.0,0,0,-49196.0,-1466040.8,0.0,0.0,-1466040.8
5211,蒙恬,上櫃,20.9,-2.107728337236534,-4000.0,0,0,-4000.0,-83600.0,0.0,0.0,-83600.0
5213,亞昕,上櫃,20.15,-1.9464720194647205,-8100.0,0,0,-8100.0,-163215.0,0.0,0.0,-163215.0
5220,萬達光電,上櫃,22.7,-1.731601731601732,3000.0,0,4000.0,7000.0,68100.0,0.0,90800.0,158900.0
5223,安力-KY,上櫃,23.0,0.2178649237472767,-2000.0,0,0,-2000.0,-46000.0,0.0,0.0,-46000.0
5227,立凱-KY,上櫃,28.95,-5.237315875613748,-407466.0,0,-517.0,-407983.0,-11796140.7,0.0,-14967.15,-11811107.85
5228,鈺鎧,上櫃,47.75,-0.6243496357960457,-190000.0,0,-63.0,-190063.0,-9072500.0,0.0,-3008.25,-9075508.25
5230,雷笛克光學,上櫃,22.35,0.44943820224719105,21202.0,0,0,21202.0,473864.7,0.0,0.0,473864.7
5245,智晶,上櫃,20.55,-0.9638554216867471,5000.0,0,-31997.0,-26997.0,102750.0,0.0,-657538.35,-554788.35
5251,天鉞電,上櫃,29.4,-1.8363939899833057,-11773.0,0,0,-11773.0,-346126.2,0.0,0.0,-346126.2
5263,智崴,上櫃,90.6,0.11049723756906078,6000.0,0,977.0,6977.0,543600.0,0.0,88516.2,632116.2
5272,笙科,上櫃,17.9,0.28011204481792723,-8000.0,0,3.0,-7997.0,-143200.0,0.0,53.699999999999996,-143146.3
5274,信驊,上櫃,19520.0,3.6093418259023355,11878.0,900.0,4932.0,17710.0,231858560.0,17568000.0,96272640.0,345699200.0
5278,尚凡*,上櫃,23.6,-0.42194092827004215,7000.0,0,-314.0,6686.0,165200.0,0.0,-7410.400000000001,157789.6
5287,數字,上櫃,137.5,0.0,-29094.0,0,0,-29094.0,-4000425.0,0.0,0.0,-4000425.0
5289,宜鼎,上櫃,1295.0,0.0,-10370.0,-35870.0,-7107.0,-53347.0,-13429150.0,-46451650.0,-9203565.0,-69084365.0
5291,邑昇,上櫃,64.5,4.032258064516129,195173.0,0,-575.0,194598.0,12588658.5,0.0,-37087.5,12551571.0
5299,杰力,上櫃,105.0,0.4784688995215311,78273.0,0,-688.0,77585.0,8218665.0,0.0,-72240.0,8146425.0
5302,太欣,上櫃,9.88,-1.691542288557214,-105000.0,0,0,-105000.0,-1037400.0000000001,0.0,0.0,-1037400.0000000001
5309,系統電,上櫃,67.1,2.1308980213089805,1254970.0,-9000.0,249649.0,1495619.0,84208487.0,-603900.0,16751447.899999999,100356034.89999999
5310,天剛,上櫃,29.7,0.3378378378378379,-1000.0,0,-2000.0,-3000.0,-29700.0,0.0,-59400.0,-89100.0
5312,寶島科,上櫃,89.7,0.0,1000.0,0,0,1000.0,89700.0,0.0,0.0,89700.0
5314,世紀*,上櫃,28.7,-4.013377926421405,-2237357.0,-19000.0,-187984.0,-2444341.0,-64212145.9,-545300.0,-5395140.8,-70152586.7
5315,光聯,上櫃,18.85,0.0,-4000.0,0,-710.0,-4710.0,-75400.0,0.0,-13383.500000000002,-88783.5
5321,美而快,上櫃,67.1,-2.186588921282799,-57973.0,0,0,-57973.0,-3889988.3,0.0,0.0,-3889988.3
5324,士開,上櫃,12.4,-0.4016064257028112,-5000.0,0,0,-5000.0,-62000.0,0.0,0.0,-62000.0
5328,華容,上櫃,58.1,-1.6920473773265652,-23762.0,0,-107863.0,-131625.0,-1380572.2,0.0,-6266840.3,-7647412.5
5340,建榮,上櫃,85.5,2.7644230769230766,-237292.0,0,14720.0,-222572.0,-20288466.0,0.0,1258560.0,-19029906.0
5344,立衛,上櫃,13.55,-0.7326007326007326,-4000.0,0,0,-4000.0,-54200.0,0.0,0.0,-54200.0
5345,馥鴻,上櫃,22.1,4.491725768321513,-4000.0,0,-1464.0,-5464.0,-88400.0,0.0,-32354.4,-120754.40000000001
5347,世界,上櫃,184.0,-1.6042780748663104,-2851652.0,350024.0,-44678.0,-2546306.0,-524703968.0,64404416.0,-8220752.0,-468520304.0
5351,鈺創,上櫃,114.0,-1.7241379310344827,-4427764.0,0,-97223.0,-4524987.0,-504765096.0,0.0,-11083422.0,-515848518.0
5353,台林,上櫃,29.5,2.966841186736475,9786.0,0,0,9786.0,288687.0,0.0,0.0,288687.0
5355,佳總,上櫃,7.87,6.35135135135135,-14000.0,0,0,-14000.0,-110180.0,0.0,0.0,-110180.0
5356,協益,上櫃,25.8,0.19417475728155342,2000.0,0,-430.0,1570.0,51600.0,0.0,-11094.0,40506.0
5364,力麗店,上櫃,8.3,-0.12033694344163659,-3000.0,0,0,-3000.0,-24900.000000000004,0.0,0.0,-24900.000000000004
5381,光譜,上櫃,22.9,-1.9271948608137048,-108000.0,0,0,-108000.0,-2473200.0,0.0,0.0,-2473200.0
5386,青雲,上櫃,290.5,-0.6837606837606838,-69603.0,0,-508.0,-70111.0,-20219671.5,0.0,-147574.0,-20367245.5
5392,能率,上櫃,39.2,-2.1223470661672907,-346954.0,0,-13813.0,-360767.0,-13600596.8,0.0,-541469.6000000001,-14142066.4
5398,慕康生醫,上櫃,13.65,0.0,-4000.0,0,0,-4000.0,-54600.0,0.0,0.0,-54600.0
5403,中菲,上櫃,92.5,-0.21574973031283715,-16000.0,0,0,-16000.0,-1480000.0,0.0,0.0,-1480000.0
5410,國眾,上櫃,32.9,-0.6042296072507553,-62130.0,0,-100.0,-62230.0,-2044077.0,0.0,-3290.0,-2047367.0
5425,台半,上櫃,105.5,3.431372549019608,989479.0,0,33553.0,1023032.0,104390034.5,0.0,3539841.5,107929876.0
5426,振發,上櫃,29.15,-1.6863406408094435,35360.0,0,-3419.0,31941.0,1030744.0,0.0,-99663.84999999999,931080.1499999999
5432,新門,上櫃,178.0,8.206686930091186,-30000.0,0,-2262.0,-32262.0,-5340000.0,0.0,-402636.0,-5742636.0
5438,東友,上櫃,17.1,-1.440922190201729,-7000.0,0,0,-7000.0,-119700.00000000001,0.0,0.0,-119700.00000000001
5439,高技,上櫃,261.0,3.1620553359683794,415465.0,0,35095.0,450560.0,108436365.0,0.0,9159795.0,117596160.0
5443,均豪,上櫃,114.5,0.881057268722467,746230.0,0,-1980.0,744250.0,85443335.0,0.0,-226710.0,85216625.0
5450,南良,上櫃,14.45,-1.0273972602739725,-1000.0,0,4.0,-996.0,-14450.0,0.0,57.8,-14392.199999999999
5452,佶優,上櫃,30.0,7.334525939177102,-543042.0,0,109424.0,-433618.0,-16291260.0,0.0,3282720.0,-13008540.0
5455,昇益,上櫃,30.8,0.32573289902280134,-2000.0,0,0,-2000.0,-61600.0,0.0,0.0,-61600.0
5457,宣德,上櫃,24.0,-1.639344262295082,-137680.0,0,17509.0,-120171.0,-3304320.0,0.0,420216.0,-2884104.0
5460,同協,上櫃,17.55,0.8620689655172412,36000.0,0,0,36000.0,631800.0,0.0,0.0,631800.0
5464,霖宏,上櫃,93.9,3.528114663726571,521040.0,0,2400.0,523440.0,48925656.0,0.0,225360.0,49151016.0
5465,富驊,上櫃,32.7,-1.2084592145015105,-47510.0,0,0,-47510.0,-1553577.0000000002,0.0,0.0,-1553577.0000000002
5468,凱鈺,上櫃,24.7,-1.984126984126984,-43000.0,0,71.0,-42929.0,-1062100.0,0.0,1753.7,-1060346.3
5474,聰泰,上櫃,159.5,-1.238390092879257,31000.0,0,-4850.0,26150.0,4944500.0,0.0,-773575.0,4170925.0
5475,德宏,上櫃,184.0,1.9390581717451523,2173.0,0,-10935.0,-8762.0,399832.0,0.0,-2012040.0,-1612208.0
5478,智冠,上櫃,97.1,-0.5122950819672132,-13000.0,0,-10.0,-13010.0,-1262300.0,0.0,-971.0,-1263271.0
5481,新華,上櫃,21.7,-0.6864988558352403,-34000.0,0,0,-34000.0,-737800.0,0.0,0.0,-737800.0
5483,中美晶,上櫃,214.5,-3.160270880361174,-4911247.0,202000.0,-958714.0,-5667961.0,-1053462481.5,43329000.0,-205644153.0,-1215777634.5
5487,通泰,上櫃,29.1,-0.6825938566552902,14000.0,0,1.0,14001.0,407400.0,0.0,29.1,407429.10000000003
5488,松普,上櫃,12.05,-2.0325203252032518,-151000.0,0,0,-151000.0,-1819550.0,0.0,0.0,-1819550.0
5489,彩富,上櫃,41.7,-1.4184397163120566,2000.0,0,10.0,2010.0,83400.0,0.0,417.0,83817.0
5490,同亨,上櫃,25.25,-2.50965250965251,-277390.0,0,0,-277390.0,-7004097.5,0.0,0.0,-7004097.5
5493,三聯,上櫃,90.3,-1.095290251916758,18000.0,0,10880.0,28880.0,1625400.0,0.0,982464.0,2607864.0
5498,凱崴,上櫃,54.8,-1.4388489208633095,-1673372.0,0,-9970.0,-1683342.0,-91700785.6,0.0,-546356.0,-92247141.6
5508,永信建,上櫃,53.0,-1.3035381750465547,-131000.0,0,-795.0,-131795.0,-6943000.0,0.0,-42135.0,-6985135.0
5511,德昌,上櫃,68.5,-0.7246376811594203,-32900.0,0,0,-32900.0,-2253650.0,0.0,0.0,-2253650.0
5512,力麒,上櫃,7.51,,-667795.0,0,-1771.0,-669566.0,-5015140.45,0.0,-13300.21,-5028440.66
5516,雙喜,上櫃,12.0,2.127659574468085,0,0,457.0,457.0,0.0,0.0,5484.0,5484.0
5523,豐謙,上櫃,30.2,-0.33003300330033003,-12000.0,0,0,-12000.0,-362400.0,0.0,0.0,-362400.0
5529,鉅陞,上櫃,25.95,-0.38387715930902117,-12000.0,0,0,-12000.0,-311400.0,0.0,0.0,-311400.0
5530,龍巖,上櫃,48.25,-0.9240246406570842,-110950.0,0,249.0,-110701.0,-5353337.5,0.0,12014.25,-5341323.25
5536,聖暉*,上櫃,954.0,-0.20920502092050208,281028.0,3000.0,40962.0,324990.0,268100712.0,2862000.0,39077748.0,310040460.0
5543,桓鼎-KY,上櫃,27.45,-0.18181818181818182,-1000.0,0,0,-1000.0,-27450.0,0.0,0.0,-27450.0
5547,久舜,上櫃,20.05,-0.7425742574257426,-1000.0,0,0,-1000.0,-20050.0,0.0,0.0,-20050.0
5548,安倉,上櫃,20.05,0.0,-1000.0,0,-178.0,-1178.0,-20050.0,0.0,-3568.9,-23618.9
5603,陸海,上櫃,13.55,0.0,-7000.0,0,0,-7000.0,-94850.0,0.0,0.0,-94850.0
5604,中連,上櫃,31.75,1.1146496815286624,1000.0,0,0,1000.0,31750.0,0.0,0.0,31750.0
5609,中菲行,上櫃,77.7,-0.3846153846153846,-109176.0,0,173.0,-109003.0,-8482975.200000001,0.0,13442.1,-8469533.1
5701,劍湖山,上櫃,4.05,-0.49140049140049147,3000.0,0,0,3000.0,12150.0,0.0,0.0,12150.0
5704,老爺知,上櫃,22.5,0.22271714922049002,1000.0,0,0,1000.0,22500.0,0.0,0.0,22500.0
5864,致和證,上櫃,39.8,2.051282051282051,-152403.0,0,0,-152403.0,-6065639.399999999,0.0,0.0,-6065639.399999999
5902,德記,上櫃,34.1,-0.29239766081871343,2000.0,0,0,2000.0,68200.0,0.0,0.0,68200.0
5903,全家,上櫃,186.5,0.2688172043010753,3000.0,0,0,3000.0,559500.0,0.0,0.0,559500.0
5904,寶雅*,上櫃,68.8,0.5847953216374271,612677.0,88000.0,-8173.0,692504.0,42152177.6,6054400.0,-562302.4,47644275.199999996
5905,南仁湖,上櫃,7.29,-0.5457025920873124,-82000.0,0,737.0,-81263.0,-597780.0,0.0,5372.7300000000005,-592407.27
6015,宏遠證,上櫃,18.1,1.6853932584269662,458828.0,0,0,458828.0,8304786.800000001,0.0,0.0,8304786.800000001
6016,康和證,上櫃,24.35,1.8828451882845185,1745513.0,0,0,1745513.0,42503241.550000004,0.0,0.0,42503241.550000004
6021,美好證,上櫃,42.75,2.272727272727273,-14860.0,0,0,-14860.0,-635265.0,0.0,0.0,-635265.0
6023,元大期,上櫃,84.3,-0.47225501770956313,-382315.0,0,0,-382315.0,-32229154.5,0.0,0.0,-32229154.5
6026,福邦證,上櫃,16.0,0.31347962382445144,151000.0,0,0,151000.0,2416000.0,0.0,0.0,2416000.0
6028,公勝保經,上櫃,99.3,-0.501002004008016,2000.0,0,0,2000.0,198600.0,0.0,0.0,198600.0
6101,寬魚國際,上櫃,37.35,-1.1904761904761905,-28985.0,0,-1000.0,-29985.0,-1082589.75,0.0,-37350.0,-1119939.75
6103,合邦,上櫃,35.9,-2.8416779431664416,1000.0,0,0,1000.0,35900.0,0.0,0.0,35900.0
6104,創惟,上櫃,90.7,-1.7334777898158182,-179000.0,0,-6138.0,-185138.0,-16235300.0,0.0,-556716.6,-16792016.6
6109,亞元,上櫃,10.4,0.48309178743961356,-11000.0,0,0,-11000.0,-114400.0,0.0,0.0,-114400.0
6111,光聚晶電,上櫃,37.0,-3.6458333333333335,-36000.0,0,-609.0,-36609.0,-1332000.0,0.0,-22533.0,-1354533.0
6113,亞矽,上櫃,24.2,-1.0224948875255624,-39000.0,0,0,-39000.0,-943800.0,0.0,0.0,-943800.0
6114,久威,上櫃,23.3,-0.42735042735042733,0,0,0,0,0.0,0.0,0.0,0.0
6118,建達,上櫃,16.05,-0.6191950464396284,-14000.0,0,0,-14000.0,-224700.0,0.0,0.0,-224700.0
6121,新普,上櫃,382.0,-0.26109660574412535,64209.0,-16000.0,-1314.0,46895.0,24527838.0,-6112000.0,-501948.0,17913890.0
6122,擎邦,上櫃,61.8,-3.286384976525822,-134993.0,0,-17151.0,-152144.0,-8342567.399999999,0.0,-1059931.8,-9402499.2
6123,上奇,上櫃,42.8,-0.5807200929152149,7000.0,0,0,7000.0,299600.0,0.0,0.0,299600.0
6124,業強,上櫃,27.2,0.3690036900369004,2000.0,0,0,2000.0,54400.0,0.0,0.0,54400.0
6125,廣運,上櫃,50.3,-1.1787819253438114,2320.0,0,-171.0,2149.0,116696.0,0.0,-8601.3,108094.7
6126,信音,上櫃,33.4,6.88,-138010.0,0,58026.0,-79984.0,-4609534.0,0.0,1938068.4,-2671465.6
6127,九豪,上櫃,57.8,-1.0273972602739725,-1055347.0,0,-23301.0,-1078648.0,-60999056.599999994,0.0,-1346797.8,-62345854.4
6129,普誠,上櫃,14.55,-1.689189189189189,-319240.0,0,0,-319240.0,-4644942.0,0.0,0.0,-4644942.0
6130,上亞科技,上櫃,22.55,-4.4491525423728815,-43000.0,0,0,-43000.0,-969650.0,0.0,0.0,-969650.0
6134,萬旭,上櫃,29.1,0.6920415224913495,220000.0,0,-14106.0,205894.0,6402000.0,0.0,-410484.60000000003,5991515.4
6138,茂達,上櫃,287.5,1.054481546572935,8043.0,-1000.0,14502.0,21545.0,2312362.5,-287500.0,4169325.0,6194187.5
6140,訊達,上櫃,19.7,-1.9900497512437814,-5393.0,0,-808.0,-6201.0,-106242.09999999999,0.0,-15917.599999999999,-122159.7
6143,振曜,上櫃,80.1,-0.988875154511743,58000.0,-120000.0,0,-62000.0,4645800.0,-9612000.0,0.0,-4966200.0
6144,得利影,上櫃,13.05,-7.117437722419928,-1000.0,0,0,-1000.0,-13050.0,0.0,0.0,-13050.0
6146,耕興,上櫃,181.0,-1.3623978201634876,-71000.0,0,698.0,-70302.0,-12851000.0,0.0,126338.0,-12724662.0
6147,頎邦,上櫃,216.0,-3.1390134529147984,-7671593.0,372000.0,-599097.0,-7898690.0,-1657064088.0,80352000.0,-129404952.0,-1706117040.0
6148,驊宏資,上櫃,36.3,-4.724409448818898,-49387.0,0,0,-49387.0,-1792748.0999999999,0.0,0.0,-1792748.0999999999
6150,撼訊,上櫃,66.3,-3.2116788321167884,-46227.0,0,-13853.0,-60080.0,-3064850.1,0.0,-918453.8999999999,-3983304.0
6151,晉倫,上櫃,35.1,-0.2840909090909091,-27000.0,0,0,-27000.0,-947700.0,0.0,0.0,-947700.0
6154,順發,上櫃,14.2,0.0,0,0,0,0,0.0,0.0,0.0,0.0
6156,松上,上櫃,22.25,-0.44742729306487694,-86950.0,0,645.0,-86305.0,-1934637.5,0.0,14351.25,-1920286.25
6158,禾昌,上櫃,17.8,2.2988505747126435,19000.0,0,0,19000.0,338200.0,0.0,0.0,338200.0
6160,欣技,上櫃,13.95,0.3597122302158274,0,0,466.0,466.0,0.0,0.0,6500.7,6500.7
6161,捷波,上櫃,49.15,-1.0070493454179255,2000.0,0,-451.0,1549.0,98300.0,0.0,-22166.649999999998,76133.34999999999
6163,華電網,上櫃,43.4,5.33980582524272,-1299910.0,0,-16992.0,-1316902.0,-56416094.0,0.0,-737452.7999999999,-57153546.8
6167,久正,上櫃,10.25,0.49019607843137264,0,0,0,0,0.0,0.0,0.0,0.0
6170,統振,上櫃,48.65,-1.2182741116751268,-53662.0,0,-1030.0,-54692.0,-2610656.3,0.0,-50109.5,-2660765.8
6171,大城地產,上櫃,24.0,-2.0408163265306123,-4000.0,0,0,-4000.0,-96000.0,0.0,0.0,-96000.0
6173,信昌電,上櫃,292.0,-3.6303630363036308,-366348.0,0,-42441.0,-408789.0,-106973616.0,0.0,-12392772.0,-119366388.0
6174,安碁,上櫃,60.5,10.0,110000.0,0,21368.0,131368.0,6655000.0,0.0,1292764.0,7947764.0
6175,立敦,上櫃,75.2,-1.955671447196871,-723207.0,0,-29925.0,-753132.0,-54385166.4,0.0,-2250360.0,-56635526.4
6179,亞通,上櫃,35.75,-2.054794520547945,-136015.0,0,-156.0,-136171.0,-4862536.25,0.0,-5577.0,-4868113.25
6180,橘子,上櫃,41.35,0.36407766990291257,54440.0,0,0,54440.0,2251094.0,0.0,0.0,2251094.0
6182,合晶,上櫃,131.5,-2.5925925925925926,-15356866.0,-59000.0,-2443754.0,-17859620.0,-2019427879.0,-7758500.0,-321353651.0,-2348540030.0
6185,幃翔,上櫃,12.45,0.0,-54000.0,0,0,-54000.0,-672300.0,0.0,0.0,-672300.0
6186,新潤,上櫃,28.65,-0.8650519031141869,-173000.0,0,0,-173000.0,-4956450.0,0.0,0.0,-4956450.0
6187,萬潤,上櫃,1490.0,9.96309963099631,488861.0,-16000.0,60725.0,533586.0,728402890.0,-23840000.0,90480250.0,795043140.0
6188,廣明,上櫃,61.6,-1.2820512820512822,-442574.0,0,1305.0,-441269.0,-27262558.400000002,0.0,80388.0,-27182170.400000002
6190,萬泰科,上櫃,77.4,9.322033898305083,2417526.0,0,91702.0,2509228.0,187116512.4,0.0,7097734.800000001,194214247.20000002
6194,育富,上櫃,30.05,0.333889816360601,2000.0,0,0,2000.0,60100.0,0.0,0.0,60100.0
6195,詩肯,上櫃,28.1,0.0,-1000.0,0,0,-1000.0,-28100.0,0.0,0.0,-28100.0
6199,天品,上櫃,133.5,1.1363636363636365,-211225.0,0,-64680.0,-275905.0,-28198537.5,0.0,-8634780.0,-36833317.5
6203,海韻電,上櫃,60.0,-0.4975124378109453,-3000.0,0,0,-3000.0,-180000.0,0.0,0.0,-180000.0
6204,艾華,上櫃,113.0,2.727272727272727,-240705.0,0,-731.0,-241436.0,-27199665.0,0.0,-82603.0,-27282268.0
6207,雷科,上櫃,152.0,2.7027027027027026,1214429.0,0,23921.0,1238350.0,184593208.0,0.0,3635992.0,188229200.0
6208,日揚,上櫃,79.9,-0.6218905472636815,42646.0,0,7379.0,50025.0,3407415.4000000004,0.0,589582.1000000001,3996997.5000000005
6210,慶生,上櫃,18.0,1.1235955056179776,3000.0,0,0,3000.0,54000.0,0.0,0.0,54000.0
6217,中探針,上櫃,178.0,0.28169014084507044,238954.0,0,-1815.0,237139.0,42533812.0,0.0,-323070.0,42210742.0
6218,豪勉,上櫃,61.4,-4.658385093167702,-213700.0,0,0,-213700.0,-13121180.0,0.0,0.0,-13121180.0
6219,富旺,上櫃,12.15,0.0,4650.0,0,0,4650.0,56497.5,0.0,0.0,56497.5
6220,岳豐,上櫃,25.3,-0.5893909626719057,61201.0,0,-7890.0,53311.0,1548385.3,0.0,-199617.0,1348768.3
6221,晉泰,上櫃,30.1,-0.4958677685950413,84000.0,0,-19244.0,64756.0,2528400.0,0.0,-579244.4,1949155.6
6222,立軒,上櫃,19.9,-0.25062656641604014,-1000.0,0,0,-1000.0,-19900.0,0.0,0.0,-19900.0
6223,旺矽,上櫃,5520.0,3.954802259887006,189061.0,-7700.0,-4028.0,177333.0,1043616720.0,-42504000.0,-22234560.0,978878160.0
6227,茂綸,上櫃,142.5,1.4234875444839856,396002.0,0,172903.0,568905.0,56430285.0,0.0,24638677.5,81068962.5
6228,全譜,上櫃,18.0,-1.36986301369863,-2000.0,0,0,-2000.0,-36000.0,0.0,0.0,-36000.0
6229,研通,上櫃,24.15,-0.2066115702479339,-4000.0,0,0,-4000.0,-96600.0,0.0,0.0,-96600.0
6231,系微,上櫃,236.0,-2.880658436213992,-80800.0,0,-6883.0,-87683.0,-19068800.0,0.0,-1624388.0,-20693188.0
6233,旺玖,上櫃,23.6,0.21231422505307856,19000.0,0,0,19000.0,448400.0,0.0,0.0,448400.0
6234,高僑,上櫃,38.85,-2.753441802252816,-129208.0,0,-13409.0,-142617.0,-5019730.8,0.0,-520939.65,-5540670.45
6237,驊訊,上櫃,35.6,-1.9283746556473826,19000.0,0,302.0,19302.0,676400.0,0.0,10751.2,687151.2000000001
6240,松崗,上櫃,26.0,-1.5151515151515154,-3000.0,0,0,-3000.0,-78000.0,0.0,0.0,-78000.0
6241,鑫永洋,上櫃,16.25,0.0,-23000.0,0,0,-23000.0,-373750.0,0.0,0.0,-373750.0
6244,茂迪,上櫃,23.25,-3.5269709543568464,-1136899.0,0,-9374.0,-1146273.0,-26432901.75,0.0,-217945.5,-26650847.25
6245,立端,上櫃,89.1,1.0204081632653061,326878.0,0,697.0,327575.0,29124829.799999997,0.0,62102.7,29186932.5
6246,臺龍,上櫃,12.7,0.3952569169960475,0,0,1.0,1.0,0.0,0.0,12.7,12.7
6248,沛波,上櫃,17.15,-0.29069767441860467,12000.0,0,133.0,12133.0,205799.99999999997,0.0,2280.95,208080.94999999998
6259,百徽,上櫃,33.15,1.5313935681470139,85843.0,0,1000.0,86843.0,2845695.4499999997,0.0,33150.0,2878845.4499999997
6261,久元,上櫃,78.1,-1.0139416983523448,-180102.0,0,-4342.0,-184444.0,-14065966.2,0.0,-339110.19999999995,-14405076.399999999
6263,普萊德,上櫃,167.0,-1.4749262536873156,-10000.0,0,-437.0,-10437.0,-1670000.0,0.0,-72979.0,-1742979.0
6264,富裔,上櫃,6.05,-4.724409448818897,0,0,34.0,34.0,0.0,0.0,205.7,205.7
6265,方土昶,上櫃,49.05,-2.0958083832335332,-635999.0,0,-12510.0,-648509.0,-31195750.95,0.0,-613615.5,-31809366.45
6266,泰詠,上櫃,27.0,0.3717472118959108,-359000.0,0,1844.0,-357156.0,-9693000.0,0.0,49788.0,-9643212.0
6270,倍微,上櫃,30.25,-2.4193548387096775,-31207.0,0,-646.0,-31853.0,-944011.75,0.0,-19541.5,-963553.25
6274,台燿,上櫃,1780.0,9.876543209876543,-440974.0,496000.0,246595.0,301621.0,-784933720.0,882880000.0,438939100.0,536885380.0
6275,元山,上櫃,47.65,-0.41797283176593525,20050.0,0,3.0,20053.0,955382.5,0.0,142.95,955525.45
6276,安鈦克,上櫃,19.75,1.0230179028132993,1000.0,0,0,1000.0,19750.0,0.0,0.0,19750.0
6279,胡連,上櫃,116.5,-0.4273504273504274,91947.0,-1000.0,1154.0,92101.0,10711825.5,-116500.0,134441.0,10729766.5
6284,佳邦,上櫃,80.2,0.5012531328320803,-1058000.0,0,-8052.0,-1066052.0,-84851600.0,0.0,-645770.4,-85497370.4
6290,良維,上櫃,281.5,1.6245487364620936,311448.0,0,44376.0,355824.0,87672612.0,0.0,12491844.0,100164456.0
6291,沛亨,上櫃,488.0,-1.0141987829614605,-34300.0,0,-18701.0,-53001.0,-16738400.0,0.0,-9126088.0,-25864488.0
6292,迅德,上櫃,71.2,0.42313117066290545,-179994.0,0,0,-179994.0,-12815572.8,0.0,0.0,-12815572.8
6294,智基,上櫃,28.05,0.0,9000.0,0,0,9000.0,252450.0,0.0,0.0,252450.0
6411,晶焱,上櫃,78.7,-1.0062893081761008,-15924.0,0,858.0,-15066.0,-1253218.8,0.0,67524.6,-1185694.2
6417,韋僑,上櫃,102.5,-1.4423076923076923,-30995.0,0,-234.0,-31229.0,-3176987.5,0.0,-23985.0,-3200972.5
6418,詠昇,上櫃,34.15,-1.443001443001443,-25000.0,0,-809.0,-25809.0,-853750.0,0.0,-27627.35,-881377.35
6419,京晨科,上櫃,171.5,9.935897435897436,166880.0,0,2621.0,169501.0,28619920.0,0.0,449501.5,29069421.5
6423,億而得,上櫃,92.0,-3.664921465968586,19000.0,0,0,19000.0,1748000.0,0.0,0.0,1748000.0
6425,易發,上櫃,76.6,-4.010025062656642,44230.0,0,-3749.0,40481.0,3388017.9999999995,0.0,-287173.39999999997,3100844.5999999996
6432,今展科,上櫃,67.1,0.7507507507507508,-8881.0,0,0,-8881.0,-595915.1,0.0,0.0,-595915.1
6435,大中,上櫃,276.5,-0.18050541516245489,-563174.0,0,-26996.0,-590170.0,-155717611.0,0.0,-7464394.0,-163182005.0
6441,廣錠,上櫃,24.9,-0.20040080160320645,-28092.0,0,0,-28092.0,-699490.7999999999,0.0,0.0,-699490.7999999999
6461,益得,上櫃,26.7,0.945179584120983,44000.0,0,0,44000.0,1174800.0,0.0,0.0,1174800.0
6462,神盾,上櫃,103.5,-2.358490566037736,-73710.0,0,4576.0,-69134.0,-7628985.0,0.0,473616.0,-7155369.0
6465,威潤,上櫃,40.85,-2.9691211401425175,-23000.0,0,-408.0,-23408.0,-939550.0,0.0,-16666.8,-956216.8
6469,大樹,上櫃,63.3,-1.8604651162790697,-207000.0,0,-1333.0,-208333.0,-13103100.0,0.0,-84378.9,-13187478.899999999
6470,宇智,上櫃,42.6,-0.3508771929824561,15000.0,0,0,15000.0,639000.0,0.0,0.0,639000.0
6474,華豫寧,上櫃,35.65,-0.27972027972027974,3000.0,0,0,3000.0,106950.0,0.0,0.0,106950.0
6485,點序,上櫃,79.0,-5.502392344497608,-32844.0,0,9907.0,-22937.0,-2594676.0,0.0,782653.0,-1812023.0
6486,互動,上櫃,78.0,-3.584672435105068,5731.0,0,-855.0,4876.0,447018.0,0.0,-66690.0,380328.0
6488,環球晶,上櫃,1180.0,-0.8403361344537815,444353.0,248200.0,-529757.0,162796.0,524336540.0,292876000.0,-625113260.0,192099280.0
6492,生華科,上櫃,33.85,-1.5988372093023258,-94000.0,0,0,-94000.0,-3181900.0,0.0,0.0,-3181900.0
6494,九齊,上櫃,52.9,-0.75046904315197,-18910.0,0,0,-18910.0,-1000339.0,0.0,0.0,-1000339.0
6496,科懋,上櫃,24.2,1.0438413361169103,-2000.0,0,0,-2000.0,-48400.0,0.0,0.0,-48400.0
6498,久禾光,上櫃,69.8,2.0467836257309946,-689.0,0,130.0,-559.0,-48092.2,0.0,9074.0,-39018.2
6499,益安,上櫃,79.6,-0.25062656641604014,-41000.0,0,0,-41000.0,-3263599.9999999995,0.0,0.0,-3263599.9999999995
6506,雙邦,上櫃,18.65,0.2688172043010753,-10000.0,0,0,-10000.0,-186500.0,0.0,0.0,-186500.0
6508,惠光,上櫃,26.1,-1.509433962264151,-9000.0,0,0,-9000.0,-234900.0,0.0,0.0,-234900.0
6509,聚和,上櫃,49.9,0.0,44744.0,-14000.0,-9965.0,20779.0,2232725.6,-698600.0,-497253.5,1036872.1
6510,精測,上櫃,3105.0,1.1400651465798046,-19513.0,-56000.0,9324.0,-66189.0,-60587865.0,-173880000.0,28951020.0,-205516845.0
6516,勤崴國際,上櫃,56.6,0.1769911504424779,0,0,0,0,0.0,0.0,0.0,0.0
6517,保勝光學,上櫃,66.4,0.6060606060606061,174064.0,0,0,174064.0,11557849.600000001,0.0,0.0,11557849.600000001
6523,達爾膚,上櫃,89.0,-0.2242152466367713,0,0,0,0,0.0,0.0,0.0,0.0
6527,明達醫,上櫃,74.3,-0.6684491978609626,-3000.0,0,350.0,-2650.0,-222900.0,0.0,26005.0,-196895.0
6530,創威,上櫃,98.5,-1.9900497512437811,-6252.0,0,1387.0,-4865.0,-615822.0,0.0,136619.5,-479202.5
6532,瑞耘,上櫃,112.0,-6.666666666666667,-88653.0,0,-9958.0,-98611.0,-9929136.0,0.0,-1115296.0,-11044432.0
6535,順藥,上櫃,85.0,0.0,-179200.0,0,133.0,-179067.0,-15232000.0,0.0,11305.0,-15220695.0
6538,倉和,上櫃,335.5,-9.93288590604027,-54551.0,0,49719.0,-4832.0,-18301860.5,0.0,16680724.5,-1621136.0
6546,正基,上櫃,60.8,0.8291873963515755,19096.0,0,-4013.0,15083.0,1161036.8,0.0,-243990.4,917046.3999999999
6547,高端疫苗,上櫃,60.4,-0.6578947368421053,329651.0,0,-12000.0,317651.0,19910920.4,0.0,-724800.0,19186120.4
6548,長科*,上櫃,78.0,1.694915254237288,-3310382.0,470000.0,7141.0,-2833241.0,-258209796.0,36660000.0,556998.0,-220992798.0
6556,勝品,上櫃,60.9,0.16447368421052633,1000.0,0,-1000.0,0,60900.0,0.0,-60900.0,0.0
6560,欣普羅,上櫃,31.2,-2.19435736677116,-1000.0,0,0,-1000.0,-31200.0,0.0,0.0,-31200.0
6561,是方,上櫃,314.0,0.3194888178913738,-27000.0,0,6972.0,-20028.0,-8478000.0,0.0,2189208.0,-6288792.0
6568,宏觀,上櫃,137.5,-2.4822695035460995,-30790.0,0,-766.0,-31556.0,-4233625.0,0.0,-105325.0,-4338950.0
6569,醫揚,上櫃,91.7,-0.10893246187363835,-4000.0,0,3049.0,-951.0,-366800.0,0.0,279593.3,-87206.7
6570,維田,上櫃,47.45,0.4232804232804233,-3000.0,0,15.0,-2985.0,-142350.0,0.0,711.75,-141638.25
6574,霈方,上櫃,120.0,0.41841004184100417,24000.0,0,94.0,24094.0,2880000.0,0.0,11280.0,2891280.0
6576,逸達,上櫃,78.5,-0.6329113924050633,-80000.0,0,0,-80000.0,-6280000.0,0.0,0.0,-6280000.0
6577,勁豐,上櫃,80.5,-0.8620689655172413,-1000.0,0,0,-1000.0,-80500.0,0.0,0.0,-80500.0
6578,達邦蛋白,上櫃,16.35,-0.6079027355623099,2000.0,0,323.0,2323.0,32700.000000000004,0.0,5281.05,37981.05
6584,南俊國際,上櫃,541.0,1.8832391713747645,-36140.0,-301000.0,7205.0,-329935.0,-19551740.0,-162841000.0,3897905.0,-178494835.0
6588,東典光電,上櫃,111.5,-2.1929824561403506,-83397.0,0,-844.0,-84241.0,-9298765.5,0.0,-94106.0,-9392871.5
6590,普鴻,上櫃,64.2,-1.984732824427481,-4000.0,0,0,-4000.0,-256800.0,0.0,0.0,-256800.0
6593,台灣銘板,上櫃,31.8,-0.3134796238244514,3000.0,0,0,3000.0,95400.0,0.0,0.0,95400.0
6596,寬宏藝術,上櫃,96.3,-0.31055900621118016,8000.0,0,259.0,8259.0,770400.0,0.0,24941.7,795341.7
6597,立誠,上櫃,64.9,3.0158730158730154,-1000.0,0,0,-1000.0,-64900.00000000001,0.0,0.0,-64900.00000000001
6603,富強鑫,上櫃,28.3,-3.2478632478632474,192763.0,0,-100362.0,92401.0,5455192.9,0.0,-2840244.6,2614948.3000000003
6609,瀧澤科,上櫃,39.05,-0.12787723785166244,-24000.0,0,-597.0,-24597.0,-937199.9999999999,0.0,-23312.85,-960512.85
6612,奈米醫材,上櫃,74.2,-3.006535947712418,-11000.0,0,0,-11000.0,-816200.0,0.0,0.0,-816200.0
6613,朋億*,上櫃,284.5,1.2455516014234875,73208.0,0,8287.0,81495.0,20827676.0,0.0,2357651.5,23185327.5
6615,慧智,上櫃,34.0,1.040118870728083,15000.0,0,0,15000.0,510000.0,0.0,0.0,510000.0
6617,共信-KY,上櫃,127.5,-3.041825095057034,-30835.0,0,0,-30835.0,-3931462.5,0.0,0.0,-3931462.5
6620,漢達,上櫃,146.0,1.7421602787456445,-246000.0,0,-4594.0,-250594.0,-35916000.0,0.0,-670724.0,-36586724.0
6637,醫影,上櫃,53.4,0.0,4000.0,0,0,4000.0,213600.0,0.0,0.0,213600.0
6640,均華,上櫃,1165.0,3.5555555555555554,44102.0,0,18372.0,62474.0,51378830.0,0.0,21403380.0,72782210.0
6642,富致,上櫃,82.1,-1.7942583732057416,-14000.0,0,106.0,-13894.0,-1149400.0,0.0,8702.599999999999,-1140697.4
6643,M31,上櫃,508.0,-1.550387596899225,13119.0,0,-2860.0,10259.0,6664452.0,0.0,-1452880.0,5211572.0
6649,台生材,上櫃,37.15,-0.535475234270415,-6000.0,0,1.0,-5999.0,-222900.0,0.0,37.15,-222862.85
6651,全宇昕,上櫃,156.0,3.6544850498338874,109342.0,0,7034.0,116376.0,17057352.0,0.0,1097304.0,18154656.0
6654,天正國際,上櫃,219.0,0.0,-3000.0,0,-2.0,-3002.0,-657000.0,0.0,-438.0,-657438.0
6664,群翊,上櫃,385.0,1.8518518518518516,239443.0,2000.0,17637.0,259080.0,92185555.0,770000.0,6790245.0,99745800.0
6667,信紘科,上櫃,264.5,1.7307692307692308,129538.0,0,5180.0,134718.0,34262801.0,0.0,1370110.0,35632911.0
6679,鈺太,上櫃,206.5,-1.1961722488038278,-7900.0,0,-1614.0,-9514.0,-1631350.0,0.0,-333291.0,-1964641.0
6680,鑫創電子,上櫃,51.5,-0.1937984496124031,-1000.0,0,0,-1000.0,-51500.0,0.0,0.0,-51500.0
6683,雍智科技,上櫃,1440.0,-3.3557046979865772,-57715.0,-98000.0,8148.0,-147567.0,-83109600.0,-141120000.0,11733120.0,-212496480.0
6684,安格,上櫃,49.05,-1.9,3000.0,0,0,3000.0,147150.0,0.0,0.0,147150.0
6690,安碁資訊,上櫃,177.0,0.5681818181818182,-33545.0,0,92.0,-33453.0,-5937465.0,0.0,16284.0,-5921181.0
6693,廣閎科,上櫃,215.5,4.611650485436893,293395.0,0,-1310.0,292085.0,63226622.5,0.0,-282305.0,62944317.5
6703,軒郁,上櫃,100.5,0.0,5000.0,0,0,5000.0,502500.0,0.0,0.0,502500.0
6708,天擎,上櫃,68.6,9.935897435897438,51000.0,0,-982.0,50018.0,3498599.9999999995,0.0,-67365.2,3431234.8
6712,長聖,上櫃,160.0,-0.6211180124223602,106015.0,0,-1073.0,104942.0,16962400.0,0.0,-171680.0,16790720.0
6716,應廣,上櫃,133.0,9.917355371900827,-19985.0,0,13003.0,-6982.0,-2658005.0,0.0,1729399.0,-928606.0
6720,久昌,上櫃,124.5,-1.1904761904761905,1000.0,0,254.0,1254.0,124500.0,0.0,31623.0,156123.0
6721,信實,上櫃,50.2,0.0,-1000.0,0,0,-1000.0,-50200.0,0.0,0.0,-50200.0
6725,矽科宏晟,上櫃,223.0,1.1337868480725624,7856.0,0,-5999.0,1857.0,1751888.0,0.0,-1337777.0,414111.0
6727,亞泰金屬,上櫃,531.0,2.9069767441860463,-26960.0,0,904.0,-26056.0,-14315760.0,0.0,480024.0,-13835736.0
6728,上洋,上櫃,108.5,0.0,2000.0,0,107.0,2107.0,217000.0,0.0,11609.5,228609.5
6732,昇佳電子,上櫃,153.5,-0.6472491909385114,-6680.0,0,-322.0,-7002.0,-1025380.0,0.0,-49427.0,-1074807.0
6733,博晟生醫,上櫃,24.6,-1.9920318725099602,-52000.0,0,40.0,-51960.0,-1279200.0,0.0,984.0,-1278216.0
6735,美達科技,上櫃,66.3,-1.7777777777777777,3000.0,0,-223.0,2777.0,198900.0,0.0,-14784.9,184115.1
6739,竹陞科技,上櫃,1125.0,-4.25531914893617,-78511.0,-50000.0,5907.0,-122604.0,-88324875.0,-56250000.0,6645375.0,-137929500.0
6741,91APP*-KY,上櫃,54.9,-0.3629764065335753,-106890.0,0,-276.0,-107166.0,-5868261.0,0.0,-15152.4,-5883413.399999999
6751,智聯服務,上櫃,44.45,-0.11235955056179776,0,0,-783.0,-783.0,0.0,0.0,-34804.350000000006,-34804.350000000006
6752,叡揚,上櫃,96.6,0.10362694300518134,-3000.0,0,0,-3000.0,-289800.0,0.0,0.0,-289800.0
6761,穩得,上櫃,169.5,0.8928571428571428,-9978.0,0,1775.0,-8203.0,-1691271.0,0.0,300862.5,-1390408.5
6763,綠界科技*,上櫃,41.1,-0.844390832328106,-30489.0,0,-607.0,-31096.0,-1253097.9000000001,0.0,-24947.7,-1278045.6
6785,昱展新藥,上櫃,94.4,-0.3167898627243928,4000.0,0,0,4000.0,377600.0,0.0,0.0,377600.0
6788,華景電,上櫃,376.5,4.583333333333333,131822.0,0,11474.0,143296.0,49630983.0,0.0,4319961.0,53950944.0
6803,崑鼎,上櫃,265.5,-0.5617977528089888,-14997.0,0,-201.0,-15198.0,-3981703.5,0.0,-53365.5,-4035069.0
6804,明係,上櫃,18.55,1.08991825613079,7000.0,0,0,7000.0,129850.0,0.0,0.0,129850.0
6811,宏碁資訊,上櫃,246.5,2.7083333333333335,-18909.0,0,5941.0,-12968.0,-4661068.5,0.0,1464456.5,-3196612.0
6821,聯寶,上櫃,45.5,-2.045209903121636,-310000.0,0,-2206.0,-312206.0,-14105000.0,0.0,-100373.0,-14205373.0
6823,濾能,上櫃,60.8,-0.4909983633387889,-8000.0,0,-640.0,-8640.0,-486400.0,0.0,-38912.0,-525312.0
6829,千附精密,上櫃,206.0,-0.9615384615384616,-60798.0,0,-1813.0,-62611.0,-12524388.0,0.0,-373478.0,-12897866.0
6840,東研信超,上櫃,97.0,-1.7223910840932117,-30000.0,0,0,-30000.0,-2910000.0,0.0,0.0,-2910000.0
6841,長佳智能,上櫃,55.6,-1.592920353982301,24080.0,0,-1740.0,22340.0,1338848.0,0.0,-96744.0,1242104.0
6843,進典,上櫃,38.3,-0.7772020725388602,0,0,0,0,0.0,0.0,0.0,0.0
6859,伯特光,上櫃,123.0,0.40816326530612246,11362.0,0,299.0,11661.0,1397526.0,0.0,36777.0,1434303.0
6865,偉康科技,上櫃,27.7,0.18083182640144668,1000.0,0,0,1000.0,27700.0,0.0,0.0,27700.0
6870,騰雲,上櫃,320.0,2.564102564102564,10069.0,0,2194.0,12263.0,3222080.0,0.0,702080.0,3924160.0
6872,浩宇生醫,上櫃,22.5,-2.5974025974025974,1000.0,0,0,1000.0,22500.0,0.0,0.0,22500.0
6874,倍力,上櫃,69.7,-0.9943181818181817,1000.0,0,0,1000.0,69700.0,0.0,0.0,69700.0
6875,國邑*,上櫃,27.55,-7.859531772575251,-121000.0,0,92.0,-120908.0,-3333550.0,0.0,2534.6,-3331015.4
6877,鏵友益,上櫃,145.5,-4.276315789473684,105938.0,0,1248.0,107186.0,15413979.0,0.0,181584.0,15595563.0
6881,潤德,上櫃,215.5,0.23255813953488372,0,0,-1000.0,-1000.0,0.0,0.0,-215500.0,-215500.0
6894,衛司特,上櫃,358.0,-1.3774104683195594,-13000.0,0,-7894.0,-20894.0,-4654000.0,0.0,-2826052.0,-7480052.0
6895,宏碩系統,上櫃,156.5,4.682274247491638,15000.0,0,2775.0,17775.0,2347500.0,0.0,434287.5,2781787.5
6899,創為精密,上櫃,49.6,0.20202020202020202,2000.0,0,0,2000.0,99200.0,0.0,0.0,99200.0
6903,巨漢,上櫃,328.0,3.4700315457413247,94843.0,0,43824.0,138667.0,31108504.0,0.0,14374272.0,45482776.0
6907,雅特力-KY,上櫃,193.5,-3.4912718204488775,281148.0,0,-22932.0,258216.0,54402138.0,0.0,-4437342.0,49964796.0
6910,德鴻,上櫃,25.8,-1.7142857142857144,-4000.0,0,0,-4000.0,-103200.0,0.0,0.0,-103200.0
6913,鴻呈,上櫃,130.0,0.0,-63910.0,0,-11002.0,-74912.0,-8308300.0,0.0,-1430260.0,-9738560.0
6922,宸曜,上櫃,215.0,1.1764705882352942,-21000.0,0,-9600.0,-30600.0,-4515000.0,0.0,-2064000.0,-6579000.0
6925,意藍,上櫃,69.2,1.0218978102189782,-44940.0,0,0,-44940.0,-3109848.0,0.0,0.0,-3109848.0
6929,佑全,上櫃,21.85,-2.0179372197309418,-2000.0,0,0,-2000.0,-43700.0,0.0,0.0,-43700.0
6945,圓祥生技,上櫃,129.5,-4.779411764705882,12635.0,0,0,12635.0,1636232.5,0.0,0.0,1636232.5
6953,家碩,上櫃,257.5,0.5859375,-82000.0,0,-6379.0,-88379.0,-21115000.0,0.0,-1642592.5,-22757592.5
6961,旅天下,上櫃,46.9,-1.0548523206751055,-1000.0,0,0,-1000.0,-46900.0,0.0,0.0,-46900.0
6967,汎瑋材料,上櫃,70.9,1.2857142857142856,38542.0,0,0,38542.0,2732627.8000000003,0.0,0.0,2732627.8000000003
6968,萬達寵物,上櫃,41.3,0.0,-1000.0,0,1.0,-999.0,-41300.0,0.0,41.3,-41258.7
6971,惠民實業,上櫃,23.75,1.279317697228145,0,0,0,0,0.0,0.0,0.0,0.0
6982,大井泵浦,上櫃,45.0,0.0,-1000.0,0,-975.0,-1975.0,-45000.0,0.0,-43875.0,-88875.0
6983,華洋精機,上櫃,359.5,1.267605633802817,-24000.0,0,-911.0,-24911.0,-8628000.0,0.0,-327504.5,-8955504.5
6986,和迅,上櫃,44.0,0.0,-28000.0,0,-5000.0,-33000.0,-1232000.0,0.0,-220000.0,-1452000.0
6996,力領科技,上櫃,165.5,-2.359882005899705,-45000.0,0,-62.0,-45062.0,-7447500.0,0.0,-10261.0,-7457761.0
7402,邑錡,上櫃,99.5,-1.4851485148514851,-22445.0,0,-2995.0,-25440.0,-2233277.5,0.0,-298002.5,-2531280.0
7547,碩網,上櫃,63.7,-0.6240249609984398,-2000.0,0,0,-2000.0,-127400.0,0.0,0.0,-127400.0
7556,意德士,上櫃,300.0,9.89010989010989,30000.0,0,15819.0,45819.0,9000000.0,0.0,4745700.0,13745700.0
7584,樂意,上櫃,28.5,-0.34965034965034963,0,0,-1000.0,-1000.0,0.0,0.0,-28500.0,-28500.0
7642,昶瑞機電,上櫃,67.5,-1.8895348837209305,-3000.0,0,324.0,-2676.0,-202500.0,0.0,21870.0,-180630.0
7703,銳澤,上櫃,205.5,0.24390243902439024,8697.0,0,4200.0,12897.0,1787233.5,0.0,863100.0,2650333.5
7704,明遠精密,上櫃,60.4,-0.983606557377049,-5000.0,0,0,-5000.0,-302000.0,0.0,0.0,-302000.0
7709,榮田,上櫃,87.6,2.6963657678780772,11000.0,0,-273.0,10727.0,963599.9999999999,0.0,-23914.8,939685.2
7712,博盛半導體,上櫃,176.0,3.225806451612903,84987.0,0,13277.0,98264.0,14957712.0,0.0,2336752.0,17294464.0
7713,威力德生醫,上櫃,73.0,-0.9497964721845318,-1000.0,0,0,-1000.0,-73000.0,0.0,0.0,-73000.0
7714,創泓科技,上櫃,169.5,-0.8771929824561403,-39785.0,0,-416.0,-40201.0,-6743557.5,0.0,-70512.0,-6814069.5
7715,裕山,上櫃,26.95,-4.601769911504425,0,0,0,0,0.0,0.0,0.0,0.0
7717,萊德光電-KY,上櫃,592.0,5.525846702317291,104284.0,0,14800.0,119084.0,61736128.0,0.0,8761600.0,70497728.0
7718,友鋮,上櫃,45.95,0.21810250817884408,4000.0,0,0,4000.0,183800.0,0.0,0.0,183800.0
7723,築間,上櫃,18.05,-1.095890410958904,24000.0,0,0,24000.0,433200.0,0.0,0.0,433200.0
7728,光焱科技,上櫃,636.0,-1.3953488372093024,-1000.0,0,1931.0,931.0,-636000.0,0.0,1228116.0,592116.0
7734,印能科技,上櫃,2790.0,-1.238938053097345,867.0,0,-4423.0,-3556.0,2418930.0,0.0,-12340170.0,-9921240.0
7738,東聯互動,上櫃,155.0,0.0,-4000.0,0,0,-4000.0,-620000.0,0.0,0.0,-620000.0
7743,金利食安,上櫃,25.9,2.5742574257425743,9000.0,0,0,9000.0,233100.0,0.0,0.0,233100.0
7744,崴寶,上櫃,528.0,0.18975332068311196,-21.0,0,-244.0,-265.0,-11088.0,0.0,-128832.0,-139920.0
7751,竑騰,上櫃,1605.0,0.9433962264150944,8008.0,0,4981.0,12989.0,12852840.0,0.0,7994505.0,20847345.0
7753,星亞,上櫃,35.65,-0.14005602240896362,-3000.0,0,0,-3000.0,-106950.0,0.0,0.0,-106950.0
7757,金色三麥,上櫃,89.4,0.33670033670033667,0,0,0,0,0.0,0.0,0.0,0.0
7767,仁大資訊,上櫃,46.0,-0.21691973969631237,-1000.0,0,0,-1000.0,-46000.0,0.0,0.0,-46000.0
7770,君曜,上櫃,42.0,-3.114186851211073,0,0,-5000.0,-5000.0,0.0,0.0,-210000.0,-210000.0
7772,耀穎,上櫃,167.5,-9.946236559139784,-50246.0,0,-2001.0,-52247.0,-8416205.0,0.0,-335167.5,-8751372.5
7777,能率亞洲,上櫃,38.5,-1.7857142857142856,-515000.0,0,-22629.0,-537629.0,-19827500.0,0.0,-871216.5,-20698716.5
7792,安葆,上櫃,438.5,3.176470588235294,-15000.0,0,4623.0,-10377.0,-6577500.0,0.0,2027185.5,-4550314.5
7794,宏碁智新,上櫃,30.25,0.16556291390728478,1000.0,0,0,1000.0,30250.0,0.0,0.0,30250.0
7805,威聯通,上櫃,498.5,1.8386108273748722,6200.0,0,-461.0,5739.0,3090700.0,0.0,-229808.5,2860891.5
7810,捷創科技,上櫃,249.0,1.6326530612244898,62871.0,0,-15030.0,47841.0,15654879.0,0.0,-3742470.0,11912409.0
7814,海昌生技,上櫃,28.2,0.0,2000.0,0,-2000.0,0,56400.0,0.0,-56400.0,0.0
7819,精誠金融,上櫃,33.25,-1.3353115727002967,-1000.0,0,0,-1000.0,-33250.0,0.0,0.0,-33250.0
7820,立盈,上櫃,111.0,-0.8928571428571428,-1000.0,0,0,-1000.0,-111000.0,0.0,0.0,-111000.0
7825,和亞智慧,上櫃,80.6,-5.064782096584217,-103000.0,0,-3559.0,-106559.0,-8301799.999999999,0.0,-286855.39999999997,-8588655.399999999
7828,創新服務,上櫃,1840.0,-0.5405405405405406,-28737.0,0,65.0,-28672.0,-52876080.0,0.0,119600.0,-52756480.0
7839,達人網,上櫃,43.0,0.11641443538998836,-1000.0,0,0,-1000.0,-43000.0,0.0,0.0,-43000.0
7856,漢測,上櫃,4280.0,2.026221692491061,74201.0,4000.0,2000.0,80201.0,317580280.0,17120000.0,8560000.0,343260280.0
8024,佑華,上櫃,12.4,-0.8,-3000.0,0,-383.0,-3383.0,-37200.0,0.0,-4749.2,-41949.200000000004
8027,鈦昇,上櫃,209.5,-1.873536299765808,-909124.0,0,-167.0,-909291.0,-190461478.0,0.0,-34986.5,-190496464.5
8032,光菱,上櫃,36.15,0.13850415512465375,-1000.0,0,-554.0,-1554.0,-36150.0,0.0,-20027.1,-56177.1
8034,榮群,上櫃,19.75,-0.5037783375314862,9050.0,0,-883.0,8167.0,178737.5,0.0,-17439.25,161298.25
8038,長園科,上櫃,35.4,1.7241379310344827,25000.0,0,0,25000.0,885000.0,0.0,0.0,885000.0
8040,九暘,上櫃,94.0,-1.7763845350052245,271000.0,0,-5474.0,265526.0,25474000.0,0.0,-514556.0,24959444.0
8042,金山電,上櫃,118.5,-2.066115702479339,-483352.0,0,-3210.0,-486562.0,-57277212.0,0.0,-380385.0,-57657597.0
8043,蜜望實,上櫃,140.5,-1.056338028169014,80224.0,0,-9282.0,70942.0,11271472.0,0.0,-1304121.0,9967351.0
8044,網家,上櫃,23.65,-2.8747433264887063,-234000.0,0,0,-234000.0,-5534100.0,0.0,0.0,-5534100.0
8047,星雲,上櫃,51.0,-1.1627906976744187,-6000.0,0,0,-6000.0,-306000.0,0.0,0.0,-306000.0
8048,德勝,上櫃,51.3,0.0,-3740.0,0,-500.0,-4240.0,-191862.0,0.0,-25650.0,-217512.0
8049,晶采,上櫃,24.55,-1.2072434607645874,-45000.0,0,0,-45000.0,-1104750.0,0.0,0.0,-1104750.0
8050,廣積,上櫃,62.0,-0.3215434083601286,127792.0,0,50.0,127842.0,7923104.0,0.0,3100.0,7926204.0
8054,安國,上櫃,87.3,-2.458100558659218,-188996.0,0,-551.0,-189547.0,-16499350.799999999,0.0,-48102.299999999996,-16547453.1
8059,凱碩,上櫃,17.8,-1.3850415512465373,-6200.0,0,0,-6200.0,-110360.0,0.0,0.0,-110360.0
8064,東捷,上櫃,136.5,-3.53356890459364,-54625.0,0,-5828.0,-60453.0,-7456312.5,0.0,-795522.0,-8251834.5
8066,來思達,上櫃,14.85,-0.6688963210702342,0,0,0,0,0.0,0.0,0.0,0.0
8068,全達,上櫃,17.5,-1.4084507042253522,-20000.0,0,-102.0,-20102.0,-350000.0,0.0,-1785.0,-351785.0
8069,元太,上櫃,146.5,2.0905923344947737,-87627.0,-6000.0,132933.0,39306.0,-12837355.5,-879000.0,19474684.5,5758329.0
8071,能率網通,上櫃,22.0,-1.785714285714286,-160000.0,0,0,-160000.0,-3520000.0,0.0,0.0,-3520000.0
8074,鉅橡,上櫃,57.3,0.70298769771529,-801920.0,0,-30072.0,-831992.0,-45950016.0,0.0,-1723125.5999999999,-47673141.599999994
8076,伍豐,上櫃,21.4,-2.0594965675057213,-351333.0,0,-2568.0,-353901.0,-7518526.199999999,0.0,-54955.2,-7573481.399999999
8080,泰霖,上櫃,28.0,-0.8849557522123894,0,0,351.0,351.0,0.0,0.0,9828.0,9828.0
8083,瑞穎,上櫃,158.0,0.31746031746031744,-5000.0,0,0,-5000.0,-790000.0,0.0,0.0,-790000.0
8084,巨虹,上櫃,19.65,-9.862385321100918,27000.0,0,0,27000.0,530550.0,0.0,0.0,530550.0
8085,福華,上櫃,14.85,1.0204081632653061,63000.0,0,-373.0,62627.0,935550.0,0.0,-5539.05,930010.95
8086,宏捷科,上櫃,129.0,7.5,-1479898.0,0,268177.0,-1211721.0,-190906842.0,0.0,34594833.0,-156312009.0
8087,麗升能源,上櫃,24.0,0.0,0,0,0,0,0.0,0.0,0.0,0.0
8088,品安,上櫃,44.0,-1.0123734533183353,-140000.0,0,329.0,-139671.0,-6160000.0,0.0,14476.0,-6145524.0
8089,康全電訊,上櫃,19.35,-1.2755102040816324,-15000.0,0,0,-15000.0,-290250.0,0.0,0.0,-290250.0
8091,翔名,上櫃,240.0,1.2658227848101267,-519332.0,0,-21079.0,-540411.0,-124639680.0,0.0,-5058960.0,-129698640.0
8092,建暐,上櫃,12.2,-0.8130081300813009,-3000.0,0,0,-3000.0,-36600.0,0.0,0.0,-36600.0
8093,保銳,上櫃,24.85,-1.5841584158415842,-1000.0,0,0,-1000.0,-24850.0,0.0,0.0,-24850.0
8096,擎亞,上櫃,90.0,1.1235955056179776,414410.0,0,-1922.0,412488.0,37296900.0,0.0,-172980.0,37123920.0
8097,常珵,上櫃,48.85,0.10245901639344263,9000.0,0,43.0,9043.0,439650.0,0.0,2100.55,441750.55
8099,大世科,上櫃,59.6,-1.3245033112582782,-13000.0,0,1.0,-12999.0,-774800.0,0.0,59.6,-774740.4
8107,大億金茂,上櫃,11.95,0.0,1000.0,0,265.0,1265.0,11950.0,0.0,3166.75,15116.75
8109,博大,上櫃,139.0,-5.1194539249146755,-84935.0,-5000.0,6063.0,-83872.0,-11805965.0,-695000.0,842757.0,-11658208.0
8111,立碁,上櫃,94.3,9.906759906759907,878850.0,0,-23253.0,855597.0,82875555.0,0.0,-2192757.9,80682797.1
8121,越峰,上櫃,32.5,-4.69208211143695,-150854.0,0,-40014.0,-190868.0,-4902755.0,0.0,-1300455.0,-6203210.0
8147,正淩,上櫃,141.5,-1.3937282229965158,-23225.0,0,-34500.0,-57725.0,-3286337.5,0.0,-4881750.0,-8168087.5
8155,博智,上櫃,329.5,2.0123839009287927,187026.0,0,3804.0,190830.0,61625067.0,0.0,1253418.0,62878485.0
8171,天宇,上櫃,20.7,0.24213075060532688,2000.0,0,-398.0,1602.0,41400.0,0.0,-8238.6,33161.4
8176,智捷,上櫃,9.76,-0.1023541453428864,-10000.0,0,0,-10000.0,-97600.0,0.0,0.0,-97600.0
8182,加高,上櫃,44.8,-3.4482758620689653,-101000.0,0,-1640.0,-102640.0,-4524800.0,0.0,-73472.0,-4598272.0
8227,巨有科技,上櫃,366.0,-1.0810810810810811,-50000.0,0,1610.0,-48390.0,-18300000.0,0.0,589260.0,-17710740.0
8234,新漢,上櫃,62.8,-0.7898894154818327,7199.0,0,-1000.0,6199.0,452097.19999999995,0.0,-62800.0,389297.19999999995
8240,華宏,上櫃,58.0,-4.29042904290429,-37185.0,0,-81527.0,-118712.0,-2156730.0,0.0,-4728566.0,-6885296.0
8255,朋程,上櫃,151.5,-0.9803921568627451,59578.0,0,-2139.0,57439.0,9026067.0,0.0,-324058.5,8702008.5
8277,商丞,上櫃,15.3,0.6578947368421052,15000.0,0,0,15000.0,229500.0,0.0,0.0,229500.0
8279,生展,上櫃,80.1,0.7547169811320755,-2000.0,0,0,-2000.0,-160200.0,0.0,0.0,-160200.0
8284,三竹,上櫃,67.8,0.0,-1000.0,0,0,-1000.0,-67800.0,0.0,0.0,-67800.0
8289,泰藝,上櫃,57.2,1.9607843137254901,-1139960.0,0,958.0,-1139002.0,-65205712.0,0.0,54797.600000000006,-65150914.400000006
8299,群聯,上櫃,2100.0,0.23866348448687352,330925.0,22400.0,19867.0,373192.0,694942500.0,47040000.0,41720700.0,783703200.0
8349,恒耀,上櫃,40.15,-0.6188118811881188,-3000.0,0,0,-3000.0,-120450.0,0.0,0.0,-120450.0
8354,冠好,上櫃,16.7,-0.2985074626865672,1000.0,0,0,1000.0,16700.0,0.0,0.0,16700.0
8358,金居,上櫃,570.0,9.826589595375722,5007395.0,96000.0,996605.0,6100000.0,2854215150.0,54720000.0,568064850.0,3477000000.0
8383,千附,上櫃,69.3,1.3157894736842108,115525.0,0,43420.0,158945.0,8005882.5,0.0,3009006.0,11014888.5
8390,金益鼎,上櫃,89.0,-1.6574585635359116,-305578.0,0,3114.0,-302464.0,-27196442.0,0.0,277146.0,-26919296.0
8403,盛弘,上櫃,18.85,-0.26455026455026454,-8000.0,0,0,-8000.0,-150800.0,0.0,0.0,-150800.0
8410,森田,上櫃,27.65,-0.18050541516245489,3000.0,0,113.0,3113.0,82950.0,0.0,3124.45,86074.45
8415,大國鋼,上櫃,35.1,-0.425531914893617,-142000.0,0,64904.0,-77096.0,-4984200.0,0.0,2278130.4,-2706069.6
8421,旭源,上櫃,13.0,0.0,-22000.0,0,0,-22000.0,-286000.0,0.0,0.0,-286000.0
8424,惠普,上櫃,70.3,1.0057471264367817,-7000.0,0,0,-7000.0,-492100.0,0.0,0.0,-492100.0
8426,紅木-KY,上櫃,20.6,0.0,11000.0,0,24.0,11024.0,226600.00000000003,0.0,494.40000000000003,227094.40000000002
8431,匯鑽科,上櫃,63.6,-0.7800312012480499,66802.0,0,3019.0,69821.0,4248607.2,0.0,192008.4,4440615.600000001
8432,東生華,上櫃,51.0,-0.19569471624266144,-1000.0,0,-183.0,-1183.0,-51000.0,0.0,-9333.0,-60333.0
8433,弘帆,上櫃,52.6,-0.3787878787878788,3000.0,0,0,3000.0,157800.0,0.0,0.0,157800.0
8435,鉅邁,上櫃,53.2,0.0,0,0,-135.0,-135.0,0.0,0.0,-7182.0,-7182.0
8436,大江,上櫃,104.5,0.4807692307692308,126000.0,-1000.0,-46803.0,78197.0,13167000.0,-104500.0,-4890913.5,8171586.5
8437,大地-KY,上櫃,11.0,4.761904761904762,-1000.0,0,0,-1000.0,-11000.0,0.0,0.0,-11000.0
8440,綠電,上櫃,20.2,-0.24691358024691357,-1000.0,0,0,-1000.0,-20200.0,0.0,0.0,-20200.0
8446,華研,上櫃,85.1,0.7100591715976331,0,0,-61.0,-61.0,0.0,0.0,-5191.099999999999,-5191.099999999999
8450,霹靂,上櫃,14.25,0.0,2000.0,0,342.0,2342.0,28500.0,0.0,4873.5,33373.5
8472,納維康,上櫃,66.3,1.5313935681470139,0,0,0,0,0.0,0.0,0.0,0.0
8489,三貝德,上櫃,22.05,-0.8988764044943821,-9000.0,0,371.0,-8629.0,-198450.0,0.0,8180.55,-190269.45
8908,欣雄,上櫃,39.85,0.12562814070351758,3000.0,0,0,3000.0,119550.0,0.0,0.0,119550.0
8916,光隆,上櫃,40.95,0.0,1000.0,0,3.0,1003.0,40950.0,0.0,122.85000000000001,41072.850000000006
8917,欣泰,上櫃,53.6,0.0,1000.0,0,0,1000.0,53600.0,0.0,0.0,53600.0
8924,大田,上櫃,49.2,-0.6060606060606061,8000.0,0,-503.0,7497.0,393600.0,0.0,-24747.600000000002,368852.4
8927,北基,上櫃,18.85,-1.5665796344647518,-7000.0,0,0,-7000.0,-131950.0,0.0,0.0,-131950.0
8928,鉅明,上櫃,22.85,-0.21834061135371177,3000.0,0,0,3000.0,68550.0,0.0,0.0,68550.0
8929,富堡,上櫃,13.0,-0.7633587786259542,0,0,0,0,0.0,0.0,0.0,0.0
8930,青鋼,上櫃,28.5,-0.34965034965034963,-3000.0,0,0,-3000.0,-85500.0,0.0,0.0,-85500.0
8931,大汽電,上櫃,42.4,-1.0501750291715286,-27998.0,0,0,-27998.0,-1187115.2,0.0,0.0,-1187115.2
8932,智通*,上櫃,91.4,0.3293084522502744,127080.0,0,209957.0,337037.0,11615112.0,0.0,19190069.8,30805181.8
8933,愛地雅,上櫃,4.56,-0.6535947712418301,-5000.0,0,0,-5000.0,-22799.999999999996,0.0,0.0,-22799.999999999996
8935,邦泰,上櫃,18.75,-2.34375,-12000.0,0,0,-12000.0,-225000.0,0.0,0.0,-225000.0
8936,國統,上櫃,53.1,1.5296367112810707,341194.0,-3000.0,222924.0,561118.0,18117401.400000002,-159300.0,11837264.4,29795365.8
8937,合騏*,上櫃,25.2,0.0,-64000.0,0,239.0,-63761.0,-1612800.0,0.0,6022.8,-1606777.2
8938,明安,上櫃,51.6,-1.1494252873563215,17000.0,0,-308.0,16692.0,877200.0,0.0,-15892.800000000001,861307.2000000001
8941,關中,上櫃,43.95,-0.11363636363636365,1000.0,0,0,1000.0,43950.0,0.0,0.0,43950.0
8942,森鉅,上櫃,39.85,-0.4993757802746567,-109000.0,0,-1725.0,-110725.0,-4343650.0,0.0,-68741.25,-4412391.25
9949,琉園,上櫃,24.4,0.411522633744856,1000.0,0,0,1000.0,24400.0,0.0,0.0,24400.0
9950,萬國通,上櫃,10.2,0.0,0,0,0,0,0.0,0.0,0.0,0.0
9951,皇田,上櫃,46.5,-0.8528784648187635,-3000.0,0,-14000.0,-17000.0,-139500.0,0.0,-651000.0,-790500.0
9960,邁達康,上櫃,38.05,0.13157894736842105,-1000.0,0,0,-1000.0,-38050.0,0.0,0.0,-38050.0
9962,有益,上櫃,10.15,-1.9323671497584543,-1000.0,0,0,-1000.0,-10150.0,0.0,0.0,-10150.0
