code,name,mkt,close,chg,foreign,trust,dealer,total,foreign_amt,trust_amt,dealer_amt,total_amt
1301,台塑,上市,,,35668335.0,10282000.0,1952676.0,47903011.0,,,,
00403A,主動統一升級50,上市,,,14658089.0,0,21571222.0,36229311.0,,,,
1605,華新,上市,,,22628111.0,2593790.0,859209.0,26081110.0,,,,
1802,台玻,上市,,,17210729.0,0,6232938.0,23443667.0,,,,
9105,泰金寶-DR,上市,,,20323700.0,0,1113422.0,21437122.0,,,,
00961,FT臺灣永續高息,上市,,,2762072.0,0,14148081.0,16910153.0,,,,
1326,台化,上市,,,15752629.0,0,397492.0,16150121.0,,,,
00991A,主動復華未來50,上市,,,1893160.0,0,13983395.0,15876555.0,,,,
1303,南亞,上市,,,11921385.0,1213622.0,-37109.0,13097898.0,,,,
2344,華邦電,上市,,,20530198.0,-7282006.0,-329411.0,12918781.0,,,,
2883,凱基金,上市,,,12143128.0,-58440.0,587692.0,12672380.0,,,,
1314,中石化,上市,,,12600578.0,0,-101000.0,12499578.0,,,,
2492,華新科,上市,,,9934530.0,2669000.0,-323063.0,12280467.0,,,,
00988A,主動統一全球創新,上市,,,3017687.0,0,8318000.0,11335687.0,,,,
1216,統一,上市,,,8871216.0,1186410.0,77788.0,10135414.0,,,,
2882,國泰金,上市,,,9200103.0,95072.0,44249.0,9339424.0,,,,
00409A,主動復華全球50,上市,,,1205000.0,0,8012929.0,9217929.0,,,,
9904,寶成,上市,,,8503819.0,157256.0,410611.0,9071686.0,,,,
3481,群創,上市,,,9504830.0,-24027.0,-856600.0,8624203.0,,,,
00673R,期元大S&P原油反1,上市,,,-80000.0,0,8702745.0,8622745.0,,,,
1101,台泥,上市,,,3877356.0,4731000.0,-56704.0,8551652.0,,,,
2515,中工,上市,,,8350825.0,0,-10022.0,8340803.0,,,,
2887,台新新光金,上市,,,7927059.0,-277024.0,550648.0,8200683.0,,,,
2885,元大金,上市,,,7686361.0,205670.0,248128.0,8140159.0,,,,
009819,中信數據及電力,上市,,,4550000.0,0,3518414.0,8068414.0,,,,
00997A,主動群益美國增長,上市,,,2059000.0,0,5585000.0,7644000.0,,,,
4958,臻鼎-KY,上市,,,6652329.0,248526.0,270570.0,7171425.0,,,,
1312,國喬,上市,,,8689548.0,0,-1684009.0,7005539.0,,,,
1409,新纖,上市,,,7110740.0,0,-243968.0,6866772.0,,,,
009820,元大納斯達克精選,上市,,,51000.0,0,6570258.0,6621258.0,,,,
00990A,主動元大AI新經濟,上市,,,11000.0,0,6591000.0,6602000.0,,,,
2812,台中銀,上市,,,5913356.0,0,23000.0,5936356.0,,,,
5880,合庫金,上市,,,5770157.0,-51795.0,56874.0,5775236.0,,,,
2891,中信金,上市,,,4404797.0,743148.0,529993.0,5677938.0,,,,
00402A,主動安聯美國科技,上市,,,1312000.0,0,4282063.0,5594063.0,,,,
00646,元大S&P500,上市,,,29788.0,0,5557873.0,5587661.0,,,,
2327,國巨*,上市,,,1527417.0,3450776.0,583498.0,5561691.0,,,,
00900,富邦特選高股息30,上市,,,2291000.0,0,3138694.0,5429694.0,,,,
00965,元大航太防衛科技,上市,,,28000.0,0,5387824.0,5415824.0,,,,
00940,元大台灣價值高息,上市,,,-701000.0,0,6059575.0,5358575.0,,,,
6505,台塑化,上市,,,1249139.0,3787167.0,261260.0,5297566.0,,,,
6209,今國光,上市,,,5003803.0,0,254988.0,5258791.0,,,,
6152,百一,上市,,,4791445.0,0,-9595.0,4781850.0,,,,
6456,GIS-KY,上市,,,4383402.0,0,325029.0,4708431.0,,,,
1402,遠東新,上市,,,4577834.0,-138000.0,65370.0,4505204.0,,,,
00662,富邦NASDAQ,上市,,,807048.0,0,3585433.0,4392481.0,,,,
1504,東元,上市,,,4195628.0,-38889.0,231651.0,4388390.0,,,,
00830,國泰費城半導體,上市,,,3757865.0,0,562811.0,4320676.0,,,,
00713,元大台灣高息低波,上市,,,1483146.0,0,2538241.0,4021387.0,,,,
2481,強茂,上市,,,3942213.0,-91000.0,154440.0,4005653.0,,,,
6278,台表科,上市,,,3474693.0,59000.0,362826.0,3896519.0,,,,
2464,盟立,上市,,,3426587.0,0,218776.0,3645363.0,,,,
1304,台聚,上市,,,3536121.0,0,67730.0,3603851.0,,,,
00896,中信綠能及電動車,上市,,,1579550.0,0,1967685.0,3547235.0,,,,
2610,華航,上市,,,1060990.0,2536000.0,-68000.0,3528990.0,,,,
3532,台勝科,上市,,,3379441.0,-77000.0,154667.0,3457108.0,,,,
2881,富邦金,上市,,,3281574.0,-23059.0,27628.0,3286143.0,,,,
1609,大亞,上市,,,3035909.0,0,87916.0,3123825.0,,,,
1102,亞泥,上市,,,3075866.0,-128991.0,134513.0,3081388.0,,,,
1440,南紡,上市,,,3062125.0,0,12000.0,3074125.0,,,,
2103,台橡,上市,,,2954983.0,0,7736.0,2962719.0,,,,
2801,彰銀,上市,,,3159688.0,-233000.0,16558.0,2943246.0,,,,
2241,艾姆勒,上市,,,2900721.0,0,0,2900721.0,,,,
1434,福懋,上市,,,2826251.0,0,48668.0,2874919.0,,,,
2542,興富發,上市,,,4305121.0,-1518700.0,85351.0,2871772.0,,,,
1710,東聯,上市,,,2716463.0,0,137192.0,2853655.0,,,,
8131,福懋科,上市,,,2718027.0,0,127329.0,2845356.0,,,,
2484,希華,上市,,,2728073.0,0,76900.0,2804973.0,,,,
2880,華南金,上市,,,2274130.0,-67745.0,539097.0,2745482.0,,,,
2312,金寶,上市,,,2376254.0,45000.0,290950.0,2712204.0,,,,
2884,玉山金,上市,,,2866810.0,-505610.0,318600.0,2679800.0,,,,
1608,華榮,上市,,,2652049.0,-4941.0,30475.0,2677583.0,,,,
5876,上海商銀,上市,,,2200592.0,141000.0,319636.0,2661228.0,,,,
3702,大聯大,上市,,,2530046.0,50000.0,-5861.0,2574185.0,,,,
2412,中華電,上市,,,2594003.0,-260572.0,27984.0,2361415.0,,,,
1718,中纖,上市,,,2934417.0,0,-632125.0,2302292.0,,,,
009826,貝萊德世界股票,上市,,,3346.0,0,2274003.0,2277349.0,,,,
3026,禾伸堂,上市,,,1601089.0,647000.0,-12998.0,2235091.0,,,,
2851,中再保,上市,,,1687592.0,524000.0,-27914.0,2183678.0,,,,
9945,潤泰新,上市,,,1375476.0,764000.0,11911.0,2151387.0,,,,
1714,和桐,上市,,,1984233.0,0,50530.0,2034763.0,,,,
3042,晶技,上市,,,1598549.0,274000.0,142851.0,2015400.0,,,,
4989,榮科,上市,,,2025744.0,0,-17612.0,2008132.0,,,,
3189,景碩,上市,,,1779024.0,151000.0,-8958.0,1921066.0,,,,
2402,毅嘉,上市,,,1528207.0,0,363389.0,1891596.0,,,,
2302,麗正,上市,,,1868756.0,0,2533.0,1871289.0,,,,
1313,聯成,上市,,,1857083.0,0,0,1857083.0,,,,
2489,瑞軒,上市,,,1492509.0,5700.0,335501.0,1833710.0,,,,
00882,中信中國高股息,上市,,,7000.0,0,1510581.0,1517581.0,,,,
2886,兆豐金,上市,,,7347946.0,-6177586.0,342304.0,1512664.0,,,,
00407A,主動凱基台灣,上市,,,-4604790.0,0,6103682.0,1498892.0,,,,
00982A,主動群益台灣強棒,上市,,,820125.0,0,676380.0,1496505.0,,,,
00632R,元大台灣50反1,上市,,,-597000.0,0,2087104.0,1490104.0,,,,
2027,大成鋼,上市,,,2844603.0,-1402000.0,45838.0,1488441.0,,,,
2382,廣達,上市,,,1441121.0,-17474.0,40781.0,1464428.0,,,,
2301,光寶科,上市,,,1321319.0,82585.0,51778.0,1455682.0,,,,
00930,永豐ESG低碳高息,上市,,,187000.0,0,1227302.0,1414302.0,,,,
3037,欣興,上市,,,1811033.0,-449709.0,-8813.0,1352511.0,,,,
2305,全友,上市,,,1405110.0,0,-100926.0,1304184.0,,,,
6834,天二科技,上市,,,1260715.0,0,42173.0,1302888.0,,,,
009811,統一美國50,上市,,,346000.0,0,935770.0,1281770.0,,,,
8039,台虹,上市,,,1116595.0,12000.0,152661.0,1281256.0,,,,
4904,遠傳,上市,,,931060.0,232711.0,97364.0,1261135.0,,,,
1305,華夏,上市,,,1164101.0,0,83016.0,1247117.0,,,,
00994A,主動第一金台股優,上市,,,160060.0,0,1083241.0,1243301.0,,,,
00915,凱基優選高股息30,上市,,,187000.0,0,1041159.0,1228159.0,,,,
009802,富邦旗艦50,上市,,,-232952.0,0,1460213.0,1227261.0,,,,
2332,友訊,上市,,,1144049.0,0,45000.0,1189049.0,,,,
3706,神達,上市,,,1168886.0,20000.0,-28963.0,1159923.0,,,,
2912,統一超,上市,,,987997.0,113000.0,4215.0,1105212.0,,,,
1308,亞聚,上市,,,1095971.0,0,-6385.0,1089586.0,,,,
2101,南港,上市,,,1033267.0,0,27700.0,1060967.0,,,,
6706,惠特,上市,,,913345.0,0,138961.0,1052306.0,,,,
00939,統一台灣高息動能,上市,,,270000.0,0,770046.0,1040046.0,,,,
3715,定穎投控,上市,,,782943.0,0,243124.0,1026067.0,,,,
1319,東陽,上市,,,953321.0,-5051.0,73843.0,1022113.0,,,,
2451,創見,上市,,,886533.0,126400.0,4714.0,1017647.0,,,,
2377,微星,上市,,,1011911.0,-27383.0,32745.0,1017273.0,,,,
2342,茂矽,上市,,,1006480.0,0,3816.0,1010296.0,,,,
00650L,復華香港正2,上市,,,124000.0,0,882283.0,1006283.0,,,,
1808,潤隆,上市,,,1001832.0,0,-1000.0,1000832.0,,,,
4142,國光生,上市,,,993809.0,0,-874.0,992935.0,,,,
2329,華泰,上市,,,1000163.0,0,-11275.0,988888.0,,,,
1310,台苯,上市,,,982320.0,0,1000.0,983320.0,,,,
2347,聯強,上市,,,1579134.0,-668461.0,52592.0,963265.0,,,,
6944,兆聯實業,上市,,,935185.0,2000.0,15604.0,952789.0,,,,
6141,柏承,上市,,,921387.0,0,5000.0,926387.0,,,,
1708,東鹼,上市,,,935934.0,0,-14450.0,921484.0,,,,
6108,競國,上市,,,899875.0,0,-1000.0,898875.0,,,,
00981T,平衡凱基雙核收息,上市,,,1000.0,0,896497.0,897497.0,,,,
2236,百達-KY,上市,,,921050.0,0,-30836.0,890214.0,,,,
2393,億光,上市,,,990776.0,-11264.0,-92347.0,887165.0,,,,
8110,華東,上市,,,880100.0,0,-5728.0,874372.0,,,,
2201,裕隆,上市,,,844000.0,0,28525.0,872525.0,,,,
1309,台達化,上市,,,869406.0,0,2400.0,871806.0,,,,
2105,正新,上市,,,852994.0,-143966.0,136868.0,845896.0,,,,
2615,萬海,上市,,,952652.0,0,-109633.0,843019.0,,,,
3149,正達,上市,,,840383.0,0,-1785.0,838598.0,,,,
2439,美律,上市,,,725820.0,10000.0,99250.0,835070.0,,,,
1477,聚陽,上市,,,870228.0,-38241.0,-22129.0,809858.0,,,,
3543,州巧,上市,,,806492.0,0,0,806492.0,,,,
2915,潤泰全,上市,,,751474.0,0,50013.0,801487.0,,,,
2355,敬鵬,上市,,,797156.0,0,3958.0,801114.0,,,,
2504,國產,上市,,,739576.0,-18234.0,79000.0,800342.0,,,,
2845,遠東銀,上市,,,798102.0,0,0,798102.0,,,,
1809,中釉,上市,,,769807.0,0,17009.0,786816.0,,,,
2913,農林,上市,,,806778.0,0,-40000.0,766778.0,,,,
6282,康舒,上市,,,882379.0,-41000.0,-82934.0,758445.0,,,,
4566,時碩工業,上市,,,814141.0,0,-62596.0,751545.0,,,,
00735,國泰臺韓科技,上市,,,102229.0,0,648082.0,750311.0,,,,
3661,世芯-KY,上市,,,394034.0,362000.0,-8027.0,748007.0,,,,
2543,皇昌,上市,,,742511.0,0,0,742511.0,,,,
3016,嘉晶,上市,,,700255.0,0,17609.0,717864.0,,,,
3035,智原,上市,,,664518.0,0,51075.0,715593.0,,,,
00993A,主動安聯台灣,上市,,,253000.0,0,453267.0,706267.0,,,,
1513,中興電,上市,,,568389.0,35752.0,101842.0,705983.0,,,,
4919,新唐,上市,,,175667.0,-109.0,530315.0,705873.0,,,,
8213,志超,上市,,,588350.0,0,109415.0,697765.0,,,,
3717,聯嘉投控,上市,,,685970.0,0,6000.0,691970.0,,,,
2889,國票金,上市,,,824744.0,0,-136000.0,688744.0,,,,
1905,華紙,上市,,,724595.0,0,-48041.0,676554.0,,,,
1904,正隆,上市,,,697821.0,0,-23790.0,674031.0,,,,
2363,矽統,上市,,,340053.0,0,327924.0,667977.0,,,,
00893,國泰智能電動車,上市,,,197912.0,0,462713.0,660625.0,,,,
2607,榮運,上市,,,655006.0,0,4601.0,659607.0,,,,
00664R,國泰臺灣加權反1,上市,,,0,0,656948.0,656948.0,,,,
1444,力麗,上市,,,655250.0,0,815.0,656065.0,,,,
009824,群益美國科技巨頭,上市,,,-16000.0,0,656962.0,640962.0,,,,
2360,致茂,上市,,,789424.0,20222.0,-173124.0,636522.0,,,,
3030,德律,上市,,,560433.0,0,73275.0,633708.0,,,,
9919,康那香,上市,,,629000.0,0,0,629000.0,,,,
8926,台汽電,上市,,,584628.0,-36000.0,79301.0,627929.0,,,,
6133,金橋,上市,,,627980.0,0,-4000.0,623980.0,,,,
3045,台灣大,上市,,,402202.0,134973.0,82053.0,619228.0,,,,
00954,中信日本半導體,上市,,,-26960.0,0,637995.0,611035.0,,,,
8103,瀚荃,上市,,,613381.0,0,-3880.0,609501.0,,,,
1476,儒鴻,上市,,,572223.0,8000.0,24316.0,604539.0,,,,
4934,太極,上市,,,602240.0,0,0,602240.0,,,,
3673,TPK-KY,上市,,,690599.0,0,-88639.0,601960.0,,,,
00984D,主動聯博全球非投,上市,,,2434000.0,0,-1838000.0,596000.0,,,,
4949,有成精密,上市,,,591200.0,0,0,591200.0,,,,
2108,南帝,上市,,,582574.0,-1000.0,5401.0,586975.0,,,,
00916,國泰全球品牌50,上市,,,235000.0,0,344030.0,579030.0,,,,
3055,蔚華科,上市,,,493000.0,0,49000.0,542000.0,,,,
1722,台肥,上市,,,531794.0,-3000.0,8141.0,536935.0,,,,
00921,兆豐龍頭等權重,上市,,,26000.0,0,505423.0,531423.0,,,,
6191,精成科,上市,,,489365.0,20000.0,14508.0,523873.0,,,,
1229,聯華,上市,,,518367.0,-6000.0,11000.0,523367.0,,,,
2353,宏碁,上市,,,557014.0,-35000.0,-2231.0,519783.0,,,,
8046,南電,上市,,,501520.0,113697.0,-103822.0,511395.0,,,,
8422,可寧衛*,上市,,,664431.0,0,-158568.0,505863.0,,,,
5285,界霖,上市,,,551725.0,0,-57190.0,494535.0,,,,
9921,巨大,上市,,,488000.0,0,3801.0,491801.0,,,,
8070,長華*,上市,,,487000.0,-3372.0,4424.0,488052.0,,,,
7780,大研生醫*,上市,,,486340.0,0,-34.0,486306.0,,,,
1717,長興,上市,,,2084866.0,-1500000.0,-104886.0,479980.0,,,,
9914,美利達,上市,,,466000.0,0,5994.0,471994.0,,,,
2009,第一銅,上市,,,456202.0,0,9146.0,465348.0,,,,
00924,復華S&P500成長,上市,,,201143.0,0,261148.0,462291.0,,,,
1612,宏泰,上市,,,463953.0,-5563.0,2638.0,461028.0,,,,
2467,志聖,上市,,,365124.0,90000.0,3726.0,458850.0,,,,
2618,長榮航,上市,,,349408.0,-52582.0,153040.0,449866.0,,,,
5244,弘凱,上市,,,438000.0,0,0,438000.0,,,,
2383,台光電,上市,,,388521.0,38604.0,7770.0,434895.0,,,,
2609,陽明,上市,,,527186.0,-25000.0,-72557.0,429629.0,,,,
9941,裕融,上市,,,424717.0,-2184.0,455.0,422988.0,,,,
1907,永豐餘,上市,,,414645.0,0,6000.0,420645.0,,,,
00941,中信上游半導體,上市,,,203991.0,0,212909.0,416900.0,,,,
6271,同欣電,上市,,,278273.0,102000.0,30632.0,410905.0,,,,
6214,精誠,上市,,,396737.0,12000.0,1000.0,409737.0,,,,
00669R,國泰美國道瓊反1,上市,,,0,0,409100.0,409100.0,,,,
2498,宏達電,上市,,,383172.0,0,17947.0,401119.0,,,,
6442,光聖,上市,,,314303.0,-45000.0,128804.0,398107.0,,,,
009813,貝萊德標普卓越50,上市,,,4100.0,0,393700.0,397800.0,,,,
6443,元晶,上市,,,396390.0,0,0,396390.0,,,,
2374,佳能,上市,,,393270.0,0,-251.0,393019.0,,,,
1447,力鵬,上市,,,377699.0,0,0,377699.0,,,,
2442,新美齊,上市,,,376783.0,0,0,376783.0,,,,
2352,佳世達,上市,,,407279.0,-37000.0,1725.0,372004.0,,,,
2520,冠德,上市,,,321309.0,0,49318.0,370627.0,,,,
9103,美德醫療-DR,上市,,,369000.0,0,-4112.0,364888.0,,,,
1449,佳和,上市,,,361281.0,0,0,361281.0,,,,
3714,富采,上市,,,365370.0,0,-5145.0,360225.0,,,,
2204,中華,上市,,,359000.0,-8723.0,-300.0,349977.0,,,,
2540,愛山林,上市,,,349574.0,0,0,349574.0,,,,
3023,信邦,上市,,,346191.0,-14000.0,16786.0,348977.0,,,,
6202,盛群,上市,,,335460.0,0,8737.0,344197.0,,,,
8996,高力,上市,,,424616.0,-124039.0,43563.0,344140.0,,,,
6224,聚鼎,上市,,,337433.0,0,0,337433.0,,,,
3094,聯傑,上市,,,333142.0,0,3000.0,336142.0,,,,
6269,台郡,上市,,,348522.0,0,-13465.0,335057.0,,,,
00951,台新日本半導體,上市,,,-617000.0,0,951514.0,334514.0,,,,
1503,士電,上市,,,324044.0,3820.0,4943.0,332807.0,,,,
3049,精金,上市,,,289321.0,0,37352.0,326673.0,,,,
00733,富邦臺灣中小,上市,,,319063.0,0,5476.0,324539.0,,,,
6197,佳必琪,上市,,,382546.0,0,-59705.0,322841.0,,,,
3062,建漢,上市,,,324152.0,0,-1669.0,322483.0,,,,
4551,智伸科,上市,,,-153320.0,300000.0,175462.0,322142.0,,,,
6446,藥華藥,上市,,,284700.0,28770.0,7104.0,320574.0,,,,
2836,高雄銀,上市,,,282500.0,0,37006.0,319506.0,,,,
2539,櫻花建,上市,,,320365.0,0,-2000.0,318365.0,,,,
1795,美時,上市,,,228744.0,0,85564.0,314308.0,,,,
00876,元大全球5G,上市,,,163000.0,0,143848.0,306848.0,,,,
2049,上銀,上市,,,294267.0,-1000.0,13345.0,306612.0,,,,
2331,精英,上市,,,307234.0,0,-999.0,306235.0,,,,
3645,達邁,上市,,,312038.0,0,-6183.0,305855.0,,,,
2328,廣宇,上市,,,303000.0,0,0,303000.0,,,,
2883B,凱基金乙特,上市,,,384000.0,0,-90000.0,294000.0,,,,
00987A,主動台新優勢成長,上市,,,54.0,0,291869.0,291923.0,,,,
00757,統一FANG+,上市,,,253040.0,0,36784.0,289824.0,,,,
00770,國泰北美科技,上市,,,107000.0,0,182306.0,289306.0,,,,
6472,保瑞,上市,,,237203.0,0,46665.0,283868.0,,,,
6672,騰輝電子-KY,上市,,,122829.0,179000.0,-21559.0,280270.0,,,,
9802,鈺齊-KY,上市,,,279848.0,0,0,279848.0,,,,
00686R,群益臺灣加權反1,上市,,,0,0,278980.0,278980.0,,,,
3010,華立,上市,,,267599.0,0,11241.0,278840.0,,,,
2838,聯邦銀,上市,,,282000.0,0,-4571.0,277429.0,,,,
4960,誠美材,上市,,,275295.0,0,0,275295.0,,,,
2426,鼎元,上市,,,271483.0,0,2533.0,274016.0,,,,
00895,富邦未來車,上市,,,14000.0,0,256422.0,270422.0,,,,
1316,上曜,上市,,,268547.0,0,0,268547.0,,,,
00936,台新永續高息中小,上市,,,64000.0,0,202867.0,266867.0,,,,
2816,旺旺保,上市,,,266062.0,0,0,266062.0,,,,
6885,全福生技,上市,,,264110.0,0,-1000.0,263110.0,,,,
3019,亞光,上市,,,269958.0,0,-10605.0,259353.0,,,,
3059,華晶科,上市,,,259000.0,0,-1848.0,257152.0,,,,
6957,裕慶-KY,上市,,,252001.0,0,2553.0,254554.0,,,,
2030,彰源,上市,,,271900.0,0,-19000.0,252900.0,,,,
2834,臺企銀,上市,,,191000.0,0,61000.0,252000.0,,,,
2458,義隆,上市,,,154088.0,80804.0,15982.0,250874.0,,,,
3694,海華,上市,,,249163.0,0,0,249163.0,,,,
2340,台亞,上市,,,-254797.0,0,501705.0,246908.0,,,,
5522,遠雄,上市,,,269156.0,-3755.0,-19000.0,246401.0,,,,
00404A,主動聯博動能50,上市,,,39000.0,0,206693.0,245693.0,,,,
009801,中信美國創新科技,上市,,,41000.0,0,203063.0,244063.0,,,,
00642U,期元大S&P石油,上市,,,-10034.0,0,253339.0,243305.0,,,,
2820,華票,上市,,,240000.0,0,0,240000.0,,,,
3701,大眾控,上市,,,178927.0,0,57965.0,236892.0,,,,
4912,聯德控股-KY,上市,,,233032.0,0,0,233032.0,,,,
9907,統一實,上市,,,259000.0,-27046.0,0,231954.0,,,,
00945B,凱基美國非投等債,上市,,,675000.0,0,-443508.0,231492.0,,,,
00911,兆豐洲際半導體,上市,,,-1980.0,0,232717.0,230737.0,,,,
00905,FT臺灣Smart,上市,,,6000.0,0,224612.0,230612.0,,,,
2850,新產,上市,,,231526.0,-1000.0,0,230526.0,,,,
1442,名軒,上市,,,226645.0,0,2000.0,228645.0,,,,
3056,富華新,上市,,,227000.0,0,0,227000.0,,,,
2547,日勝生,上市,,,238000.0,-12526.0,0,225474.0,,,,
3011,今皓,上市,,,224050.0,0,0,224050.0,,,,
3305,昇貿,上市,,,204093.0,0,18859.0,222952.0,,,,
00692,富邦公司治理,上市,,,-108987.0,0,330336.0,221349.0,,,,
6668,中揚光,上市,,,222687.0,0,-2000.0,220687.0,,,,
1536,和大,上市,,,221310.0,0,-919.0,220391.0,,,,
00932,兆豐永續高息等權,上市,,,-1000.0,0,220789.0,219789.0,,,,
00946,群益科技高息成長,上市,,,-26000.0,0,244926.0,218926.0,,,,
1617,榮星,上市,,,233450.0,0,-15000.0,218450.0,,,,
2106,建大,上市,,,216690.0,0,0,216690.0,,,,
2903,遠百,上市,,,180075.0,0,30000.0,210075.0,,,,
6742,澤米,上市,,,208948.0,0,-417.0,208531.0,,,,
3060,銘異,上市,,,213970.0,0,-5959.0,208011.0,,,,
1522,堤維西,上市,,,207194.0,0,0,207194.0,,,,
6415,矽力*-KY,上市,,,232565.0,2000.0,-30260.0,204305.0,,,,
1218,泰山,上市,,,203000.0,0,0,203000.0,,,,
1736,喬山,上市,,,204000.0,0,-3093.0,200907.0,,,,
6901,鑽石投資,上市,,,184085.0,0,16000.0,200085.0,,,,
6196,帆宣,上市,,,210297.0,5000.0,-15697.0,199600.0,,,,
2441,超豐,上市,,,43441.0,171000.0,-15734.0,198707.0,,,,
2349,錸德,上市,,,197050.0,0,0,197050.0,,,,
00861,元大全球未來通訊,上市,,,7000.0,0,189173.0,196173.0,,,,
6205,詮欣,上市,,,195426.0,0,-424.0,195002.0,,,,
6153,嘉聯益,上市,,,184754.0,0,4950.0,189704.0,,,,
1528,恩德,上市,,,187705.0,0,0,187705.0,,,,
1524,耿鼎,上市,,,182206.0,0,0,182206.0,,,,
8476,台境*,上市,,,180000.0,0,0,180000.0,,,,
2535,達欣工,上市,,,174681.0,0,1000.0,175681.0,,,,
2404,漢唐,上市,,,163615.0,44904.0,-32953.0,175566.0,,,,
3167,大量,上市,,,157884.0,0,17493.0,175377.0,,,,
00648R,元大S&P500反1,上市,,,0,0,175100.0,175100.0,,,,
1201,味全,上市,,,240000.0,0,-65000.0,175000.0,,,,
4526,東台,上市,,,185105.0,0,-12464.0,172641.0,,,,
1618,合機,上市,,,170538.0,0,0,170538.0,,,,
8105,凌巨,上市,,,160000.0,0,9000.0,169000.0,,,,
3058,立德,上市,,,169000.0,0,0,169000.0,,,,
7855,和運租車,上市,,,126586.0,0,41000.0,167586.0,,,,
6177,達麗,上市,,,174217.0,-6895.0,-441.0,166881.0,,,,
1227,佳格,上市,,,166257.0,0,0,166257.0,,,,
1560,中砂,上市,,,272068.0,-100234.0,-6441.0,165393.0,,,,
2723,美食-KY,上市,,,165314.0,0,0,165314.0,,,,
1909,榮成,上市,,,173000.0,0,-10000.0,163000.0,,,,
00670L,富邦NASDAQ正2,上市,,,-10000.0,0,171286.0,161286.0,,,,
7610,聯友金屬-創,上市,,,128719.0,0,28006.0,156725.0,,,,
3041,揚智,上市,,,154427.0,0,-1648.0,152779.0,,,,
8028,昇陽半導體,上市,,,23348.0,0,128678.0,152026.0,,,,
6491,晶碩,上市,,,113411.0,38000.0,615.0,152026.0,,,,
2388,威盛,上市,,,141174.0,0,10666.0,151840.0,,,,
2530,華建,上市,,,159000.0,-8152.0,0,150848.0,,,,
3437,榮創,上市,,,150802.0,0,0,150802.0,,,,
6166,凌華,上市,,,149188.0,0,982.0,150170.0,,,,
2645,長榮航太,上市,,,150830.0,-6000.0,3848.0,148678.0,,,,
6862,三集瑞-KY,上市,,,126000.0,0,17098.0,143098.0,,,,
2207,和泰車,上市,,,133791.0,9000.0,0,142791.0,,,,
6691,洋基工程,上市,,,108271.0,49000.0,-16154.0,141117.0,,,,
00938,凱基優選30,上市,,,142000.0,0,-1030.0,140970.0,,,,
4976,佳凌,上市,,,140951.0,0,0,140951.0,,,,
6789,采鈺,上市,,,135450.0,1000.0,2224.0,138674.0,,,,
1563,巧新,上市,,,129112.0,0,9359.0,138471.0,,,,
2405,輔信,上市,,,138210.0,0,-1.0,138209.0,,,,
4766,南寶,上市,,,136351.0,0,0,136351.0,,,,
2015,豐興,上市,,,129195.0,-1000.0,8000.0,136195.0,,,,
3021,鴻名,上市,,,133000.0,0,0,133000.0,,,,
2069,運錩,上市,,,129666.0,0,3000.0,132666.0,,,,
3504,揚明光,上市,,,130941.0,0,1204.0,132145.0,,,,
3004,豐達科,上市,,,129418.0,0,2611.0,132029.0,,,,
2032,新鋼,上市,,,131720.0,0,0,131720.0,,,,
1217,愛之味,上市,,,98000.0,0,33000.0,131000.0,,,,
9934,成霖,上市,,,129870.0,0,0,129870.0,,,,
6451,訊芯-KY,上市,,,120377.0,0,8983.0,129360.0,,,,
2897,王道銀行,上市,,,97715.0,0,31000.0,128715.0,,,,
3406,玉晶光,上市,,,-576097.0,724000.0,-19825.0,128078.0,,,,
1104,環泥,上市,,,118886.0,0,9000.0,127886.0,,,,
6525,捷敏-KY,上市,,,114745.0,-1888.0,14799.0,127656.0,,,,
00910,第一金太空衛星,上市,,,1030.0,0,123000.0,124030.0,,,,
1712,興農,上市,,,108073.0,-6492.0,21000.0,122581.0,,,,
2444,兆勁,上市,,,120000.0,0,0,120000.0,,,,
9938,百和,上市,,,127000.0,-9827.0,2672.0,119845.0,,,,
00706L,期元大S&P日圓正2,上市,,,0,0,117777.0,117777.0,,,,
5531,鄉林,上市,,,116479.0,0,0,116479.0,,,,
00907,永豐優息存股,上市,,,161000.0,0,-44694.0,116306.0,,,,
6830,汎銓,上市,,,111691.0,0,3782.0,115473.0,,,,
8438,昶昕,上市,,,111390.0,0,2733.0,114123.0,,,,
2365,昆盈,上市,,,117000.0,0,-3000.0,114000.0,,,,
7711,永擎,上市,,,89971.0,0,23371.0,113342.0,,,,
3346,麗清,上市,,,102110.0,0,7000.0,109110.0,,,,
3652,精聯,上市,,,106000.0,0,3000.0,109000.0,,,,
2348,海悅,上市,,,111400.0,0,-4321.0,107079.0,,,,
3515,華擎,上市,,,106010.0,0,0,106010.0,,,,
00693U,期街口S&P黃豆,上市,,,13000.0,0,92668.0,105668.0,,,,
6605,帝寶,上市,,,102884.0,0,1149.0,104033.0,,,,
5471,松翰,上市,,,109558.0,0,-6301.0,103257.0,,,,
1789,神隆,上市,,,103519.0,0,-1000.0,102519.0,,,,
2258,鴻華先進-創,上市,,,90000.0,0,12190.0,102190.0,,,,
3229,晟鈦,上市,,,99100.0,0,1000.0,100100.0,,,,
2428,興勤,上市,,,86158.0,0,13313.0,99471.0,,,,
2206,三陽工業,上市,,,100072.0,0,-1000.0,99072.0,,,,
1466,聚隆,上市,,,102068.0,0,-3003.0,99065.0,,,,
2597,潤弘,上市,,,100000.0,-1000.0,0,99000.0,,,,
2613,中櫃,上市,,,98219.0,0,0,98219.0,,,,
00960,野村全球航運龍頭,上市,,,-103000.0,0,200161.0,97161.0,,,,
00983A,主動中信ARK創新,上市,,,-45000.0,0,141949.0,96949.0,,,,
6216,居易,上市,,,96298.0,0,-255.0,96043.0,,,,
2427,三商電,上市,,,96597.0,0,-2000.0,94597.0,,,,
3705,永信,上市,,,91000.0,0,2000.0,93000.0,,,,
1459,聯發,上市,,,170501.0,0,-78210.0,92291.0,,,,
2537,聯上發,上市,,,91059.0,0,0,91059.0,,,,
2911,麗嬰房,上市,,,91000.0,0,0,91000.0,,,,
1517,利奇,上市,,,89000.0,0,0,89000.0,,,,
1215,卜蜂,上市,,,88899.0,0,0,88899.0,,,,
3051,力特,上市,,,90855.0,0,-2900.0,87955.0,,,,
1533,車王電,上市,,,87000.0,0,0,87000.0,,,,
2425,承啟,上市,,,88000.0,0,-1000.0,87000.0,,,,
4977,眾達-KY,上市,,,20281.0,0,64229.0,84510.0,,,,
00701,國泰股利精選30,上市,,,3000.0,0,81258.0,84258.0,,,,
6873,泓德能源,上市,,,82000.0,0,1000.0,83000.0,,,,
3312,弘憶股,上市,,,81272.0,0,-46.0,81226.0,,,,
3443,創意,上市,,,-6145.0,128493.0,-41213.0,81135.0,,,,
1210,大成,上市,,,81329.0,0,-260.0,81069.0,,,,
9939,宏全,上市,,,80000.0,-1449.0,2489.0,81040.0,,,,
00989A,主動摩根美國科技,上市,,,157000.0,0,-76163.0,80837.0,,,,
1702,南僑,上市,,,80667.0,0,0,80667.0,,,,
2392,正崴,上市,,,95000.0,0,-14334.0,80666.0,,,,
4564,元翎,上市,,,81000.0,0,-796.0,80204.0,,,,
2038,海光,上市,,,78062.0,0,2000.0,80062.0,,,,
2546,根基,上市,,,77930.0,0,2000.0,79930.0,,,,
2023,燁輝,上市,,,79400.0,0,0,79400.0,,,,
00971,野村美國研發龍頭,上市,,,-2000.0,0,80535.0,78535.0,,,,
1723,中碳,上市,,,92000.0,-16000.0,1509.0,77509.0,,,,
6550,北極星藥業-KY,上市,,,74307.0,0,2000.0,76307.0,,,,
6869,雲豹能源,上市,,,77810.0,0,-2000.0,75810.0,,,,
6768,志強-KY,上市,,,76269.0,-1983.0,850.0,75136.0,,,,
00634R,富邦上証反1,上市,,,0,0,75000.0,75000.0,,,,
00920,富邦ESG綠色電力,上市,,,19000.0,0,55602.0,74602.0,,,,
2072,世紀風電,上市,,,74328.0,0,0,74328.0,,,,
00949,復華日本龍頭,上市,,,1000.0,0,73149.0,74149.0,,,,
1515,力山,上市,,,75000.0,0,-946.0,74054.0,,,,
5306,桂盟,上市,,,71000.0,0,3000.0,74000.0,,,,
6933,AMAX-KY,上市,,,76209.0,0,-2579.0,73630.0,,,,
3138,耀登,上市,,,74280.0,0,-743.0,73537.0,,,,
4736,泰博,上市,,,65036.0,5000.0,3000.0,73036.0,,,,
1414,東和,上市,,,69000.0,0,3000.0,72000.0,,,,
2385,群光,上市,,,89392.0,-44187.0,25910.0,71115.0,,,,
8464,億豐,上市,,,53107.0,9000.0,9000.0,71107.0,,,,
7795,長廣,上市,,,63894.0,0,7032.0,70926.0,,,,
00903,富邦元宇宙,上市,,,0,0,70515.0,70515.0,,,,
2753,八方雲集,上市,,,71170.0,-1927.0,140.0,69383.0,,,,
2545,皇翔,上市,,,67119.0,0,2101.0,69220.0,,,,
2390,云辰,上市,,,69000.0,0,0,69000.0,,,,
2852,第一保,上市,,,68670.0,0,0,68670.0,,,,
1231,聯華食,上市,,,62202.0,0,4982.0,67184.0,,,,
2359,所羅門,上市,,,76477.0,0,-9829.0,66648.0,,,,
2010,春源,上市,,,67350.0,-1000.0,-97.0,66253.0,,,,
6136,富爾特,上市,,,68890.0,0,-3000.0,65890.0,,,,
6757,台灣虎航,上市,,,65939.0,0,-1000.0,64939.0,,,,
2031,新光鋼,上市,,,68555.0,-3899.0,0,64656.0,,,,
009810,玉山全球藍籌100,上市,,,-2000.0,0,66014.0,64014.0,,,,
1110,東泥,上市,,,64000.0,0,0,64000.0,,,,
1471,首利,上市,,,64000.0,0,0,64000.0,,,,
2453,凌群,上市,,,64000.0,0,0,64000.0,,,,
6164,華興,上市,,,63794.0,0,-790.0,63004.0,,,,
00944,野村趨勢動能高息,上市,,,0,0,63004.0,63004.0,,,,
5607,遠雄港,上市,,,62743.0,0,0,62743.0,,,,
3028,增你強,上市,,,66980.0,2500.0,-7040.0,62440.0,,,,
4306,炎洲,上市,,,31902.0,0,30000.0,61902.0,,,,
6689,伊雲谷,上市,,,60190.0,0,-56.0,60134.0,,,,
2516,新建,上市,,,59000.0,0,-4.0,58996.0,,,,
00926,凱基全球菁英55,上市,,,1050.0,0,57202.0,58252.0,,,,
00923,群益台ESG低碳50,上市,,,43523.0,0,14701.0,58224.0,,,,
2413,環科,上市,,,54949.0,0,3042.0,57991.0,,,,
1307,三芳,上市,,,62197.0,-5003.0,0,57194.0,,,,
009818,華南永昌NASDAQxT,上市,,,-1000.0,0,57916.0,56916.0,,,,
2243,宏旭-KY,上市,,,56691.0,0,0,56691.0,,,,
2401,凌陽,上市,,,72406.0,0,-16164.0,56242.0,,,,
00771,元大US高息特別股,上市,,,0,0,56000.0,56000.0,,,,
2929,淘帝-KY,上市,,,56000.0,0,-6.0,55994.0,,,,
8081,致新,上市,,,27321.0,28600.0,-20.0,55901.0,,,,
2460,建通,上市,,,62820.0,0,-7000.0,55820.0,,,,
8454,富邦媒,上市,,,52661.0,-1000.0,4152.0,55813.0,,,,
6861,睿生光電,上市,,,56919.0,0,-1491.0,55428.0,,,,
2362,藍天,上市,,,52000.0,0,3001.0,55001.0,,,,
6504,南六,上市,,,54000.0,0,0,54000.0,,,,
2636,台驊控股,上市,,,48080.0,0,5447.0,53527.0,,,,
2369,菱生,上市,,,-96223.0,0,149536.0,53313.0,,,,
2115,六暉-KY,上市,,,55000.0,0,-2000.0,53000.0,,,,
2536,宏普,上市,,,53000.0,0,0,53000.0,,,,
6142,友勁,上市,,,52841.0,0,0,52841.0,,,,
9917,中保科,上市,,,52280.0,0,0,52280.0,,,,
5515,建國,上市,,,48270.0,0,3000.0,51270.0,,,,
1707,葡萄王,上市,,,51000.0,0,-38.0,50962.0,,,,
00986A,主動台新龍頭成長,上市,,,2000.0,0,48756.0,50756.0,,,,
2482,連宇,上市,,,52000.0,0,-1594.0,50406.0,,,,
3535,晶彩科,上市,,,56000.0,0,-5904.0,50096.0,,,,
2727,王品,上市,,,50529.0,-1000.0,0,49529.0,,,,
009800,中信NASDAQ,上市,,,-34000.0,0,82582.0,48582.0,,,,
4807,日成-KY,上市,,,48070.0,0,0,48070.0,,,,
5519,隆大,上市,,,48000.0,0,0,48000.0,,,,
1733,五鼎,上市,,,48000.0,0,0,48000.0,,,,
5288,豐祥-KY,上市,,,46961.0,0,1000.0,47961.0,,,,
009817,國泰日本不動產,上市,,,8000.0,0,39644.0,47644.0,,,,
8404,百和興業-KY,上市,,,46960.0,0,0,46960.0,,,,
1786,科妍,上市,,,46000.0,0,98.0,46098.0,,,,
2419,仲琦,上市,,,71023.0,0,-25000.0,46023.0,,,,
7812,稜研科技*-創,上市,,,43000.0,0,3000.0,46000.0,,,,
5225,東科-KY,上市,,,46000.0,0,0,46000.0,,,,
2059,川湖,上市,,,51253.0,27664.0,-33262.0,45655.0,,,,
00703,台新MSCI中國,上市,,,0,0,45616.0,45616.0,,,,
4119,旭富,上市,,,45000.0,0,1.0,45001.0,,,,
1417,嘉裕,上市,,,45000.0,0,0,45000.0,,,,
1340,勝悅-KY,上市,,,45000.0,0,0,45000.0,,,,
4106,雃博,上市,,,45000.0,0,0,45000.0,,,,
1582,信錦,上市,,,46358.0,0,-1765.0,44593.0,,,,
6962,奕力-KY,上市,,,46035.0,0,-1466.0,44569.0,,,,
4169,泰宗,上市,,,44449.0,0,0,44449.0,,,,
00652,富邦印度,上市,,,7000.0,0,37408.0,44408.0,,,,
00875,國泰網路資安,上市,,,0,0,43098.0,43098.0,,,,
2406,國碩,上市,,,23858.0,0,18935.0,42793.0,,,,
6743,安普新,上市,,,41649.0,-1815.0,2000.0,41834.0,,,,
3050,鈺德,上市,,,41780.0,0,0,41780.0,,,,
1568,倉佑,上市,,,43060.0,0,-1698.0,41362.0,,,,
2630,亞航,上市,,,46021.0,0,-5828.0,40193.0,,,,
8249,菱光,上市,,,40120.0,0,0,40120.0,,,,
4545,銘鈺,上市,,,41060.0,0,-1000.0,40060.0,,,,
2538,基泰,上市,,,40000.0,0,0,40000.0,,,,
00952,凱基台灣AI50,上市,,,21000.0,0,18350.0,39350.0,,,,
2488,漢平,上市,,,38000.0,0,11.0,38011.0,,,,
1232,大統益,上市,,,36170.0,0,1000.0,37170.0,,,,
6272,驊陞,上市,,,37000.0,0,0,37000.0,,,,
9911,櫻花,上市,,,35000.0,0,2000.0,37000.0,,,,
7799,禾榮科,上市,,,33604.0,0,2000.0,35604.0,,,,
3024,憶聲,上市,,,35181.0,0,0,35181.0,,,,
00717,富邦美國特別股,上市,,,149000.0,0,-114000.0,35000.0,,,,
00645,富邦日本,上市,,,0,0,34988.0,34988.0,,,,
7803,雲象科技-創,上市,,,31000.0,0,3863.0,34863.0,,,,
6670,復盛應用,上市,,,36420.0,-1610.0,0,34810.0,,,,
1531,高林股,上市,,,35518.0,0,-1000.0,34518.0,,,,
3708,上緯投控,上市,,,43283.0,-11000.0,2000.0,34283.0,,,,
6928,攸泰科技,上市,,,34000.0,0,0,34000.0,,,,
6112,邁達特,上市,,,31481.0,0,2057.0,33538.0,,,,
5871,中租-KY,上市,,,156717.0,-136491.0,12443.0,32669.0,,,,
4956,光鋐,上市,,,33039.0,0,-580.0,32459.0,,,,
6909,創控,上市,,,32087.0,0,0,32087.0,,,,
1529,樂事綠能,上市,,,32055.0,0,0,32055.0,,,,
2908,特力,上市,,,32000.0,0,0,32000.0,,,,
00902,中信電池及儲能,上市,,,8000.0,0,23927.0,31927.0,,,,
009808,華南永昌優選50,上市,,,3000.0,0,28715.0,31715.0,,,,
8473,山林水,上市,,,31550.0,0,0,31550.0,,,,
1616,億泰,上市,,,30875.0,0,188.0,31063.0,,,,
020032,元大綠能N,上市,,,0,0,31000.0,31000.0,,,,
00982T,平衡兆豐台美動能,上市,,,0,0,30647.0,30647.0,,,,
8215,明基材,上市,,,80215.0,-47000.0,-3206.0,30009.0,,,,
2431,聯昌,上市,,,30000.0,0,0,30000.0,,,,
4178,永笙-KY,上市,,,27000.0,0,3000.0,30000.0,,,,
4536,拓凱,上市,,,30000.0,0,-324.0,29676.0,,,,
6658,聯策,上市,,,27653.0,0,1531.0,29184.0,,,,
7765,中華資安,上市,,,30046.0,0,-1000.0,29046.0,,,,
6965,中傑-KY,上市,,,31000.0,0,-2000.0,29000.0,,,,
4104,佳醫,上市,,,29000.0,0,0,29000.0,,,,
3022,威強電,上市,,,29859.0,0,-1621.0,28238.0,,,,
00901,永豐智能車供應鏈,上市,,,-1000.0,0,28846.0,27846.0,,,,
00850,元大臺灣ESG永續,上市,,,6795.0,-15000.0,35402.0,27197.0,,,,
2527,宏璟,上市,,,21000.0,0,6171.0,27171.0,,,,
4426,利勤,上市,,,27000.0,0,0,27000.0,,,,
00919,群益台灣精選高息,上市,,,1770613.0,0,-1743667.0,26946.0,,,,
4414,如興,上市,,,24945.0,0,2000.0,26945.0,,,,
1225,福懋油,上市,,,28000.0,0,-2000.0,26000.0,,,,
3296,勝德,上市,,,25000.0,0,1000.0,26000.0,,,,
2417,圓剛,上市,,,26000.0,0,0,26000.0,,,,
9924,福興,上市,,,26000.0,0,0,26000.0,,,,
2497,怡利電,上市,,,26332.0,0,-814.0,25518.0,,,,
7749,意騰-KY,上市,,,25020.0,0,-15.0,25005.0,,,,
6756,威鋒電子,上市,,,27000.0,0,-2041.0,24959.0,,,,
2017,官田鋼,上市,,,24845.0,0,0,24845.0,,,,
2102,泰豐,上市,,,24823.0,0,0,24823.0,,,,
1603,華電,上市,,,24590.0,0,0,24590.0,,,,
4441,振大環球,上市,,,23536.0,0,1000.0,24536.0,,,,
6591,動力-KY,上市,,,24000.0,0,0,24000.0,,,,
6931,青松健康,上市,,,24000.0,0,0,24000.0,,,,
1219,福壽,上市,,,23756.0,0,0,23756.0,,,,
1720,生達,上市,,,23082.0,0,308.0,23390.0,,,,
5434,崇越,上市,,,46681.0,1000.0,-24340.0,23341.0,,,,
6719,力智,上市,,,28037.0,0,-5001.0,23036.0,,,,
2237,華德動能-創,上市,,,20000.0,0,3000.0,23000.0,,,,
6552,易華電,上市,,,23000.0,0,0,23000.0,,,,
4133,亞諾法,上市,,,23000.0,0,0,23000.0,,,,
0057,富邦摩台,上市,,,0,0,22799.0,22799.0,,,,
2025,千興,上市,,,22237.0,0,0,22237.0,,,,
4562,穎漢,上市,,,22010.0,0,102.0,22112.0,,,,
1810,和成,上市,,,28231.0,0,-6168.0,22063.0,,,,
7722,LINEPAY,上市,,,23730.0,0,-1821.0,21909.0,,,,
7821,神數,上市,,,21750.0,0,0,21750.0,,,,
4720,德淵,上市,,,57809.0,0,-36636.0,21173.0,,,,
5907,大洋-KY,上市,,,21000.0,0,0,21000.0,,,,
00683L,期元大美元指正2,上市,,,16000.0,0,5000.0,21000.0,,,,
00899,FT潔淨能源,上市,,,4000.0,0,17000.0,21000.0,,,,
3607,谷崧,上市,,,25231.0,0,-5000.0,20231.0,,,,
01004T,土銀富邦R2,上市,,,20000.0,0,0,20000.0,,,,
4137,麗豐-KY,上市,,,21025.0,-1015.0,-1000.0,19010.0,,,,
4590,富田-創,上市,,,15000.0,0,4001.0,19001.0,,,,
8429,金麗-KY,上市,,,19000.0,0,0,19000.0,,,,
1342,八貫,上市,,,18820.0,0,0,18820.0,,,,
3047,訊舟,上市,,,21466.0,0,-3000.0,18466.0,,,,
4588,玖鼎電力,上市,,,18000.0,0,173.0,18173.0,,,,
3002,歐格,上市,,,18089.0,0,0,18089.0,,,,
0051,元大中型100,上市,,,20.0,0,18000.0,18020.0,,,,
2440,太空梭,上市,,,18000.0,0,0,18000.0,,,,
6606,建德工業,上市,,,17000.0,0,1000.0,18000.0,,,,
2414,精技,上市,,,17592.0,0,0,17592.0,,,,
6438,迅得,上市,,,33570.0,0,-16000.0,17570.0,,,,
006205,富邦上証,上市,,,-254000.0,0,271067.0,17067.0,,,,
7818,溢泰實業,上市,,,10000.0,0,7000.0,17000.0,,,,
6916,華凌,上市,,,17000.0,0,0,17000.0,,,,
1445,大宇,上市,,,18000.0,0,-1000.0,17000.0,,,,
4557,永新-KY,上市,,,17000.0,0,0,17000.0,,,,
3416,融程電,上市,,,15012.0,0,1966.0,16978.0,,,,
6189,豐藝,上市,,,11000.0,-3437.0,9228.0,16791.0,,,,
6405,悅城,上市,,,17013.0,0,-659.0,16354.0,,,,
9940,信義,上市,,,16870.0,0,-619.0,16251.0,,,,
00674R,期元大S&P黃金反1,上市,,,0,0,16016.0,16016.0,,,,
1540,喬福,上市,,,16000.0,0,0,16000.0,,,,
8478,東哥遊艇,上市,,,16000.0,0,-25.0,15975.0,,,,
2228,劍麟,上市,,,15000.0,0,295.0,15295.0,,,,
6863,永道-KY,上市,,,13000.0,0,2279.0,15279.0,,,,
1734,杏輝,上市,,,15227.0,0,0,15227.0,,,,
6277,宏正,上市,,,8110.0,0,6914.0,15024.0,,,,
1315,達新,上市,,,15000.0,0,0,15000.0,,,,
3703,欣陸,上市,,,18000.0,0,-3000.0,15000.0,,,,
2461,光群雷,上市,,,9944.0,0,5000.0,14944.0,,,,
8374,羅昇,上市,,,31000.0,0,-16324.0,14676.0,,,,
1436,華友聯,上市,,,14060.0,0,0,14060.0,,,,
2450,神腦,上市,,,14000.0,0,0,14000.0,,,,
1732,毛寶,上市,,,14000.0,0,-4.0,13996.0,,,,
00661,元大日經225,上市,,,0,0,13756.0,13756.0,,,,
6192,巨路,上市,,,10430.0,0,3000.0,13430.0,,,,
2480,敦陽科,上市,,,14401.0,-1161.0,70.0,13310.0,,,,
1325,恆大,上市,,,13298.0,0,0,13298.0,,,,
7750,新代,上市,,,13056.0,0,183.0,13239.0,,,,
2107,厚生,上市,,,13127.0,0,0,13127.0,,,,
1474,弘裕,上市,,,14000.0,0,-1000.0,13000.0,,,,
6225,天瀚,上市,,,13000.0,0,0,13000.0,,,,
4560,強信-KY,上市,,,13000.0,0,0,13000.0,,,,
4571,鈞興-KY,上市,,,13000.0,0,0,13000.0,,,,
9930,中聯資源,上市,,,7000.0,0,5993.0,12993.0,,,,
4968,立積,上市,,,13000.0,0,-498.0,12502.0,,,,
1760,寶齡富錦,上市,,,12320.0,0,0,12320.0,,,,
3596,智易,上市,,,5457.0,0,6775.0,12232.0,,,,
00647L,元大S&P500正2,上市,,,0,0,12199.0,12199.0,,,,
2233,宇隆,上市,,,12150.0,0,0,12150.0,,,,
2007,燁興,上市,,,12000.0,0,0,12000.0,,,,
2501,國建,上市,,,13627.0,-2000.0,282.0,11909.0,,,,
1735,日勝化,上市,,,7000.0,0,4861.0,11861.0,,,,
2534,宏盛,上市,,,11000.0,0,0,11000.0,,,,
8222,寶一,上市,,,11000.0,0,0,11000.0,,,,
4583,台灣精銳,上市,,,11000.0,0,0,11000.0,,,,
1321,大洋,上市,,,8000.0,0,3000.0,11000.0,,,,
6573,虹揚-KY,上市,,,13000.0,0,-2000.0,11000.0,,,,
3679,新至陞,上市,,,14097.0,-474.0,-3000.0,10623.0,,,,
00983D,主動富邦複合收益,上市,,,277000.0,0,-266554.0,10446.0,,,,
1339,昭輝,上市,,,11000.0,0,-624.0,10376.0,,,,
00657,國泰日經225,上市,,,-2000.0,0,12323.0,10323.0,,,,
6782,視陽,上市,,,25950.0,-15000.0,-685.0,10265.0,,,,
1587,吉茂,上市,,,11000.0,0,-848.0,10152.0,,,,
2231,為升,上市,,,23000.0,0,-12944.0,10056.0,,,,
1456,怡華,上市,,,7000.0,0,3000.0,10000.0,,,,
912000,晨訊科-DR,上市,,,10000.0,0,0,10000.0,,,,
6558,興能高,上市,,,10000.0,0,0,10000.0,,,,
4935,茂林-KY,上市,,,16000.0,0,-6000.0,10000.0,,,,
4108,懷特,上市,,,10000.0,0,0,10000.0,,,,
00684R,期元大美元指反1,上市,,,0,0,10000.0,10000.0,,,,
1460,宏遠,上市,,,10000.0,0,0,10000.0,,,,
4532,瑞智,上市,,,22000.0,-12180.0,0,9820.0,,,,
00972,野村日本動能高息,上市,,,0,0,9482.0,9482.0,,,,
2022,聚亨,上市,,,9438.0,0,0,9438.0,,,,
2471,資通,上市,,,7219.0,0,2000.0,9219.0,,,,
1446,宏和,上市,,,9000.0,0,0,9000.0,,,,
6776,展碁國際,上市,,,7000.0,0,2000.0,9000.0,,,,
1805,寶徠,上市,,,9000.0,0,0,9000.0,,,,
2430,燦坤,上市,,,9000.0,0,0,9000.0,,,,
00666R,富邦恒生國企反1,上市,,,0,0,9000.0,9000.0,,,,
020028,元大特選電動車N,上市,,,0,0,9000.0,9000.0,,,,
3057,喬鼎,上市,,,9000.0,0,0,9000.0,,,,
006206,元大上證50,上市,,,0,0,8990.0,8990.0,,,,
3135,凌航,上市,,,8669.0,0,-31.0,8638.0,,,,
2211,長榮鋼,上市,,,10000.0,-1613.0,-23.0,8364.0,,,,
5258,虹堡,上市,,,8050.0,0,0,8050.0,,,,
2033,佳大,上市,,,8000.0,0,0,8000.0,,,,
6625,必應,上市,,,7000.0,0,1000.0,8000.0,,,,
6581,鋼聯,上市,,,8000.0,0,0,8000.0,,,,
3557,嘉威,上市,,,7051.0,0,0,7051.0,,,,
1475,業旺,上市,,,7000.0,0,0,7000.0,,,,
1472,三洋實業,上市,,,18000.0,0,-11000.0,7000.0,,,,
8488,吉源-KY,上市,,,7000.0,0,0,7000.0,,,,
7791,皇家可口,上市,,,7000.0,0,0,7000.0,,,,
7760,享溫馨,上市,,,7000.0,0,0,7000.0,,,,
3043,科風,上市,,,7000.0,0,0,7000.0,,,,
3338,泰碩,上市,,,6988.0,0,0,6988.0,,,,
2423,固緯,上市,,,4978.0,0,2000.0,6978.0,,,,
8162,微矽電子-創,上市,,,3000.0,0,3501.0,6501.0,,,,
00737,國泰AI機器人,上市,,,-44000.0,0,50352.0,6352.0,,,,
5706,鳳凰,上市,,,6000.0,0,0,6000.0,,,,
9908,大台北,上市,,,6000.0,0,0,6000.0,,,,
1731,美吾華,上市,,,6000.0,0,0,6000.0,,,,
2462,良得電,上市,,,6000.0,0,0,6000.0,,,,
3130,一零四,上市,,,6000.0,0,0,6000.0,,,,
020037,元大金融高股息N,上市,,,0,0,6000.0,6000.0,,,,
2887E,台新新光戊特一,上市,,,6000.0,0,0,6000.0,,,,
2707,晶華,上市,,,3000.0,0,3000.0,6000.0,,,,
2832,台產,上市,,,12000.0,-2186.0,-4000.0,5814.0,,,,
00640L,富邦日本正2,上市,,,1000.0,0,4753.0,5753.0,,,,
1590,亞德客-KY,上市,,,5480.0,-609.0,614.0,5485.0,,,,
3092,鴻碩,上市,,,5405.0,0,0,5405.0,,,,
6645,金萬林-創,上市,,,1000.0,0,4327.0,5327.0,,,,
6230,尼得科超眾,上市,,,5000.0,0,145.0,5145.0,,,,
1337,再生-KY,上市,,,5104.0,0,0,5104.0,,,,
3308,聯德,上市,,,5000.0,0,0,5000.0,,,,
4440,宜新實業,上市,,,15000.0,0,-10000.0,5000.0,,,,
1108,幸福,上市,,,5000.0,0,0,5000.0,,,,
1521,大億,上市,,,3000.0,0,2000.0,5000.0,,,,
6906,現觀科,上市,,,5000.0,0,0,5000.0,,,,
6936,永鴻生技,上市,,,5000.0,0,0,5000.0,,,,
6794,向榮生技,上市,,,5000.0,0,0,5000.0,,,,
2250,IKKA-KY,上市,,,5000.0,0,0,5000.0,,,,
3052,夆典,上市,,,2000.0,0,3000.0,5000.0,,,,
3356,奇偶,上市,,,6938.0,0,-2000.0,4938.0,,,,
6908,宏碁遊戲-創,上市,,,-1000.0,0,5289.0,4289.0,,,,
2731,雄獅,上市,,,3175.0,0,1000.0,4175.0,,,,
6854,錼創科技-KY創,上市,,,1000.0,0,3093.0,4093.0,,,,
7705,三商餐飲,上市,,,4000.0,0,0,4000.0,,,,
8104,錸寶,上市,,,4000.0,0,0,4000.0,,,,
9912,偉聯,上市,,,0,0,4000.0,4000.0,,,,
2248,華勝-KY,上市,,,4000.0,0,0,4000.0,,,,
6641,基士德-KY,上市,,,2000.0,0,2000.0,4000.0,,,,
1416,廣豐,上市,,,4000.0,0,0,4000.0,,,,
6534,正瀚-創,上市,,,4000.0,0,0,4000.0,,,,
1323,永裕,上市,,,4000.0,0,0,4000.0,,,,
2380,虹光,上市,,,2000.0,0,2000.0,4000.0,,,,
6283,淳安,上市,,,4000.0,0,-1.0,3999.0,,,,
00775B,台新投等債15+,上市,,,0,0,3053.0,3053.0,,,,
6698,旭暉應材,上市,,,3001.0,0,0,3001.0,,,,
6918,愛派司,上市,,,3000.0,0,0,3000.0,,,,
8467,波力-KY,上市,,,3000.0,0,0,3000.0,,,,
1526,日馳,上市,,,3000.0,0,0,3000.0,,,,
1776,展宇,上市,,,-3000.0,0,6000.0,3000.0,,,,
1737,臺鹽,上市,,,7000.0,0,-4000.0,3000.0,,,,
1233,天仁,上市,,,0,0,3000.0,3000.0,,,,
2887G,台新新光庚特一,上市,,,3000.0,0,0,3000.0,,,,
1432,大魯閣,上市,,,3000.0,0,0,3000.0,,,,
4737,華廣,上市,,,3000.0,0,0,3000.0,,,,
1525,江申,上市,,,-1000.0,0,3953.0,2953.0,,,,
00711B,復華彭博新興債,上市,,,7000.0,0,-4111.0,2889.0,,,,
1558,伸興,上市,,,58.0,0,2000.0,2058.0,,,,
1454,台富,上市,,,2000.0,0,0,2000.0,,,,
1726,永記,上市,,,-1000.0,0,3000.0,2000.0,,,,
910322,康師傅-DR,上市,,,2000.0,0,0,2000.0,,,,
6835,圓裕,上市,,,2000.0,0,0,2000.0,,,,
6792,詠業,上市,,,-1000.0,0,3000.0,2000.0,,,,
020039,元大加權N,上市,,,0,0,2000.0,2000.0,,,,
020031,統一IC設計臺灣N,上市,,,0,0,2000.0,2000.0,,,,
4439,冠星-KY,上市,,,2000.0,0,0,2000.0,,,,
1419,新紡,上市,,,3000.0,-1000.0,0,2000.0,,,,
6431,光麗-KY,上市,,,5000.0,0,-3000.0,2000.0,,,,
3150,鈺寶-創,上市,,,-5000.0,0,6920.0,1920.0,,,,
7823,奧義賽博-KY創,上市,,,-1000.0,0,2833.0,1833.0,,,,
3048,益登,上市,,,-24233.0,0,25999.0,1766.0,,,,
7631,聚賢研發-創,上市,,,1000.0,0,722.0,1722.0,,,,
2906,高林,上市,,,1000.0,0,580.0,1580.0,,,,
8442,威宏-KY,上市,,,4000.0,-591.0,-2000.0,1409.0,,,,
009809,富邦淨零ESG50,上市,,,-1000.0,0,2248.0,1248.0,,,,
6924,榮惠-KY創,上市,,,-4000.0,0,5239.0,1239.0,,,,
00783,富邦中証500,上市,,,0,0,1097.0,1097.0,,,,
020036,元大金融配息N,上市,,,0,0,1000.0,1000.0,,,,
020038,元大ESG配息N,上市,,,0,0,1000.0,1000.0,,,,
3447,展達,上市,,,1000.0,0,0,1000.0,,,,
3494,誠研,上市,,,1000.0,0,0,1000.0,,,,
3432,台端,上市,,,1000.0,0,0,1000.0,,,,
1410,南染,上市,,,1000.0,0,0,1000.0,,,,
6201,亞弘電,上市,,,-1000.0,0,2000.0,1000.0,,,,
2748,雲品,上市,,,1000.0,0,0,1000.0,,,,
6671,三能-KY,上市,,,1000.0,0,0,1000.0,,,,
8463,潤泰材,上市,,,1000.0,0,0,1000.0,,,,
8481,政伸,上市,,,1000.0,0,0,1000.0,,,,
9937,全國,上市,,,1000.0,0,0,1000.0,,,,
1470,大統新創,上市,,,1000.0,0,0,1000.0,,,,
1468,昶和,上市,,,-3000.0,0,4000.0,1000.0,,,,
1626,艾美特-KY,上市,,,-2000.0,0,3000.0,1000.0,,,,
4994,傳奇,上市,,,1000.0,0,-12.0,988.0,,,,
3413,京鼎,上市,,,16404.0,0,-15433.0,971.0,,,,
1256,鮮活果汁-KY,上市,,,-80.0,0,1000.0,920.0,,,,
1467,南緯,上市,,,15687.0,0,-15008.0,679.0,,,,
00709,富邦歐洲,上市,,,-3000.0,0,3582.0,582.0,,,,
8487,愛爾達-創,上市,,,0,0,398.0,398.0,,,,
6988,威力暘-創,上市,,,-6000.0,0,6037.0,37.0,,,,
6887,寶綠特-KY,上市,,,0,0,0,0,,,,
7732,金興精密,上市,,,0,0,0,0,,,,
6666,羅麗芬-KY,上市,,,0,0,0,0,,,,
6754,匯僑設計,上市,,,0,0,0,0,,,,
8482,商億-KY,上市,,,-1000.0,0,1000.0,0,,,,
8367,建新國際,上市,,,0,0,0,0,,,,
9926,新海,上市,,,0,0,0,0,,,,
00636K,國泰中國A50+U,上市,,,0,0,0,0,,,,
00657K,國泰日經225+U,上市,,,0,0,0,0,,,,
1465,偉全,上市,,,0,0,0,0,,,,
1537,廣隆,上市,,,1000.0,-1000.0,0,0,,,,
1762,中化生,上市,,,4000.0,0,-4000.0,0,,,,
1903,士紙,上市,,,0,0,0,0,,,,
2012,春雨,上市,,,0,0,0,0,,,,
2433,互盛電,上市,,,0,0,0,0,,,,
2496,卓越,上市,,,-1000.0,0,1000.0,0,,,,
00689R,國泰20年美債反1,上市,,,0,0,0,0,,,,
00668K,國泰美國道瓊+U,上市,,,0,0,0,0,,,,
00851,台新全球AI,上市,,,0,0,0,0,,,,
2945,三商家購,上市,,,-1000.0,0,1000.0,0,,,,
4148,全宇生技-KY,上市,,,0,0,0,0,,,,
4581,光隆精密-KY,上市,,,0,0,0,0,,,,
5546,永固-KY,上市,,,0,0,0,0,,,,
1435,中福,上市,,,0,0,0,0,,,,
1338,廣華-KY,上市,,,0,0,0,0,,,,
6951,青新-創,上市,,,0,0,0,0,,,,
1443,立益物流,上市,,,0,0,0,0,,,,
5538,東明-KY,上市,,,-1000.0,0,998.0,-2.0,,,,
1604,聲寶,上市,,,-2.0,0,0,-2.0,,,,
1439,雋揚,上市,,,0,0,-2.0,-2.0,,,,
1817,凱撒衛,上市,,,0,0,-10.0,-10.0,,,,
7768,頌勝科技,上市,,,-14.0,0,0,-14.0,,,,
2227,裕日車,上市,,,-190.0,0,0,-190.0,,,,
2247,汎德永業,上市,,,-1000.0,-486.0,1000.0,-486.0,,,,
2421,建準,上市,,,104101.0,12000.0,-116608.0,-507.0,,,,
00654R,富邦印度反1,上市,,,0,0,-880.0,-880.0,,,,
006204,永豐臺灣加權,上市,,,0,0,-912.0,-912.0,,,,
6955,邦睿生技-創,上市,,,-1000.0,0,34.0,-966.0,,,,
6958A,日盛台駿甲特,上市,,,-1000.0,0,0,-1000.0,,,,
6934,心誠鎂,上市,,,-1000.0,0,0,-1000.0,,,,
8201,無敵,上市,,,-1000.0,0,0,-1000.0,,,,
6655,科定,上市,,,-1000.0,0,0,-1000.0,,,,
6674,鋐寶科技,上市,,,-1000.0,0,0,-1000.0,,,,
2642,宅配通,上市,,,-1000.0,0,0,-1000.0,,,,
910861,神州-DR,上市,,,-1000.0,0,0,-1000.0,,,,
8443,阿瘦,上市,,,-1000.0,0,0,-1000.0,,,,
2524,京城,上市,,,-1000.0,0,0,-1000.0,,,,
2024,志聯,上市,,,-1000.0,0,0,-1000.0,,,,
2114,鑫永銓,上市,,,-1000.0,0,0,-1000.0,,,,
5007,三星,上市,,,-3000.0,0,2000.0,-1000.0,,,,
5533,皇鼎,上市,,,-13000.0,0,12000.0,-1000.0,,,,
6281,全國電,上市,,,-1000.0,0,0,-1000.0,,,,
4438,廣越,上市,,,-1000.0,0,0,-1000.0,,,,
3593,力銘,上市,,,-1000.0,0,0,-1000.0,,,,
3164,景岳,上市,,,-1000.0,0,0,-1000.0,,,,
00736,國泰新興市場,上市,,,91000.0,0,-92000.0,-1000.0,,,,
1413,宏洲,上市,,,-1000.0,0,0,-1000.0,,,,
1516,川飛,上市,,,0,0,-1000.0,-1000.0,,,,
6771,平和環保-創,上市,,,-2000.0,0,1000.0,-1000.0,,,,
2891C,中信金丙特,上市,,,0,0,-1000.0,-1000.0,,,,
3018,隆銘綠能,上市,,,-1000.0,0,0,-1000.0,,,,
4930,燦星網,上市,,,-1000.0,0,0,-1000.0,,,,
1541,錩泰,上市,,,-1000.0,0,-2.0,-1002.0,,,,
2910,統領,上市,,,-1000.0,0,-3.0,-1003.0,,,,
1730,花仙子,上市,,,-1000.0,0,-12.0,-1012.0,,,,
2013,中鋼構,上市,,,-1000.0,0,-53.0,-1053.0,,,,
1457,宜進,上市,,,-1142.0,0,0,-1142.0,,,,
3716,中化控股,上市,,,-1400.0,0,0,-1400.0,,,,
4582,聚恆-創,上市,,,1000.0,0,-2989.0,-1989.0,,,,
006203,元大MSCI台灣,上市,,,0,0,-1994.0,-1994.0,,,,
9944,新麗,上市,,,-2000.0,0,0,-2000.0,,,,
1418,東華,上市,,,-2000.0,0,0,-2000.0,,,,
911608,明輝-DR,上市,,,-2000.0,0,0,-2000.0,,,,
7736,虎山,上市,,,-2000.0,0,0,-2000.0,,,,
6923,中台,上市,,,-2000.0,0,0,-2000.0,,,,
1438,三地開發,上市,,,1000.0,0,-3000.0,-2000.0,,,,
2239,英利-KY,上市,,,-2000.0,0,0,-2000.0,,,,
3168,眾福科,上市,,,-2000.0,0,0,-2000.0,,,,
6614,資拓宏宇,上市,,,-2000.0,0,0,-2000.0,,,,
2904,匯僑,上市,,,-2000.0,0,0,-2000.0,,,,
1235,興泰,上市,,,-2000.0,0,0,-2000.0,,,,
1236,宏亞,上市,,,-2000.0,0,0,-2000.0,,,,
1203,味王,上市,,,-2000.0,0,0,-2000.0,,,,
01007T,兆豐國泰R2,上市,,,-2000.0,0,0,-2000.0,,,,
1614,三洋電,上市,,,-2000.0,0,0,-2000.0,,,,
020030,統一智慧電動車N,上市,,,0,0,-2000.0,-2000.0,,,,
9943,好樂迪,上市,,,-2000.0,0,0,-2000.0,,,,
3266,昇陽,上市,,,-2000.0,0,0,-2000.0,,,,
2438,翔耀,上市,,,-2000.0,0,-2.0,-2002.0,,,,
6464,台數科,上市,,,-3000.0,0,921.0,-2079.0,,,,
5283,禾聯碩,上市,,,-7165.0,0,5000.0,-2165.0,,,,
00681R,元大美債20反1,上市,,,-203000.0,0,200332.0,-2668.0,,,,
7769,鴻勁,上市,,,-3218.0,2900.0,-2380.0,-2698.0,,,,
7689,大鵬科CLMX,上市,,,-3000.0,0,0,-3000.0,,,,
2712,遠雄來,上市,,,-3000.0,0,0,-3000.0,,,,
9918,欣天然,上市,,,-3000.0,0,0,-3000.0,,,,
9931,欣高,上市,,,-3000.0,0,0,-3000.0,,,,
8940,新天地,上市,,,-3000.0,0,0,-3000.0,,,,
1441,大東,上市,,,-1000.0,0,-2000.0,-3000.0,,,,
1535,中宇,上市,,,-7000.0,0,4000.0,-3000.0,,,,
1538,正峰,上市,,,-3000.0,0,0,-3000.0,,,,
2008,高興昌,上市,,,-3000.0,0,0,-3000.0,,,,
1725,元禎,上市,,,-3000.0,0,0,-3000.0,,,,
00660,元大歐洲50,上市,,,0,0,-3000.0,-3000.0,,,,
1423,利華,上市,,,-3000.0,0,0,-3000.0,,,,
3501,維熹,上市,,,-3000.0,0,0,-3000.0,,,,
4572,駐龍,上市,,,-3000.0,0,0,-3000.0,,,,
01002T,土銀國泰R1,上市,,,-3000.0,0,0,-3000.0,,,,
1506,正道,上市,,,-3002.0,0,0,-3002.0,,,,
2722,夏都,上市,,,-3000.0,0,-2.0,-3002.0,,,,
006207,復華滬深,上市,,,1000.0,0,-4184.0,-3184.0,,,,
7721,微程式,上市,,,-4000.0,0,0,-4000.0,,,,
1453,大將,上市,,,-7000.0,0,3000.0,-4000.0,,,,
2849,安泰銀,上市,,,-4000.0,0,0,-4000.0,,,,
2364,倫飛,上市,,,-6000.0,0,1924.0,-4076.0,,,,
2062,橋椿,上市,,,-5000.0,0,0,-5000.0,,,,
9942,茂順,上市,,,-5000.0,0,0,-5000.0,,,,
9905,大華,上市,,,-5000.0,0,0,-5000.0,,,,
6952,大武山,上市,,,-5000.0,0,0,-5000.0,,,,
2702,華園,上市,,,-5000.0,0,0,-5000.0,,,,
1539,巨庭,上市,,,-5000.0,0,-1.0,-5001.0,,,,
9929,秋雨,上市,,,-5000.0,0,-40.0,-5040.0,,,,
4999,鑫禾,上市,,,-1000.0,0,-4083.0,-5083.0,,,,
8499,鼎炫-KY,上市,,,-5000.0,0,-467.0,-5467.0,,,,
6969,成信實業*-創,上市,,,-6000.0,0,323.0,-5677.0,,,,
5215,科嘉-KY,上市,,,-4000.0,0,-1700.0,-5700.0,,,,
2905,三商,上市,,,-6926.0,0,1000.0,-5926.0,,,,
00714,群益道瓊美國地產,上市,,,111000.0,0,-116978.0,-5978.0,,,,
1109,信大,上市,,,-6000.0,0,0,-6000.0,,,,
6128,上福,上市,,,-6000.0,0,0,-6000.0,,,,
6115,鎰勝,上市,,,-6000.0,0,0,-6000.0,,,,
4190,佐登-KY,上市,,,-6000.0,0,0,-6000.0,,,,
7835,永悅健康-創,上市,,,-11000.0,0,5000.0,-6000.0,,,,
2704,國賓,上市,,,-6000.0,0,0,-6000.0,,,,
2616,山隆,上市,,,-6000.0,0,0,-6000.0,,,,
6722,輝創,上市,,,-6000.0,0,0,-6000.0,,,,
2424,隴華,上市,,,-6000.0,0,0,-6000.0,,,,
8045,達運光電,上市,,,-6000.0,0,0,-6000.0,,,,
1623,大東電,上市,,,-6034.0,0,0,-6034.0,,,,
6947,台鎔科技,上市,,,-6210.0,0,0,-6210.0,,,,
3257,虹冠電,上市,,,-3878.0,0,-3000.0,-6878.0,,,,
2701,萬企,上市,,,-7000.0,0,0,-7000.0,,,,
8466,美吉吉-KY,上市,,,-7000.0,0,0,-7000.0,,,,
9927,泰銘,上市,,,-7000.0,0,0,-7000.0,,,,
1906,寶隆,上市,,,-7000.0,0,0,-7000.0,,,,
5525,順天,上市,,,-7000.0,0,0,-7000.0,,,,
1220,台榮,上市,,,-7000.0,0,0,-7000.0,,,,
2901,欣欣,上市,,,-10000.0,0,3000.0,-7000.0,,,,
2881B,富邦金乙特,上市,,,0,0,-7000.0,-7000.0,,,,
6414,樺漢,上市,,,-14516.0,8000.0,-703.0,-7219.0,,,,
5284,jpp-KY,上市,,,20010.0,-16402.0,-11488.0,-7880.0,,,,
4585,達明,上市,,,-7954.0,0,0,-7954.0,,,,
2923,鼎固-KY,上市,,,5000.0,0,-13000.0,-8000.0,,,,
2028,威致,上市,,,-8000.0,0,0,-8000.0,,,,
1752,南光,上市,,,-8000.0,0,0,-8000.0,,,,
1530,亞崴,上市,,,-8000.0,0,0,-8000.0,,,,
1512,瑞利,上市,,,-8000.0,0,0,-8000.0,,,,
2506,太設,上市,,,-8000.0,0,0,-8000.0,,,,
1583,程泰,上市,,,-8000.0,0,-3.0,-8003.0,,,,
8462,柏文,上市,,,-8252.0,0,0,-8252.0,,,,
00730,富邦臺灣優質高息,上市,,,-7000.0,0,-1599.0,-8599.0,,,,
2882B,國泰金乙特,上市,,,0,0,-9000.0,-9000.0,,,,
2762,世界健身-KY,上市,,,-9000.0,0,0,-9000.0,,,,
6183,關貿,上市,,,-9000.0,0,0,-9000.0,,,,
00656R,國泰中國A50反1,上市,,,0,0,-9000.0,-9000.0,,,,
2373,震旦行,上市,,,-9000.0,0,0,-9000.0,,,,
6958,日盛台駿,上市,,,-9000.0,0,0,-9000.0,,,,
1463,強盛新,上市,,,-9000.0,0,0,-9000.0,,,,
1234,黑松,上市,,,-10000.0,0,448.0,-9552.0,,,,
1783,和康生,上市,,,-14000.0,0,4000.0,-10000.0,,,,
2739,寒舍,上市,,,-10000.0,0,0,-10000.0,,,,
00762,元大全球AI,上市,,,-8000.0,0,-2289.0,-10289.0,,,,
00908,富邦入息REITs+,上市,,,1000.0,0,-11415.0,-10415.0,,,,
3038,全台,上市,,,-3486.0,0,-7000.0,-10486.0,,,,
6914,阜爾運通,上市,,,-11945.0,0,1000.0,-10945.0,,,,
00702,國泰標普低波高息,上市,,,50.0,0,-11000.0,-10950.0,,,,
02001L,富邦蘋果正二N,上市,,,0,0,-11000.0,-11000.0,,,,
9136,巨騰-DR,上市,,,-11000.0,0,0,-11000.0,,,,
6790,永豐實,上市,,,-11000.0,0,-237.0,-11237.0,,,,
4770,上品,上市,,,13996.0,0,-25270.0,-11274.0,,,,
1324,地球,上市,,,-12000.0,0,0,-12000.0,,,,
6184,大豐電,上市,,,-12000.0,0,0,-12000.0,,,,
00739,元大MSCI A股,上市,,,0,0,-12178.0,-12178.0,,,,
2939,永邑-KY,上市,,,-13000.0,0,0,-13000.0,,,,
6796,晉弘,上市,,,-13000.0,0,0,-13000.0,,,,
2705,六福,上市,,,-13000.0,0,0,-13000.0,,,,
3380,明泰,上市,,,-34336.0,0,20824.0,-13512.0,,,,
3419,譁裕,上市,,,-14000.0,0,0,-14000.0,,,,
2434,統懋,上市,,,-14000.0,0,0,-14000.0,,,,
9946,三發地產,上市,,,-14000.0,0,0,-14000.0,,,,
3588,通嘉,上市,,,-14288.0,0,229.0,-14059.0,,,,
00897,富邦基因免疫生技,上市,,,-707000.0,0,692442.0,-14558.0,,,,
0061,元大寶滬深,上市,,,1000.0,0,-15571.0,-14571.0,,,,
2109,華豐,上市,,,-15002.0,0,0,-15002.0,,,,
1452,宏益,上市,,,-15244.0,0,0,-15244.0,,,,
00675L,富邦臺灣加權正2,上市,,,72000.0,0,-87829.0,-15829.0,,,,
4552,力達-KY,上市,,,-16000.0,0,0,-16000.0,,,,
5484,慧友,上市,,,-16000.0,0,0,-16000.0,,,,
6902,GOGOLOOK,上市,,,-18000.0,0,2000.0,-16000.0,,,,
8341,日友,上市,,,-15000.0,-1000.0,-60.0,-16060.0,,,,
00752,中信中國50,上市,,,-14000.0,0,-2845.0,-16845.0,,,,
3617,碩天,上市,,,-13965.0,0,-3075.0,-17040.0,,,,
3528,安馳,上市,,,-27369.0,0,10000.0,-17369.0,,,,
3669,圓展,上市,,,-18000.0,0,0,-18000.0,,,,
3027,盛達,上市,,,-18000.0,0,0,-18000.0,,,,
9902,台火,上市,,,-18000.0,0,0,-18000.0,,,,
00638R,元大滬深300反1,上市,,,0,0,-18000.0,-18000.0,,,,
6838,台新藥,上市,,,-18000.0,0,0,-18000.0,,,,
2014,中鴻,上市,,,-18130.0,0,0,-18130.0,,,,
00710B,復華彭博非投等債,上市,,,88000.0,0,-106141.0,-18141.0,,,,
00636,國泰中國A50,上市,,,1000.0,0,-19448.0,-18448.0,,,,
6243,迅杰,上市,,,-18876.0,0,0,-18876.0,,,,
7730,暉盛-創,上市,,,-21658.0,0,2657.0,-19001.0,,,,
7786,東方風能,上市,,,-20000.0,0,0,-20000.0,,,,
3321,同泰,上市,,,-21000.0,0,1000.0,-20000.0,,,,
6753,龍德造船,上市,,,-9000.0,0,-11156.0,-20156.0,,,,
2477,美隆電,上市,,,-12000.0,-1698.0,-7000.0,-20698.0,,,,
00991B,貝萊德A級公司債,上市,,,1010000.0,0,-1030844.0,-20844.0,,,,
2429,銘旺科,上市,,,-21000.0,0,0,-21000.0,,,,
2509,全坤建,上市,,,-21000.0,0,0,-21000.0,,,,
3003,健和興,上市,,,-17313.0,0,-4016.0,-21329.0,,,,
020034,元大IC設計N,上市,,,0,0,-22000.0,-22000.0,,,,
9906,欣巴巴,上市,,,-22000.0,0,0,-22000.0,,,,
6582,申豐,上市,,,-22000.0,0,-4.0,-22004.0,,,,
8072,陞泰,上市,,,-23000.0,0,0,-23000.0,,,,
2887H,台新新光庚特二,上市,,,-23000.0,0,0,-23000.0,,,,
1615,大山,上市,,,-23000.0,-1000.0,0,-24000.0,,,,
2420,新巨,上市,,,-20978.0,0,-3923.0,-24901.0,,,,
6477,安集,上市,,,-25000.0,0,33.0,-24967.0,,,,
00668,國泰美國道瓊,上市,,,0,0,-25500.0,-25500.0,,,,
00731,復華富時高息低波,上市,,,-23000.0,0,-2937.0,-25937.0,,,,
2887Z1,台新新光己特,上市,,,-26000.0,0,0,-26000.0,,,,
6657,華安,上市,,,-26000.0,0,0,-26000.0,,,,
1514,亞力,上市,,,-12937.0,0,-13100.0,-26037.0,,,,
00852L,國泰美國道瓊正2,上市,,,0,0,-26893.0,-26893.0,,,,
3686,達能,上市,,,-26000.0,0,-1000.0,-27000.0,,,,
1713,國化,上市,,,-41000.0,0,14000.0,-27000.0,,,,
2514,龍邦,上市,,,-27000.0,0,0,-27000.0,,,,
5269,祥碩,上市,,,-38170.0,8776.0,2306.0,-27088.0,,,,
2432,倚天酷碁-創,上市,,,-29000.0,0,1764.0,-27236.0,,,,
2611,志信,上市,,,-23468.0,0,-4000.0,-27468.0,,,,
3533,嘉澤,上市,,,-23296.0,1627.0,-6467.0,-28136.0,,,,
2387,精元,上市,,,-22000.0,-3893.0,-2542.0,-28435.0,,,,
2397,友通,上市,,,-28792.0,0,0,-28792.0,,,,
00651R,復華香港反1,上市,,,0,0,-29052.0,-29052.0,,,,
6409,旭隼,上市,,,-26627.0,0,-2431.0,-29058.0,,,,
4771,望隼,上市,,,-28100.0,0,-1008.0,-29108.0,,,,
6799,來頡,上市,,,-30016.0,0,0,-30016.0,,,,
3032,偉訓,上市,,,-30498.0,0,0,-30498.0,,,,
00653L,富邦印度正2,上市,,,-1000.0,0,-29605.0,-30605.0,,,,
006208,富邦台50,上市,,,-258049.0,0,227312.0,-30737.0,,,,
3040,遠見,上市,,,-30800.0,0,0,-30800.0,,,,
4555,氣立,上市,,,-33515.0,0,1038.0,-32477.0,,,,
4746,台耀,上市,,,-33000.0,0,0,-33000.0,,,,
3665,貿聯-KY,上市,,,929768.0,-999130.0,36050.0,-33312.0,,,,
4569,六方科-KY,上市,,,-34000.0,0,0,-34000.0,,,,
2459,敦吉,上市,,,-34000.0,0,0,-34000.0,,,,
1527,鑽全,上市,,,-34000.0,0,0,-34000.0,,,,
1451,年興,上市,,,-36000.0,0,0,-36000.0,,,,
6598,ABC-KY,上市,,,-37000.0,0,1000.0,-36000.0,,,,
6592,和潤企業,上市,,,-36000.0,0,-159.0,-36159.0,,,,
2029,盛餘,上市,,,-36891.0,0,0,-36891.0,,,,
1437,勤益控,上市,,,-37000.0,0,0,-37000.0,,,,
9935,慶豐富,上市,,,-35000.0,-2089.0,0,-37089.0,,,,
2457,飛宏,上市,,,3715.0,0,-41200.0,-37485.0,,,,
6024,群益期,上市,,,-36715.0,-1000.0,0,-37715.0,,,,
4942,嘉彰,上市,,,-38000.0,0,0,-38000.0,,,,
3025,星通,上市,,,-39588.0,0,0,-39588.0,,,,
1464,得力,上市,,,-49998.0,0,10000.0,-39998.0,,,,
00738U,期元大道瓊白銀,上市,,,30000.0,0,-71293.0,-41293.0,,,,
0053,元大電子,上市,,,-5000.0,0,-38838.0,-43838.0,,,,
6215,和椿,上市,,,-44000.0,0,-77.0,-44077.0,,,,
6781,AES-KY,上市,,,-44548.0,-148.0,-4538.0,-49234.0,,,,
1806,冠軍,上市,,,-49891.0,0,0,-49891.0,,,,
1611,中電,上市,,,6282.0,0,-57000.0,-50718.0,,,,
6937,天虹,上市,,,-50080.0,0,-1966.0,-52046.0,,,,
8033,雷虎,上市,,,-53024.0,0,413.0,-52611.0,,,,
3530,晶相光,上市,,,-53000.0,0,0,-53000.0,,,,
9925,新保,上市,,,-56000.0,0,2000.0,-54000.0,,,,
8411,福貞-KY,上市,,,-2000.0,0,-52000.0,-54000.0,,,,
2491,吉祥全,上市,,,-58001.0,0,4000.0,-54001.0,,,,
00763U,期街口道瓊銅,上市,,,-4000.0,0,-50049.0,-54049.0,,,,
1532,勤美,上市,,,-83958.0,0,29001.0,-54957.0,,,,
3712,永崴投控,上市,,,-56000.0,0,0,-56000.0,,,,
020020,元大台股領航N,上市,,,0,0,-56000.0,-56000.0,,,,
3376,新日興,上市,,,3300.0,0,-60664.0,-57364.0,,,,
7740,熙特爾-創,上市,,,-58000.0,0,-1369.0,-59369.0,,,,
1598,岱宇,上市,,,-56035.0,0,-4000.0,-60035.0,,,,
1103,嘉泥,上市,,,-60120.0,0,0,-60120.0,,,,
7822,倍利科,上市,,,-45620.0,0,-14993.0,-60613.0,,,,
2706,第一店,上市,,,-61000.0,0,0,-61000.0,,,,
5236,凌陽創新,上市,,,-63000.0,0,0,-63000.0,,,,
3550,聯穎,上市,,,-73064.0,0,9000.0,-64064.0,,,,
6589,台康生技,上市,,,-65768.0,0,1000.0,-64768.0,,,,
009812,野村日本東證,上市,,,-8000.0,0,-57798.0,-65798.0,,,,
3592,瑞鼎,上市,,,-94000.0,26301.0,0,-67699.0,,,,
4195,基米-創,上市,,,-32000.0,0,-37397.0,-69397.0,,,,
3046,建碁,上市,,,-67194.0,0,-2503.0,-69697.0,,,,
1473,台南,上市,,,-70000.0,0,0,-70000.0,,,,
9958,世紀鋼,上市,,,-58328.0,-1000.0,-12000.0,-71328.0,,,,
5203,訊連,上市,,,-73968.0,0,2350.0,-71618.0,,,,
00639,富邦深100,上市,,,-5000.0,0,-68017.0,-73017.0,,,,
3054,立萬利,上市,,,-74000.0,0,0,-74000.0,,,,
9955,佳龍,上市,,,-76000.0,0,0,-76000.0,,,,
00663L,國泰臺灣加權正2,上市,,,37000.0,0,-113193.0,-76193.0,,,,
5222,全訊,上市,,,-77628.0,-1000.0,80.0,-78548.0,,,,
3591,艾笛森,上市,,,-76998.0,0,-3000.0,-79998.0,,,,
2505,國揚,上市,,,-14000.0,0,-66000.0,-80000.0,,,,
00643,群益深証中小,上市,,,17000.0,0,-97207.0,-80207.0,,,,
2617,台航,上市,,,-83700.0,0,2999.0,-80701.0,,,,
3576,聯合再生,上市,,,-97678.0,0,16000.0,-81678.0,,,,
6715,嘉基,上市,,,-285367.0,200000.0,1958.0,-83409.0,,,,
009804,聯邦台精彩50,上市,,,-91000.0,0,7515.0,-83485.0,,,,
4952,凌通,上市,,,-78000.0,0,-6000.0,-84000.0,,,,
8114,振樺電,上市,,,-86814.0,0,-101.0,-86915.0,,,,
2338,光罩,上市,,,-90517.0,0,2936.0,-87581.0,,,,
00913,兆豐台灣晶圓製造,上市,,,-125869.0,0,38241.0,-87628.0,,,,
3044,健鼎,上市,,,-170286.0,95000.0,-12809.0,-88095.0,,,,
6805,富世達,上市,,,-107659.0,10000.0,9492.0,-88167.0,,,,
3563,牧德,上市,,,-61201.0,-9000.0,-18576.0,-88777.0,,,,
6585,鼎基,上市,,,-91964.0,0,0,-91964.0,,,,
6890,來億-KY,上市,,,-107593.0,0,14835.0,-92758.0,,,,
2633,台灣高鐵,上市,,,398993.0,-490000.0,-2000.0,-93007.0,,,,
8011,台通,上市,,,-90308.0,0,-3000.0,-93308.0,,,,
3653,健策,上市,,,62796.0,-159121.0,2756.0,-93569.0,,,,
2511,太子,上市,,,-98970.0,0,0,-98970.0,,,,
6994,富威電力,上市,,,-99000.0,0,0,-99000.0,,,,
00894,中信小資高價30,上市,,,2016.0,0,-101637.0,-99621.0,,,,
2415,錩新,上市,,,-100899.0,0,-24.0,-100923.0,,,,
00678,群益那斯達克生技,上市,,,-54000.0,0,-49027.0,-103027.0,,,,
6695,芯鼎,上市,,,-103414.0,0,-1.0,-103415.0,,,,
3033,威健,上市,,,-104364.0,-5689.0,4635.0,-105418.0,,,,
4540,全球傳動,上市,,,-108000.0,0,587.0,-107413.0,,,,
6416,瑞祺電通,上市,,,-94888.0,0,-13533.0,-108421.0,,,,
2528,皇普,上市,,,17000.0,-5129.0,-121000.0,-109129.0,,,,
2351,順德,上市,,,-31322.0,0,-79069.0,-110391.0,,,,
2612,中航,上市,,,-108980.0,0,-2001.0,-110981.0,,,,
7827,漢康-KY創,上市,,,-117993.0,0,4256.0,-113737.0,,,,
4164,承業醫,上市,,,-107589.0,0,-7000.0,-114589.0,,,,
3518,柏騰,上市,,,-132999.0,0,14722.0,-118277.0,,,,
2020,美亞,上市,,,-115710.0,0,-6000.0,-121710.0,,,,
00956,中信日經高股息,上市,,,-2000.0,0,-120103.0,-122103.0,,,,
00708L,期元大S&P黃金正2,上市,,,33200.0,0,-155322.0,-122122.0,,,,
00885,富邦越南,上市,,,15000.0,0,-139785.0,-124785.0,,,,
2476,鉅祥,上市,,,-75382.0,0,-51365.0,-126747.0,,,,
3622,洋華,上市,,,-126663.0,0,-3080.0,-129743.0,,,,
00700,富邦恒生國企,上市,,,0,0,-129923.0,-129923.0,,,,
2466,冠西電,上市,,,-138640.0,0,3171.0,-135469.0,,,,
5292,華懋,上市,,,-137000.0,0,414.0,-136586.0,,,,
2608,嘉里大榮,上市,,,-46000.0,0,-91000.0,-137000.0,,,,
6165,浪凡,上市,,,-139114.0,0,0,-139114.0,,,,
00728,第一金工業30,上市,,,-119932.0,0,-19618.0,-139550.0,,,,
4763,材料*-KY,上市,,,903450.0,-691000.0,-352932.0,-140482.0,,,,
6533,晶心科,上市,,,-142003.0,0,-1000.0,-143003.0,,,,
00690,兆豐藍籌30,上市,,,43307.0,0,-186345.0,-143038.0,,,,
00982D,主動富邦動態入息,上市,,,137000.0,0,-280714.0,-143714.0,,,,
6206,飛捷,上市,,,-138000.0,-1577.0,-4401.0,-143978.0,,,,
00655L,國泰中國A50正2,上市,,,-23000.0,0,-125713.0,-148713.0,,,,
4764,雙鍵,上市,,,-178863.0,0,29744.0,-149119.0,,,,
00671R,富邦NASDAQ反1,上市,,,0,0,-150000.0,-150000.0,,,,
1519,華城,上市,,,-194557.0,-2140.0,43707.0,-152990.0,,,,
00665L,富邦恒生國企正2,上市,,,27000.0,0,-181424.0,-154424.0,,,,
6831,邁科,上市,,,-158336.0,0,-1438.0,-159774.0,,,,
4722,國精化,上市,,,-213306.0,0,51418.0,-161888.0,,,,
2486,一詮,上市,,,-164726.0,0,598.0,-164128.0,,,,
2468,華經,上市,,,-170327.0,0,0,-170327.0,,,,
5534,長虹,上市,,,-172000.0,0,-1663.0,-173663.0,,,,
2034,允強,上市,,,-171893.0,0,-5584.0,-177477.0,,,,
1597,直得,上市,,,-174483.0,0,-7171.0,-181654.0,,,,
2006,東和鋼鐵,上市,,,463359.0,-684259.0,38997.0,-181903.0,,,,
6541,泰福-KY,上市,,,-182247.0,0,0,-182247.0,,,,
4739,康普,上市,,,-211670.0,0,8769.0,-202901.0,,,,
6412,群電,上市,,,-193000.0,0,-13513.0,-206513.0,,,,
2357,華碩,上市,,,-174883.0,-64864.0,26418.0,-213329.0,,,,
2208,台船,上市,,,-217000.0,0,-224.0,-217224.0,,,,
2472,立隆電,上市,,,-550284.0,99000.0,232474.0,-218810.0,,,,
3029,零壹,上市,,,-224947.0,-1662.0,6830.0,-219779.0,,,,
8112,至上,上市,,,-220358.0,0,-16542.0,-236900.0,,,,
2483,百容,上市,,,-246412.0,0,0,-246412.0,,,,
6235,華孚,上市,,,-246000.0,0,-6367.0,-252367.0,,,,
3005,神基,上市,,,-356024.0,46597.0,54811.0,-254616.0,,,,
3008,大立光,上市,,,-392817.0,29511.0,106868.0,-256438.0,,,,
1455,集盛,上市,,,-255424.0,0,-3294.0,-258718.0,,,,
6168,宏齊,上市,,,-269373.0,0,4497.0,-264876.0,,,,
3015,全漢,上市,,,-210200.0,-55000.0,-278.0,-265478.0,,,,
00635U,期元大S&P黃金,上市,,,-16600.0,0,-254252.0,-270852.0,,,,
9910,豐泰,上市,,,-268718.0,-8000.0,-360.0,-277078.0,,,,
6579,研揚,上市,,,-233000.0,0,-45389.0,-278389.0,,,,
8016,矽創,上市,,,-300987.0,20202.0,-538.0,-281323.0,,,,
4576,大銀微系統,上市,,,-278158.0,0,-6172.0,-284330.0,,,,
3545,敦泰,上市,,,-282713.0,0,-3948.0,-286661.0,,,,
8271,宇瞻,上市,,,-291000.0,-1000.0,-157.0,-292157.0,,,,
4755,三福化,上市,,,-319813.0,0,16472.0,-303341.0,,,,
4961,天鈺,上市,,,-300705.0,36000.0,-39963.0,-304668.0,,,,
00633L,富邦上証正2,上市,,,0,0,-305119.0,-305119.0,,,,
2548,華固,上市,,,-5100.0,1400.0,-303542.0,-307242.0,,,,
6226,光鼎,上市,,,-324000.0,0,5000.0,-319000.0,,,,
00999A,主動野村臺灣高息,上市,,,-1452059.0,0,1132035.0,-320024.0,,,,
2495,普安,上市,,,-291097.0,0,-32072.0,-323169.0,,,,
6176,瑞儀,上市,,,-332934.0,0,1809.0,-331125.0,,,,
2345,智邦,上市,,,-215509.0,-73643.0,-53216.0,-342368.0,,,,
5469,瀚宇博,上市,,,-341738.0,0,-2129.0,-343867.0,,,,
2465,麗臺,上市,,,-346412.0,0,0,-346412.0,,,,
2493,揚博,上市,,,-376958.0,0,28378.0,-348580.0,,,,
00408A,主動第一金優股息,上市,,,-38000.0,0,-315409.0,-353409.0,,,,
0055,元大MSCI金融,上市,,,32000.0,-60000.0,-329219.0,-357219.0,,,,
6449,鈺邦,上市,,,-471383.0,0,111027.0,-360356.0,,,,
00898,國泰基因免疫革命,上市,,,-590000.0,0,228223.0,-361777.0,,,,
2887I,台新新光辛特,上市,,,-362000.0,0,0,-362000.0,,,,
2606,裕民,上市,,,-381147.0,63000.0,-49219.0,-367366.0,,,,
6526,達發,上市,,,-412473.0,30000.0,11529.0,-370944.0,,,,
6257,矽格,上市,,,-1329387.0,577000.0,379215.0,-373172.0,,,,
6139,亞翔,上市,,,-390316.0,-2089.0,14001.0,-378404.0,,,,
2104,國際中橡,上市,,,-441035.0,0,56236.0,-384799.0,,,,
3013,晟銘電,上市,,,-444410.0,0,56226.0,-388184.0,,,,
6117,迎廣,上市,,,-385680.0,0,-10781.0,-396461.0,,,,
2855,統一證,上市,,,-462104.0,60712.0,0,-401392.0,,,,
3583,辛耘,上市,,,-286445.0,-78000.0,-38897.0,-403342.0,,,,
2395,研華,上市,,,-301266.0,-93335.0,-12628.0,-407229.0,,,,
1773,勝一,上市,,,-388438.0,-1000.0,-18678.0,-408116.0,,,,
4967,十銓,上市,,,-424847.0,0,-13924.0,-438771.0,,,,
2316,楠梓電,上市,,,-517601.0,0,74988.0,-442613.0,,,,
3311,閎暉,上市,,,-403661.0,0,-46000.0,-449661.0,,,,
5388,中磊,上市,,,-504000.0,0,53844.0,-450156.0,,,,
00980A,主動野村臺灣優選,上市,,,-272958.0,-2372000.0,2193932.0,-451026.0,,,,
5234,達興材料,上市,,,-436435.0,-4000.0,-11163.0,-451598.0,,,,
5608,四維航,上市,,,-348011.0,0,-113000.0,-461011.0,,,,
3704,合勤控,上市,,,-461000.0,0,-5058.0,-466058.0,,,,
00995A,主動中信台灣卓越,上市,,,-169864.0,0,-304587.0,-474451.0,,,,
6531,愛普*,上市,,,-498312.0,12940.0,-14784.0,-500156.0,,,,
2379,瑞昱,上市,,,-597294.0,86000.0,5085.0,-506209.0,,,,
6919,康霈*,上市,,,-520762.0,0,-4334.0,-525096.0,,,,
6669,緯穎,上市,,,-484121.0,-17403.0,-29347.0,-530871.0,,,,
1721,國慶科技,上市,,,-543184.0,0,2000.0,-541184.0,,,,
2485,兆赫,上市,,,-830740.0,0,285220.0,-545520.0,,,,
00909,國泰數位支付服務,上市,,,-553990.0,0,-16193.0,-570183.0,,,,
6426,統新,上市,,,-583970.0,0,7283.0,-576687.0,,,,
8210,勤誠,上市,,,-511810.0,-68000.0,689.0,-579121.0,,,,
2892,第一金,上市,,,-590676.0,-35136.0,42155.0,-583657.0,,,,
00715L,期街口布蘭特正2,上市,,,16000.0,0,-601892.0,-585892.0,,,,
3014,聯陽,上市,,,-474590.0,49863.0,-163602.0,-588329.0,,,,
6155,鈞寶,上市,,,-705223.0,0,113135.0,-592088.0,,,,
6949,沛爾生醫*-創,上市,,,-516126.0,0,-84076.0,-600202.0,,,,
00953B,群益優選非投等債,上市,,,183500.0,-1060000.0,264031.0,-612469.0,,,,
5243,乙盛-KY,上市,,,-582990.0,0,-37186.0,-620176.0,,,,
00405A,主動富邦台灣龍耀,上市,,,-5136850.0,0,4515173.0,-621677.0,,,,
2603,長榮,上市,,,-676223.0,189397.0,-148961.0,-635787.0,,,,
2399,映泰,上市,,,-629347.0,0,-11831.0,-641178.0,,,,
2330,台積電,上市,,,-1163351.0,66926.0,447067.0,-649358.0,,,,
00964,中信亞太高股息,上市,,,-42000.0,0,-637000.0,-679000.0,,,,
3209,全科,上市,,,-647262.0,0,-32410.0,-679672.0,,,,
5521,工信,上市,,,-681932.0,0,0,-681932.0,,,,
2646,星宇航空,上市,,,-608000.0,0,-80000.0,-688000.0,,,,
00865B,國泰US短期公債,上市,,,-1990.0,0,-691483.0,-693473.0,,,,
4915,致伸,上市,,,63100.0,-765185.0,-5697.0,-707782.0,,,,
8163,達方,上市,,,-696000.0,0,-13643.0,-709643.0,,,,
4938,和碩,上市,,,-674692.0,-144217.0,66587.0,-752322.0,,,,
3034,聯詠,上市,,,-860020.0,94592.0,-5201.0,-770629.0,,,,
3036,文曄,上市,,,-2014692.0,1293000.0,-53565.0,-775257.0,,,,
7788,松川精密,上市,,,-624354.0,0,-162077.0,-786431.0,,,,
6213,聯茂,上市,,,-359158.0,-76000.0,-356678.0,-791836.0,,,,
00917,中信特選金融,上市,,,10000.0,0,-805324.0,-795324.0,,,,
9933,中鼎,上市,,,-934648.0,-57400.0,146432.0,-845616.0,,,,
8261,富鼎,上市,,,-829071.0,0,-17496.0,-846567.0,,,,
009821,野村稀土關鍵資源,上市,,,463000.0,0,-1320901.0,-857901.0,,,,
4927,泰鼎-KY,上市,,,-1067108.0,0,200722.0,-866386.0,,,,
2605,新興,上市,,,-1059274.0,-1000.0,184048.0,-876226.0,,,,
2375,凱美,上市,,,-951012.0,0,70828.0,-880184.0,,,,
00410A,主動永豐科技趨勢,上市,,,-1040000.0,0,148526.0,-891474.0,,,,
2601,益航,上市,,,-868160.0,0,-28000.0,-896160.0,,,,
1727,中華化,上市,,,-890181.0,0,-11907.0,-902088.0,,,,
00641R,富邦日本反1,上市,,,0,0,-920000.0,-920000.0,,,,
6120,達運,上市,,,-874095.0,0,-51000.0,-925095.0,,,,
2368,金像電,上市,,,-1816224.0,1102557.0,-219976.0,-933643.0,,,,
2634,漢翔,上市,,,-926910.0,-14000.0,-3476.0,-944386.0,,,,
2354,鴻準,上市,,,-903165.0,0,-77097.0,-980262.0,,,,
8021,尖點,上市,,,-1152066.0,228000.0,-58868.0,-982934.0,,,,
2436,偉詮電,上市,,,-722630.0,0,-353220.0,-1075850.0,,,,
3006,晶豪科,上市,,,-1063659.0,0,-12276.0,-1075935.0,,,,
3017,奇鋐,上市,,,-1058722.0,54334.0,-102172.0,-1106560.0,,,,
00676R,富邦臺灣加權反1,上市,,,23000.0,0,-1146048.0,-1123048.0,,,,
2254,巨鎧精密-創,上市,,,-1161780.0,0,4045.0,-1157735.0,,,,
00688L,國泰20年美債正2,上市,,,-80000.0,0,-1096179.0,-1176179.0,,,,
3031,佰鴻,上市,,,-1181100.0,0,-1000.0,-1182100.0,,,,
009805,台新美國電力基建,上市,,,625000.0,0,-1839552.0,-1214552.0,,,,
6515,穎崴,上市,,,-717729.0,-537034.0,7530.0,-1247233.0,,,,
00943,兆豐電子高息等權,上市,,,-714000.0,0,-564703.0,-1278703.0,,,,
2637,慧洋-KY,上市,,,-1275903.0,16719.0,-62747.0,-1321931.0,,,,
3711,日月光投控,上市,,,-1409998.0,31797.0,26468.0,-1351733.0,,,,
4916,事欣科,上市,,,-1462923.0,0,30804.0,-1432119.0,,,,
00963,中信全球高股息,上市,,,-122000.0,0,-1327162.0,-1449162.0,,,,
3450,聯鈞,上市,,,-1194569.0,-335000.0,-25108.0,-1554677.0,,,,
00637L,元大滬深300正2,上市,,,-24000.0,0,-1537592.0,-1561592.0,,,,
2367,燿華,上市,,,-1395926.0,0,-177852.0,-1573778.0,,,,
6005,群益證,上市,,,-1643813.0,-5000.0,0,-1648813.0,,,,
00881,國泰台灣科技龍頭,上市,,,-1338303.0,0,-320452.0,-1658755.0,,,,
2455,全新,上市,,,1850713.0,-3508000.0,-32757.0,-1690044.0,,,,
00892,富邦台灣半導體,上市,,,-749350.0,0,-964917.0,-1714267.0,,,,
2614,東森,上市,,,-1762358.0,0,0,-1762358.0,,,,
00985B,群益ESG投等債0-5,上市,,,-101000.0,0,-1661696.0,-1762696.0,,,,
3090,日電貿,上市,,,-1992488.0,100000.0,121323.0,-1771165.0,,,,
2449,京元電子,上市,,,-1916599.0,-66829.0,98753.0,-1884675.0,,,,
00401A,主動摩根台灣鑫收,上市,,,-286000.0,0,-1651978.0,-1937978.0,,,,
2308,台達電,上市,,,-2067353.0,196833.0,-109756.0,-1980276.0,,,,
2474,可成,上市,,,-1946024.0,-18293.0,-42309.0,-2006626.0,,,,
00680L,元大美債20正2,上市,,,67000.0,0,-2135726.0,-2068726.0,,,,
00981A,主動統一台股增長,上市,,,2542933.0,0,-4663800.0,-2120867.0,,,,
009829,大華韓國KOSPI50,上市,,,-962988.0,0,-1189466.0,-2152454.0,,,,
2478,大毅,上市,,,-2192662.0,0,38740.0,-2153922.0,,,,
009827,玉山未來全球算力,上市,,,93000.0,0,-2339000.0,-2246000.0,,,,
3605,宏致,上市,,,-2258386.0,0,-85084.0,-2343470.0,,,,
8150,南茂,上市,,,-2169566.0,40000.0,-217592.0,-2347158.0,,,,
00912,中信臺灣智慧50,上市,,,-65955.0,0,-2328824.0,-2394779.0,,,,
6285,啟碁,上市,,,-2299676.0,-8208.0,-242658.0,-2550542.0,,,,
2371,大同,上市,,,-2826500.0,-96000.0,203490.0,-2719010.0,,,,
1709,和益,上市,,,-3122598.0,0,-18392.0,-3140990.0,,,,
2454,聯發科,上市,,,-2769280.0,-285010.0,-130785.0,-3185075.0,,,,
00935,野村臺灣新科技50,上市,,,-1488351.0,-871000.0,-1274695.0,-3634046.0,,,,
009803,玉山市值動能50,上市,,,-2058000.0,0,-1583496.0,-3641496.0,,,,
00904,台新臺灣半導體30,上市,,,-123000.0,0,-3565271.0,-3688271.0,,,,
00878,國泰永續高股息,上市,,,272700.0,0,-4059113.0,-3786413.0,,,,
2337,旺宏,上市,,,-3761643.0,0,-99826.0,-3861469.0,,,,
2356,英業達,上市,,,-3961166.0,-18000.0,48174.0,-3930992.0,,,,
6239,力成,上市,,,-3877640.0,102000.0,-554622.0,-4330262.0,,,,
6116,彩晶,上市,,,-5103031.0,0,715278.0,-4387753.0,,,,
2002,中鋼,上市,,,-4203392.0,-283000.0,-3984.0,-4490376.0,,,,
1711,永光,上市,,,-4278158.0,0,-245692.0,-4523850.0,,,,
2324,仁寶,上市,,,-4579307.0,-12000.0,-137768.0,-4729075.0,,,,
00922,國泰台灣領袖50,上市,,,-1364576.0,0,-3545357.0,-4909933.0,,,,
4906,正文,上市,,,-5044473.0,0,-188668.0,-5233141.0,,,,
00918,大華優利高填息30,上市,,,-1919029.0,0,-3720573.0,-5639602.0,,,,
00753L,中信中國50正2,上市,,,230000.0,0,-6953199.0,-6723199.0,,,,
2376,技嘉,上市,,,-6748569.0,-272000.0,-11840.0,-7032409.0,,,,
00891,中信關鍵半導體,上市,,,-5526881.0,0,-1881405.0,-7408286.0,,,,
2313,華通,上市,,,-6955453.0,111000.0,-588249.0,-7432702.0,,,,
00984A,主動安聯台灣高息,上市,,,-2761000.0,0,-4805406.0,-7566406.0,,,,
00947,台新臺灣IC設計,上市,,,-4591216.0,0,-3039017.0,-7630233.0,,,,
00962,台新AI優息動能,上市,,,65000.0,0,-7913280.0,-7848280.0,,,,
00996A,主動兆豐台灣豐收,上市,,,-1035000.0,0,-7347396.0,-8382396.0,,,,
00929,復華台灣科技優息,上市,,,-8104505.0,0,-342719.0,-8447224.0,,,,
2890,永豐金,上市,,,-11525914.0,1896485.0,208357.0,-9421072.0,,,,
2408,南亞科,上市,,,-7464541.0,-1496739.0,-651069.0,-9612349.0,,,,
00934,中信成長高股息,上市,,,-13900.0,0,-10552183.0,-10566083.0,,,,
3231,緯創,上市,,,-9225689.0,-1754924.0,94469.0,-10886144.0,,,,
0056,元大高股息,上市,,,-2740587.0,0,-8673986.0,-11414573.0,,,,
0052,富邦科技,上市,,,-3100537.0,0,-9336877.0,-12437414.0,,,,
2317,鴻海,上市,,,-11742552.0,-625772.0,-270662.0,-12638986.0,,,,
00631L,元大台灣50正2,上市,,,-5223501.0,0,-11944530.0,-17168031.0,,,,
00992A,主動群益科技創新,上市,,,-14844950.0,0,-18647699.0,-33492649.0,,,,
0050,元大台灣50,上市,,,-24147050.0,0,-9617109.0,-33764159.0,,,,
00685L,群益臺灣加權正2,上市,,,522208.0,0,-35404150.0,-34881942.0,,,,
2303,聯電,上市,,,-15334483.0,-19779101.0,-351307.0,-35464891.0,,,,
00927,群益半導體收益,上市,,,-4062685.0,-144000.0,-35377667.0,-39584352.0,,,,
6770,力積電,上市,,,-36305486.0,-135851.0,-3218566.0,-39659903.0,,,,
00712,復華富時不動產,上市,,,-15756900.0,0,-26984879.0,-42741779.0,,,,
00985A,主動野村台灣50,上市,,,-433500.0,0,-42418958.0,-42852458.0,,,,
00400A,主動國泰動能高息,上市,,,-19645213.0,0,-25261080.0,-44906293.0,,,,
009828,中信台日韓PCB,上市,,,-25618000.0,82000.0,-23283788.0,-48819788.0,,,,
009816,凱基台灣TOP50,上市,,,-6855230.0,0,-51253180.0,-58108410.0,,,,
2409,友達,上市,,,-76192815.0,-21934.0,-3892286.0,-80107035.0,,,,
00406A,主動中信台灣收益,上市,,,-82035135.0,0,-78435862.0,-160470997.0,,,,
00411A,主動統一前沿科技,上櫃,11.23,1.6289592760180993,-1573965.0,0,-9204897.0,-10778862.0,-17675626.95,0.0,-103370993.31,-121046620.26
006201,元大富櫃50,上櫃,48.48,-0.24691358024691362,-3000.0,0,-38109.0,-41109.0,-145440.0,0.0,-1847524.3199999998,-1992964.3199999998
00679B,元大美債20年,上櫃,24.3,-0.12330456226880393,608090.0,0,-3798897.0,-3190807.0,14776587.0,0.0,-92313197.10000001,-77536610.10000001
00687B,國泰20年美債,上櫃,25.24,-0.19770660340055357,3910100.0,0,-5237778.0,-1327678.0,98690924.0,0.0,-132201516.72,-33510592.72
00687C,國泰20年美債+櫃U,上櫃,8.56,-0.2331002331002331,0,0,-100.0,-100.0,0.0,0.0,-856.0,-856.0
00694B,富邦美債1-3,上櫃,41.72,0.16806722689075634,0,56000.0,-53023.0,2977.0,0.0,2336320.0,-2212119.56,124200.44
00695B,富邦美債7-10,上櫃,33.56,0.1791044776119403,1000.0,0,-27177.0,-26177.0,33560.0,0.0,-912060.1200000001,-878500.1200000001
00696B,富邦美債20年,上櫃,26.49,-0.07544322897019994,47000.0,763000.0,-1326471.0,-516471.0,1245030.0,20211870.0,-35138216.79,-13681316.79
00697B,元大美債7-10,上櫃,33.84,0.11834319526627217,4000.0,0,-275550.0,-271550.0,135360.0,0.0,-9324612.000000002,-9189252.0
00719B,元大美債1-3,上櫃,31.02,0.1614465611882467,-50000.0,0,-1398154.0,-1448154.0,-1551000.0,0.0,-43370737.08,-44921737.08
00720B,元大投資級公司債,上櫃,30.5,0.23003614853762738,-3496555.0,0,-819212.0,-4315767.0,-106644927.5,0.0,-24985966.0,-131630893.5
00722B,群益投資級電信債,上櫃,32.74,0.214263850627487,85000.0,0,-190482.0,-105482.0,2782900.0,0.0,-6236380.680000001,-3453480.68
00723B,群益投資級科技債,上櫃,28.04,0.3220035778175313,-1000.0,0,45000.0,44000.0,-28040.0,0.0,1261800.0,1233760.0
00724B,群益投資級金融債,上櫃,31.34,0.38436899423446513,465000.0,0,-501157.0,-36157.0,14573100.0,0.0,-15706260.38,-1133160.38
00725B,國泰投資級公司債,上櫃,32.55,0.12303906490310675,983000.0,0,-1957894.0,-974894.0,31996649.999999996,0.0,-63729449.699999996,-31732799.699999996
00726B,國泰新興投等債,上櫃,31.0,0.5188067444876783,60000.0,0,-82000.0,-22000.0,1860000.0,0.0,-2542000.0,-682000.0
00727B,國泰優選非投等債,上櫃,39.01,0.5153311002318991,5000.0,0,-9528.0,-4528.0,195050.0,0.0,-371687.27999999997,-176637.28
00734B,台新JPM新興債,上櫃,,,0,0,0,0,,,,
00740B,富邦全球投等債,上櫃,35.59,0.22528865108420162,874000.0,0,-1170308.0,-296308.0,31105660.000000004,0.0,-41651261.720000006,-10545601.72
00741B,富邦全球非投等債,上櫃,36.7,0.46537092800437996,9000.0,0,3140.0,12140.0,330300.0,0.0,115238.00000000001,445538.00000000006
00746B,富邦A級公司債,上櫃,33.01,0.2125075895567699,160000.0,0,-129000.0,31000.0,5281600.0,0.0,-4258290.0,1023309.9999999999
00749B,凱基新興債10+,上櫃,29.34,0.7554945054945055,10000.0,0,-10000.0,0,293400.0,0.0,-293400.0,0.0
00750B,凱基科技債10+,上櫃,30.34,0.1650709805216243,5000.0,0,-5000.0,0,151700.0,0.0,-151700.0,0.0
00751B,元大AAA至A公司債,上櫃,28.54,0.14035087719298248,197079.0,0,-1009747.0,-812668.0,5624634.66,0.0,-28818179.38,-23193544.72
00754B,群益AAA-AA公司債,上櫃,29.96,0.0333889816360601,0,0,-69000.0,-69000.0,0.0,0.0,-2067240.0,-2067240.0
00755B,群益投資級公用債,上櫃,30.11,0.2664002664002664,8000.0,0,41564.0,49564.0,240880.0,0.0,1251492.04,1492372.04
00756B,群益投等新興公債,上櫃,28.73,0.7363253856942497,94000.0,0,-103844.0,-9844.0,2700620.0,0.0,-2983438.12,-282818.12
00758B,復華能源債,上櫃,47.79,-0.041832252666806104,0,0,0,0,0.0,0.0,0.0,0.0
00759B,復華製藥債,上櫃,50.25,0.099601593625498,-1000.0,0,960.0,-40.0,-50250.0,0.0,48240.0,-2010.0
00760B,復華新興企業債,上櫃,49.73,0.16112789526686808,3000.0,0,-3477.0,-477.0,149190.0,0.0,-172911.21,-23721.21
00761B,國泰A級公司債,上櫃,31.58,0.15857913098636223,243000.0,0,-409991.0,-166991.0,7673940.0,0.0,-12947515.78,-5273575.779999999
00764B,群益25年美債,上櫃,25.2,-0.15847860538827258,-6000.0,0,23074.0,17074.0,-151200.0,0.0,581464.7999999999,430264.8
00768B,復華20年美債,上櫃,45.2,-0.17667844522968199,-1000.0,0,-51717.0,-52717.0,-45200.0,0.0,-2337608.4000000004,-2382808.4000000004
00772B,中信高評級公司債,上櫃,30.87,0.2272727272727273,693000.0,0,-450274.0,242726.0,21392910.0,0.0,-13899958.38,7492951.62
00773B,中信優先金融債,上櫃,33.09,0.33353547604608846,611000.0,0,-569000.0,42000.0,20217990.000000004,0.0,-18828210.000000004,1389780.0000000002
00777B,凱基AAA至A公司債,上櫃,29.65,0.0,39000.0,0,-12000.0,27000.0,1156350.0,0.0,-355800.0,800550.0
00778B,凱基金融債20+,上櫃,31.48,0.4146730462519936,0,0,0,0,0.0,0.0,0.0,0.0
00779B,凱基美債25+,上櫃,25.44,0.0,-2000.0,0,-115000.0,-117000.0,-50880.0,0.0,-2925600.0,-2976480.0
00780B,國泰A級金融債,上櫃,35.26,0.3986332574031891,0,0,999.0,999.0,0.0,0.0,35224.74,35224.74
00781B,國泰A級科技債,上櫃,25.48,0.15723270440251572,0,0,-2000.0,-2000.0,0.0,0.0,-50960.0,-50960.0
00782B,國泰A級公用債,上櫃,28.06,0.2142857142857143,1000.0,0,-24339.0,-23339.0,28060.0,0.0,-682952.34,-654892.34
00785B,富邦金融投等債,上櫃,32.65,0.49245921822099104,1000.0,0,-5809.0,-4809.0,32650.0,0.0,-189663.85,-157013.85
00786B,元大10年IG銀行債,上櫃,30.4,0.36315615714757343,2000.0,0,8000.0,10000.0,60800.0,0.0,243200.0,304000.0
00787B,元大10年IG醫療債,上櫃,29.96,0.2006688963210702,1000.0,0,-1531.0,-531.0,29960.0,0.0,-45868.76,-15908.76
00788B,元大10年IG電能債,上櫃,27.88,0.35997120230381574,11000.0,0,-60.0,10940.0,306680.0,0.0,-1672.8,305007.2
00789B,復華公司債A3,上櫃,43.95,0.15952597994530537,7000.0,0,-7000.0,0,307650.0,0.0,-307650.0,0.0
00791B,復華信用債1-5,上櫃,56.25,0.267379679144385,1000.0,0,-164.0,836.0,56250.0,0.0,-9225.0,47025.0
00792B,群益A級公司債,上櫃,28.81,0.13903371567605144,10000.0,0,17500.0,27500.0,288100.0,0.0,504175.0,792275.0
00795B,中信美國公債20年,上櫃,24.41,-0.2451982018798529,949000.0,0,-1741596.0,-792596.0,23165090.0,0.0,-42512358.36,-19347268.36
00799B,國泰A級醫療債,上櫃,27.19,0.18422991893883567,9000.0,0,-58169.0,-49169.0,244710.0,0.0,-1581615.11,-1336905.11
00834B,第一金金融債10+,上櫃,31.79,0.22068095838587645,51000.0,0,-51000.0,0,1621290.0,0.0,-1621290.0,0.0
00836B,永豐10年A公司債,上櫃,26.2,0.1529051987767584,231000.0,0,-232037.0,-1037.0,6052200.0,0.0,-6079369.399999999,-27169.399999999998
00840B,凱基IG精選15+,上櫃,27.32,0.22010271460014674,7000.0,0,-7000.0,0,191240.0,0.0,-191240.0,0.0
00841B,凱基AAA-AA公司債,上櫃,26.08,0.19208605455243952,0,0,0,0,0.0,0.0,0.0,0.0
00842B,台新美元銀行債,上櫃,27.95,0.1792114695340502,16000.0,0,-48624.0,-32624.0,447200.0,0.0,-1359040.8,-911840.7999999999
00844B,台新15年IG金融債,上櫃,29.03,0.38035961272475793,40000.0,0,-40000.0,0,1161200.0,0.0,-1161200.0,0.0
00845B,富邦新興投等債,上櫃,31.41,0.512,92000.0,0,-88968.0,3032.0,2889720.0,0.0,-2794484.88,95235.12
00846B,富邦歐洲銀行債,上櫃,33.97,0.3841607565011821,0,0,975.0,975.0,0.0,0.0,33120.75,33120.75
00848B,中信新興亞洲債,上櫃,32.07,0.28142589118198874,286000.0,0,-286012.0,-12.0,9172020.0,0.0,-9172404.84,-384.84000000000003
00849B,中信EM主權債0-5,上櫃,37.24,0.29625639644492324,14000.0,0,-14814.0,-814.0,521360.0,0.0,-551673.36,-30313.36
00853B,統一美債10年Aa-A,上櫃,25.25,-0.07914523149980214,0,0,-29789.0,-29789.0,0.0,0.0,-752172.25,-752172.25
00857B,永豐20年美公債,上櫃,20.98,-0.1427891480247501,-2000.0,0,83103.0,81103.0,-41960.0,0.0,1743500.94,1701540.94
00858,永豐美國500大,上櫃,36.9,0.6546644844517185,-1000.0,0,228420.0,227420.0,-36900.0,0.0,8428698.0,8391798.0
00859B,群益0-1年美債,上櫃,40.69,0.14767413241447208,-153000.0,0,-65500.0,-218500.0,-6225570.0,0.0,-2665195.0,-8890765.0
00860B,群益1-5Y投資級債,上櫃,37.74,0.2656748140276302,1000.0,0,1288.0,2288.0,37740.0,0.0,48609.12,86349.12000000001
00862B,中信投資級公司債,上櫃,28.91,0.2774887270204648,1000.0,0,-1511.0,-511.0,28910.0,0.0,-43683.01,-14773.01
00863B,中信全球電信債,上櫃,29.16,0.3095975232198142,10000.0,0,4.0,10004.0,291600.0,0.0,116.64,291716.64
00864B,中信美國公債0-1,上櫃,46.21,0.13001083423618634,-90000.0,0,209000.0,119000.0,-4158900.0,0.0,9657890.0,5498990.0
00867B,台新A-BBB電信債,上櫃,28.38,0.5313496280552604,-2000.0,0,2000.0,0,-56760.0,0.0,56760.0,0.0
00870B,元大15年EM主權債,上櫃,26.01,0.853043815432338,44000.0,0,-23000.0,21000.0,1144440.0,0.0,-598230.0,546210.0
00877,復華中國5G,上櫃,34.99,0.2866150759529952,-4000.0,0,-495101.0,-499101.0,-139960.0,0.0,-17323583.990000002,-17463543.990000002
00884B,中信低碳新興債,上櫃,27.16,0.5925925925925926,53000.0,0,-50753.0,2247.0,1439480.0,0.0,-1378451.48,61028.52
00886,永豐美國科技,上櫃,49.9,0.4024144869215292,0,0,2133.0,2133.0,0.0,0.0,106436.7,106436.7
00887,永豐中國科技50大,上櫃,15.1,0.19907100199070998,-187000.0,0,-380995.0,-567995.0,-2823700.0,0.0,-5753024.5,-8576724.5
00888,永豐台灣ESG,上櫃,36.86,-0.027122321670735017,-757800.0,0,-361091.0,-1118891.0,-27932508.0,0.0,-13309814.26,-41242322.26
00890B,凱基ESG BBB債15+,上櫃,29.74,0.3373819163292848,55000.0,0,-58000.0,-3000.0,1635700.0,0.0,-1724920.0,-89220.0
00928,中信上櫃ESG 30,上櫃,35.41,-0.6174571989896156,13000.0,0,121610.0,134610.0,460329.99999999994,0.0,4306210.1,4766540.1
00931B,統一美債20年,上櫃,12.29,-0.16246953696181968,74000.0,0,-291200.0,-217200.0,909459.9999999999,0.0,-3578847.9999999995,-2669388.0
00933B,國泰10Y+金融債,上櫃,14.83,0.13504388926401079,488000.0,0,-1041648.0,-553648.0,7237040.0,0.0,-15447639.84,-8210599.84
00937B,群益ESG投等債20+,上櫃,13.58,0.2954209748892171,20445100.0,0,-32541323.0,-12096223.0,277644458.0,0.0,-441911166.34,-164266708.34
00942B,台新美A公司債20+,上櫃,13.04,0.23059185242121444,1011000.0,0,-802724.0,208276.0,13183440.0,0.0,-10467520.959999999,2715919.04
00948B,中信優息投資級債,上櫃,8.7,0.2304147465437788,216000.0,0,-6846539.0,-6630539.0,1879199.9999999998,0.0,-59564889.3,-57685689.3
00950B,凱基A級公司債,上櫃,12.96,0.07722007722007722,922000.0,0,-4756828.0,-3834828.0,11949120.0,0.0,-61648490.88,-49699370.88
00955,中信日本商社,上櫃,15.88,-0.12578616352201258,21000.0,0,92741.0,113741.0,333480.0,0.0,1472727.08,1806207.08
00957B,兆豐US優選投等債,上櫃,12.33,0.2439024390243902,26000.0,0,19656.0,45656.0,320580.0,0.0,242358.48,562938.48
00958B,永豐ESG銀行債15+,上櫃,8.53,0.23501762632197415,945000.0,0,209013.0,1154013.0,8060849.999999999,0.0,1782880.89,9843730.889999999
00959B,大華投等美債15Y+,上櫃,8.61,0.34965034965034963,300000.0,0,-202813.0,97187.0,2583000.0,0.0,-1746219.93,836780.07
00966B,統一ESG投等債15+,上櫃,12.8,0.15649452269170577,781000.0,0,-908705.0,-127705.0,9996800.0,0.0,-11631424.0,-1634624.0
00967B,元大優息美債,上櫃,8.42,0.0,-15000.0,0,-286228.0,-301228.0,-126300.0,0.0,-2410039.76,-2536339.76
00968B,元大優息投等債,上櫃,8.56,0.35169988276670566,200000.0,0,-281040.0,-81040.0,1712000.0,0.0,-2405702.4000000004,-693702.4
00969B,元大零息超長美債,上櫃,7.24,-0.27548209366391185,149000.0,0,-111268.0,37732.0,1078760.0,0.0,-805580.3200000001,273179.68
00970B,台新BBB投等債20+,上櫃,8.62,0.3492433061699651,848000.0,0,-380103.0,467897.0,7309759.999999999,0.0,-3276487.86,4033272.1399999997
009806,台新標普500,上櫃,13.99,0.8651766402307137,108000.0,0,-94754.0,13246.0,1510920.0,0.0,-1325608.46,185311.54
009807,台新標普科技精選,上櫃,18.38,0.5470459518599563,0,0,4000.0,4000.0,0.0,0.0,73520.0,73520.0
00980B,台新特選IG債10+,上櫃,8.73,0.22962112514351316,0,0,-19113.0,-19113.0,0.0,0.0,-166856.49000000002,-166856.49000000002
00980D,主動聯博投等入息,上櫃,19.36,0.15519917227108124,550000.0,0,-1050820.0,-500820.0,10648000.0,0.0,-20343875.2,-9695875.2
00980T,平衡凱基美國TOP,上櫃,12.27,0.5737704918032788,713000.0,0,-567037.0,145963.0,8748510.0,0.0,-6957543.99,1790966.01
009814,富邦標普500,上櫃,11.61,0.6938421509106679,-113000.0,0,-414133.0,-527133.0,-1311930.0,0.0,-4808084.13,-6120014.13
009815,大華美國MAG7+,上櫃,12.33,0.4889975550122249,570080.0,0,-809024.0,-238944.0,7029086.4,0.0,-9975265.92,-2946179.52
00981B,第一金優選非投債,上櫃,8.94,0.2242152466367713,1904000.0,0,-2060382.0,-156382.0,17021760.0,0.0,-18419815.08,-1398055.0799999998
00981D,主動中信非投等債,上櫃,10.1,0.3976143141153081,735000.0,0,-813419.0,-78419.0,7423500.0,0.0,-8215531.899999999,-792031.9
009822,華南永昌未來金融,上櫃,9.45,-0.10570824524312897,-3000.0,0,39064.0,36064.0,-28349.999999999996,0.0,369154.8,340804.8
009823,群益S&P500,上櫃,10.64,0.7575757575757576,-18000.0,0,-67392.0,-85392.0,-191520.0,0.0,-717050.88,-908570.88
009825,聯邦美國金融創新,上櫃,9.77,0.30800821355236135,-3000.0,0,223800.0,220800.0,-29310.0,0.0,2186526.0,2157216.0
00982B,FT投資級債20+,上櫃,9.01,0.0,0,0,-593.0,-593.0,0.0,0.0,-5342.93,-5342.93
00983B,大華優利美公債20,上櫃,14.18,-0.07047216349541931,30000.0,0,-105000.0,-75000.0,425400.0,0.0,-1488900.0,-1063500.0
00984B,大華優利美A債15,上櫃,14.95,0.2682763246143528,355000.0,0,-328216.0,26784.0,5307250.0,0.0,-4906829.2,400420.8
00985D,主動貝萊德優投等,上櫃,9.38,0.10672358591248665,-100000.0,0,-98030.0,-198030.0,-938000.0000000001,0.0,-919521.4,-1857521.4000000001
00986B,FT金融債10+,上櫃,9.15,0.4390779363336992,-1000.0,0,-4236.0,-5236.0,-9150.0,0.0,-38759.4,-47909.4
00986D,主動復華金融債息,上櫃,13.83,0.290065264684554,991000.0,0,-206000.0,785000.0,13705530.0,0.0,-2848980.0,10856550.0
00987B,野村10+澳洲公債,上櫃,15.17,0.19815059445178335,2000.0,0,-59347.0,-57347.0,30340.0,0.0,-900293.99,-869953.99
00987D,主動統一美債量化,上櫃,9.36,-0.21321961620469088,0,0,76569.0,76569.0,0.0,0.0,716685.84,716685.84
00988B,玉山嚴選非投債,上櫃,19.04,0.26329647182727756,964000.0,0,-1005899.0,-41899.0,18354560.0,0.0,-19152316.96,-797756.96
00989B,台新美國非投等債,上櫃,9.86,0.3051881993896236,0,0,-2124007.0,-2124007.0,0.0,0.0,-20942709.02,-20942709.02
00990B,國泰收益非投等債,上櫃,9.85,0.4077471967380224,14000.0,0,-271685.0,-257685.0,137900.0,0.0,-2676097.25,-2538197.25
00998A,主動復華金融股息,上櫃,16.77,2.9465930018416207,-2068900.0,0,-11283894.0,-13352794.0,-34695453.0,0.0,-189230902.38,-223926355.38
020025,統一亞洲半導體N,上櫃,41.34,0.09685230024213073,0,0,-1000.0,-1000.0,0.0,0.0,-41340.0,-41340.0
020033,統一恒生科期N,上櫃,3.34,-0.8902077151335311,0,0,-11000.0,-11000.0,0.0,0.0,-36740.0,-36740.0
020041,兆豐半導體氣候N,上櫃,22.01,-0.6320541760722348,0,0,131000.0,131000.0,0.0,0.0,2883310.0,2883310.0
1240,茂生農經,上櫃,53.9,0.0,4000.0,0,-50.0,3950.0,215600.0,0.0,-2695.0,212905.0
1264,德麥,上櫃,249.5,0.2008032128514056,-1549.0,0,-7000.0,-8549.0,-386475.5,0.0,-1746500.0,-2132975.5
1268,漢來美食,上櫃,175.0,0.0,-2000.0,0,0,-2000.0,-350000.0,0.0,0.0,-350000.0
1294,漢田生技,上櫃,50.0,0.20040080160320645,0,0,0,0,0.0,0.0,0.0,0.0
1295,生合,上櫃,50.2,3.7190082644628095,22000.0,0,0,22000.0,1104400.0,0.0,0.0,1104400.0
1336,台翰,上櫃,18.1,0.0,115291.0,0,0,115291.0,2086767.1,0.0,0.0,2086767.1
1565,精華,上櫃,97.3,1.2486992715920915,11006.0,0,-1754.0,9252.0,1070883.8,0.0,-170664.19999999998,900219.6
1569,濱川,上櫃,72.2,3.1428571428571432,1090121.0,0,13188.0,1103309.0,78706736.2,0.0,952173.6000000001,79658909.8
1570,力肯,上櫃,32.75,0.1529051987767584,-2000.0,0,0,-2000.0,-65500.0,0.0,0.0,-65500.0
1580,新麥,上櫃,96.2,0.522466039707419,26000.0,0,0,26000.0,2501200.0,0.0,0.0,2501200.0
1584,精剛,上櫃,18.1,-0.2754820936639118,-72226.0,0,-151.0,-72377.0,-1307290.6,0.0,-2733.1000000000004,-1310023.7000000002
1586,和勤,上櫃,17.8,0.0,-26000.0,0,0,-26000.0,-462800.0,0.0,0.0,-462800.0
1591,駿吉-KY,上櫃,40.65,-1.6928657799274482,-20000.0,0,0,-20000.0,-813000.0,0.0,0.0,-813000.0
1595,川寶,上櫃,72.3,0.6963788300835655,82000.0,0,-8068.0,73932.0,5928600.0,0.0,-583316.4,5345283.6
1742,台蠟,上櫃,17.7,0.28328611898017003,0,0,0,0,0.0,0.0,0.0,0.0
1777,生泰,上櫃,75.5,0.0,1000.0,0,0,1000.0,75500.0,0.0,0.0,75500.0
1780,立弘,上櫃,24.6,-0.8064516129032258,-2000.0,0,0,-2000.0,-49200.0,0.0,0.0,-49200.0
1784,訊聯,上櫃,60.0,0.8403361344537815,3000.0,0,139.0,3139.0,180000.0,0.0,8340.0,188340.0
1785,光洋科,上櫃,107.0,-3.167420814479638,-4123994.0,-4000.0,-76717.0,-4204711.0,-441267358.0,-428000.0,-8208719.0,-449904077.0
1788,杏昌,上櫃,127.0,-0.78125,2000.0,0,0,2000.0,254000.0,0.0,0.0,254000.0
1796,金穎生技,上櫃,30.0,1.3513513513513513,5000.0,0,0,5000.0,150000.0,0.0,0.0,150000.0
1799,易威,上櫃,28.0,-0.17825311942959002,24000.0,0,0,24000.0,672000.0,0.0,0.0,672000.0
1813,寶利徠,上櫃,11.15,-0.4464285714285714,-1000.0,0,0,-1000.0,-11150.0,0.0,0.0,-11150.0
1815,富喬,上櫃,132.5,4.330708661417323,4394558.0,31000.0,1202880.0,5628438.0,582278935.0,4107500.0,159381600.0,745768035.0
2035,唐榮,上櫃,27.6,3.3707865168539324,0,0,-49.0,-49.0,0.0,0.0,-1352.4,-1352.4
2061,風青,上櫃,68.4,4.427480916030534,519151.0,0,28928.0,548079.0,35509928.400000006,0.0,1978675.2000000002,37488603.6
2063,世鎧,上櫃,23.55,0.2127659574468085,9000.0,0,-11001.0,-2001.0,211950.0,0.0,-259073.55000000002,-47123.55
2065,世豐,上櫃,35.7,0.42194092827004215,12000.0,0,0,12000.0,428400.00000000006,0.0,0.0,428400.00000000006
2066,世德,上櫃,51.8,0.3875968992248063,2000.0,0,0,2000.0,103600.0,0.0,0.0,103600.0
2070,精湛,上櫃,62.3,0.16077170418006434,15032.0,0,2000.0,17032.0,936493.6,0.0,124600.0,1061093.5999999999
2221,大甲,上櫃,189.5,1.881720430107527,42000.0,0,10000.0,52000.0,7959000.0,0.0,1895000.0,9854000.0
2230,泰茂,上櫃,21.75,0.46189376443418023,43000.0,0,0,43000.0,935250.0,0.0,0.0,935250.0
2235,謚源,上櫃,28.45,1.6071428571428574,-2000.0,0,0,-2000.0,-56900.0,0.0,0.0,-56900.0
2596,綠意,上櫃,34.05,0.14705882352941177,-1000.0,0,0,-1000.0,-34050.0,0.0,0.0,-34050.0
2640,大車隊,上櫃,155.0,0.0,-2452.0,0,-2220.0,-4672.0,-380060.0,0.0,-344100.0,-724160.0
2641,正德,上櫃,17.25,0.29069767441860467,-141000.0,0,0,-141000.0,-2432250.0,0.0,0.0,-2432250.0
2643,捷迅,上櫃,63.0,1.6129032258064515,-15000.0,0,0,-15000.0,-945000.0,0.0,0.0,-945000.0
2718,全心投控,上櫃,39.7,0.8894536213468869,0,-428.0,-5000.0,-5428.0,0.0,-16991.600000000002,-198500.0,-215491.6
2719,燦星旅,上櫃,19.15,-1.5424164524421593,1000.0,0,0,1000.0,19150.0,0.0,0.0,19150.0
2729,瓦城,上櫃,154.5,-0.3225806451612903,4000.0,0,0,4000.0,618000.0,0.0,0.0,618000.0
2732,六角,上櫃,63.2,0.0,2000.0,0,-94.0,1906.0,126400.0,0.0,-5940.8,120459.20000000001
2734,易飛網,上櫃,14.3,-0.34843205574912894,-4000.0,0,0,-4000.0,-57200.0,0.0,0.0,-57200.0
2736,富野,上櫃,11.15,0.0,-2000.0,0,0,-2000.0,-22300.0,0.0,0.0,-22300.0
2743,山富,上櫃,51.5,2.3856858846918487,24000.0,0,0,24000.0,1236000.0,0.0,0.0,1236000.0
2745,五福,上櫃,85.8,0.8225616921269095,8000.0,0,295.0,8295.0,686400.0,0.0,25311.0,711711.0
2751,王座,上櫃,54.3,1.4953271028037385,1000.0,0,0,1000.0,54300.0,0.0,0.0,54300.0
2754,亞洲藏壽司,上櫃,67.3,-0.29629629629629634,-1000.0,0,0,-1000.0,-67300.0,0.0,0.0,-67300.0
2755,揚秦,上櫃,98.0,0.0,1000.0,0,2178.0,3178.0,98000.0,0.0,213444.0,311444.0
2756,聯發國際,上櫃,61.4,0.0,-1000.0,0,36.0,-964.0,-61400.0,0.0,2210.4,-59189.6
2916,滿心,上櫃,40.5,0.24752475247524752,1000.0,0,0,1000.0,40500.0,0.0,0.0,40500.0
2926,誠品生活,上櫃,30.2,-0.49423393739703464,1000.0,0,0,1000.0,30200.0,0.0,0.0,30200.0
3066,李洲,上櫃,27.0,-1.279707495429616,-106000.0,0,0,-106000.0,-2862000.0,0.0,0.0,-2862000.0
3071,協禧,上櫃,22.6,-0.6593406593406593,-92000.0,0,0,-92000.0,-2079200.0000000002,0.0,0.0,-2079200.0000000002
3073,天方能源,上櫃,20.45,-0.24390243902439024,-3000.0,0,0,-3000.0,-61350.0,0.0,0.0,-61350.0
3078,僑威,上櫃,46.1,0.10857763300760044,87805.0,-4586.0,1925.0,85144.0,4047810.5,-211414.6,88742.5,3925138.4
3081,聯亞,上櫃,3140.0,7.534246575342466,-38212.0,16149.0,17005.0,-5058.0,-119985680.0,50707860.0,53395700.0,-15882120.0
3083,網龍,上櫃,23.05,-0.4319654427645789,-1000.0,0,0,-1000.0,-23050.0,0.0,0.0,-23050.0
3086,華義*,上櫃,27.4,0.0,17000.0,0,325.0,17325.0,465800.0,0.0,8905.0,474705.0
3088,艾訊,上櫃,134.0,-1.107011070110701,-341032.0,0,-14722.0,-355754.0,-45698288.0,0.0,-1972748.0,-47671036.0
3093,港建*,上櫃,46.5,-0.3215434083601286,70000.0,0,236.0,70236.0,3255000.0,0.0,10974.0,3265974.0
3095,及成,上櫃,32.9,-1.791044776119403,2000.0,0,0,2000.0,65800.0,0.0,0.0,65800.0
3105,穩懋,上櫃,588.0,-0.6756756756756757,2699732.0,-5298800.0,286120.0,-2312948.0,1587442416.0,-3115694400.0,168238560.0,-1360013424.0
3114,好德,上櫃,39.55,-3.182374541003673,-14564.0,0,-3239.0,-17803.0,-576006.2,0.0,-128102.45,-704108.6499999999
3122,笙泉,上櫃,24.15,-0.617283950617284,-2000.0,0,0,-2000.0,-48300.0,0.0,0.0,-48300.0
3128,昇銳,上櫃,20.1,-0.24813895781637718,2000.0,0,0,2000.0,40200.0,0.0,0.0,40200.0
3131,弘塑,上櫃,2450.0,-3.1620553359683794,-94330.0,-5030.0,-19644.0,-119004.0,-231108500.0,-12323500.0,-48127800.0,-291559800.0
3141,晶宏,上櫃,81.5,1.6209476309226933,448065.0,0,18838.0,466903.0,36517297.5,0.0,1535297.0,38052594.5
3147,大綜,上櫃,295.0,1.0273972602739725,19326.0,0,34726.0,54052.0,5701170.0,0.0,10244170.0,15945340.0
3152,璟德,上櫃,242.5,1.8907563025210083,65290.0,0,539.0,65829.0,15832825.0,0.0,130707.5,15963532.5
3162,精確,上櫃,83.1,-1.4234875444839856,232002.0,0,-5000.0,227002.0,19279366.2,0.0,-415500.0,18863866.2
3163,波若威,上櫃,702.0,1.8867924528301887,-170992.0,0,12638.0,-158354.0,-120036384.0,0.0,8871876.0,-111164508.0
3169,亞信,上櫃,109.0,-2.6785714285714284,-1730.0,0,-874.0,-2604.0,-188570.0,0.0,-95266.0,-283836.0
3176,基亞,上櫃,38.35,0.26143790849673204,154284.0,0,0,154284.0,5916791.4,0.0,0.0,5916791.4
3178,公準,上櫃,67.1,-2.186588921282799,16000.0,0,-115.0,15885.0,1073600.0,0.0,-7716.499999999999,1065883.5
3188,鑫龍騰,上櫃,22.55,0.669642857142857,59000.0,0,0,59000.0,1330450.0,0.0,0.0,1330450.0
3191,雲嘉南,上櫃,17.45,-0.5698005698005698,-2000.0,0,0,-2000.0,-34900.0,0.0,0.0,-34900.0
3205,佰研,上櫃,46.55,-0.7462686567164178,15000.0,0,-70.0,14930.0,698250.0,0.0,-3258.5,694991.5
3206,志豐,上櫃,34.2,0.5882352941176471,4000.0,0,-1000.0,3000.0,136800.0,0.0,-34200.0,102600.00000000001
3207,耀勝,上櫃,39.1,-0.7614213197969544,43000.0,0,-1000.0,42000.0,1681300.0,0.0,-39100.0,1642200.0
3211,順達,上櫃,389.5,-1.3924050632911391,-364099.0,-8900.0,-55768.0,-428767.0,-141816560.5,-3466550.0,-21721636.0,-167004746.5
3213,茂訊,上櫃,123.5,-1.593625498007968,8000.0,0,-981.0,7019.0,988000.0,0.0,-121153.5,866846.5
3217,優群,上櫃,128.5,0.390625,32035.0,0,204.0,32239.0,4116497.5,0.0,26214.0,4142711.5
3218,大學光,上櫃,133.5,-0.3731343283582089,-18943.0,-1242.0,335.0,-19850.0,-2528890.5,-165807.0,44722.5,-2649975.0
3219,倚強科,上櫃,130.0,-7.473309608540925,-4000.0,0,10000.0,6000.0,-520000.0,0.0,1300000.0,780000.0
3221,台嘉碩,上櫃,54.4,3.816793893129771,968271.0,0,73391.0,1041662.0,52673942.4,0.0,3992470.4,56666412.8
3224,三顧,上櫃,32.45,0.4643962848297213,-1000.0,0,0,-1000.0,-32450.000000000004,0.0,0.0,-32450.000000000004
3226,龍鋒,上櫃,57.8,-2.5295109612141653,-2000.0,0,0,-2000.0,-115600.0,0.0,0.0,-115600.0
3227,原相,上櫃,186.5,-1.0610079575596816,-95.0,-76000.0,-9595.0,-85690.0,-17717.5,-14174000.0,-1789467.5,-15981185.0
3228,金麗科,上櫃,164.5,-2.3738872403560833,39261.0,0,-48.0,39213.0,6458434.5,0.0,-7896.0,6450538.5
3230,錦明,上櫃,40.35,-0.12376237623762376,-37000.0,0,0,-37000.0,-1492950.0,0.0,0.0,-1492950.0
3232,昱捷,上櫃,19.85,-1.7326732673267324,2000.0,0,0,2000.0,39700.0,0.0,0.0,39700.0
3234,光環,上櫃,191.0,8.522727272727272,8037.0,0,68895.0,76932.0,1535067.0,0.0,13158945.0,14694012.0
3236,千如,上櫃,56.2,6.844106463878327,-510442.0,0,64528.0,-445914.0,-28686840.400000002,0.0,3626473.6,-25060366.8
3252,海灣,上櫃,15.3,0.0,1000.0,0,0,1000.0,15300.0,0.0,0.0,15300.0
3259,鑫創,上櫃,11.5,-6.122448979591836,-4000.0,0,0,-4000.0,-46000.0,0.0,0.0,-46000.0
3260,威剛,上櫃,365.0,-1.3513513513513513,-2539057.0,-59566.0,32070.0,-2566553.0,-926755805.0,-21741590.0,11705550.0,-936791845.0
3264,欣銓,上櫃,250.0,1.6260162601626018,-449550.0,351000.0,92017.0,-6533.0,-112387500.0,87750000.0,23004250.0,-1633250.0
3265,台星科,上櫃,217.0,9.873417721518987,-192005.0,0,58177.0,-133828.0,-41665085.0,0.0,12624409.0,-29040676.0
3268,海德威,上櫃,24.3,0.6211180124223602,40000.0,0,0,40000.0,972000.0,0.0,0.0,972000.0
3276,宇環,上櫃,14.1,0.35587188612099646,-2000.0,0,-11000.0,-13000.0,-28200.0,0.0,-155100.0,-183300.0
3284,太普高,上櫃,21.5,-4.017857142857143,-83000.0,0,-1399.0,-84399.0,-1784500.0,0.0,-30078.5,-1814578.5
3285,微端,上櫃,43.0,2.8708133971291865,2000.0,0,-717.0,1283.0,86000.0,0.0,-30831.0,55169.0
3287,廣寰科,上櫃,39.5,-0.628930817610063,-29000.0,0,0,-29000.0,-1145500.0,0.0,0.0,-1145500.0
3288,點晶,上櫃,21.95,0.22831050228310507,5000.0,0,0,5000.0,109750.0,0.0,0.0,109750.0
3289,宜特,上櫃,142.5,-0.34965034965034963,59642.0,0,-2931.0,56711.0,8498985.0,0.0,-417667.5,8081317.5
3290,東浦,上櫃,50.8,0.19723865877712032,-53000.0,0,1546.0,-51454.0,-2692400.0,0.0,78536.79999999999,-2613863.1999999997
3293,鈊象,上櫃,780.0,0.0,126599.0,10000.0,-3706.0,132893.0,98747220.0,7800000.0,-2890680.0,103656540.0
3294,英濟,上櫃,31.95,0.4716981132075472,27000.0,0,0,27000.0,862650.0,0.0,0.0,862650.0
3297,杭特,上櫃,33.8,-4.2492917847025495,-238000.0,0,-3838.0,-241838.0,-8044399.999999999,0.0,-129724.4,-8174124.399999999
3303,岱稜,上櫃,49.85,1.1156186612576064,-64000.0,0,0,-64000.0,-3190400.0,0.0,0.0,-3190400.0
3306,鼎天,上櫃,47.3,1.0683760683760684,7000.0,0,-411.0,6589.0,331100.0,0.0,-19440.3,311659.69999999995
3310,佳穎,上櫃,67.9,0.0,-2000.0,0,0,-2000.0,-135800.0,0.0,0.0,-135800.0
3313,斐成,上櫃,10.3,0.0,2000.0,0,0,2000.0,20600.0,0.0,0.0,20600.0
3317,尼克森,上櫃,68.7,-0.43478260869565216,-100000.0,0,-2450.0,-102450.0,-6870000.0,0.0,-168315.0,-7038315.0
3322,建舜電,上櫃,11.1,0.0,17000.0,0,1.0,17001.0,188700.0,0.0,11.1,188711.1
3323,加百裕,上櫃,29.8,-0.9966777408637874,36900.0,0,-58.0,36842.0,1099620.0,0.0,-1728.4,1097891.6
3324,雙鴻,上櫃,1525.0,-0.32679738562091504,125946.0,-236317.0,11237.0,-99134.0,192067650.0,-360383425.0,17136425.0,-151179350.0
3325,旭品,上櫃,11.25,-1.3157894736842104,5000.0,0,0,5000.0,56250.0,0.0,0.0,56250.0
3332,幸康,上櫃,64.6,0.46656298600311047,-3000.0,0,0,-3000.0,-193799.99999999997,0.0,0.0,-193799.99999999997
3339,泰谷,上櫃,45.4,1.6797312430011198,62950.0,0,98.0,63048.0,2857930.0,0.0,4449.2,2862379.1999999997
3349,寶德,上櫃,18.4,-0.5405405405405406,-5000.0,0,63.0,-4937.0,-92000.0,0.0,1159.1999999999998,-90840.79999999999
3354,律勝,上櫃,30.5,-4.984423676012461,-730179.0,0,506.0,-729673.0,-22270459.5,0.0,15433.0,-22255026.5
3357,臺慶科,上櫃,225.0,1.809954751131222,-133790.0,0,16409.0,-117381.0,-30102750.0,0.0,3692025.0,-26410725.0
3360,尚立,上櫃,15.35,0.6557377049180327,31700.0,0,0,31700.0,486595.0,0.0,0.0,486595.0
3362,先進光,上櫃,196.0,3.978779840848806,22521.0,0,1577.0,24098.0,4414116.0,0.0,309092.0,4723208.0
3363,上詮,上櫃,679.0,4.461538461538462,851911.0,15000.0,16229.0,883140.0,578447569.0,10185000.0,11019491.0,599652060.0
3372,典範,上櫃,16.6,0.6060606060606061,164019.0,0,1000.0,165019.0,2722715.4000000004,0.0,16600.0,2739315.4000000004
3373,熱映,上櫃,17.1,7.210031347962381,-11000.0,0,-970.0,-11970.0,-188100.00000000003,0.0,-16587.0,-204687.00000000003
3374,精材,上櫃,497.0,1.948717948717949,646890.0,-292.0,121128.0,767726.0,321504330.0,-145124.0,60200616.0,381559822.0
3379,彬台,上櫃,27.3,-0.7272727272727273,-1000.0,0,655.0,-345.0,-27300.0,0.0,17881.5,-9418.5
3388,崇越電,上櫃,86.0,0.4672897196261683,39617.0,0,574.0,40191.0,3407062.0,0.0,49364.0,3456426.0
3390,旭軟,上櫃,22.3,0.6772009029345372,4000.0,0,1.0,4001.0,89200.0,0.0,22.3,89222.3
3402,漢科,上櫃,139.5,-0.7117437722419928,145783.0,0,169.0,145952.0,20336728.5,0.0,23575.5,20360304.0
3430,奇鈦科,上櫃,113.0,1.345291479820628,3101.0,0,612.0,3713.0,350413.0,0.0,69156.0,419569.0
3434,哲固,上櫃,31.3,-0.9493670886075948,3000.0,0,0,3000.0,93900.0,0.0,0.0,93900.0
3438,類比科,上櫃,60.8,-0.8156606851549756,-1989.0,0,-154.0,-2143.0,-120931.2,0.0,-9363.199999999999,-130294.4
3441,聯一光,上櫃,249.0,-2.3529411764705883,1925016.0,0,-11304.0,1913712.0,479328984.0,0.0,-2814696.0,476514288.0
3444,利機,上櫃,78.3,1.1627906976744187,-11925.0,0,-368.0,-12293.0,-933727.5,0.0,-28814.399999999998,-962541.8999999999
3455,由田,上櫃,281.0,1.2612612612612613,97468.0,0,15445.0,112913.0,27388508.0,0.0,4340045.0,31728553.0
3466,德晉,上櫃,27.5,5.162523900573614,-64000.0,0,-84.0,-64084.0,-1760000.0,0.0,-2310.0,-1762310.0
3467,台灣精材,上櫃,71.2,0.28169014084507044,-43000.0,0,0,-43000.0,-3061600.0,0.0,0.0,-3061600.0
3479,安勤,上櫃,134.5,-0.7380073800738007,58206.0,0,-415.0,57791.0,7828707.0,0.0,-55817.5,7772889.5
3483,力致,上櫃,79.0,-2.9484029484029484,16410.0,0,-2000.0,14410.0,1296390.0,0.0,-158000.0,1138390.0
3484,崧騰,上櫃,49.8,1.4256619144602851,29030.0,0,-1223.0,27807.0,1445694.0,0.0,-60905.399999999994,1384788.5999999999
3485,敘豐,上櫃,223.5,3.7122969837587005,44009.0,0,1617.0,45626.0,9836011.5,0.0,361399.5,10197411.0
3489,森寶,上櫃,22.5,0.22271714922049002,-6000.0,0,0,-6000.0,-135000.0,0.0,0.0,-135000.0
3490,單井,上櫃,45.65,-0.10940919037199126,291585.0,0,185.0,291770.0,13310855.25,0.0,8445.25,13319300.5
3491,昇達科,上櫃,1705.0,-0.5830903790087464,-105350.0,70739.0,-17153.0,-51764.0,-179621750.0,120609995.0,-29245865.0,-88257620.0
3492,長盛,上櫃,19.4,0.0,1000.0,0,0,1000.0,19400.0,0.0,0.0,19400.0
3498,陽程,上櫃,231.5,-1.279317697228145,-57467.0,0,-1717.0,-59184.0,-13303610.5,0.0,-397485.5,-13701096.0
3508,位速,上櫃,25.05,-1.183431952662722,28131.0,0,0,28131.0,704681.55,0.0,0.0,704681.55
3511,矽瑪,上櫃,20.1,2.551020408163265,18000.0,0,-46.0,17954.0,361800.0,0.0,-924.6,360875.4
3512,皇龍,上櫃,19.0,-0.26246719160104987,-9000.0,0,0,-9000.0,-171000.0,0.0,0.0,-171000.0
3516,亞帝歐,上櫃,26.4,0.0,-5000.0,0,0,-5000.0,-132000.0,0.0,0.0,-132000.0
3520,華盈,上櫃,17.8,0.0,47000.0,0,0,47000.0,836600.0,0.0,0.0,836600.0
3522,御嵿,上櫃,12.0,-0.8264462809917356,-10000.0,0,0,-10000.0,-120000.0,0.0,0.0,-120000.0
3523,迎輝,上櫃,13.75,-2.482269503546099,-2000.0,0,0,-2000.0,-27500.0,0.0,0.0,-27500.0
3526,凡甲,上櫃,276.5,-0.539568345323741,-3000.0,-152.0,-12674.0,-15826.0,-829500.0,-42028.0,-3504361.0,-4375889.0
3527,聚積,上櫃,50.6,-0.5893909626719057,7000.0,0,0,7000.0,354200.0,0.0,0.0,354200.0
3529,力旺,上櫃,3015.0,-3.210272873194221,82746.0,-66124.0,-30736.0,-14114.0,249479190.0,-199363860.0,-92669040.0,-42553710.0
3531,先益,上櫃,21.65,1.8823529411764708,0,0,-3000.0,-3000.0,0.0,0.0,-64949.99999999999,-64949.99999999999
3537,堡達,上櫃,56.3,1.992753623188406,-53738.0,0,3794.0,-49944.0,-3025449.4,0.0,213602.19999999998,-2811847.1999999997
3540,曜越,上櫃,24.0,0.0,-10835.0,0,0,-10835.0,-260040.0,0.0,0.0,-260040.0
3541,西柏,上櫃,24.35,-0.6122448979591837,6000.0,0,0,6000.0,146100.0,0.0,0.0,146100.0
3546,宇峻,上櫃,72.7,0.1377410468319559,956.0,0,0,956.0,69501.2,0.0,0.0,69501.2
3548,兆利,上櫃,74.2,-0.40268456375838924,63214.0,0,430.0,63644.0,4690478.8,0.0,31906.0,4722384.8
3551,世禾,上櫃,200.0,1.2658227848101267,-9677.0,0,10433.0,756.0,-1935400.0,0.0,2086600.0,151200.0
3552,同致,上櫃,44.05,1.6147635524798156,51077.0,0,0,51077.0,2249941.8499999996,0.0,0.0,2249941.8499999996
3555,博士旺,上櫃,163.0,-0.3058103975535168,-3766.0,0,-395.0,-4161.0,-613858.0,0.0,-64385.0,-678243.0
3556,禾瑞亞,上櫃,65.6,2.021772939346812,-314682.0,0,-8842.0,-323524.0,-20643139.2,0.0,-580035.2,-21223174.4
3558,神準,上櫃,134.0,1.5151515151515151,13981.0,0,2883.0,16864.0,1873454.0,0.0,386322.0,2259776.0
3564,其陽,上櫃,60.9,0.6611570247933884,-475060.0,0,-50015.0,-525075.0,-28931154.0,0.0,-3045913.5,-31977067.5
3567,逸昌,上櫃,26.05,0.0,-4000.0,0,17.0,-3983.0,-104200.0,0.0,442.85,-103757.15000000001
3570,大塚,上櫃,169.5,0.5934718100890208,3000.0,0,0,3000.0,508500.0,0.0,0.0,508500.0
3577,泓格,上櫃,110.0,-0.9009009009009009,-10833.0,0,-461.0,-11294.0,-1191630.0,0.0,-50710.0,-1242340.0
3580,友威科,上櫃,103.5,0.0,111669.0,0,18972.0,130641.0,11557741.5,0.0,1963602.0,13521343.5
3581,博磊,上櫃,113.5,0.0,34977.0,0,-791.0,34186.0,3969889.5,0.0,-89778.5,3880111.0
3587,閎康,上櫃,246.0,-1.6,-129163.0,0,-11502.0,-140665.0,-31774098.0,0.0,-2829492.0,-34603590.0
3594,磐儀,上櫃,46.35,-0.4296455424274973,-59000.0,0,-910.0,-59910.0,-2734650.0,0.0,-42178.5,-2776828.5
3597,映興,上櫃,36.75,9.865470852017935,0,0,1372.0,1372.0,0.0,0.0,50421.0,50421.0
3609,三一東林,上櫃,24.6,3.578947368421052,27000.0,0,500.0,27500.0,664200.0,0.0,12300.0,676500.0
3611,鼎翰,上櫃,183.0,0.273972602739726,1070.0,0,-10.0,1060.0,195810.0,0.0,-1830.0,193980.0
3615,安可,上櫃,43.95,1.0344827586206897,244454.0,0,1191.0,245645.0,10743753.3,0.0,52344.450000000004,10796097.75
3623,富晶通,上櫃,29.6,-1.3333333333333335,14067.0,0,0,14067.0,416383.2,0.0,0.0,416383.2
3624,光頡,上櫃,159.5,10.0,8124846.0,-300000.0,87770.0,7912616.0,1295912937.0,-47850000.0,13999315.0,1262062252.0
3625,西勝,上櫃,10.1,0.49751243781094534,132000.0,0,0,132000.0,1333200.0,0.0,0.0,1333200.0
3628,盈正,上櫃,72.4,0.8356545961002784,-15.0,0,-148.0,-163.0,-1086.0,0.0,-10715.2,-11801.2
3630,新鉅科,上櫃,28.25,-4.23728813559322,-125649.0,0,-6321.0,-131970.0,-3549584.25,0.0,-178568.25,-3728152.5
3631,晟楠,上櫃,43.05,2.256532066508314,64000.0,0,0,64000.0,2755200.0,0.0,0.0,2755200.0
3646,艾恩特,上櫃,25.1,0.0,0,0,-4.0,-4.0,0.0,0.0,-100.4,-100.4
3663,鑫科,上櫃,62.5,-0.9508716323296353,-40000.0,0,-2973.0,-42973.0,-2500000.0,0.0,-185812.5,-2685812.5
3664,安瑞-KY,上櫃,8.19,-0.12195121951219515,0,0,-5.0,-5.0,0.0,0.0,-40.949999999999996,-40.949999999999996
3666,光耀,上櫃,25.4,0.0,12000.0,0,-836.0,11164.0,304800.0,0.0,-21234.399999999998,283565.6
3672,康聯訊,上櫃,12.85,8.438818565400844,7000.0,0,0,7000.0,89950.0,0.0,0.0,89950.0
3675,德微,上櫃,359.5,7.153502235469449,15597.0,61000.0,58736.0,135333.0,5607121.5,21929500.0,21115592.0,48652213.5
3680,家登,上櫃,567.0,0.7104795737122558,90535.0,-165.0,1027.0,91397.0,51333345.0,-93555.0,582309.0,51822099.0
3684,榮昌,上櫃,60.5,6.140350877192982,23000.0,0,0,23000.0,1391500.0,0.0,0.0,1391500.0
3685,元創精密,上櫃,35.3,-1.5341701534170158,-46000.0,0,0,-46000.0,-1623799.9999999998,0.0,0.0,-1623799.9999999998
3687,歐買尬,上櫃,60.7,0.0,5000.0,0,-226.0,4774.0,303500.0,0.0,-13718.2,289781.8
3689,湧德,上櫃,118.0,1.2875536480686696,271442.0,0,728.0,272170.0,32030156.0,0.0,85904.0,32116060.0
3691,碩禾,上櫃,104.0,-0.4784688995215311,-21000.0,0,-3778.0,-24778.0,-2184000.0,0.0,-392912.0,-2576912.0
3693,營邦,上櫃,718.0,0.27932960893854747,-99153.0,-5000.0,-39604.0,-143757.0,-71191854.0,-3590000.0,-28435672.0,-103217526.0
3707,漢磊,上櫃,89.9,4.534883720930232,4719028.0,0,20250.0,4739278.0,424240617.20000005,0.0,1820475.0,426061092.20000005
3709,鑫聯大投控,上櫃,66.0,2.484472049689441,70575.0,0,-15000.0,55575.0,4657950.0,0.0,-990000.0,3667950.0
3710,連展投控,上櫃,8.25,3.125,61342.0,0,0,61342.0,506071.5,0.0,0.0,506071.5
3713,新晶投控,上櫃,13.5,-1.0989010989010988,0,0,2.0,2.0,0.0,0.0,27.0,27.0
3718,中光電投控,上櫃,63.9,-0.46728971962616817,174800.0,0,-32510.0,142290.0,11169720.0,0.0,-2077389.0,9092331.0
4102,永日,上櫃,18.65,2.191780821917808,-3000.0,0,0,-3000.0,-55949.99999999999,0.0,0.0,-55949.99999999999
4105,東洋,上櫃,80.3,1.903553299492386,678915.0,-4064.0,48834.0,723685.0,54516874.5,-326339.2,3921370.1999999997,58111905.5
4107,邦特,上櫃,109.5,0.45871559633027525,-6000.0,0,0,-6000.0,-657000.0,0.0,0.0,-657000.0
4109,加捷生醫,上櫃,11.0,0.9174311926605505,3000.0,0,0,3000.0,33000.0,0.0,0.0,33000.0
4111,濟生,上櫃,28.85,0.34782608695652173,-2000.0,0,0,-2000.0,-57700.0,0.0,0.0,-57700.0
4113,聯上,上櫃,14.8,-1.003344481605351,-12998.0,0,0,-12998.0,-192370.40000000002,0.0,0.0,-192370.40000000002
4114,健喬,上櫃,29.2,0.5163511187607572,109000.0,0,30999.0,139999.0,3182800.0,0.0,905170.7999999999,4087970.8
4116,明基醫,上櫃,39.75,0.0,-2000.0,0,0,-2000.0,-79500.0,0.0,0.0,-79500.0
4120,友華,上櫃,45.8,-0.43478260869565216,-9000.0,0,0,-9000.0,-412200.0,0.0,0.0,-412200.0
4121,優盛,上櫃,12.8,0.7874015748031495,4000.0,0,0,4000.0,51200.0,0.0,0.0,51200.0
4123,晟德,上櫃,31.1,0.974025974025974,378170.0,0,-34301.0,343869.0,11761087.0,0.0,-1066761.1,10694325.9
4126,太醫,上櫃,77.5,0.12919896640826875,-12000.0,0,-5.0,-12005.0,-930000.0,0.0,-387.5,-930387.5
4127,天良,上櫃,42.9,4.12621359223301,9000.0,0,-1551.0,7449.0,386100.0,0.0,-66537.9,319562.1
4128,中天,上櫃,15.35,-0.6472491909385114,308967.0,0,0,308967.0,4742643.45,0.0,0.0,4742643.45
4129,聯合,上櫃,83.6,0.9661835748792271,13000.0,0,0,13000.0,1086800.0,0.0,0.0,1086800.0
4131,浩泰,上櫃,30.7,0.3267973856209151,1000.0,0,0,1000.0,30700.0,0.0,0.0,30700.0
4138,曜亞,上櫃,53.8,0.5607476635514018,1000.0,0,0,1000.0,53800.0,0.0,0.0,53800.0
4147,中裕,上櫃,61.9,0.9787928221859707,233390.0,0,2818.0,236208.0,14446841.0,0.0,174434.19999999998,14621275.2
4153,鈺緯,上櫃,31.65,1.4423076923076923,0,0,0,0,0.0,0.0,0.0,0.0
4157,太景*-KY,上櫃,8.55,0.9445100354191263,341930.0,0,191.0,342121.0,2923501.5000000005,0.0,1633.0500000000002,2925134.5500000003
4160,訊聯基因,上櫃,38.95,0.3865979381443298,1000.0,0,0,1000.0,38950.0,0.0,0.0,38950.0
4161,聿新科,上櫃,21.5,0.0,-3000.0,0,0,-3000.0,-64500.0,0.0,0.0,-64500.0
4162,智擎,上櫃,55.8,1.4545454545454546,25000.0,0,130.0,25130.0,1395000.0,0.0,7254.0,1402254.0
4163,鐿鈦,上櫃,134.0,-0.7407407407407408,10000.0,0,-411.0,9589.0,1340000.0,0.0,-55074.0,1284926.0
4166,友霖,上櫃,23.9,-0.8298755186721993,8000.0,0,0,8000.0,191200.0,0.0,0.0,191200.0
4167,松瑞藥,上櫃,20.45,5.141388174807198,1349303.0,0,75481.0,1424784.0,27593246.349999998,0.0,1543586.45,29136832.8
4168,醣聯,上櫃,23.0,1.098901098901099,37000.0,0,0,37000.0,851000.0,0.0,0.0,851000.0
4171,瑞基,上櫃,18.4,9.850746268656716,-52000.0,0,0,-52000.0,-956799.9999999999,0.0,0.0,-956799.9999999999
4173,久裕,上櫃,17.2,-0.2898550724637681,-6000.0,0,511.0,-5489.0,-103200.0,0.0,8789.199999999999,-94410.8
4174,浩鼎,上櫃,52.1,2.559055118110236,-133000.0,0,0,-133000.0,-6929300.0,0.0,0.0,-6929300.0
4188,安克,上櫃,13.95,0.3597122302158274,2000.0,0,0,2000.0,27900.0,0.0,0.0,27900.0
4205,中華食,上櫃,67.7,0.14792899408284024,2000.0,0,0,2000.0,135400.0,0.0,0.0,135400.0
4207,環泰,上櫃,19.3,0.0,1000.0,0,0,1000.0,19300.0,0.0,0.0,19300.0
4303,信立,上櫃,31.35,0.4807692307692307,25449.0,0,0,25449.0,797826.15,0.0,0.0,797826.15
4304,勝昱,上櫃,16.5,-1.7857142857142856,2000.0,0,0,2000.0,33000.0,0.0,0.0,33000.0
4305,世坤,上櫃,41.2,0.0,1000.0,0,0,1000.0,41200.0,0.0,0.0,41200.0
4401,東隆興,上櫃,13.75,-0.7220216606498195,0,0,0,0,0.0,0.0,0.0,0.0
4406,新昕纖,上櫃,10.05,0.0,-5000.0,0,-2.0,-5002.0,-50250.0,0.0,-20.1,-50270.100000000006
4413,飛寶企業,上櫃,20.35,3.562340966921119,-7000.0,0,0,-7000.0,-142450.0,0.0,0.0,-142450.0
4416,三圓,上櫃,12.6,0.3984063745019921,-72400.0,0,0,-72400.0,-912240.0,0.0,0.0,-912240.0
4417,金洲,上櫃,48.55,-0.7157464212678937,69000.0,0,0,69000.0,3349950.0,0.0,0.0,3349950.0
4420,光明,上櫃,35.4,1.1428571428571428,-3000.0,-402.0,1000.0,-2402.0,-106200.0,-14230.8,35400.0,-85030.8
4430,耀億,上櫃,17.8,-1.3850415512465373,3000.0,0,0,3000.0,53400.0,0.0,0.0,53400.0
4432,銘旺實,上櫃,15.25,0.32894736842105265,0,0,0,0,0.0,0.0,0.0,0.0
4433,興采,上櫃,18.0,0.0,-3000.0,0,0,-3000.0,-54000.0,0.0,0.0,-54000.0
4442,竣邦-KY,上櫃,53.4,0.37593984962406024,-16000.0,0,0,-16000.0,-854400.0,0.0,0.0,-854400.0
4502,健信,上櫃,15.75,0.3184713375796179,1000.0,0,0,1000.0,15750.0,0.0,0.0,15750.0
4503,金雨,上櫃,23.8,-1.2448132780082988,48000.0,0,-117.0,47883.0,1142400.0,0.0,-2784.6,1139615.4000000001
4506,崇友,上櫃,118.0,0.425531914893617,-7000.0,0,-242.0,-7242.0,-826000.0,0.0,-28556.0,-854556.0
4510,高鋒,上櫃,41.9,-0.5931198102016607,3490.0,0,-837.0,2653.0,146231.0,0.0,-35070.299999999996,111160.7
4513,福裕,上櫃,16.2,0.3095975232198143,21000.0,0,0,21000.0,340200.0,0.0,0.0,340200.0
4523,永彰,上櫃,24.0,0.6289308176100629,24000.0,0,0,24000.0,576000.0,0.0,0.0,576000.0
4527,方土霖,上櫃,45.0,1.4656144306651635,-900.0,0,-1000.0,-1900.0,-40500.0,0.0,-45000.0,-85500.0
4528,江興鍛,上櫃,14.75,0.34013605442176875,-1000.0,0,0,-1000.0,-14750.0,0.0,0.0,-14750.0
4530,天意能創,上櫃,24.35,-1.0162601626016259,-2000.0,0,0,-2000.0,-48700.0,0.0,0.0,-48700.0
4533,協易機,上櫃,25.5,0.1964636542239686,41000.0,0,0,41000.0,1045500.0,0.0,0.0,1045500.0
4534,慶騰,上櫃,29.85,-1.6474464579901154,-176095.0,0,0,-176095.0,-5256435.75,0.0,0.0,-5256435.75
4538,大詠城,上櫃,17.4,0.578034682080925,2000.0,0,561.0,2561.0,34800.0,0.0,9761.4,44561.399999999994
4541,晟田,上櫃,59.1,-1.5000000000000002,-38878.0,0,-1380.0,-40258.0,-2297689.8000000003,0.0,-81558.0,-2379247.8000000003
4542,科嶠,上櫃,337.0,-0.2958579881656805,-81677.0,0,-1543.0,-83220.0,-27525149.0,0.0,-519991.0,-28045140.0
4543,萬在,上櫃,32.75,9.899328859060404,96000.0,0,9200.0,105200.0,3144000.0,0.0,301300.0,3445300.0
4549,桓達,上櫃,99.0,-0.20161290322580644,15000.0,0,23.0,15023.0,1485000.0,0.0,2277.0,1487277.0
4554,橙的,上櫃,27.75,-0.5376344086021506,-3000.0,0,0,-3000.0,-83250.0,0.0,0.0,-83250.0
4556,旭然,上櫃,145.0,5.454545454545454,-19100.0,0,-11000.0,-30100.0,-2769500.0,0.0,-1595000.0,-4364500.0
4558,寶緯,上櫃,17.0,0.890207715133531,-1000.0,0,-12.0,-1012.0,-17000.0,0.0,-204.0,-17204.0
4561,健椿,上櫃,42.05,-1.522248243559719,-7000.0,0,1000.0,-6000.0,-294350.0,0.0,42050.0,-252299.99999999997
4563,百德,上櫃,53.0,-1.4869888475836432,2000.0,0,0,2000.0,106000.0,0.0,0.0,106000.0
4568,科際精密,上櫃,38.85,0.25806451612903225,1000.0,0,0,1000.0,38850.0,0.0,0.0,38850.0
4577,達航科技,上櫃,88.8,0.0,-14879.0,0,-3542.0,-18421.0,-1321255.2,0.0,-314529.6,-1635784.8
4580,捷流閥業,上櫃,82.5,0.0,1000.0,0,0,1000.0,82500.0,0.0,0.0,82500.0
4702,中美實,上櫃,9.34,0.2145922746781116,-15000.0,0,0,-15000.0,-140100.0,0.0,0.0,-140100.0
4706,大恭,上櫃,43.15,9.936305732484076,-9000.0,0,0,-9000.0,-388350.0,0.0,0.0,-388350.0
4707,磐亞,上櫃,32.6,-1.954887218045113,-1126822.0,0,3635.0,-1123187.0,-36734397.2,0.0,118501.0,-36615896.2
4711,永純,上櫃,17.5,-5.149051490514905,-276000.0,0,-9168.0,-285168.0,-4830000.0,0.0,-160440.0,-4990440.0
4714,永捷,上櫃,11.95,0.4201680672268908,161452.0,0,0,161452.0,1929351.4,0.0,0.0,1929351.4
4716,大立,上櫃,19.45,-7.159904534606206,-232808.0,0,-6993.0,-239801.0,-4528115.6,0.0,-136013.85,-4664129.45
4721,美琪瑪,上櫃,82.3,-0.24242424242424243,65757.0,0,-2553.0,63204.0,5411801.1,0.0,-210111.9,5201689.2
4726,永昕,上櫃,22.7,-0.6564551422319476,1000.0,0,0,1000.0,22700.0,0.0,0.0,22700.0
4729,熒茂,上櫃,19.6,-1.0101010101010102,-4000.0,0,-138.0,-4138.0,-78400.0,0.0,-2704.8,-81104.8
4735,豪展,上櫃,38.0,-0.5235602094240838,-6000.0,0,3000.0,-3000.0,-228000.0,0.0,114000.0,-114000.0
4741,泓瀚,上櫃,40.6,-1.9323671497584543,-13000.0,0,0,-13000.0,-527800.0,0.0,0.0,-527800.0
4743,合一,上櫃,47.1,-2.0790020790020787,-370150.0,0,7192.0,-362958.0,-17434065.0,0.0,338743.2,-17095321.8
4744,皇將,上櫃,28.45,1.2455516014234875,2000.0,0,0,2000.0,56900.0,0.0,0.0,56900.0
4745,合富-KY,上櫃,12.15,0.0,-2000.0,0,0,-2000.0,-24300.0,0.0,0.0,-24300.0
4747,強生*,上櫃,23.15,-0.21551724137931033,-4000.0,0,-1000.0,-5000.0,-92600.0,0.0,-23150.0,-115750.0
4749,新應材,上櫃,791.0,-1.2484394506866416,-15313.0,-144.0,6259.0,-9198.0,-12112583.0,-113904.0,4950869.0,-7275618.0
4754,國碳科,上櫃,37.95,-0.39370078740157477,4000.0,0,0,4000.0,151800.0,0.0,0.0,151800.0
4760,勤凱,上櫃,334.0,-0.2985074626865672,-506973.0,0,11207.0,-495766.0,-169328982.0,0.0,3743138.0,-165585844.0
4767,誠泰科技,上櫃,28.25,-0.8771929824561403,1000.0,0,5000.0,6000.0,28250.0,0.0,141250.0,169500.0
4768,晶呈科技,上櫃,363.0,-1.891891891891892,-177243.0,0,-1732.0,-178975.0,-64339209.0,0.0,-628716.0,-64967925.0
4772,台特化,上櫃,277.0,0.36231884057971014,-123000.0,0,24891.0,-98109.0,-34071000.0,0.0,6894807.0,-27176193.0
4903,聯光通,上櫃,46.75,10.0,1273000.0,0,0,1273000.0,59512750.0,0.0,0.0,59512750.0
4905,台聯電,上櫃,92.8,1.7543859649122806,-16000.0,0,-3000.0,-19000.0,-1484800.0,0.0,-278400.0,-1763200.0
4907,富宇,上櫃,43.0,0.35005834305717615,4000.0,0,0,4000.0,172000.0,0.0,0.0,172000.0
4908,前鼎,上櫃,254.0,9.956709956709958,617344.0,0,189525.0,806869.0,156805376.0,0.0,48139350.0,204944726.0
4909,新復興,上櫃,36.9,-1.0723860589812335,30000.0,0,0,30000.0,1107000.0,0.0,0.0,1107000.0
4923,力士,上櫃,62.7,-1.1041009463722395,52255.0,0,0,52255.0,3276388.5,0.0,0.0,3276388.5
4924,欣厚-KY,上櫃,15.7,9.79020979020979,122000.0,0,0,122000.0,1915400.0,0.0,0.0,1915400.0
4931,新盛力,上櫃,252.5,-2.321083172147002,-1706063.0,0,-110943.0,-1817006.0,-430780907.5,0.0,-28013107.5,-458794015.0
4933,友輝,上櫃,53.2,0.0,-1000.0,0,0,-1000.0,-53200.0,0.0,0.0,-53200.0
4939,亞電,上櫃,76.9,0.7863695937090431,-96974.0,0,6179.0,-90795.0,-7457300.600000001,0.0,475165.10000000003,-6982135.500000001
4946,辣椒,上櫃,99.1,1.019367991845056,-4000.0,0,0,-4000.0,-396400.0,0.0,0.0,-396400.0
4951,精拓科,上櫃,88.7,-0.33707865168539325,9722.0,0,297.0,10019.0,862341.4,0.0,26343.9,888685.3
4953,緯致,上櫃,118.0,0.8547008547008548,28116.0,0,599.0,28715.0,3317688.0,0.0,70682.0,3388370.0
4966,譜瑞-KY,上櫃,568.0,0.8880994671403196,112882.0,9000.0,3915.0,125797.0,64116976.0,5112000.0,2223720.0,71452696.0
4971,IET-KY,上櫃,604.0,3.2478632478632483,36129.0,0,6162.0,42291.0,21821916.0,0.0,3721848.0,25543764.0
4972,湯石照明,上櫃,16.15,0.3105590062111802,-1000.0,0,0,-1000.0,-16149.999999999998,0.0,0.0,-16149.999999999998
4973,廣穎,上櫃,135.5,-0.7326007326007326,138460.0,0,3884.0,142344.0,18761330.0,0.0,526282.0,19287612.0
4974,亞泰,上櫃,69.7,-0.4285714285714286,-6421.0,0,-504.0,-6925.0,-447543.7,0.0,-35128.8,-482672.5
4979,華星光,上櫃,579.0,1.936619718309859,-202984.0,-1001000.0,11607.0,-1192377.0,-117527736.0,-579579000.0,6720453.0,-690386283.0
4991,環宇-KY,上櫃,518.0,2.5742574257425743,231707.0,139000.0,11601.0,382308.0,120024226.0,72002000.0,6009318.0,198035544.0
4995,晶達,上櫃,46.8,-1.1615628299894405,0,0,0,0,0.0,0.0,0.0,0.0
5009,榮剛,上櫃,32.7,0.0,186000.0,0,0,186000.0,6082200.000000001,0.0,0.0,6082200.000000001
5011,久陽,上櫃,22.65,4.618937644341801,544466.0,0,700.0,545166.0,12332154.899999999,0.0,15854.999999999998,12348009.899999999
5013,強新,上櫃,52.7,9.906152241918665,2000.0,0,-499.0,1501.0,105400.0,0.0,-26297.300000000003,79102.7
5014,建錩,上櫃,10.05,0.6006006006006006,9000.0,0,0,9000.0,90450.0,0.0,0.0,90450.0
5015,華祺,上櫃,22.9,-1.716738197424893,-1000.0,0,-1000.0,-2000.0,-22900.0,0.0,-22900.0,-45800.0
5016,松和,上櫃,27.2,-1.9819819819819822,-3000.0,0,0,-3000.0,-81600.0,0.0,0.0,-81600.0
5201,凱衛,上櫃,27.3,-1.2658227848101264,-8000.0,0,0,-8000.0,-218400.0,0.0,0.0,-218400.0
5202,力新,上櫃,14.4,-4.318936877076411,-225999.0,0,-496.0,-226495.0,-3254385.6,0.0,-7142.400000000001,-3261528.0
5206,坤悅,上櫃,22.7,0.0,-50.0,0,0,-50.0,-1135.0,0.0,0.0,-1135.0
5209,新鼎,上櫃,173.0,-0.2881844380403458,6489.0,-238.0,157.0,6408.0,1122597.0,-41174.0,27161.0,1108584.0
5210,寶碩,上櫃,29.85,0.0,25973.0,0,0,25973.0,775294.05,0.0,0.0,775294.05
5211,蒙恬,上櫃,20.85,1.2135922330097086,3000.0,0,-767.0,2233.0,62550.00000000001,0.0,-15991.95,46558.05
5212,凌網,上櫃,49.1,-0.20325203252032517,-2000.0,0,0,-2000.0,-98200.0,0.0,0.0,-98200.0
5213,亞昕,上櫃,20.05,-0.49627791563275436,-71000.0,0,0,-71000.0,-1423550.0,0.0,0.0,-1423550.0
5220,萬達光電,上櫃,22.1,1.6091954022988506,-8000.0,0,0,-8000.0,-176800.0,0.0,0.0,-176800.0
5223,安力-KY,上櫃,22.6,0.0,0,0,0,0,0.0,0.0,0.0,0.0
5227,立凱-KY,上櫃,28.85,-0.17301038062283738,-24173.0,0,0,-24173.0,-697391.05,0.0,0.0,-697391.05
5228,鈺鎧,上櫃,55.8,9.84251968503937,54000.0,0,5005.0,59005.0,3013200.0,0.0,279279.0,3292479.0
5230,雷笛克光學,上櫃,22.75,2.0179372197309418,106098.0,0,0,106098.0,2413729.5,0.0,0.0,2413729.5
5245,智晶,上櫃,20.0,-1.9607843137254906,-23000.0,0,-53000.0,-76000.0,-460000.0,0.0,-1060000.0,-1520000.0
5251,天鉞電,上櫃,31.1,-3.7151702786377703,-31997.0,0,0,-31997.0,-995106.7000000001,0.0,0.0,-995106.7000000001
5263,智崴,上櫃,91.4,1.4428412874583794,69708.0,0,213.0,69921.0,6371311.2,0.0,19468.2,6390779.4
5272,笙科,上櫃,17.7,0.8547008547008547,-20000.0,0,0,-20000.0,-354000.0,0.0,0.0,-354000.0
5274,信驊,上櫃,17750.0,-6.505135633394786,5755.0,-74185.0,481.0,-67949.0,102151250.0,-1316783750.0,8537750.0,-1206094750.0
5278,尚凡*,上櫃,23.1,-1.702127659574468,23000.0,0,-818.0,22182.0,531300.0,0.0,-18895.800000000003,512404.2
5287,數字,上櫃,137.5,0.7326007326007326,-13358.0,-622.0,36.0,-13944.0,-1836725.0,-85525.0,4950.0,-1917300.0
5289,宜鼎,上櫃,1260.0,-0.3952569169960474,-252380.0,-2473.0,-3401.0,-258254.0,-317998800.0,-3115980.0,-4285260.0,-325400040.0
5291,邑昇,上櫃,64.3,0.31201248049922004,175450.0,0,7514.0,182964.0,11281435.0,0.0,483150.19999999995,11764585.2
5299,杰力,上櫃,99.5,-2.450980392156863,-16690.0,0,1405.0,-15285.0,-1660655.0,0.0,139797.5,-1520857.5
5301,寶得利,上櫃,6.0,-1.639344262295082,-366.0,0,0,-366.0,-2196.0,0.0,0.0,-2196.0
5302,太欣,上櫃,9.81,0.0,-5000.0,0,0,-5000.0,-49050.0,0.0,0.0,-49050.0
5309,系統電,上櫃,67.2,0.0,-731634.0,-20000.0,26162.0,-725472.0,-49165804.800000004,-1344000.0,1758086.4000000001,-48751718.4
5310,天剛,上櫃,29.4,-1.342281879194631,-4000.0,0,0,-4000.0,-117600.0,0.0,0.0,-117600.0
5312,寶島科,上櫃,89.4,-0.2232142857142857,4000.0,0,0,4000.0,357600.0,0.0,0.0,357600.0
5314,世紀*,上櫃,27.55,-3.6713286713286712,-1750829.0,0,-495451.0,-2246280.0,-48235338.95,0.0,-13649675.05,-61885014.0
5315,光聯,上櫃,19.1,0.26246719160104987,-6000.0,0,0,-6000.0,-114600.00000000001,0.0,0.0,-114600.00000000001
5321,美而快,上櫃,70.1,0.14285714285714285,28000.0,0,7000.0,35000.0,1962799.9999999998,0.0,490699.99999999994,2453500.0
5324,士開,上櫃,12.55,0.8032128514056224,16000.0,0,0,16000.0,200800.0,0.0,0.0,200800.0
5328,華容,上櫃,58.0,1.7543859649122806,-533450.0,0,10927.0,-522523.0,-30940100.0,0.0,633766.0,-30306334.0
5340,建榮,上櫃,90.0,5.88235294117647,1210127.0,0,122498.0,1332625.0,108911430.0,0.0,11024820.0,119936250.0
5344,立衛,上櫃,14.35,5.904059040590407,-1000.0,0,0,-1000.0,-14350.0,0.0,0.0,-14350.0
5347,世界,上櫃,190.0,-0.5235602094240838,703286.0,406000.0,-380800.0,728486.0,133624340.0,77140000.0,-72352000.0,138412340.0
5351,鈺創,上櫃,114.5,1.3274336283185841,-1502568.0,0,-18816.0,-1521384.0,-172044036.0,0.0,-2154432.0,-174198468.0
5353,台林,上櫃,28.7,-1.2048192771084336,-3000.0,0,0,-3000.0,-86100.0,0.0,0.0,-86100.0
5355,佳總,上櫃,7.76,0.648508430609598,-21000.0,0,0,-21000.0,-162960.0,0.0,0.0,-162960.0
5356,協益,上櫃,25.9,0.3875968992248063,-29000.0,0,0,-29000.0,-751100.0,0.0,0.0,-751100.0
5364,力麗店,上櫃,8.3,0.12062726176115801,-4000.0,0,0,-4000.0,-33200.0,0.0,0.0,-33200.0
5381,光譜,上櫃,22.0,-2.0044543429844097,-132645.0,0,0,-132645.0,-2918190.0,0.0,0.0,-2918190.0
5386,青雲,上櫃,281.5,-1.7452006980802792,-13597.0,0,-4082.0,-17679.0,-3827555.5,0.0,-1149083.0,-4976638.5
5392,能率,上櫃,38.95,-0.2560819462227913,192000.0,0,-8658.0,183342.0,7478400.000000001,0.0,-337229.10000000003,7141170.9
5398,慕康生醫,上櫃,15.0,9.89010989010989,67000.0,0,493.0,67493.0,1005000.0,0.0,7395.0,1012395.0
5403,中菲,上櫃,91.6,-0.2178649237472767,-13000.0,0,0,-13000.0,-1190800.0,0.0,0.0,-1190800.0
5410,國眾,上櫃,33.45,0.1497005988023952,-18000.0,0,0,-18000.0,-602100.0,0.0,0.0,-602100.0
5425,台半,上櫃,104.5,3.9800995024875623,2313377.0,0,435234.0,2748611.0,241747896.5,0.0,45481953.0,287229849.5
5426,振發,上櫃,30.2,4.861111111111111,183033.0,0,-2231.0,180802.0,5527596.6,0.0,-67376.2,5460220.399999999
5432,新門,上櫃,195.0,-0.2557544757033248,60076.0,0,-2259.0,57817.0,11714820.0,0.0,-440505.0,11274315.0
5438,東友,上櫃,17.1,1.183431952662722,2000.0,0,0,2000.0,34200.0,0.0,0.0,34200.0
5439,高技,上櫃,262.0,-0.945179584120983,-400836.0,0,-2536.0,-403372.0,-105019032.0,0.0,-664432.0,-105683464.0
5443,均豪,上櫃,113.5,0.4424778761061947,310575.0,0,-7146.0,303429.0,35250262.5,0.0,-811071.0,34439191.5
5450,南良,上櫃,14.6,0.34364261168384885,-2000.0,0,2.0,-1998.0,-29200.0,0.0,29.2,-29170.8
5452,佶優,上櫃,31.2,-2.5,-327448.0,0,-15984.0,-343432.0,-10216377.6,0.0,-498700.8,-10715078.4
5457,宣德,上櫃,23.85,-1.8518518518518516,432840.0,0,-1402.0,431438.0,10323234.0,0.0,-33437.700000000004,10289796.3
5460,同協,上櫃,19.25,10.0,67000.0,0,100.0,67100.0,1289750.0,0.0,1925.0,1291675.0
5464,霖宏,上櫃,93.4,2.75027502750275,150098.0,0,-761.0,149337.0,14019153.200000001,0.0,-71077.40000000001,13948075.8
5465,富驊,上櫃,33.55,1.8209408194233687,86925.0,0,0,86925.0,2916333.7499999995,0.0,0.0,2916333.7499999995
5468,凱鈺,上櫃,24.35,-1.2170385395537524,-28110.0,0,0,-28110.0,-684478.5,0.0,0.0,-684478.5
5474,聰泰,上櫃,161.0,-1.2269938650306749,-7000.0,0,-1195.0,-8195.0,-1127000.0,0.0,-192395.0,-1319395.0
5475,德宏,上櫃,193.0,6.629834254143646,1133147.0,0,-2698.0,1130449.0,218697371.0,0.0,-520714.0,218176657.0
5478,智冠,上櫃,96.8,-0.2061855670103093,-25000.0,0,-99.0,-25099.0,-2420000.0,0.0,-9583.199999999999,-2429583.1999999997
5481,新華,上櫃,20.4,0.0,-55000.0,0,0,-55000.0,-1122000.0,0.0,0.0,-1122000.0
5483,中美晶,上櫃,224.0,4.186046511627907,12228776.0,137669.0,635963.0,13002408.0,2739245824.0,30837856.0,142455712.0,2912539392.0
5487,通泰,上櫃,29.85,3.6458333333333335,9000.0,0,-1000.0,8000.0,268650.0,0.0,-29850.0,238800.0
5488,松普,上櫃,11.95,-1.646090534979424,19000.0,0,0,19000.0,227050.0,0.0,0.0,227050.0
5489,彩富,上櫃,41.95,0.7202881152460984,0,0,1000.0,1000.0,0.0,0.0,41950.0,41950.0
5490,同亨,上櫃,25.55,0.7889546351084813,50029.0,0,123.0,50152.0,1278240.95,0.0,3142.65,1281383.6
5493,三聯,上櫃,90.2,0.11098779134295228,-15000.0,0,-2952.0,-17952.0,-1353000.0,0.0,-266270.4,-1619270.4000000001
5498,凱崴,上櫃,54.8,1.6697588126159555,53529.0,0,22477.0,76006.0,2933389.1999999997,0.0,1231739.5999999999,4165128.8
5508,永信建,上櫃,53.9,1.6981132075471699,146201.0,0,-82.0,146119.0,7880233.899999999,0.0,-4419.8,7875814.1
5511,德昌,上櫃,68.4,-0.14598540145985403,13040.0,0,0,13040.0,891936.0000000001,0.0,0.0,891936.0000000001
5512,力麒,上櫃,7.51,0.26702269692923897,-54807.0,0,1367.0,-53440.0,-411600.57,0.0,10266.17,-401334.39999999997
5514,三豐,上櫃,15.1,0.3322259136212625,-1000.0,0,0,-1000.0,-15100.0,0.0,0.0,-15100.0
5523,豐謙,上櫃,30.35,0.49668874172185423,-1000.0,0,0,-1000.0,-30350.0,0.0,0.0,-30350.0
5529,鉅陞,上櫃,25.6,-1.727447216890595,-34000.0,0,0,-34000.0,-870400.0,0.0,0.0,-870400.0
5530,龍巖,上櫃,48.3,0.9404388714733543,19000.0,0,0,19000.0,917700.0,0.0,0.0,917700.0
5536,聖暉*,上櫃,1045.0,5.1307847082494975,278418.0,22238.0,49201.0,349857.0,290946810.0,23238710.0,51415045.0,365600565.0
5543,桓鼎-KY,上櫃,26.5,-3.6363636363636362,1000.0,0,0,1000.0,26500.0,0.0,0.0,26500.0
5547,久舜,上櫃,20.2,0.0,-1000.0,0,0,-1000.0,-20200.0,0.0,0.0,-20200.0
5548,安倉,上櫃,20.1,0.5,1000.0,0,0,1000.0,20100.0,0.0,0.0,20100.0
5603,陸海,上櫃,14.1,-0.7042253521126761,-10000.0,0,0,-10000.0,-141000.0,0.0,0.0,-141000.0
5604,中連,上櫃,31.7,0.6349206349206349,-2000.0,0,0,-2000.0,-63400.0,0.0,0.0,-63400.0
5609,中菲行,上櫃,78.7,0.5108556832694764,22219.0,0,-1000.0,21219.0,1748635.3,0.0,-78700.0,1669935.3
5701,劍湖山,上櫃,4.19,4.75,6000.0,0,-4.0,5996.0,25140.000000000004,0.0,-16.76,25123.24
5704,老爺知,上櫃,22.5,0.0,-1000.0,0,0,-1000.0,-22500.0,0.0,0.0,-22500.0
5864,致和證,上櫃,39.4,1.4157014157014158,479047.0,0,0,479047.0,18874451.8,0.0,0.0,18874451.8
5902,德記,上櫃,34.05,0.0,0,0,0,0,0.0,0.0,0.0,0.0
5903,全家,上櫃,185.5,0.0,1000.0,0,0,1000.0,185500.0,0.0,0.0,185500.0
5904,寶雅*,上櫃,70.1,2.037845705967977,1139931.0,132400.0,-100408.0,1171923.0,79909163.1,9281240.0,-7038600.8,82151802.3
5905,南仁湖,上櫃,7.38,1.2345679012345678,59000.0,0,0,59000.0,435420.0,0.0,0.0,435420.0
6015,宏遠證,上櫃,17.8,-0.2801120448179272,-362503.0,0,0,-362503.0,-6452553.4,0.0,0.0,-6452553.4
6016,康和證,上櫃,24.0,0.4184100418410042,44329.0,0,0,44329.0,1063896.0,0.0,0.0,1063896.0
6021,美好證,上櫃,42.75,0.352112676056338,-31000.0,0,0,-31000.0,-1325250.0,0.0,0.0,-1325250.0
6023,元大期,上櫃,84.5,0.0,-24760.0,0,0,-24760.0,-2092220.0,0.0,0.0,-2092220.0
6026,福邦證,上櫃,15.85,0.0,24983.0,-8143.0,0,16840.0,395980.55,-129066.55,0.0,266914.0
6028,公勝保經,上櫃,112.0,9.803921568627452,9000.0,0,0,9000.0,1008000.0,0.0,0.0,1008000.0
6101,寬魚國際,上櫃,38.75,3.058510638297872,181000.0,0,699.0,181699.0,7013750.0,0.0,27086.25,7040836.25
6103,合邦,上櫃,39.9,9.917355371900829,8000.0,0,0,8000.0,319200.0,0.0,0.0,319200.0
6104,創惟,上櫃,87.5,-0.3416856492027335,-214874.0,0,-5537.0,-220411.0,-18801475.0,0.0,-484487.5,-19285962.5
6109,亞元,上櫃,10.3,0.0,-3000.0,0,0,-3000.0,-30900.000000000004,0.0,0.0,-30900.000000000004
6111,光聚晶電,上櫃,35.85,-1.103448275862069,-24000.0,0,-124.0,-24124.0,-860400.0,0.0,-4445.400000000001,-864845.4
6113,亞矽,上櫃,23.65,-0.6302521008403361,6000.0,0,1000.0,7000.0,141900.0,0.0,23650.0,165550.0
6114,久威,上櫃,22.7,-0.43859649122807015,-34000.0,0,0,-34000.0,-771800.0,0.0,0.0,-771800.0
6118,建達,上櫃,16.15,0.3105590062111802,49000.0,0,0,49000.0,791349.9999999999,0.0,0.0,791349.9999999999
6121,新普,上櫃,370.0,-0.6711409395973155,-46600.0,-12658.0,587.0,-58671.0,-17242000.0,-4683460.0,217190.0,-21708270.0
6122,擎邦,上櫃,59.9,4.9036777583187385,133090.0,-1396.0,9283.0,140977.0,7972091.0,-83620.4,556051.7,8444522.299999999
6123,上奇,上櫃,42.65,0.0,0,0,0,0,0.0,0.0,0.0,0.0
6124,業強,上櫃,27.2,0.7407407407407408,2000.0,0,0,2000.0,54400.0,0.0,0.0,54400.0
6125,廣運,上櫃,50.1,0.6024096385542168,102157.0,0,4000.0,106157.0,5118065.7,0.0,200400.0,5318465.7
6126,信音,上櫃,32.4,-0.7656967840735069,-16960.0,0,-1000.0,-17960.0,-549504.0,0.0,-32400.0,-581904.0
6127,九豪,上櫃,58.3,2.6408450704225355,-370124.0,0,49035.0,-321089.0,-21578229.2,0.0,2858740.5,-18719488.7
6129,普誠,上櫃,14.3,,-21000.0,0,0,-21000.0,-300300.0,0.0,0.0,-300300.0
6130,上亞科技,上櫃,22.85,0.43956043956043955,3000.0,0,0,3000.0,68550.0,0.0,0.0,68550.0
6134,萬旭,上櫃,28.35,0.17667844522968199,-34000.0,0,7756.0,-26244.0,-963900.0,0.0,219882.6,-744017.4
6138,茂達,上櫃,270.5,-4.2477876106194685,-322402.0,0,-15639.0,-338041.0,-87209741.0,0.0,-4230349.5,-91440090.5
6140,訊達,上櫃,20.05,-7.390300230946882,-132000.0,0,-6048.0,-138048.0,-2646600.0,0.0,-121262.40000000001,-2767862.4
6143,振曜,上櫃,78.3,-1.0113780025284451,44000.0,-60000.0,0,-16000.0,3445200.0,-4698000.0,0.0,-1252800.0
6144,得利影,上櫃,13.25,0.37878787878787884,0,0,0,0,0.0,0.0,0.0,0.0
6146,耕興,上櫃,181.5,-0.27472527472527475,25140.0,0,-4026.0,21114.0,4562910.0,0.0,-730719.0,3832191.0
6147,頎邦,上櫃,231.5,6.928406466512701,16381379.0,4718000.0,831533.0,21930912.0,3792289238.5,1092217000.0,192499889.5,5077006128.0
6148,驊宏資,上櫃,37.1,-1.5915119363395223,-74957.0,0,0,-74957.0,-2780904.7,0.0,0.0,-2780904.7
6150,撼訊,上櫃,65.0,-0.7633587786259541,-26734.0,0,1087.0,-25647.0,-1737710.0,0.0,70655.0,-1667055.0
6151,晉倫,上櫃,35.65,2.295552367288379,-13000.0,0,-514.0,-13514.0,-463450.0,0.0,-18324.1,-481774.1
6154,順發,上櫃,14.25,1.0638297872340425,1000.0,0,0,1000.0,14250.0,0.0,0.0,14250.0
6156,松上,上櫃,23.4,-2.0920502092050213,253000.0,0,902.0,253902.0,5920200.0,0.0,21106.8,5941306.8
6158,禾昌,上櫃,17.85,0.2808988764044944,0,0,0,0,0.0,0.0,0.0,0.0
6160,欣技,上櫃,13.85,-1.0714285714285714,-2000.0,0,0,-2000.0,-27700.0,0.0,0.0,-27700.0
6161,捷波,上櫃,49.0,0.0,-13000.0,0,-100.0,-13100.0,-637000.0,0.0,-4900.0,-641900.0
6163,華電網,上櫃,42.85,2.1454112038140645,428443.0,0,764.0,429207.0,18358782.55,0.0,32737.4,18391519.95
6169,昱泉,上櫃,12.0,0.0,1000.0,0,0,1000.0,12000.0,0.0,0.0,12000.0
6170,統振,上櫃,49.15,0.6141248720573182,2000.0,0,250.0,2250.0,98300.0,0.0,12287.5,110587.5
6171,大城地產,上櫃,24.0,-0.4149377593360996,16000.0,0,0,16000.0,384000.0,0.0,0.0,384000.0
6174,安碁,上櫃,58.2,6.7889908256880735,-338202.0,0,-12645.0,-350847.0,-19683356.400000002,0.0,-735939.0,-20419295.400000002
6175,立敦,上櫃,77.0,1.3157894736842104,-192890.0,0,-2886.0,-195776.0,-14852530.0,0.0,-222222.0,-15074752.0
6179,亞通,上櫃,37.75,0.5326231691078562,-573900.0,0,-9631.0,-583531.0,-21664725.0,0.0,-363570.25,-22028295.25
6180,橘子,上櫃,39.65,-3.7621359223300974,-147784.0,0,0,-147784.0,-5859635.6,0.0,0.0,-5859635.6
6182,合晶,上櫃,135.0,5.46875,12752171.0,-141000.0,1101179.0,13712350.0,1721543085.0,-19035000.0,148659165.0,1851167250.0
6185,幃翔,上櫃,12.55,0.4,19000.0,0,0,19000.0,238450.0,0.0,0.0,238450.0
6186,新潤,上櫃,28.95,0.5208333333333333,135088.0,0,0,135088.0,3910797.6,0.0,0.0,3910797.6
6187,萬潤,上櫃,1535.0,0.0,35496.0,101897.0,13345.0,150738.0,54486360.0,156411895.0,20484575.0,231382830.0
6188,廣明,上櫃,62.5,1.1326860841423947,126647.0,0,-25173.0,101474.0,7915437.5,0.0,-1573312.5,6342125.0
6190,萬泰科,上櫃,76.4,0.26246719160104987,-308432.0,0,10718.0,-297714.0,-23564204.8,0.0,818855.2000000001,-22745349.6
6194,育富,上櫃,31.85,0.9508716323296353,5000.0,0,-773.0,4227.0,159250.0,0.0,-24620.050000000003,134629.95
6195,詩肯,上櫃,28.05,-0.1779359430604982,0,0,-756.0,-756.0,0.0,0.0,-21205.8,-21205.8
6199,天品,上櫃,139.5,2.952029520295203,454420.0,0,56604.0,511024.0,63391590.0,0.0,7896258.0,71287848.0
6203,海韻電,上櫃,59.8,0.0,10000.0,0,0,10000.0,598000.0,0.0,0.0,598000.0
6204,艾華,上櫃,111.5,0.904977375565611,-10717.0,0,9647.0,-1070.0,-1194945.5,0.0,1075640.5,-119305.0
6207,雷科,上櫃,147.5,2.7874564459930316,1061155.0,0,-68934.0,992221.0,156520362.5,0.0,-10167765.0,146352597.5
6208,日揚,上櫃,79.8,0.0,22020.0,0,-1980.0,20040.0,1757196.0,0.0,-158004.0,1599192.0
6217,中探針,上櫃,173.0,-0.5747126436781609,383291.0,0,-477.0,382814.0,66309343.0,0.0,-82521.0,66226822.0
6218,豪勉,上櫃,60.8,7.610619469026549,-259097.0,0,2455.0,-256642.0,-15753097.6,0.0,149264.0,-15603833.6
6219,富旺,上櫃,12.0,-1.639344262295082,-9000.0,0,34.0,-8966.0,-108000.0,0.0,408.0,-107592.0
6220,岳豐,上櫃,25.65,0.19531250000000006,-10535.0,0,-313.0,-10848.0,-270222.75,0.0,-8028.45,-278251.2
6221,晉泰,上櫃,30.05,-2.4350649350649354,-117000.0,0,-10000.0,-127000.0,-3515850.0,0.0,-300500.0,-3816350.0
6222,立軒,上櫃,20.0,0.0,0,0,1.0,1.0,0.0,0.0,20.0,20.0
6223,旺矽,上櫃,5530.0,-2.4691358024691357,26335.0,-120705.0,-12748.0,-107118.0,145632550.0,-667498650.0,-70496440.0,-592362540.0
6227,茂綸,上櫃,140.5,-0.7067137809187279,38313.0,0,5821.0,44134.0,5382976.5,0.0,817850.5,6200827.0
6228,全譜,上櫃,18.15,2.5423728813559325,1000.0,0,0,1000.0,18150.0,0.0,0.0,18150.0
6229,研通,上櫃,23.9,0.0,-2000.0,0,0,-2000.0,-47800.0,0.0,0.0,-47800.0
6231,系微,上櫃,234.5,0.2136752136752137,26356.0,0,373.0,26729.0,6180482.0,0.0,87468.5,6267950.5
6233,旺玖,上櫃,24.95,2.254098360655738,66152.0,0,5000.0,71152.0,1650492.4,0.0,124750.0,1775242.4
6234,高僑,上櫃,41.8,10.0,642000.0,0,16091.0,658091.0,26835600.0,0.0,672603.7999999999,27508203.799999997
6237,驊訊,上櫃,35.65,1.2784090909090913,52000.0,0,0,52000.0,1853800.0,0.0,0.0,1853800.0
6240,松崗,上櫃,26.25,0.5747126436781608,3000.0,0,0,3000.0,78750.0,0.0,0.0,78750.0
6241,鑫永洋,上櫃,16.35,-0.3048780487804878,-2000.0,0,0,-2000.0,-32700.000000000004,0.0,0.0,-32700.000000000004
6244,茂迪,上櫃,22.8,-0.6535947712418301,-5846.0,0,-55110.0,-60956.0,-133288.80000000002,0.0,-1256508.0,-1389796.8
6245,立端,上櫃,87.3,-0.5694760820045558,48885.0,0,-1884.0,47001.0,4267660.5,0.0,-164473.19999999998,4103187.3
6246,臺龍,上櫃,12.65,0.0,0,0,180.0,180.0,0.0,0.0,2277.0,2277.0
6248,沛波,上櫃,17.15,0.0,10000.0,0,0,10000.0,171500.0,0.0,0.0,171500.0
6259,百徽,上櫃,32.7,1.2383900928792568,70986.0,0,0,70986.0,2321242.2,0.0,0.0,2321242.2
6261,久元,上櫃,77.9,-0.5108556832694763,-20174.0,0,-2711.0,-22885.0,-1571554.6,0.0,-211186.90000000002,-1782741.5000000002
6263,普萊德,上櫃,178.0,1.4245014245014245,-158501.0,0,0,-158501.0,-28213178.0,0.0,0.0,-28213178.0
6264,富裔,上櫃,6.07,-0.32840722495894914,-1000.0,0,100.0,-900.0,-6070.0,0.0,607.0,-5463.0
6265,方土昶,上櫃,49.15,1.027749229188078,-50000.0,0,-3424.0,-53424.0,-2457500.0,0.0,-168289.6,-2625789.6
6266,泰詠,上櫃,26.4,-0.5649717514124294,28000.0,0,211.0,28211.0,739200.0,0.0,5570.4,744770.3999999999
6270,倍微,上櫃,29.9,-1.482701812191104,-4373.0,0,0,-4373.0,-130752.7,0.0,0.0,-130752.7
6274,台燿,上櫃,1720.0,-1.9943019943019942,-937607.0,177000.0,-115771.0,-876378.0,-1612684040.0,304440000.0,-199126120.0,-1507370160.0
6275,元山,上櫃,47.35,0.4241781548250266,48309.0,0,-1.0,48308.0,2287431.15,0.0,-47.35,2287383.8000000003
6276,安鈦克,上櫃,19.2,-1.2853470437017995,3000.0,0,0,3000.0,57600.0,0.0,0.0,57600.0
6279,胡連,上櫃,116.0,-0.4291845493562232,66639.0,-1554.0,-39516.0,25569.0,7730124.0,-180264.0,-4583856.0,2966004.0
6284,佳邦,上櫃,80.0,1.6518424396442184,371100.0,0,8531.0,379631.0,29688000.0,0.0,682480.0,30370480.0
6290,良維,上櫃,284.5,-1.896551724137931,-831269.0,0,-193039.0,-1024308.0,-236496030.5,0.0,-54919595.5,-291415626.0
6291,沛亨,上櫃,469.5,1.0764262648008611,27085.0,0,-81315.0,-54230.0,12716407.5,0.0,-38177392.5,-25460985.0
6292,迅德,上櫃,68.8,-1.994301994301994,-23873.0,0,441.0,-23432.0,-1642462.4,0.0,30340.8,-1612121.5999999999
6411,晶焱,上櫃,78.7,0.2547770700636943,55309.0,0,774.0,56083.0,4352818.3,0.0,60913.8,4413732.100000001
6417,韋僑,上櫃,105.5,1.4423076923076923,-3000.0,0,-1.0,-3001.0,-316500.0,0.0,-105.5,-316605.5
6419,京晨科,上櫃,165.0,-2.0771513353115725,-23837.0,0,520.0,-23317.0,-3933105.0,0.0,85800.0,-3847305.0
6423,億而得,上櫃,87.1,-1.4705882352941178,2000.0,0,0,2000.0,174200.0,0.0,0.0,174200.0
6425,易發,上櫃,73.2,-1.7449664429530203,66713.0,0,-1183.0,65530.0,4883391.600000001,0.0,-86595.6,4796796.0
6432,今展科,上櫃,66.2,3.115264797507788,-73521.0,0,-90.0,-73611.0,-4867090.2,0.0,-5958.0,-4873048.2
6435,大中,上櫃,257.0,-3.018867924528302,-57263.0,0,-4406.0,-61669.0,-14716591.0,0.0,-1132342.0,-15848933.0
6441,廣錠,上櫃,22.55,0.0,-19792.0,0,0,-19792.0,-446309.60000000003,0.0,0.0,-446309.60000000003
6461,益得,上櫃,29.2,0.0,7000.0,0,-739.0,6261.0,204400.0,0.0,-21578.8,182821.19999999998
6462,神盾,上櫃,102.0,-0.4878048780487805,-19883.0,0,-4620.0,-24503.0,-2028066.0,0.0,-471240.0,-2499306.0
6465,威潤,上櫃,41.2,1.728395061728395,61000.0,0,442.0,61442.0,2513200.0,0.0,18210.4,2531410.4000000004
6469,大樹,上櫃,64.7,3.025477707006369,196957.0,0,2373.0,199330.0,12743117.9,0.0,153533.1,12896651.0
6470,宇智,上櫃,42.8,0.23419203747072603,5000.0,0,1.0,5001.0,214000.0,0.0,42.8,214042.8
6474,華豫寧,上櫃,35.55,-0.6983240223463688,3000.0,0,0,3000.0,106649.99999999999,0.0,0.0,106649.99999999999
6482,弘煜科,上櫃,23.3,0.0,1000.0,0,0,1000.0,23300.0,0.0,0.0,23300.0
6485,點序,上櫃,85.6,9.88446726572529,244319.0,0,583.0,244902.0,20913706.4,0.0,49904.799999999996,20963611.2
6486,互動,上櫃,78.4,0.5128205128205128,-998.0,0,-127.0,-1125.0,-78243.20000000001,0.0,-9956.800000000001,-88200.0
6488,環球晶,上櫃,1215.0,0.8298755186721992,-355788.0,-1337644.0,680361.0,-1013071.0,-432282420.0,-1625237460.0,826638615.0,-1230881265.0
6492,生華科,上櫃,34.0,0.890207715133531,37287.0,0,0,37287.0,1267758.0,0.0,0.0,1267758.0
6494,九齊,上櫃,52.1,-1.1385199240986716,17000.0,0,0,17000.0,885700.0,0.0,0.0,885700.0
6496,科懋,上櫃,23.85,-0.41753653444676403,5000.0,0,0,5000.0,119250.0,0.0,0.0,119250.0
6498,久禾光,上櫃,74.5,-0.6666666666666667,-95000.0,0,56.0,-94944.0,-7077500.0,0.0,4172.0,-7073328.0
6499,益安,上櫃,79.5,1.2738853503184715,16003.0,0,0,16003.0,1272238.5,0.0,0.0,1272238.5
6506,雙邦,上櫃,18.85,0.0,-1000.0,0,0,-1000.0,-18850.0,0.0,0.0,-18850.0
6508,惠光,上櫃,26.35,1.151631477927063,-17000.0,0,0,-17000.0,-447950.0,0.0,0.0,-447950.0
6509,聚和,上櫃,50.4,2.127659574468085,704543.0,-30000.0,-478.0,674065.0,35508967.199999996,-1512000.0,-24091.2,33972876.0
6510,精測,上櫃,3020.0,-1.1456628477905073,-22337.0,-38044.0,-8523.0,-68904.0,-67457740.0,-114892880.0,-25739460.0,-208090080.0
6517,保勝光學,上櫃,68.5,2.5449101796407185,220641.0,0,5000.0,225641.0,15113908.5,0.0,342500.0,15456408.5
6523,達爾膚,上櫃,89.1,0.11235955056179776,-6000.0,0,0,-6000.0,-534600.0,0.0,0.0,-534600.0
6530,創威,上櫃,98.2,2.935010482180293,140975.0,0,150.0,141125.0,13843745.0,0.0,14730.0,13858475.0
6532,瑞耘,上櫃,116.5,4.954954954954955,-72132.0,0,19948.0,-52184.0,-8403378.0,0.0,2323942.0,-6079436.0
6535,順藥,上櫃,81.0,0.24752475247524752,17000.0,0,289.0,17289.0,1377000.0,0.0,23409.0,1400409.0
6538,倉和,上櫃,332.0,9.933774834437086,-9150.0,0,37787.0,28637.0,-3037800.0,0.0,12545284.0,9507484.0
6542,隆中,上櫃,39.6,-1.0,1000.0,0,0,1000.0,39600.0,0.0,0.0,39600.0
6546,正基,上櫃,61.5,0.0,11559.0,0,0,11559.0,710878.5,0.0,0.0,710878.5
6547,高端疫苗,上櫃,61.4,1.3201320132013201,520687.0,0,5000.0,525687.0,31970181.8,0.0,307000.0,32277181.8
6548,長科*,上櫃,77.9,1.6971279373368144,-1708313.0,151000.0,162214.0,-1395099.0,-133077582.7,11762900.0,12636470.600000001,-108678212.10000001
6556,勝品,上櫃,62.3,0.4838709677419355,-1000.0,0,0,-1000.0,-62300.0,0.0,0.0,-62300.0
6560,欣普羅,上櫃,33.05,-3.6443148688046647,-36000.0,0,0,-36000.0,-1189800.0,0.0,0.0,-1189800.0
6561,是方,上櫃,313.0,0.16,13003.0,0,2814.0,15817.0,4069939.0,0.0,880782.0,4950721.0
6568,宏觀,上櫃,139.5,1.0869565217391304,-5330.0,0,-1099.0,-6429.0,-743535.0,0.0,-153310.5,-896845.5
6569,醫揚,上櫃,91.0,-0.6550218340611355,-2000.0,0,133.0,-1867.0,-182000.0,0.0,12103.0,-169897.0
6570,維田,上櫃,47.4,-0.10537407797681772,-22000.0,0,-747.0,-22747.0,-1042800.0,0.0,-35407.799999999996,-1078207.8
6574,霈方,上櫃,120.0,0.41841004184100417,-1000.0,0,-1000.0,-2000.0,-120000.0,0.0,-120000.0,-240000.0
6576,逸達,上櫃,79.0,0.6369426751592357,-19480.0,0,0,-19480.0,-1538920.0,0.0,0.0,-1538920.0
6577,勁豐,上櫃,80.5,-0.7398273736128237,2000.0,-245.0,0,1755.0,161000.0,-19722.5,0.0,141277.5
6578,達邦蛋白,上櫃,16.2,-0.6134969325153374,6000.0,0,0,6000.0,97200.0,0.0,0.0,97200.0
6584,南俊國際,上櫃,538.0,-2.35934664246824,-62730.0,0,-12807.0,-75537.0,-33748740.0,0.0,-6890166.0,-40638906.0
6588,東典光電,上櫃,109.0,-0.45662100456621,23000.0,0,837.0,23837.0,2507000.0,0.0,91233.0,2598233.0
6590,普鴻,上櫃,64.3,0.0,-3000.0,0,0,-3000.0,-192900.0,0.0,0.0,-192900.0
6593,台灣銘板,上櫃,32.2,0.9404388714733541,0,0,0,0,0.0,0.0,0.0,0.0
6596,寬宏藝術,上櫃,96.7,0.20725388601036268,43186.0,0,17000.0,60186.0,4176086.2,0.0,1643900.0,5819986.2
6603,富強鑫,上櫃,28.8,1.5873015873015872,295321.0,0,11186.0,306507.0,8505244.8,0.0,322156.8,8827401.6
6604,儒億,上櫃,25.35,0.7952286282306162,156000.0,0,0,156000.0,3954600.0,0.0,0.0,3954600.0
6609,瀧澤科,上櫃,39.0,-0.2557544757033248,3000.0,0,0,3000.0,117000.0,0.0,0.0,117000.0
6612,奈米醫材,上櫃,72.2,-0.5509641873278236,-3000.0,0,0,-3000.0,-216600.0,0.0,0.0,-216600.0
6613,朋億*,上櫃,290.0,1.7543859649122806,161428.0,0,2210.0,163638.0,46814120.0,0.0,640900.0,47455020.0
6615,慧智,上櫃,33.3,-0.1499250374812594,-5900.0,0,0,-5900.0,-196469.99999999997,0.0,0.0,-196469.99999999997
6616,特昇-KY,上櫃,8.5,1.7964071856287425,0,0,-14.0,-14.0,0.0,0.0,-119.0,-119.0
6617,共信-KY,上櫃,121.5,-3.9525691699604746,28698.0,0,0,28698.0,3486807.0,0.0,0.0,3486807.0
6620,漢達,上櫃,125.0,-6.015037593984962,-42996.0,0,6896.0,-36100.0,-5374500.0,0.0,862000.0,-4512500.0
6624,萬年清,上櫃,38.35,0.9210526315789472,-3000.0,0,0,-3000.0,-115050.0,0.0,0.0,-115050.0
6629,泰金-KY,上櫃,100.5,-2.898550724637681,0,0,0,0,0.0,0.0,0.0,0.0
6637,醫影,上櫃,54.4,1.4925373134328357,6000.0,0,0,6000.0,326400.0,0.0,0.0,326400.0
6640,均華,上櫃,1080.0,-4.845814977973569,-74995.0,-132000.0,-7958.0,-214953.0,-80994600.0,-142560000.0,-8594640.0,-232149240.0
6642,富致,上櫃,79.1,-1.125,-7961.0,0,117.0,-7844.0,-629715.1,0.0,9254.699999999999,-620460.3999999999
6643,M31,上櫃,498.0,-1.968503937007874,104526.0,0,-32529.0,71997.0,52053948.0,0.0,-16199442.0,35854506.0
6649,台生材,上櫃,36.15,-3.9840637450199203,8000.0,0,0,8000.0,289200.0,0.0,0.0,289200.0
6651,全宇昕,上櫃,142.5,-8.360128617363344,-168150.0,0,-5414.0,-173564.0,-23961375.0,0.0,-771495.0,-24732870.0
6654,天正國際,上櫃,217.0,-1.3636363636363635,3000.0,0,1759.0,4759.0,651000.0,0.0,381703.0,1032703.0
6664,群翊,上櫃,378.0,-2.1992238033635187,-19067.0,2000.0,-509.0,-17576.0,-7207326.0,756000.0,-192402.0,-6643728.0
6667,信紘科,上櫃,278.5,6.90978886756238,712882.0,0,13697.0,726579.0,198537637.0,0.0,3814614.5,202352251.5
6679,鈺太,上櫃,199.0,-0.7481296758104738,21000.0,0,-641.0,20359.0,4179000.0,0.0,-127559.0,4051441.0
6683,雍智科技,上櫃,1445.0,-3.9867109634551494,-71780.0,0,-4560.0,-76340.0,-103722100.0,0.0,-6589200.0,-110311300.0
6684,安格,上櫃,48.45,-0.920245398773006,9000.0,0,0,9000.0,436050.0,0.0,0.0,436050.0
6690,安碁資訊,上櫃,178.0,0.84985835694051,-34960.0,0,-319.0,-35279.0,-6222880.0,0.0,-56782.0,-6279662.0
6692,進能服,上櫃,22.6,2.0316027088036117,4000.0,0,64.0,4064.0,90400.0,0.0,1446.4,91846.40000000001
6693,廣閎科,上櫃,197.0,-4.368932038834951,-47150.0,0,-143869.0,-191019.0,-9288550.0,0.0,-28342193.0,-37630743.0
6697,東捷資訊,上櫃,41.1,0.12180267965895249,-1000.0,0,0,-1000.0,-41100.0,0.0,0.0,-41100.0
6703,軒郁,上櫃,100.5,0.6006006006006005,0,-485.0,0,-485.0,0.0,-48742.5,0.0,-48742.5
6708,天擎,上櫃,68.5,-6.035665294924554,6000.0,0,-236.0,5764.0,411000.0,0.0,-16166.0,394834.0
6712,長聖,上櫃,161.5,0.9375,113000.0,0,-2.0,112998.0,18249500.0,0.0,-323.0,18249177.0
6716,應廣,上櫃,153.5,5.136986301369863,218851.0,0,2800.0,221651.0,33593628.5,0.0,429800.0,34023428.5
6720,久昌,上櫃,124.5,0.0,0,0,-8.0,-8.0,0.0,0.0,-996.0,-996.0
6721,信實,上櫃,49.0,-0.7092198581560283,1000.0,0,0,1000.0,49000.0,0.0,0.0,49000.0
6725,矽科宏晟,上櫃,217.0,-1.5873015873015872,8069.0,0,130.0,8199.0,1750973.0,0.0,28210.0,1779183.0
6727,亞泰金屬,上櫃,526.0,-0.3787878787878788,35315.0,0,-9228.0,26087.0,18575690.0,0.0,-4853928.0,13721762.0
6728,上洋,上櫃,109.0,0.4608294930875576,1000.0,0,0,1000.0,109000.0,0.0,0.0,109000.0
6732,昇佳電子,上櫃,153.0,0.6578947368421052,27190.0,0,402.0,27592.0,4160070.0,0.0,61506.0,4221576.0
6733,博晟生醫,上櫃,24.85,1.2219959266802443,-5000.0,0,0,-5000.0,-124250.0,0.0,0.0,-124250.0
6735,美達科技,上櫃,63.2,-2.619414483821263,-3000.0,0,617.0,-2383.0,-189600.0,0.0,38994.4,-150605.6
6739,竹陞科技,上櫃,1100.0,-0.9009009009009009,-10094.0,0,407.0,-9687.0,-11103400.0,0.0,447700.0,-10655700.0
6741,91APP*-KY,上櫃,54.2,-0.5504587155963302,-28000.0,0,-100.0,-28100.0,-1517600.0,0.0,-5420.0,-1523020.0
6752,叡揚,上櫃,96.7,0.10351966873706003,930.0,0,0,930.0,89931.0,0.0,0.0,89931.0
6761,穩得,上櫃,168.5,0.5970149253731344,22003.0,0,0,22003.0,3707505.5,0.0,0.0,3707505.5
6763,綠界科技*,上櫃,41.5,1.0962241169305724,74545.0,0,100.0,74645.0,3093617.5,0.0,4150.0,3097767.5
6767,台微醫,上櫃,24.5,3.375527426160338,-1000.0,0,0,-1000.0,-24500.0,0.0,0.0,-24500.0
6785,昱展新藥,上櫃,90.8,-2.4704618689581093,-34000.0,0,263.0,-33737.0,-3087200.0,0.0,23880.399999999998,-3063319.6
6788,華景電,上櫃,377.0,1.7543859649122806,-268756.0,0,-21020.0,-289776.0,-101321012.0,0.0,-7924540.0,-109245552.0
6791,虎門科技,上櫃,101.5,-0.49019607843137253,-1000.0,0,0,-1000.0,-101500.0,0.0,0.0,-101500.0
6803,崑鼎,上櫃,262.0,-0.38022813688212925,-17000.0,0,343.0,-16657.0,-4454000.0,0.0,89866.0,-4364134.0
6804,明係,上櫃,18.3,-0.5434782608695652,-3000.0,0,0,-3000.0,-54900.0,0.0,0.0,-54900.0
6811,宏碁資訊,上櫃,273.0,9.859154929577464,382250.0,0,2088.0,384338.0,104354250.0,0.0,570024.0,104924274.0
6821,聯寶,上櫃,45.55,-0.5458515283842795,6000.0,0,-382.0,5618.0,273300.0,0.0,-17400.1,255899.9
6823,濾能,上櫃,60.2,-1.6339869281045754,-9000.0,0,-18.0,-9018.0,-541800.0,0.0,-1083.6000000000001,-542883.6
6829,千附精密,上櫃,215.0,3.614457831325301,-16564.0,0,32029.0,15465.0,-3561260.0,0.0,6886235.0,3324975.0
6840,東研信超,上櫃,95.0,-0.9384775808133471,-52666.0,0,-3000.0,-55666.0,-5003270.0,0.0,-285000.0,-5288270.0
6841,長佳智能,上櫃,55.8,-0.5347593582887701,46350.0,0,2.0,46352.0,2586330.0,0.0,111.6,2586441.6
6843,進典,上櫃,38.15,-0.13089005235602097,0,0,-22.0,-22.0,0.0,0.0,-839.3,-839.3
6859,伯特光,上櫃,120.5,-2.0325203252032518,16.0,0,-12.0,4.0,1928.0,0.0,-1446.0,482.0
6870,騰雲,上櫃,316.0,1.7713365539452495,16000.0,0,977.0,16977.0,5056000.0,0.0,308732.0,5364732.0
6872,浩宇生醫,上櫃,22.05,-0.6756756756756757,-5000.0,0,0,-5000.0,-110250.0,0.0,0.0,-110250.0
6875,國邑*,上櫃,27.05,-0.9157509157509158,-27000.0,0,0,-27000.0,-730350.0,0.0,0.0,-730350.0
6877,鏵友益,上櫃,132.5,0.0,-8829.0,0,-3302.0,-12131.0,-1169842.5,0.0,-437515.0,-1607357.5
6881,潤德,上櫃,215.5,0.23255813953488372,0,0,0,0,0.0,0.0,0.0,0.0
6884,海柏特,上櫃,30.9,0.4878048780487805,-1000.0,0,0,-1000.0,-30900.0,0.0,0.0,-30900.0
6894,衛司特,上櫃,363.0,1.1142061281337048,19000.0,0,-4252.0,14748.0,6897000.0,0.0,-1543476.0,5353524.0
6895,宏碩系統,上櫃,155.0,-1.5873015873015872,-4000.0,0,327.0,-3673.0,-620000.0,0.0,50685.0,-569315.0
6899,創為精密,上櫃,49.3,-0.40404040404040403,-1000.0,0,0,-1000.0,-49300.0,0.0,0.0,-49300.0
6903,巨漢,上櫃,327.0,1.0819165378670788,61522.0,0,8804.0,70326.0,20117694.0,0.0,2878908.0,22996602.0
6907,雅特力-KY,上櫃,189.0,-1.0471204188481675,-70001.0,0,-11282.0,-81283.0,-13230189.0,0.0,-2132298.0,-15362487.0
6910,德鴻,上櫃,25.4,-0.7812500000000002,4000.0,0,0,4000.0,101600.0,0.0,0.0,101600.0
6913,鴻呈,上櫃,134.0,3.474903474903475,-120559.0,0,-1307.0,-121866.0,-16154906.0,0.0,-175138.0,-16330044.0
6922,宸曜,上櫃,204.0,-3.3175355450236967,-21858.0,0,-18312.0,-40170.0,-4459032.0,0.0,-3735648.0,-8194680.0
6925,意藍,上櫃,71.2,-0.4195804195804196,-31850.0,0,0,-31850.0,-2267720.0,0.0,0.0,-2267720.0
6929,佑全,上櫃,22.5,4.651162790697675,2000.0,0,0,2000.0,45000.0,0.0,0.0,45000.0
6945,圓祥生技,上櫃,140.0,-1.4084507042253522,-114580.0,0,-5309.0,-119889.0,-16041200.0,0.0,-743260.0,-16784460.0
6953,家碩,上櫃,257.0,-0.7722007722007722,-30000.0,0,1639.0,-28361.0,-7710000.0,0.0,421223.0,-7288777.0
6961,旅天下,上櫃,45.75,-0.4352557127312296,0,0,0,0,0.0,0.0,0.0,0.0
6967,汎瑋材料,上櫃,73.4,-0.1360544217687075,0,0,0,0,0.0,0.0,0.0,0.0
6968,萬達寵物,上櫃,41.1,-0.4842615012106537,-15000.0,0,0,-15000.0,-616500.0,0.0,0.0,-616500.0
6971,惠民實業,上櫃,23.5,-1.4675052410901466,1000.0,0,0,1000.0,23500.0,0.0,0.0,23500.0
6983,華洋精機,上櫃,382.0,-3.2911392405063293,-71930.0,0,-13127.0,-85057.0,-27477260.0,0.0,-5014514.0,-32491774.0
6986,和迅,上櫃,44.2,0.4545454545454546,-11000.0,0,0,-11000.0,-486200.00000000006,0.0,0.0,-486200.00000000006
6996,力領科技,上櫃,166.0,-0.5988023952095809,2000.0,0,-553.0,1447.0,332000.0,0.0,-91798.0,240202.0
7402,邑錡,上櫃,99.6,0.10050251256281408,16736.0,0,-673.0,16063.0,1666905.5999999999,0.0,-67030.8,1599874.7999999998
7547,碩網,上櫃,61.5,0.49019607843137253,-3999.0,0,0,-3999.0,-245938.5,0.0,0.0,-245938.5
7556,意德士,上櫃,283.0,-4.230118443316413,-10275.0,0,-6789.0,-17064.0,-2907825.0,0.0,-1921287.0,-4829112.0
7642,昶瑞機電,上櫃,67.5,3.8461538461538463,1000.0,0,0,1000.0,67500.0,0.0,0.0,67500.0
7703,銳澤,上櫃,206.0,0.24330900243309003,23625.0,0,4319.0,27944.0,4866750.0,0.0,889714.0,5756464.0
7704,明遠精密,上櫃,60.6,0.0,1000.0,0,0,1000.0,60600.0,0.0,0.0,60600.0
7709,榮田,上櫃,83.7,-4.886363636363636,-65000.0,0,-4161.0,-69161.0,-5440500.0,0.0,-348275.7,-5788775.7
7712,博盛半導體,上櫃,173.0,0.2898550724637681,-1000.0,0,-6511.0,-7511.0,-173000.0,0.0,-1126403.0,-1299403.0
7713,威力德生醫,上櫃,73.1,-0.54421768707483,-3000.0,0,0,-3000.0,-219299.99999999997,0.0,0.0,-219299.99999999997
7714,創泓科技,上櫃,168.5,0.2976190476190476,12262.0,0,-10.0,12252.0,2066147.0,0.0,-1685.0,2064462.0
7715,裕山,上櫃,26.8,-0.9242144177449167,-44000.0,0,0,-44000.0,-1179200.0,0.0,0.0,-1179200.0
7717,萊德光電-KY,上櫃,602.0,1.5177065767284992,-45619.0,0,-39707.0,-85326.0,-27462638.0,0.0,-23903614.0,-51366252.0
7723,築間,上櫃,21.8,9.82367758186398,15000.0,0,6106.0,21106.0,327000.0,0.0,133110.80000000002,460110.8
7728,光焱科技,上櫃,637.0,-0.1567398119122257,-10000.0,0,300.0,-9700.0,-6370000.0,0.0,191100.0,-6178900.0
7734,印能科技,上櫃,2710.0,-1.6333938294010888,-4819.0,0,1739.0,-3080.0,-13059490.0,0.0,4712690.0,-8346800.0
7738,東聯互動,上櫃,158.0,1.282051282051282,-2000.0,0,0,-2000.0,-316000.0,0.0,0.0,-316000.0
7743,金利食安,上櫃,27.0,1.5037593984962405,0,0,0,0,0.0,0.0,0.0,0.0
7744,崴寶,上櫃,533.0,1.5238095238095237,20356.0,0,-889.0,19467.0,10849748.0,0.0,-473837.0,10375911.0
7751,竑騰,上櫃,1600.0,0.628930817610063,24982.0,6000.0,940.0,31922.0,39971200.0,9600000.0,1504000.0,51075200.0
7753,星亞,上櫃,35.5,-0.5602240896358543,1000.0,0,0,1000.0,35500.0,0.0,0.0,35500.0
7757,金色三麥,上櫃,89.1,0.33783783783783783,1000.0,0,0,1000.0,89100.0,0.0,0.0,89100.0
7767,仁大資訊,上櫃,45.45,-0.21953896816684962,-3000.0,0,0,-3000.0,-136350.0,0.0,0.0,-136350.0
7770,君曜,上櫃,40.0,-2.08078335373317,2000.0,0,-5000.0,-3000.0,80000.0,0.0,-200000.0,-120000.0
7772,耀穎,上櫃,144.5,-4.304635761589404,-2625.0,0,-6196.0,-8821.0,-379312.5,0.0,-895322.0,-1274634.5
7777,能率亞洲,上櫃,37.3,-0.26737967914438504,76000.0,0,-13335.0,62665.0,2834800.0,0.0,-497395.49999999994,2337404.5
7782,光速火箭,上櫃,25.25,0.19841269841269846,1000.0,0,0,1000.0,25250.0,0.0,0.0,25250.0
7792,安葆,上櫃,406.5,-9.966777408637874,-552807.0,0,-17094.0,-569901.0,-224716045.5,0.0,-6948711.0,-231664756.5
7805,威聯通,上櫃,492.5,0.0,0,0,0,0,0.0,0.0,0.0,0.0
7810,捷創科技,上櫃,248.5,0.40404040404040403,42917.0,0,1102.0,44019.0,10664874.5,0.0,273847.0,10938721.5
7811,民盛,上櫃,73.0,1.10803324099723,0,0,-1000.0,-1000.0,0.0,0.0,-73000.0,-73000.0
7814,海昌生技,上櫃,28.0,-3.4482758620689653,0,0,-1000.0,-1000.0,0.0,0.0,-28000.0,-28000.0
7820,立盈,上櫃,110.5,2.314814814814815,3000.0,0,0,3000.0,331500.0,0.0,0.0,331500.0
7825,和亞智慧,上櫃,78.1,-0.6361323155216285,-15980.0,0,0,-15980.0,-1248038.0,0.0,0.0,-1248038.0
7828,創新服務,上櫃,1800.0,-2.1739130434782608,-24675.0,0,0,-24675.0,-44415000.0,0.0,0.0,-44415000.0
7839,達人網,上櫃,44.25,0.0,6000.0,0,-2000.0,4000.0,265500.0,0.0,-88500.0,177000.0
7856,漢測,上櫃,4380.0,4.534606205250596,88815.0,18000.0,-9617.0,97198.0,389009700.0,78840000.0,-42122460.0,425727240.0
8024,佑華,上櫃,12.2,-1.612903225806452,41000.0,0,0,41000.0,500199.99999999994,0.0,0.0,500199.99999999994
8027,鈦昇,上櫃,208.5,-0.47732696897374705,-117762.0,0,415.0,-117347.0,-24553377.0,0.0,86527.5,-24466849.5
8032,光菱,上櫃,36.15,-0.6868131868131868,-1000.0,0,0,-1000.0,-36150.0,0.0,0.0,-36150.0
8034,榮群,上櫃,19.3,-0.7712082262210797,-9000.0,0,0,-9000.0,-173700.0,0.0,0.0,-173700.0
8038,長園科,上櫃,34.1,-1.5873015873015877,4000.0,0,0,4000.0,136400.0,0.0,0.0,136400.0
8040,九暘,上櫃,90.2,-3.2188841201716736,448000.0,0,-13443.0,434557.0,40409600.0,0.0,-1212558.6,39197041.4
8042,金山電,上櫃,126.0,7.6923076923076925,897903.0,0,54836.0,952739.0,113135778.0,0.0,6909336.0,120045114.0
8043,蜜望實,上櫃,145.0,4.693140794223827,-101517.0,0,81506.0,-20011.0,-14719965.0,0.0,11818370.0,-2901595.0
8044,網家,上櫃,24.1,1.6877637130801686,81090.0,0,-200.0,80890.0,1954269.0,0.0,-4820.0,1949449.0
8047,星雲,上櫃,46.95,-1.7782426778242675,20.0,0,-1000.0,-980.0,939.0,0.0,-46950.0,-46011.0
8048,德勝,上櫃,51.5,-0.5791505791505791,20000.0,0,5472.0,25472.0,1030000.0,0.0,281808.0,1311808.0
8049,晶采,上櫃,24.65,1.0245901639344264,-34000.0,0,0,-34000.0,-838100.0,0.0,0.0,-838100.0
8050,廣積,上櫃,60.6,-0.3289473684210526,-411550.0,0,-471.0,-412021.0,-24939930.0,0.0,-28542.600000000002,-24968472.6
8054,安國,上櫃,81.3,-5.244755244755245,-609900.0,0,-7330.0,-617230.0,-49584870.0,0.0,-595929.0,-50180799.0
8059,凱碩,上櫃,17.55,0.0,14000.0,0,0,14000.0,245700.0,0.0,0.0,245700.0
8064,東捷,上櫃,136.0,0.36900369003690037,-119696.0,0,-3486.0,-123182.0,-16278656.0,0.0,-474096.0,-16752752.0
8066,來思達,上櫃,14.75,0.34013605442176875,2000.0,0,0,2000.0,29500.0,0.0,0.0,29500.0
8068,全達,上櫃,17.05,-0.5830903790087464,24000.0,0,0,24000.0,409200.0,0.0,0.0,409200.0
8069,元太,上櫃,145.0,-2.684563758389262,-1907996.0,-11523.0,-183796.0,-2103315.0,-276659420.0,-1670835.0,-26650420.0,-304980675.0
8071,能率網通,上櫃,21.9,0.9216589861751152,63302.0,0,0,63302.0,1386313.7999999998,0.0,0.0,1386313.7999999998
8074,鉅橡,上櫃,58.0,3.3868092691622103,131278.0,0,47136.0,178414.0,7614124.0,0.0,2733888.0,10348012.0
8076,伍豐,上櫃,21.35,-0.23364485981308408,40110.0,0,659.0,40769.0,856348.5,0.0,14069.650000000001,870418.15
8080,泰霖,上櫃,28.3,-0.35211267605633806,0,0,-747.0,-747.0,0.0,0.0,-21140.100000000002,-21140.100000000002
8083,瑞穎,上櫃,160.0,0.628930817610063,13000.0,0,0,13000.0,2080000.0,0.0,0.0,2080000.0
8084,巨虹,上櫃,15.95,-9.887005649717514,1000.0,0,0,1000.0,15950.0,0.0,0.0,15950.0
8085,福華,上櫃,15.1,2.3728813559322033,56000.0,0,0,56000.0,845600.0,0.0,0.0,845600.0
8086,宏捷科,上櫃,140.0,9.803921568627452,1843583.0,0,340183.0,2183766.0,258101620.0,0.0,47625620.0,305727240.0
8088,品安,上櫃,44.45,1.1376564277588168,83001.0,0,1108.0,84109.0,3689394.45,0.0,49250.600000000006,3738645.0500000003
8089,康全電訊,上櫃,19.35,0.0,3000.0,0,0,3000.0,58050.00000000001,0.0,0.0,58050.00000000001
8091,翔名,上櫃,233.5,0.646551724137931,-85990.0,0,-869.0,-86859.0,-20078665.0,0.0,-202911.5,-20281576.5
8092,建暐,上櫃,12.0,-0.8264462809917356,-26000.0,0,-782.0,-26782.0,-312000.0,0.0,-9384.0,-321384.0
8093,保銳,上櫃,26.35,0.38095238095238093,-2000.0,0,0,-2000.0,-52700.0,0.0,0.0,-52700.0
8096,擎亞,上櫃,90.1,1.463963963963964,356260.0,0,9843.0,366103.0,32099025.999999996,0.0,886854.2999999999,32985880.299999997
8097,常珵,上櫃,48.3,-0.30959752321981426,0,0,0,0,0.0,0.0,0.0,0.0
8099,大世科,上櫃,58.9,-1.0084033613445378,-3000.0,0,-1.0,-3001.0,-176700.0,0.0,-58.9,-176758.9
8102,傑霖科技,上櫃,60.8,6.666666666666667,0,0,0,0,0.0,0.0,0.0,0.0
8107,大億金茂,上櫃,11.9,0.847457627118644,-2000.0,0,0,-2000.0,-23800.0,0.0,0.0,-23800.0
8109,博大,上櫃,135.0,-1.098901098901099,152216.0,-10000.0,-12979.0,129237.0,20549160.0,-1350000.0,-1752165.0,17446995.0
8111,立碁,上櫃,94.0,1.8418201516793065,-1360274.0,0,-125330.0,-1485604.0,-127865756.0,0.0,-11781020.0,-139646776.0
8121,越峰,上櫃,34.65,8.791208791208792,98837.0,0,5905.0,104742.0,3424702.05,0.0,204608.25,3629310.3
8147,正淩,上櫃,142.0,1.0676156583629894,32420.0,0,26981.0,59401.0,4603640.0,0.0,3831302.0,8434942.0
8155,博智,上櫃,334.0,0.6024096385542169,40301.0,0,-1734.0,38567.0,13460534.0,0.0,-579156.0,12881378.0
8171,天宇,上櫃,21.05,0.9592326139088728,91000.0,0,0,91000.0,1915550.0,0.0,0.0,1915550.0
8176,智捷,上櫃,9.72,-0.4098360655737705,-4000.0,0,0,-4000.0,-38880.0,0.0,0.0,-38880.0
8182,加高,上櫃,43.8,3.30188679245283,125000.0,0,2085.0,127085.0,5475000.0,0.0,91323.0,5566323.0
8227,巨有科技,上櫃,372.0,0.5405405405405406,-64000.0,0,299.0,-63701.0,-23808000.0,0.0,111228.0,-23696772.0
8234,新漢,上櫃,61.8,-0.6430868167202574,35000.0,0,0,35000.0,2163000.0,0.0,0.0,2163000.0
8240,華宏,上櫃,55.7,0.1798561151079137,-19931.0,0,866.0,-19065.0,-1110156.7,0.0,48236.200000000004,-1061920.5
8255,朋程,上櫃,153.0,1.3245033112582782,118711.0,0,-76.0,118635.0,18162783.0,0.0,-11628.0,18151155.0
8272,全景軟體,上櫃,60.2,0.16638935108153077,1000.0,0,0,1000.0,60200.0,0.0,0.0,60200.0
8277,商丞,上櫃,15.5,0.0,2827.0,0,0,2827.0,43818.5,0.0,0.0,43818.5
8279,生展,上櫃,80.8,0.49751243781094534,-2000.0,0,0,-2000.0,-161600.0,0.0,0.0,-161600.0
8284,三竹,上櫃,67.9,0.44378698224852065,-1000.0,0,-482.0,-1482.0,-67900.0,0.0,-32727.800000000003,-100627.8
8289,泰藝,上櫃,55.4,2.025782688766115,-305593.0,0,5365.0,-300228.0,-16929852.2,0.0,297221.0,-16632631.2
8291,尚茂,上櫃,27.7,-1.24777183600713,-2000.0,0,0,-2000.0,-55400.0,0.0,0.0,-55400.0
8299,群聯,上櫃,2060.0,-1.4354066985645932,-357660.0,16367.0,-46583.0,-387876.0,-736779600.0,33716020.0,-95960980.0,-799024560.0
8342,益張,上櫃,82.0,-1.2048192771084338,1000.0,0,0,1000.0,82000.0,0.0,0.0,82000.0
8349,恒耀,上櫃,41.6,1.21654501216545,872.0,0,0,872.0,36275.200000000004,0.0,0.0,36275.200000000004
8358,金居,上櫃,549.0,-0.3629764065335753,-475281.0,270000.0,-80662.0,-285943.0,-260929269.0,148230000.0,-44283438.0,-156982707.0
8383,千附,上櫃,70.6,0.7132667617689016,114800.0,0,-3391.0,111409.0,8104879.999999999,0.0,-239404.59999999998,7865475.399999999
8390,金益鼎,上櫃,91.8,-0.21739130434782608,-54001.0,0,-1064.0,-55065.0,-4957291.8,0.0,-97675.2,-5054967.0
8401,白紗科,上櫃,22.6,-0.22075055187637968,-3000.0,0,0,-3000.0,-67800.0,0.0,0.0,-67800.0
8403,盛弘,上櫃,18.85,0.26595744680851063,29100.0,0,0,29100.0,548535.0,0.0,0.0,548535.0
8410,森田,上櫃,26.7,-0.927643784786642,3000.0,0,10007.0,13007.0,80100.0,0.0,267186.89999999997,347286.89999999997
8415,大國鋼,上櫃,35.3,0.5698005698005699,23000.0,0,7000.0,30000.0,811899.9999999999,0.0,247099.99999999997,1059000.0
8421,旭源,上櫃,13.25,1.532567049808429,16000.0,0,0,16000.0,212000.0,0.0,0.0,212000.0
8423,保綠-KY,上櫃,17.95,0.2793296089385475,0,0,0,0,0.0,0.0,0.0,0.0
8426,紅木-KY,上櫃,20.85,0.7246376811594202,6000.0,0,0,6000.0,125100.00000000001,0.0,0.0,125100.00000000001
8431,匯鑽科,上櫃,64.0,4.746317512274959,6359.0,0,-11024.0,-4665.0,406976.0,0.0,-705536.0,-298560.0
8432,東生華,上櫃,53.8,0.5607476635514018,-9000.0,0,2.0,-8998.0,-484200.0,0.0,107.6,-484092.39999999997
8433,弘帆,上櫃,52.3,-0.19083969465648856,0,0,0,0,0.0,0.0,0.0,0.0
8435,鉅邁,上櫃,52.7,-0.5660377358490566,-1000.0,0,194.0,-806.0,-52700.0,0.0,10223.800000000001,-42476.200000000004
8436,大江,上櫃,102.5,0.0,-118553.0,-1324.0,416.0,-119461.0,-12151682.5,-135710.0,42640.0,-12244752.5
8437,大地-KY,上櫃,11.0,-5.982905982905983,-28000.0,0,0,-28000.0,-308000.0,0.0,0.0,-308000.0
8440,綠電,上櫃,20.15,0.75,4000.0,0,0,4000.0,80600.0,0.0,0.0,80600.0
8444,綠河-KY,上櫃,3.73,-9.903381642512077,0,0,-21.0,-21.0,0.0,0.0,-78.33,-78.33
8446,華研,上櫃,86.2,0.23255813953488372,-3000.0,0,-2.0,-3002.0,-258600.0,0.0,-172.4,-258772.4
8450,霹靂,上櫃,14.2,0.35335689045936397,-1000.0,0,0,-1000.0,-14200.0,0.0,0.0,-14200.0
8489,三貝德,上櫃,21.9,-1.3513513513513513,-27000.0,0,-680.0,-27680.0,-591300.0,0.0,-14891.999999999998,-606192.0
8905,裕國,上櫃,34.4,0.2915451895043732,1000.0,0,0,1000.0,34400.0,0.0,0.0,34400.0
8906,花王,上櫃,28.65,-0.6932409012131716,1000.0,0,0,1000.0,28650.0,0.0,0.0,28650.0
8908,欣雄,上櫃,39.8,-0.25062656641604014,-1000.0,0,0,-1000.0,-39800.0,0.0,0.0,-39800.0
8916,光隆,上櫃,40.8,-0.12239902080783358,1000.0,0,-793.0,207.0,40800.0,0.0,-32354.399999999998,8445.599999999999
8917,欣泰,上櫃,52.5,-0.3795066413662239,0,0,-91.0,-91.0,0.0,0.0,-4777.5,-4777.5
8924,大田,上櫃,49.05,0.0,29000.0,-1026.0,178.0,28152.0,1422450.0,-50325.299999999996,8730.9,1380855.5999999999
8927,北基,上櫃,18.45,-0.8064516129032258,-10000.0,0,0,-10000.0,-184500.0,0.0,0.0,-184500.0
8929,富堡,上櫃,12.8,-0.3891050583657587,0,0,0,0,0.0,0.0,0.0,0.0
8930,青鋼,上櫃,28.2,0.35587188612099646,-3000.0,0,0,-3000.0,-84600.0,0.0,0.0,-84600.0
8931,大汽電,上櫃,42.55,-0.2344665885111372,-9000.0,0,0,-9000.0,-382950.0,0.0,0.0,-382950.0
8932,智通*,上櫃,90.1,0.0,91600.0,0,-49408.0,42192.0,8253159.999999999,0.0,-4451660.8,3801499.1999999997
8933,愛地雅,上櫃,4.54,-0.43859649122807026,2000.0,0,0,2000.0,9080.0,0.0,0.0,9080.0
8935,邦泰,上櫃,18.3,-2.4,0,0,0,0,0.0,0.0,0.0,0.0
8936,國統,上櫃,53.1,-0.18796992481203006,-19881.0,-3210.0,184950.0,161859.0,-1055681.1,-170451.0,9820845.0,8594712.9
8937,合騏*,上櫃,25.0,-0.19960079840319364,2000.0,0,-934.0,1066.0,50000.0,0.0,-23350.0,26650.0
8938,明安,上櫃,51.8,0.3875968992248063,0,-1976.0,676.0,-1300.0,0.0,-102356.79999999999,35016.799999999996,-67340.0
8942,森鉅,上櫃,40.2,0.0,3000.0,0,360.0,3360.0,120600.00000000001,0.0,14472.000000000002,135072.0
9949,琉園,上櫃,24.1,0.0,-1000.0,0,0,-1000.0,-24100.0,0.0,0.0,-24100.0
9950,萬國通,上櫃,10.25,0.49019607843137264,-3000.0,0,0,-3000.0,-30750.0,0.0,0.0,-30750.0
9951,皇田,上櫃,46.25,-0.3232758620689655,5000.0,0,0,5000.0,231250.0,0.0,0.0,231250.0
9962,有益,上櫃,10.2,0.0,3000.0,0,0,3000.0,30599.999999999996,0.0,0.0,30599.999999999996
