code,name,mkt,close,chg,foreign,trust,dealer,total,foreign_amt,trust_amt,dealer_amt,total_amt
3481,群創,上市,,,99099103.0,0,7181060.0,106280163.0,,,,
00403A,主動統一升級50,上市,,,25012980.0,0,48820705.0,73833685.0,,,,
2409,友達,上市,,,67780477.0,150000.0,2990784.0,70921261.0,,,,
6770,力積電,上市,,,58591449.0,28000.0,3177113.0,61796562.0,,,,
1101,台泥,上市,,,52829071.0,4828000.0,950291.0,58607362.0,,,,
2002,中鋼,上市,,,54063900.0,-69000.0,356303.0,54351203.0,,,,
1314,中石化,上市,,,41405059.0,0,1038880.0,42443939.0,,,,
2344,華邦電,上市,,,37711465.0,-37000.0,1349762.0,39024227.0,,,,
00631L,元大台灣50正2,上市,,,19129575.0,0,11662205.0,30791780.0,,,,
1301,台塑,上市,,,29049174.0,486000.0,1046416.0,30581590.0,,,,
00981A,主動統一台股增長,上市,,,24314571.0,0,4193453.0,28508024.0,,,,
00685L,群益臺灣加權正2,上市,,,1346400.0,0,26122301.0,27468701.0,,,,
00409A,主動復華全球50,上市,,,10773000.0,0,15784270.0,26557270.0,,,,
009828,中信台日韓PCB,上市,,,23868349.0,0,1908997.0,25777346.0,,,,
00673R,期元大S&P原油反1,上市,,,260000.0,0,23163839.0,23423839.0,,,,
1605,華新,上市,,,19092890.0,3342000.0,900692.0,23335582.0,,,,
8150,南茂,上市,,,21838869.0,0,1063786.0,22902655.0,,,,
00991A,主動復華未來50,上市,,,16038610.0,-100000.0,4882621.0,20821231.0,,,,
00407A,主動凱基台灣,上市,,,3547000.0,0,11443783.0,14990783.0,,,,
6116,彩晶,上市,,,13194494.0,0,1788523.0,14983017.0,,,,
2618,長榮航,上市,,,12172811.0,1099421.0,592267.0,13864499.0,,,,
3576,聯合再生,上市,,,12758273.0,0,151989.0,12910262.0,,,,
2408,南亞科,上市,,,11753186.0,162000.0,607222.0,12522408.0,,,,
009820,元大納斯達克精選,上市,,,2055000.0,0,8796820.0,10851820.0,,,,
2337,旺宏,上市,,,10510509.0,-35000.0,291460.0,10766969.0,,,,
00405A,主動富邦台灣龍耀,上市,,,-924000.0,0,11613207.0,10689207.0,,,,
1718,中纖,上市,,,9595285.0,-17000.0,226182.0,9804467.0,,,,
00992A,主動群益科技創新,上市,,,3929550.0,0,5775910.0,9705460.0,,,,
1303,南亞,上市,,,2373998.0,6195000.0,1132995.0,9701993.0,,,,
6505,台塑化,上市,,,3074327.0,6162000.0,289028.0,9525355.0,,,,
2610,華航,上市,,,5077013.0,4247000.0,192298.0,9516311.0,,,,
00988A,主動統一全球創新,上市,,,954024.0,0,8560000.0,9514024.0,,,,
1326,台化,上市,,,8738834.0,0,768606.0,9507440.0,,,,
00402A,主動安聯美國科技,上市,,,-59000.0,0,9083140.0,9024140.0,,,,
1312,國喬,上市,,,8891378.0,0,-141710.0,8749668.0,,,,
2323,中環,上市,,,8058383.0,100.0,210000.0,8268483.0,,,,
00965,元大航太防衛科技,上市,,,3276000.0,0,4815913.0,8091913.0,,,,
2371,大同,上市,,,6699133.0,-24000.0,921725.0,7596858.0,,,,
00929,復華台灣科技優息,上市,,,5282404.0,0,2269112.0,7551516.0,,,,
1709,和益,上市,,,6970567.0,0,20599.0,6991166.0,,,,
2609,陽明,上市,,,6595103.0,44000.0,175058.0,6814161.0,,,,
00982A,主動群益台灣強棒,上市,,,4768125.0,0,1171047.0,5939172.0,,,,
1802,台玻,上市,,,5642798.0,-101000.0,309532.0,5851330.0,,,,
00990A,主動元大AI新經濟,上市,,,432000.0,0,5416061.0,5848061.0,,,,
2892,第一金,上市,,,1060758.0,4389000.0,106195.0,5555953.0,,,,
6456,GIS-KY,上市,,,5754197.0,0,-279644.0,5474553.0,,,,
00896,中信綠能及電動車,上市,,,1404000.0,0,3427183.0,4831183.0,,,,
2887,台新新光金,上市,,,1851421.0,2204000.0,719917.0,4775338.0,,,,
4763,材料*-KY,上市,,,4392582.0,10000.0,301260.0,4703842.0,,,,
00940,元大台灣價值高息,上市,,,-118000.0,0,4772339.0,4654339.0,,,,
1714,和桐,上市,,,4552821.0,-16000.0,114106.0,4650927.0,,,,
2317,鴻海,上市,,,4632457.0,-236000.0,222185.0,4618642.0,,,,
00664R,國泰臺灣加權反1,上市,,,0,0,4532857.0,4532857.0,,,,
2354,鴻準,上市,,,4190775.0,0,135224.0,4325999.0,,,,
1409,新纖,上市,,,4112748.0,-1000.0,-153046.0,3958702.0,,,,
1310,台苯,上市,,,3896352.0,0,-19000.0,3877352.0,,,,
2014,中鴻,上市,,,3833699.0,0,6000.0,3839699.0,,,,
6257,矽格,上市,,,3351064.0,70000.0,-39462.0,3381602.0,,,,
00900,富邦特選高股息30,上市,,,1304000.0,0,1915327.0,3219327.0,,,,
2412,中華電,上市,,,2852275.0,-15000.0,64000.0,2901275.0,,,,
2105,正新,上市,,,2491642.0,82047.0,161187.0,2734876.0,,,,
1102,亞泥,上市,,,2459195.0,74479.0,181838.0,2715512.0,,,,
2324,仁寶,上市,,,1966891.0,0,722595.0,2689486.0,,,,
2104,國際中橡,上市,,,2681161.0,0,4000.0,2685161.0,,,,
3711,日月光投控,上市,,,2964594.0,-401000.0,110161.0,2673755.0,,,,
00404A,主動聯博動能50,上市,,,801000.0,0,1718134.0,2519134.0,,,,
009824,群益美國科技巨頭,上市,,,3000.0,0,2479063.0,2482063.0,,,,
1402,遠東新,上市,,,1155988.0,1084000.0,214061.0,2454049.0,,,,
2369,菱生,上市,,,2437221.0,0,16284.0,2453505.0,,,,
2303,聯電,上市,,,-591631.0,4213000.0,-1170997.0,2450372.0,,,,
2340,台亞,上市,,,1556687.0,0,832173.0,2388860.0,,,,
2312,金寶,上市,,,2228936.0,0,147217.0,2376153.0,,,,
6239,力成,上市,,,1847863.0,5000.0,377810.0,2230673.0,,,,
3049,精金,上市,,,2166944.0,100.0,25850.0,2192894.0,,,,
2890,永豐金,上市,,,-117911.0,1601000.0,672965.0,2156054.0,,,,
1304,台聚,上市,,,2044398.0,0,7944.0,2052342.0,,,,
00830,國泰費城半導體,上市,,,1772497.0,0,276263.0,2048760.0,,,,
2353,宏碁,上市,,,1724075.0,92000.0,217952.0,2034027.0,,,,
6120,達運,上市,,,1975500.0,0,38276.0,2013776.0,,,,
00994A,主動第一金台股優,上市,,,356070.0,0,1622457.0,1978527.0,,,,
00999A,主動野村臺灣高息,上市,,,-131000.0,0,2092552.0,1961552.0,,,,
00882,中信中國高股息,上市,,,1189.0,0,1942707.0,1943896.0,,,,
3714,富采,上市,,,1796272.0,0,94236.0,1890508.0,,,,
2330,台積電,上市,,,702594.0,761722.0,399899.0,1864215.0,,,,
9945,潤泰新,上市,,,1872873.0,8000.0,-24882.0,1855991.0,,,,
00708L,期元大S&P黃金正2,上市,,,809000.0,0,1040661.0,1849661.0,,,,
2615,萬海,上市,,,1594141.0,0,211560.0,1805701.0,,,,
00947,台新臺灣IC設計,上市,,,-201538.0,0,1978761.0,1777223.0,,,,
009800,中信NASDAQ,上市,,,-14000.0,0,1775615.0,1761615.0,,,,
2367,燿華,上市,,,1578636.0,0,145166.0,1723802.0,,,,
2352,佳世達,上市,,,1683906.0,-22000.0,42047.0,1703953.0,,,,
2329,華泰,上市,,,1721893.0,0,-18876.0,1703017.0,,,,
009802,富邦旗艦50,上市,,,137297.0,0,1561450.0,1698747.0,,,,
2332,友訊,上市,,,1606144.0,0,86455.0,1692599.0,,,,
2880,華南金,上市,,,764456.0,84000.0,843665.0,1692121.0,,,,
3311,閎暉,上市,,,1641484.0,0,25113.0,1666597.0,,,,
00951,台新日本半導體,上市,,,-162000.0,0,1768454.0,1606454.0,,,,
00987A,主動台新優勢成長,上市,,,498000.0,0,1090957.0,1588957.0,,,,
2103,台橡,上市,,,1673259.0,0,-100400.0,1572859.0,,,,
00984A,主動安聯台灣高息,上市,,,200000.0,0,1330998.0,1530998.0,,,,
3045,台灣大,上市,,,1445390.0,-320998.0,403873.0,1528265.0,,,,
00993A,主動安聯台灣,上市,,,865000.0,0,654140.0,1519140.0,,,,
3189,景碩,上市,,,851717.0,610000.0,51062.0,1512779.0,,,,
8046,南電,上市,,,923972.0,427000.0,125855.0,1476827.0,,,,
1608,華榮,上市,,,1456835.0,-4938.0,5065.0,1456962.0,,,,
6005,群益證,上市,,,1452291.0,0,0,1452291.0,,,,
1710,東聯,上市,,,1479443.0,0,-27664.0,1451779.0,,,,
2634,漢翔,上市,,,1239851.0,-10000.0,201156.0,1431007.0,,,,
2485,兆赫,上市,,,1366893.0,54.0,18585.0,1385532.0,,,,
8422,可寧衛*,上市,,,1355000.0,0,6000.0,1361000.0,,,,
009819,中信數據及電力,上市,,,1900000.0,0,-559872.0,1340128.0,,,,
5876,上海商銀,上市,,,-24621.0,1099000.0,259870.0,1334249.0,,,,
1444,力麗,上市,,,1544730.0,-14000.0,-210000.0,1320730.0,,,,
009805,台新美國電力基建,上市,,,1254000.0,0,65738.0,1319738.0,,,,
00881,國泰台灣科技龍頭,上市,,,152660.0,0,1131727.0,1284387.0,,,,
00688L,國泰20年美債正2,上市,,,-354000.0,0,1632969.0,1278969.0,,,,
4906,正文,上市,,,756223.0,0,514611.0,1270834.0,,,,
6278,台表科,上市,,,1510920.0,-69000.0,-185167.0,1256753.0,,,,
3034,聯詠,上市,,,1302711.0,-132407.0,86248.0,1256552.0,,,,
2451,創見,上市,,,1181862.0,5700.0,21762.0,1209324.0,,,,
1810,和成,上市,,,1191672.0,0,2000.0,1193672.0,,,,
1513,中興電,上市,,,1123276.0,6000.0,48177.0,1177453.0,,,,
1313,聯成,上市,,,1159419.0,0,3000.0,1162419.0,,,,
1305,華夏,上市,,,1199420.0,0,-37568.0,1161852.0,,,,
4927,泰鼎-KY,上市,,,1146105.0,0,3000.0,1149105.0,,,,
00897,富邦基因免疫生技,上市,,,1324000.0,0,-181685.0,1142315.0,,,,
00927,群益半導體收益,上市,,,1571630.0,0,-440190.0,1131440.0,,,,
2404,漢唐,上市,,,-95009.0,1162000.0,60976.0,1127967.0,,,,
6196,帆宣,上市,,,1107201.0,0,20604.0,1127805.0,,,,
2025,千興,上市,,,1070447.0,0,3155.0,1073602.0,,,,
6691,洋基工程,上市,,,956886.0,57000.0,50362.0,1064248.0,,,,
4904,遠傳,上市,,,808308.0,-4000.0,249784.0,1054092.0,,,,
2010,春源,上市,,,1049267.0,0,2000.0,1051267.0,,,,
00954,中信日本半導體,上市,,,-28000.0,0,1072587.0,1044587.0,,,,
2388,威盛,上市,,,1020973.0,30000.0,-18954.0,1032019.0,,,,
6269,台郡,上市,,,1016779.0,0,-8192.0,1008587.0,,,,
2009,第一銅,上市,,,965898.0,0,35986.0,1001884.0,,,,
1905,華紙,上市,,,963568.0,0,16110.0,979678.0,,,,
6949,沛爾生醫*-創,上市,,,1153455.0,0,-178238.0,975217.0,,,,
2308,台達電,上市,,,264988.0,502300.0,198086.0,965374.0,,,,
6962,奕力-KY,上市,,,922991.0,30000.0,-443.0,952548.0,,,,
2466,冠西電,上市,,,926030.0,-2000.0,15544.0,939574.0,,,,
2401,凌陽,上市,,,935273.0,30000.0,-55569.0,909704.0,,,,
4142,國光生,上市,,,903304.0,0,4000.0,907304.0,,,,
0052,富邦科技,上市,,,-3289323.0,0,4193359.0,904036.0,,,,
1309,台達化,上市,,,910294.0,0,-8533.0,901761.0,,,,
1609,大亞,上市,,,809231.0,0,82438.0,891669.0,,,,
1617,榮星,上市,,,891568.0,0,-3694.0,887874.0,,,,
2515,中工,上市,,,905804.0,0,-18000.0,887804.0,,,,
8131,福懋科,上市,,,859142.0,0,25155.0,884297.0,,,,
00663L,國泰臺灣加權正2,上市,,,187000.0,0,689225.0,876225.0,,,,
1229,聯華,上市,,,837253.0,0,37883.0,875136.0,,,,
2313,華通,上市,,,429974.0,595000.0,-151837.0,873137.0,,,,
00669R,國泰美國道瓊反1,上市,,,0,0,845000.0,845000.0,,,,
2527,宏璟,上市,,,824375.0,0,1037.0,825412.0,,,,
00997A,主動群益美國增長,上市,,,653000.0,0,165961.0,818961.0,,,,
6139,亞翔,上市,,,773168.0,-23000.0,64074.0,814242.0,,,,
00996A,主動兆豐台灣豐收,上市,,,-97000.0,0,901441.0,804441.0,,,,
2464,盟立,上市,,,729060.0,0,67503.0,796563.0,,,,
00946,群益科技高息成長,上市,,,20000.0,0,761555.0,781555.0,,,,
4989,榮科,上市,,,793714.0,0,-14847.0,778867.0,,,,
00898,國泰基因免疫革命,上市,,,639000.0,0,135642.0,774642.0,,,,
3605,宏致,上市,,,1206450.0,0,-439029.0,767421.0,,,,
2603,長榮,上市,,,312932.0,360676.0,88166.0,761774.0,,,,
1308,亞聚,上市,,,779241.0,0,-24000.0,755241.0,,,,
1440,南紡,上市,,,747029.0,0,8000.0,755029.0,,,,
4526,東台,上市,,,739000.0,0,13646.0,752646.0,,,,
1717,長興,上市,,,-15659.0,650000.0,113162.0,747503.0,,,,
00692,富邦公司治理,上市,,,-40957.0,0,785273.0,744316.0,,,,
3518,柏騰,上市,,,719000.0,0,24836.0,743836.0,,,,
2406,國碩,上市,,,735409.0,-5900.0,10891.0,740400.0,,,,
1708,東鹼,上市,,,688384.0,-3000.0,43322.0,728706.0,,,,
6672,騰輝電子-KY,上市,,,555228.0,-1000.0,171203.0,725431.0,,,,
00980A,主動野村臺灣優選,上市,,,4163050.0,-14159000.0,10715353.0,719403.0,,,,
3037,欣興,上市,,,595770.0,308400.0,-189871.0,714299.0,,,,
1316,上曜,上市,,,711836.0,0,0,711836.0,,,,
2637,慧洋-KY,上市,,,678990.0,-280.0,15188.0,693898.0,,,,
2457,飛宏,上市,,,640544.0,0,49000.0,689544.0,,,,
2328,廣宇,上市,,,697297.0,0,-10996.0,686301.0,,,,
2363,矽統,上市,,,632551.0,30000.0,19645.0,682196.0,,,,
009827,玉山未來全球算力,上市,,,3000.0,0,678000.0,681000.0,,,,
00932,兆豐永續高息等權,上市,,,0,0,679168.0,679168.0,,,,
2393,億光,上市,,,687457.0,12149.0,-22125.0,677481.0,,,,
1612,宏泰,上市,,,653975.0,-4560.0,11100.0,660515.0,,,,
8926,台汽電,上市,,,344520.0,241000.0,69028.0,654548.0,,,,
6153,嘉聯益,上市,,,504488.0,0,146000.0,650488.0,,,,
1434,福懋,上市,,,615148.0,0,26000.0,641148.0,,,,
00637L,元大滬深300正2,上市,,,490000.0,0,138418.0,628418.0,,,,
00408A,主動第一金優股息,上市,,,-22000.0,0,633167.0,611167.0,,,,
006208,富邦台50,上市,,,-108648.0,-73000.0,791580.0,609932.0,,,,
2374,佳能,上市,,,599049.0,0,830.0,599879.0,,,,
2614,東森,上市,,,606614.0,0,-8000.0,598614.0,,,,
3543,州巧,上市,,,594817.0,0,-1.0,594816.0,,,,
4540,全球傳動,上市,,,593747.0,0,0,593747.0,,,,
5608,四維航,上市,,,596361.0,0,-7000.0,589361.0,,,,
3591,艾笛森,上市,,,585273.0,0,-1000.0,584273.0,,,,
2402,毅嘉,上市,,,471644.0,0,95146.0,566790.0,,,,
00949,復華日本龍頭,上市,,,100650.0,0,463134.0,563784.0,,,,
00985A,主動野村台灣50,上市,,,-30950.0,0,584828.0,553878.0,,,,
6589,台康生技,上市,,,535142.0,0,2000.0,537142.0,,,,
8033,雷虎,上市,,,507446.0,-3000.0,21396.0,525842.0,,,,
1476,儒鴻,上市,,,334887.0,182000.0,3767.0,520654.0,,,,
2258,鴻華先進-創,上市,,,500183.0,0,0,500183.0,,,,
6152,百一,上市,,,496420.0,0,1000.0,497420.0,,,,
2031,新光鋼,上市,,,483081.0,-3897.0,16170.0,495354.0,,,,
2331,精英,上市,,,489000.0,0,4000.0,493000.0,,,,
2241,艾姆勒,上市,,,489076.0,0,0,489076.0,,,,
4746,台耀,上市,,,485790.0,0,0,485790.0,,,,
2023,燁輝,上市,,,493198.0,0,-11000.0,482198.0,,,,
6285,啟碁,上市,,,430625.0,-4000.0,51801.0,478426.0,,,,
3665,貿聯-KY,上市,,,-647888.0,1118200.0,7841.0,478153.0,,,,
1504,東元,上市,,,515347.0,-7000.0,-31410.0,476937.0,,,,
2889,國票金,上市,,,569439.0,0,-95000.0,474439.0,,,,
4912,聯德控股-KY,上市,,,474172.0,19.0,0,474191.0,,,,
4919,新唐,上市,,,152500.0,30000.0,288328.0,470828.0,,,,
3033,威健,上市,,,572300.0,-4686.0,-97421.0,470193.0,,,,
009813,貝萊德標普卓越50,上市,,,29000.0,0,440999.0,469999.0,,,,
6438,迅得,上市,,,440109.0,16.0,26922.0,467047.0,,,,
2426,鼎元,上市,,,551389.0,0,-93536.0,457853.0,,,,
4967,十銓,上市,,,456104.0,-3000.0,-2013.0,451091.0,,,,
2017,官田鋼,上市,,,445630.0,0,2000.0,447630.0,,,,
6742,澤米,上市,,,444568.0,0,-526.0,444042.0,,,,
1455,集盛,上市,,,440843.0,0,0,440843.0,,,,
00915,凱基優選高股息30,上市,,,35000.0,0,403241.0,438241.0,,,,
2913,農林,上市,,,434000.0,0,3000.0,437000.0,,,,
3062,建漢,上市,,,423091.0,0,13000.0,436091.0,,,,
6168,宏齊,上市,,,424080.0,100.0,1725.0,425905.0,,,,
1904,正隆,上市,,,409253.0,0,16000.0,425253.0,,,,
00913,兆豐台灣晶圓製造,上市,,,48000.0,0,377246.0,425246.0,,,,
1773,勝一,上市,,,368494.0,0,47468.0,415962.0,,,,
00936,台新永續高息中小,上市,,,250000.0,0,164828.0,414828.0,,,,
00924,復華S&P500成長,上市,,,100.0,0,413497.0,413597.0,,,,
2338,光罩,上市,,,470010.0,0,-58082.0,411928.0,,,,
00693U,期街口S&P黃豆,上市,,,0,0,411515.0,411515.0,,,,
2419,仲琦,上市,,,411187.0,79.0,-2000.0,409266.0,,,,
00941,中信上游半導體,上市,,,296000.0,0,100203.0,396203.0,,,,
2316,楠梓電,上市,,,381046.0,-2000.0,14755.0,393801.0,,,,
3041,揚智,上市,,,381676.0,0,-1000.0,380676.0,,,,
00911,兆豐洲際半導體,上市,,,-6035.0,0,386442.0,380407.0,,,,
3051,力特,上市,,,367000.0,0,11000.0,378000.0,,,,
00939,統一台灣高息動能,上市,,,-80900.0,0,458588.0,377688.0,,,,
00952,凱基台灣AI50,上市,,,43000.0,0,334482.0,377482.0,,,,
2427,三商電,上市,,,376976.0,0,0,376976.0,,,,
6108,競國,上市,,,364230.0,0,10000.0,374230.0,,,,
2379,瑞昱,上市,,,257578.0,188000.0,-75753.0,369825.0,,,,
2478,大毅,上市,,,380951.0,-2000.0,-11083.0,367868.0,,,,
00675L,富邦臺灣加權正2,上市,,,4000.0,0,347732.0,351732.0,,,,
00410A,主動永豐科技趨勢,上市,,,-325000.0,0,675985.0,350985.0,,,,
3563,牧德,上市,,,333773.0,0,13873.0,347646.0,,,,
00930,永豐ESG低碳高息,上市,,,41000.0,0,305420.0,346420.0,,,,
2905,三商,上市,,,337784.0,0,8000.0,345784.0,,,,
8070,長華*,上市,,,338387.0,-3370.0,8576.0,343593.0,,,,
1611,中電,上市,,,340535.0,0,3000.0,343535.0,,,,
6191,精成科,上市,,,362566.0,-27000.0,2440.0,338006.0,,,,
00983A,主動中信ARK創新,上市,,,558378.0,0,-220690.0,337688.0,,,,
4934,太極,上市,,,312000.0,0,20000.0,332000.0,,,,
00916,國泰全球品牌50,上市,,,-3000.0,0,334513.0,331513.0,,,,
1529,樂事綠能,上市,,,334265.0,0,-6000.0,328265.0,,,,
8104,錸寶,上市,,,327047.0,0,0,327047.0,,,,
3535,晶彩科,上市,,,297719.0,13.0,28188.0,325920.0,,,,
2883B,凱基金乙特,上市,,,449000.0,0,-124000.0,325000.0,,,,
00923,群益台ESG低碳50,上市,,,476015.0,0,-151603.0,324412.0,,,,
5521,工信,上市,,,314363.0,0,3000.0,317363.0,,,,
3042,晶技,上市,,,82562.0,477000.0,-244369.0,315193.0,,,,
00706L,期元大S&P日圓正2,上市,,,3000.0,0,308930.0,311930.0,,,,
7780,大研生醫*,上市,,,311521.0,0,-8.0,311513.0,,,,
3047,訊舟,上市,,,325452.0,0,-14000.0,311452.0,,,,
6176,瑞儀,上市,,,311721.0,0,-671.0,311050.0,,,,
00893,國泰智能電動車,上市,,,1000.0,0,307238.0,308238.0,,,,
3312,弘憶股,上市,,,305404.0,65.0,1540.0,307009.0,,,,
3059,華晶科,上市,,,294624.0,0,12342.0,306966.0,,,,
00733,富邦臺灣中小,上市,,,154069.0,0,152251.0,306320.0,,,,
2855,統一證,上市,,,291645.0,11915.0,0,303560.0,,,,
2633,台灣高鐵,上市,,,-64610.0,357000.0,11000.0,303390.0,,,,
00904,台新臺灣半導體30,上市,,,-240030.0,0,538663.0,298633.0,,,,
8215,明基材,上市,,,274531.0,-12000.0,35517.0,298048.0,,,,
1503,士電,上市,,,280147.0,4000.0,5386.0,289533.0,,,,
009817,國泰日本不動產,上市,,,160000.0,0,128107.0,288107.0,,,,
1218,泰山,上市,,,284000.0,0,2000.0,286000.0,,,,
3023,信邦,上市,,,275452.0,-2000.0,11361.0,284813.0,,,,
2455,全新,上市,,,249306.0,0,34574.0,283880.0,,,,
2349,錸德,上市,,,283683.0,0,0,283683.0,,,,
2392,正崴,上市,,,223800.0,0,52435.0,276235.0,,,,
1216,統一,上市,,,-12538.0,-12000.0,300562.0,276024.0,,,,
2801,彰銀,上市,,,-1032141.0,1304000.0,4009.0,275868.0,,,,
00892,富邦台灣半導體,上市,,,-359947.0,0,635372.0,275425.0,,,,
4564,元翎,上市,,,262976.0,0,11000.0,273976.0,,,,
1722,台肥,上市,,,287835.0,-1000.0,-14696.0,272139.0,,,,
4916,事欣科,上市,,,235328.0,35.0,33414.0,268777.0,,,,
00945B,凱基美國非投等債,上市,,,328196.0,0,-63437.0,264759.0,,,,
3017,奇鋐,上市,,,84250.0,184000.0,-7091.0,261159.0,,,,
2405,輔信,上市,,,261015.0,43.0,0,261058.0,,,,
2342,茂矽,上市,,,338050.0,0,-80160.0,257890.0,,,,
009804,聯邦台精彩50,上市,,,2020.0,0,249682.0,251702.0,,,,
2645,長榮航太,上市,,,234752.0,0,15436.0,250188.0,,,,
3029,零壹,上市,,,231708.0,-1660.0,19836.0,249884.0,,,,
2915,潤泰全,上市,,,236620.0,0,13000.0,249620.0,,,,
9907,統一實,上市,,,323346.0,-8905.0,-65000.0,249441.0,,,,
3645,達邁,上市,,,216003.0,16.0,32830.0,248849.0,,,,
2606,裕民,上市,,,216969.0,3000.0,25290.0,245259.0,,,,
6541,泰福-KY,上市,,,245060.0,0,0,245060.0,,,,
4968,立積,上市,,,211520.0,30000.0,2055.0,243575.0,,,,
3015,全漢,上市,,,253348.0,-9000.0,-3000.0,241348.0,,,,
2365,昆盈,上市,,,240000.0,37.0,0,240037.0,,,,
00730,富邦臺灣優質高息,上市,,,46000.0,0,193177.0,239177.0,,,,
009812,野村日本東證,上市,,,-200000.0,0,437588.0,237588.0,,,,
6743,安普新,上市,,,238704.0,0,-2000.0,236704.0,,,,
2547,日勝生,上市,,,131000.0,0,100000.0,231000.0,,,,
2543,皇昌,上市,,,227695.0,0,1000.0,228695.0,,,,
6491,晶碩,上市,,,235306.0,0,-6759.0,228547.0,,,,
1515,力山,上市,,,228000.0,-3000.0,3000.0,228000.0,,,,
2491,吉祥全,上市,,,229000.0,-1000.0,-2000.0,226000.0,,,,
2302,麗正,上市,,,199530.0,-1961.0,26913.0,224482.0,,,,
1307,三芳,上市,,,226419.0,-5000.0,2000.0,223419.0,,,,
2483,百容,上市,,,217000.0,0,5001.0,222001.0,,,,
2375,凱美,上市,,,221287.0,-1000.0,882.0,221169.0,,,,
4958,臻鼎-KY,上市,,,655872.0,-253000.0,-183348.0,219524.0,,,,
2034,允強,上市,,,-52567.0,0,270905.0,218338.0,,,,
6861,睿生光電,上市,,,171000.0,0,46447.0,217447.0,,,,
2101,南港,上市,,,201008.0,0,16000.0,217008.0,,,,
6165,浪凡,上市,,,217000.0,0,-1000.0,216000.0,,,,
6197,佳必琪,上市,,,194304.0,0,21130.0,215434.0,,,,
1907,永豐餘,上市,,,230831.0,0,-16000.0,214831.0,,,,
009801,中信美國創新科技,上市,,,3000.0,0,211366.0,214366.0,,,,
6142,友勁,上市,,,212000.0,0,1000.0,213000.0,,,,
6789,采鈺,上市,,,142973.0,1000.0,68748.0,212721.0,,,,
2355,敬鵬,上市,,,199000.0,0,12014.0,211014.0,,,,
6164,華興,上市,,,209000.0,0,0,209000.0,,,,
4977,眾達-KY,上市,,,221082.0,0,-16951.0,204131.0,,,,
2385,群光,上市,,,172162.0,-18586.0,48187.0,201763.0,,,,
8213,志超,上市,,,200000.0,0,78.0,200078.0,,,,
2033,佳大,上市,,,197118.0,0,2018.0,199136.0,,,,
00905,FT臺灣Smart,上市,,,33000.0,0,165745.0,198745.0,,,,
00648R,元大S&P500反1,上市,,,0,0,198000.0,198000.0,,,,
2912,統一超,上市,,,186912.0,1000.0,10000.0,197912.0,,,,
1514,亞力,上市,,,197497.0,0,-422.0,197075.0,,,,
6112,邁達特,上市,,,224219.0,11.0,-27338.0,196892.0,,,,
1319,東陽,上市,,,193900.0,-2050.0,3520.0,195370.0,,,,
00894,中信小資高價30,上市,,,52000.0,0,141509.0,193509.0,,,,
6869,雲豹能源,上市,,,189136.0,0,1096.0,190232.0,,,,
009818,華南永昌NASDAQxT,上市,,,0,0,189129.0,189129.0,,,,
4566,時碩工業,上市,,,149291.0,0,38744.0,188035.0,,,,
4976,佳凌,上市,,,186031.0,0,1000.0,187031.0,,,,
00876,元大全球5G,上市,,,-1060.0,0,187481.0,186421.0,,,,
6757,台灣虎航,上市,,,182000.0,0,3547.0,185547.0,,,,
3050,鈺德,上市,,,183940.0,0,1000.0,184940.0,,,,
3346,麗清,上市,,,187800.0,0,-3000.0,184800.0,,,,
1909,榮成,上市,,,218213.0,0,-35000.0,183213.0,,,,
4960,誠美材,上市,,,119840.0,0,63203.0,183043.0,,,,
0055,元大MSCI金融,上市,,,82116.0,0,100785.0,182901.0,,,,
1560,中砂,上市,,,173223.0,-2000.0,10149.0,181372.0,,,,
9939,宏全,上市,,,179704.0,-1448.0,-314.0,177942.0,,,,
6189,豐藝,上市,,,177727.0,-3435.0,1873.0,176165.0,,,,
2611,志信,上市,,,174106.0,0,0,174106.0,,,,
3706,神達,上市,,,226693.0,-4000.0,-49594.0,173099.0,,,,
00636,國泰中國A50,上市,,,-7000.0,0,178295.0,171295.0,,,,
00671R,富邦NASDAQ反1,上市,,,0,0,170995.0,170995.0,,,,
9958,世紀鋼,上市,,,197073.0,0,-27000.0,170073.0,,,,
2441,超豐,上市,,,171292.0,-1000.0,-749.0,169543.0,,,,
6695,芯鼎,上市,,,166746.0,0,0,166746.0,,,,
3044,健鼎,上市,,,322697.0,-193000.0,32907.0,162604.0,,,,
3694,海華,上市,,,159145.0,22.0,-1.0,159166.0,,,,
8021,尖點,上市,,,148105.0,-3000.0,13520.0,158625.0,,,,
2612,中航,上市,,,155410.0,0,-2333.0,153077.0,,,,
1603,華電,上市,,,165000.0,0,-13000.0,152000.0,,,,
2539,櫻花建,上市,,,139878.0,0,8958.0,148836.0,,,,
3715,定穎投控,上市,,,81734.0,0,60427.0,142161.0,,,,
6937,天虹,上市,,,154456.0,0,-13307.0,141149.0,,,,
00989A,主動摩根美國科技,上市,,,453000.0,0,-311945.0,141055.0,,,,
3019,亞光,上市,,,151893.0,0,-11887.0,140006.0,,,,
00986A,主動台新龍頭成長,上市,,,23000.0,0,115407.0,138407.0,,,,
8103,瀚荃,上市,,,81015.0,15.0,56960.0,137990.0,,,,
00895,富邦未來車,上市,,,5000.0,0,132046.0,137046.0,,,,
2028,威致,上市,,,141000.0,0,-4000.0,137000.0,,,,
6235,華孚,上市,,,137008.0,28.0,-767.0,136269.0,,,,
2429,銘旺科,上市,,,134744.0,0,0,134744.0,,,,
3011,今皓,上市,,,133000.0,0,0,133000.0,,,,
00921,兆豐龍頭等權重,上市,,,0,0,126322.0,126322.0,,,,
1789,神隆,上市,,,127563.0,0,-2000.0,125563.0,,,,
1618,合機,上市,,,123199.0,0,1416.0,124615.0,,,,
3058,立德,上市,,,124000.0,0,0,124000.0,,,,
2015,豐興,上市,,,123493.0,0,0,123493.0,,,,
2440,太空梭,上市,,,123000.0,0,0,123000.0,,,,
2630,亞航,上市,,,111177.0,0,11536.0,122713.0,,,,
2417,圓剛,上市,,,121001.0,21.0,0,121022.0,,,,
8011,台通,上市,,,116000.0,0,4000.0,120000.0,,,,
1460,宏遠,上市,,,118214.0,0,0,118214.0,,,,
2540,愛山林,上市,,,110119.0,0,8000.0,118119.0,,,,
1522,堤維西,上市,,,115788.0,0,1926.0,117714.0,,,,
2032,新鋼,上市,,,103165.0,0,13973.0,117138.0,,,,
2254,巨鎧精密-創,上市,,,114000.0,0,3000.0,117000.0,,,,
00861,元大全球未來通訊,上市,,,-711.0,0,116283.0,115572.0,,,,
1340,勝悅-KY,上市,,,115000.0,0,0,115000.0,,,,
009811,統一美國50,上市,,,99000.0,0,15581.0,114581.0,,,,
8249,菱光,上市,,,113000.0,23.0,1000.0,114023.0,,,,
3443,創意,上市,,,198303.0,-76200.0,-9080.0,113023.0,,,,
9103,美德醫療-DR,上市,,,113000.0,0,-415.0,112585.0,,,,
00935,野村臺灣新科技50,上市,,,-6232.0,590000.0,-472354.0,111414.0,,,,
3048,益登,上市,,,113065.0,0,-2010.0,111055.0,,,,
8473,山林水,上市,,,114810.0,0,-4000.0,110810.0,,,,
2493,揚博,上市,,,101002.0,-2000.0,11341.0,110343.0,,,,
6579,研揚,上市,,,93059.0,0,17000.0,110059.0,,,,
5243,乙盛-KY,上市,,,103152.0,20.0,6656.0,109828.0,,,,
6782,視陽,上市,,,106619.0,0,1774.0,108393.0,,,,
2607,榮運,上市,,,104967.0,0,3000.0,107967.0,,,,
2347,聯強,上市,,,-76501.0,129340.0,55071.0,107910.0,,,,
3003,健和興,上市,,,106116.0,0,0,106116.0,,,,
6885,全福生技,上市,,,106000.0,0,0,106000.0,,,,
2636,台驊控股,上市,,,58115.0,0,46000.0,104115.0,,,,
4104,佳醫,上市,,,74892.0,0,29000.0,103892.0,,,,
2357,華碩,上市,,,44815.0,10922.0,46940.0,102677.0,,,,
00850,元大臺灣ESG永續,上市,,,166953.0,-342000.0,277588.0,102541.0,,,,
3027,盛達,上市,,,103000.0,0,-1000.0,102000.0,,,,
6525,捷敏-KY,上市,,,106210.0,-2887.0,-3000.0,100323.0,,,,
2534,宏盛,上市,,,98000.0,0,2000.0,100000.0,,,,
1786,科妍,上市,,,98004.0,0,1000.0,99004.0,,,,
1459,聯發,上市,,,104000.0,0,-5000.0,99000.0,,,,
3052,夆典,上市,,,99000.0,0,0,99000.0,,,,
1702,南僑,上市,,,99727.0,0,-1000.0,98727.0,,,,
2029,盛餘,上市,,,97570.0,0,1000.0,98570.0,,,,
6472,保瑞,上市,,,102574.0,0,-4533.0,98041.0,,,,
3092,鴻碩,上市,,,97000.0,0,138.0,97138.0,,,,
8039,台虹,上市,,,-555279.0,-17000.0,669016.0,96737.0,,,,
1524,耿鼎,上市,,,96090.0,0,0,96090.0,,,,
3305,昇貿,上市,,,79720.0,22.0,16055.0,95797.0,,,,
1721,國慶科技,上市,,,95713.0,0,0,95713.0,,,,
1325,恆大,上市,,,95074.0,0,0,95074.0,,,,
2460,建通,上市,,,92814.0,0,2000.0,94814.0,,,,
1582,信錦,上市,,,90199.0,0,2914.0,93113.0,,,,
2753,八方雲集,上市,,,94700.0,-925.0,-2000.0,91775.0,,,,
00661,元大日經225,上市,,,-7000.0,0,98633.0,91633.0,,,,
00640L,富邦日本正2,上市,,,1000.0,0,90188.0,91188.0,,,,
2545,皇翔,上市,,,95000.0,0,-5000.0,90000.0,,,,
3661,世芯-KY,上市,,,79407.0,-1000.0,11367.0,89774.0,,,,
1447,力鵬,上市,,,99562.0,-10000.0,0,89562.0,,,,
00901,永豐智能車供應鏈,上市,,,90000.0,0,-929.0,89071.0,,,,
009810,玉山全球藍籌100,上市,,,0,0,87133.0,87133.0,,,,
9946,三發地產,上市,,,89000.0,-3000.0,0,86000.0,,,,
006205,富邦上証,上市,,,33000.0,0,53000.0,86000.0,,,,
6799,來頡,上市,,,85474.0,0,0,85474.0,,,,
9925,新保,上市,,,94000.0,0,-11063.0,82937.0,,,,
6215,和椿,上市,,,83115.0,7.0,-341.0,82781.0,,,,
4562,穎漢,上市,,,82000.0,0,0,82000.0,,,,
6409,旭隼,上市,,,81123.0,-4000.0,4602.0,81725.0,,,,
00944,野村趨勢動能高息,上市,,,-4000.0,0,85542.0,81542.0,,,,
1337,再生-KY,上市,,,81000.0,0,0,81000.0,,,,
1449,佳和,上市,,,80755.0,0,0,80755.0,,,,
2420,新巨,上市,,,83570.0,13.0,-4035.0,79548.0,,,,
3704,合勤控,上市,,,74388.0,0,4317.0,78705.0,,,,
2613,中櫃,上市,,,83610.0,0,-5000.0,78610.0,,,,
4306,炎洲,上市,,,54363.0,0,24000.0,78363.0,,,,
00762,元大全球AI,上市,,,2000.0,0,75640.0,77640.0,,,,
8476,台境*,上市,,,77900.0,-2000.0,0,75900.0,,,,
2425,承啟,上市,,,76080.0,-2000.0,1000.0,75080.0,,,,
6136,富爾特,上市,,,73000.0,0,1000.0,74000.0,,,,
00995A,主動中信台灣卓越,上市,,,437100.0,0,-363534.0,73566.0,,,,
3701,大眾控,上市,,,107000.0,0,-33903.0,73097.0,,,,
1219,福壽,上市,,,71026.0,0,2000.0,73026.0,,,,
02001L,富邦蘋果正二N,上市,,,0,0,73000.0,73000.0,,,,
00908,富邦入息REITs+,上市,,,75000.0,0,-2309.0,72691.0,,,,
3030,德律,上市,,,75742.0,0,-3302.0,72440.0,,,,
7822,倍利科,上市,,,19905.0,45000.0,7123.0,72028.0,,,,
1108,幸福,上市,,,72000.0,0,0,72000.0,,,,
2495,普安,上市,,,81898.0,40.0,-10000.0,71938.0,,,,
6550,北極星藥業-KY,上市,,,103828.0,0,-32000.0,71828.0,,,,
1532,勤美,上市,,,72020.0,0,-1000.0,71020.0,,,,
8404,百和興業-KY,上市,,,69000.0,0,2000.0,71000.0,,,,
6573,虹揚-KY,上市,,,75000.0,0,-4000.0,71000.0,,,,
3338,泰碩,上市,,,56996.0,11.0,13000.0,70007.0,,,,
6451,訊芯-KY,上市,,,56812.0,0,11902.0,68714.0,,,,
5222,全訊,上市,,,66802.0,17.0,1863.0,68682.0,,,,
2231,為升,上市,,,74120.0,0,-6154.0,67966.0,,,,
6805,富世達,上市,,,315228.0,-230000.0,-17351.0,67877.0,,,,
00752,中信中國50,上市,,,-33000.0,0,100841.0,67841.0,,,,
00757,統一FANG+,上市,,,11000.0,0,56828.0,67828.0,,,,
1616,億泰,上市,,,66557.0,0,0,66557.0,,,,
2497,怡利電,上市,,,66295.0,0,-7.0,66288.0,,,,
00670L,富邦NASDAQ正2,上市,,,-3000.0,0,69238.0,66238.0,,,,
00920,富邦ESG綠色電力,上市,,,24000.0,0,41516.0,65516.0,,,,
5519,隆大,上市,,,64262.0,0,1000.0,65262.0,,,,
2530,華建,上市,,,111090.0,-3000.0,-43000.0,65090.0,,,,
2482,連宇,上市,,,64000.0,0,0,64000.0,,,,
4755,三福化,上市,,,62744.0,0,1000.0,63744.0,,,,
6558,興能高,上市,,,62000.0,0,0,62000.0,,,,
8222,寶一,上市,,,61000.0,0,1000.0,62000.0,,,,
9919,康那香,上市,,,61000.0,0,1000.0,62000.0,,,,
2727,王品,上市,,,59982.0,0,2000.0,61982.0,,,,
2923,鼎固-KY,上市,,,92000.0,0,-31000.0,61000.0,,,,
2007,燁興,上市,,,61000.0,0,0,61000.0,,,,
6854,錼創科技-KY創,上市,,,61000.0,0,-888.0,60112.0,,,,
1471,首利,上市,,,60000.0,0,0,60000.0,,,,
7812,稜研科技*-創,上市,,,24000.0,0,35000.0,59000.0,,,,
4414,如興,上市,,,51000.0,0,8000.0,59000.0,,,,
00902,中信電池及儲能,上市,,,87000.0,0,-28284.0,58716.0,,,,
8454,富邦媒,上市,,,56258.0,0,1311.0,57569.0,,,,
3617,碩天,上市,,,52161.0,0,5000.0,57161.0,,,,
2390,云辰,上市,,,64000.0,0,-7000.0,57000.0,,,,
5538,東明-KY,上市,,,57000.0,0,0,57000.0,,,,
00739,元大MSCI A股,上市,,,-1000.0,0,57361.0,56361.0,,,,
3024,憶聲,上市,,,55000.0,0,0,55000.0,,,,
8163,達方,上市,,,66491.0,0,-11589.0,54902.0,,,,
3257,虹冠電,上市,,,54670.0,0,0,54670.0,,,,
6944,兆聯實業,上市,,,52144.0,0,1869.0,54013.0,,,,
6243,迅杰,上市,,,53878.0,0,0,53878.0,,,,
00971,野村美國研發龍頭,上市,,,-2000.0,0,55709.0,53709.0,,,,
009808,華南永昌優選50,上市,,,5000.0,0,47881.0,52881.0,,,,
5292,華懋,上市,,,36558.0,0,16167.0,52725.0,,,,
6689,伊雲谷,上市,,,52446.0,0,0,52446.0,,,,
1536,和大,上市,,,46000.0,0,6376.0,52376.0,,,,
2723,美食-KY,上市,,,49000.0,0,3000.0,52000.0,,,,
3038,全台,上市,,,50000.0,0,2000.0,52000.0,,,,
7799,禾榮科,上市,,,33132.0,0,18488.0,51620.0,,,,
5236,凌陽創新,上市,,,22474.0,30007.0,-1000.0,51481.0,,,,
1806,冠軍,上市,,,47000.0,0,2000.0,49000.0,,,,
6283,淳安,上市,,,48000.0,0,0,48000.0,,,,
2849,安泰銀,上市,,,58000.0,0,-10000.0,48000.0,,,,
1587,吉茂,上市,,,48000.0,0,0,48000.0,,,,
1598,岱宇,上市,,,46753.0,0,1000.0,47753.0,,,,
2207,和泰車,上市,,,36745.0,6000.0,4615.0,47360.0,,,,
8438,昶昕,上市,,,47271.0,0,0,47271.0,,,,
1533,車王電,上市,,,47000.0,0,0,47000.0,,,,
7788,松川精密,上市,,,25412.0,0,21566.0,46978.0,,,,
3054,立萬利,上市,,,46000.0,0,0,46000.0,,,,
6909,創控,上市,,,45000.0,0,0,45000.0,,,,
00926,凱基全球菁英55,上市,,,150.0,0,44000.0,44150.0,,,,
2109,華豐,上市,,,44000.0,0,0,44000.0,,,,
3622,洋華,上市,,,46146.0,10.0,-2875.0,43281.0,,,,
7740,熙特爾-創,上市,,,42375.0,0,693.0,43068.0,,,,
3135,凌航,上市,,,47380.0,0,-4953.0,42427.0,,,,
00645,富邦日本,上市,,,0,0,42359.0,42359.0,,,,
1103,嘉泥,上市,,,39000.0,0,3000.0,42000.0,,,,
00678,群益那斯達克生技,上市,,,-13000.0,0,54827.0,41827.0,,,,
00770,國泰北美科技,上市,,,8958.0,0,32476.0,41434.0,,,,
8429,金麗-KY,上市,,,41000.0,0,0,41000.0,,,,
1903,士紙,上市,,,41000.0,0,0,41000.0,,,,
2442,新美齊,上市,,,41000.0,0,0,41000.0,,,,
4164,承業醫,上市,,,58959.0,0,-18000.0,40959.0,,,,
6585,鼎基,上市,,,40770.0,0,0,40770.0,,,,
7827,漢康-KY創,上市,,,42713.0,0,-2000.0,40713.0,,,,
6947,台鎔科技,上市,,,39000.0,0,0,39000.0,,,,
1442,名軒,上市,,,95000.0,0,-56000.0,39000.0,,,,
9935,慶豐富,上市,,,38990.0,0,0,38990.0,,,,
6873,泓德能源,上市,,,37125.0,0,1000.0,38125.0,,,,
00634R,富邦上証反1,上市,,,-8000.0,0,46000.0,38000.0,,,,
4169,泰宗,上市,,,37490.0,0,0,37490.0,,,,
5225,東科-KY,上市,,,37482.0,0,0,37482.0,,,,
3607,谷崧,上市,,,37000.0,0,0,37000.0,,,,
3716,中化控股,上市,,,30585.0,0,6000.0,36585.0,,,,
8374,羅昇,上市,,,51050.0,0,-14749.0,36301.0,,,,
7749,意騰-KY,上市,,,7511.0,30000.0,-1272.0,36239.0,,,,
1713,國化,上市,,,34180.0,0,2000.0,36180.0,,,,
4736,泰博,上市,,,32176.0,0,4000.0,36176.0,,,,
5258,虹堡,上市,,,36000.0,0,0,36000.0,,,,
6225,天瀚,上市,,,36000.0,0,0,36000.0,,,,
2236,百達-KY,上市,,,34698.0,0,1000.0,35698.0,,,,
2597,潤弘,上市,,,32979.0,0,2408.0,35387.0,,,,
7689,大鵬科CLMX,上市,,,35061.0,8.0,0,35069.0,,,,
00903,富邦元宇宙,上市,,,0,0,35049.0,35049.0,,,,
9924,福興,上市,,,34000.0,0,1000.0,35000.0,,,,
2243,宏旭-KY,上市,,,35970.0,-1000.0,0,34970.0,,,,
3530,晶相光,上市,,,34860.0,0,0,34860.0,,,,
00972,野村日本動能高息,上市,,,-1000.0,0,35781.0,34781.0,,,,
4545,銘鈺,上市,,,43000.0,0,-8482.0,34518.0,,,,
4771,望隼,上市,,,33563.0,0,900.0,34463.0,,,,
0051,元大中型100,上市,,,-142.0,0,34261.0,34119.0,,,,
5484,慧友,上市,,,35000.0,0,-1000.0,34000.0,,,,
6657,華安,上市,,,33951.0,0,0,33951.0,,,,
3060,銘異,上市,,,28187.0,-3000.0,8285.0,33472.0,,,,
00956,中信日經高股息,上市,,,65000.0,0,-32506.0,32494.0,,,,
8478,東哥遊艇,上市,,,30992.0,0,895.0,31887.0,,,,
4949,有成精密,上市,,,31428.0,12.0,0,31440.0,,,,
4119,旭富,上市,,,30000.0,0,1000.0,31000.0,,,,
3308,聯德,上市,,,32000.0,0,-1000.0,31000.0,,,,
6958,日盛台駿,上市,,,31000.0,0,0,31000.0,,,,
2421,建準,上市,,,46757.0,-10000.0,-6019.0,30738.0,,,,
00700,富邦恒生國企,上市,,,-1000.0,0,31693.0,30693.0,,,,
6412,群電,上市,,,25927.0,0,4574.0,30501.0,,,,
3515,華擎,上市,,,32000.0,0,-2000.0,30000.0,,,,
2458,義隆,上市,,,-80904.0,101805.0,8895.0,29796.0,,,,
8201,無敵,上市,,,19000.0,0,10774.0,29774.0,,,,
3296,勝德,上市,,,23149.0,0,6000.0,29149.0,,,,
2701,萬企,上市,,,29000.0,0,0,29000.0,,,,
6552,易華電,上市,,,29000.0,0,0,29000.0,,,,
00683L,期元大美元指正2,上市,,,5000.0,0,24000.0,29000.0,,,,
1338,廣華-KY,上市,,,32989.0,0,-4000.0,28989.0,,,,
3528,安馳,上市,,,23539.0,8.0,5000.0,28547.0,,,,
3686,達能,上市,,,22000.0,0,6281.0,28281.0,,,,
2705,六福,上市,,,28000.0,0,0,28000.0,,,,
006206,元大上證50,上市,,,1000.0,0,26990.0,27990.0,,,,
9930,中聯資源,上市,,,26170.0,0,1667.0,27837.0,,,,
2453,凌群,上市,,,26350.0,8.0,1000.0,27358.0,,,,
2012,春雨,上市,,,27000.0,0,0,27000.0,,,,
7803,雲象科技-創,上市,,,27000.0,0,0,27000.0,,,,
2903,遠百,上市,,,-692290.0,618000.0,101000.0,26710.0,,,,
2022,聚亨,上市,,,26683.0,0,0,26683.0,,,,
5607,遠雄港,上市,,,20491.0,0,6000.0,26491.0,,,,
1760,寶齡富錦,上市,,,26412.0,0,0,26412.0,,,,
2471,資通,上市,,,29251.0,0,-3000.0,26251.0,,,,
1457,宜進,上市,,,26000.0,0,0,26000.0,,,,
4590,富田-創,上市,,,26000.0,0,0,26000.0,,,,
9955,佳龍,上市,,,26000.0,0,0,26000.0,,,,
3652,精聯,上市,,,27000.0,0,-1000.0,26000.0,,,,
2038,海光,上市,,,26441.0,0,-1000.0,25441.0,,,,
2468,華經,上市,,,25105.0,0,0,25105.0,,,,
4552,力達-KY,上市,,,25000.0,0,0,25000.0,,,,
1736,喬山,上市,,,23607.0,0,628.0,24235.0,,,,
2239,英利-KY,上市,,,23000.0,0,1000.0,24000.0,,,,
2516,新建,上市,,,24000.0,0,0,24000.0,,,,
1731,美吾華,上市,,,24000.0,0,0,24000.0,,,,
1414,東和,上市,,,25737.0,0,-2000.0,23737.0,,,,
00910,第一金太空衛星,上市,,,-3980.0,0,27000.0,23020.0,,,,
020028,元大特選電動車N,上市,,,0,0,23000.0,23000.0,,,,
2524,京城,上市,,,23000.0,0,0,23000.0,,,,
2514,龍邦,上市,,,23000.0,0,0,23000.0,,,,
00657,國泰日經225,上市,,,-1000.0,0,23918.0,22918.0,,,,
3004,豐達科,上市,,,22027.0,0,200.0,22227.0,,,,
6526,達發,上市,,,35431.0,-19000.0,5726.0,22157.0,,,,
00943,兆豐電子高息等權,上市,,,0,0,22144.0,22144.0,,,,
2102,泰豐,上市,,,22132.0,0,0,22132.0,,,,
2108,南帝,上市,,,26001.0,0,-3896.0,22105.0,,,,
7786,東方風能,上市,,,22069.0,0,0,22069.0,,,,
6756,威鋒電子,上市,,,22000.0,0,0,22000.0,,,,
2462,良得電,上市,,,22000.0,0,0,22000.0,,,,
3413,京鼎,上市,,,33342.0,0,-12182.0,21160.0,,,,
6781,AES-KY,上市,,,15276.0,0,5848.0,21124.0,,,,
6115,鎰勝,上市,,,19000.0,0,2000.0,21000.0,,,,
5244,弘凱,上市,,,21000.0,0,0,21000.0,,,,
4178,永笙-KY,上市,,,21000.0,0,0,21000.0,,,,
2706,第一店,上市,,,21000.0,0,0,21000.0,,,,
3266,昇陽,上市,,,21000.0,0,0,21000.0,,,,
3025,星通,上市,,,20999.0,0,0,20999.0,,,,
9938,百和,上市,,,40549.0,-3564.0,-16004.0,20981.0,,,,
00934,中信成長高股息,上市,,,61000.0,0,-40052.0,20948.0,,,,
5522,遠雄,上市,,,-16994.0,-2000.0,39000.0,20006.0,,,,
5007,三星,上市,,,19000.0,0,1000.0,20000.0,,,,
00899,FT潔淨能源,上市,,,0,0,20000.0,20000.0,,,,
1517,利奇,上市,,,19000.0,0,1000.0,20000.0,,,,
009809,富邦淨零ESG50,上市,,,0,0,19410.0,19410.0,,,,
3447,展達,上市,,,19000.0,0,0,19000.0,,,,
4426,利勤,上市,,,18000.0,0,1000.0,19000.0,,,,
3557,嘉威,上市,,,19000.0,0,0,19000.0,,,,
2450,神腦,上市,,,18000.0,0,1000.0,19000.0,,,,
2247,汎德永業,上市,,,18770.0,0,0,18770.0,,,,
00912,中信臺灣智慧50,上市,,,-15000.0,0,33142.0,18142.0,,,,
7760,享溫馨,上市,,,18000.0,0,0,18000.0,,,,
1446,宏和,上市,,,17975.0,0,0,17975.0,,,,
2911,麗嬰房,上市,,,17458.0,0,0,17458.0,,,,
7730,暉盛-創,上市,,,22000.0,0,-4593.0,17407.0,,,,
00654R,富邦印度反1,上市,,,0,0,17087.0,17087.0,,,,
1614,三洋電,上市,,,17070.0,0,0,17070.0,,,,
2250,IKKA-KY,上市,,,17000.0,0,0,17000.0,,,,
1418,東華,上市,,,17000.0,0,0,17000.0,,,,
4582,聚恆-創,上市,,,19000.0,0,-2000.0,17000.0,,,,
9908,大台北,上市,,,14000.0,0,3000.0,17000.0,,,,
5533,皇鼎,上市,,,16000.0,0,0,16000.0,,,,
4807,日成-KY,上市,,,19000.0,0,-3000.0,16000.0,,,,
5907,大洋-KY,上市,,,16000.0,0,0,16000.0,,,,
2929,淘帝-KY,上市,,,16000.0,0,0,16000.0,,,,
3018,隆銘綠能,上市,,,16000.0,0,0,16000.0,,,,
1528,恩德,上市,,,15259.0,0,452.0,15711.0,,,,
2434,統懋,上市,,,15271.0,0,0,15271.0,,,,
2908,特力,上市,,,15212.0,0,0,15212.0,,,,
2748,雲品,上市,,,14000.0,0,1000.0,15000.0,,,,
2431,聯昌,上市,,,15000.0,0,0,15000.0,,,,
4935,茂林-KY,上市,,,14000.0,0,1000.0,15000.0,,,,
1321,大洋,上市,,,14000.0,0,1000.0,15000.0,,,,
4536,拓凱,上市,,,15034.0,0,-674.0,14360.0,,,,
3705,永信,上市,,,14107.0,0,0,14107.0,,,,
8162,微矽電子-創,上市,,,11000.0,0,3106.0,14106.0,,,,
7818,溢泰實業,上市,,,15000.0,0,-1000.0,14000.0,,,,
6928,攸泰科技,上市,,,14000.0,0,0,14000.0,,,,
2608,嘉里大榮,上市,,,12000.0,0,2000.0,14000.0,,,,
1432,大魯閣,上市,,,14000.0,0,0,14000.0,,,,
1203,味王,上市,,,14000.0,0,0,14000.0,,,,
1220,台榮,上市,,,14000.0,0,0,14000.0,,,,
2477,美隆電,上市,,,13000.0,0,1000.0,14000.0,,,,
6906,現觀科,上市,,,13000.0,0,0,13000.0,,,,
9136,巨騰-DR,上市,,,13000.0,0,0,13000.0,,,,
6606,建德工業,上市,,,13000.0,0,0,13000.0,,,,
1225,福懋油,上市,,,13000.0,0,0,13000.0,,,,
1762,中化生,上市,,,12000.0,0,1000.0,13000.0,,,,
2509,全坤建,上市,,,13000.0,0,0,13000.0,,,,
020039,元大加權N,上市,,,0,0,13000.0,13000.0,,,,
5525,順天,上市,,,13000.0,0,0,13000.0,,,,
3533,嘉澤,上市,,,-240967.0,229000.0,24659.0,12692.0,,,,
00674R,期元大S&P黃金反1,上市,,,1000.0,0,11459.0,12459.0,,,,
1110,東泥,上市,,,12312.0,0,0,12312.0,,,,
1466,聚隆,上市,,,13273.0,0,-1000.0,12273.0,,,,
1535,中宇,上市,,,12000.0,0,0,12000.0,,,,
2227,裕日車,上市,,,12000.0,0,0,12000.0,,,,
2722,夏都,上市,,,11000.0,0,1000.0,12000.0,,,,
2642,宅配通,上市,,,12000.0,0,0,12000.0,,,,
2906,高林,上市,,,11000.0,0,1000.0,12000.0,,,,
8341,日友,上市,,,8394.0,0,2666.0,11060.0,,,,
2704,國賓,上市,,,18000.0,0,-7000.0,11000.0,,,,
2506,太設,上市,,,11000.0,0,0,11000.0,,,,
3040,遠見,上市,,,11000.0,0,0,11000.0,,,,
1234,黑松,上市,,,11000.0,0,0,11000.0,,,,
7631,聚賢研發-創,上市,,,20000.0,0,-9000.0,11000.0,,,,
2850,新產,上市,,,7767.0,0,3000.0,10767.0,,,,
4571,鈞興-KY,上市,,,11539.0,0,-1000.0,10539.0,,,,
5706,鳳凰,上市,,,20000.0,0,-10000.0,10000.0,,,,
6674,鋐寶科技,上市,,,10000.0,0,0,10000.0,,,,
00717,富邦美國特別股,上市,,,173000.0,0,-163000.0,10000.0,,,,
1217,愛之味,上市,,,13000.0,0,-3000.0,10000.0,,,,
1468,昶和,上市,,,11000.0,0,-1000.0,10000.0,,,,
6838,台新藥,上市,,,10000.0,0,-53.0,9947.0,,,,
6890,來億-KY,上市,,,9951.0,0,-34.0,9917.0,,,,
6914,阜爾運通,上市,,,9600.0,0,0,9600.0,,,,
4108,懷特,上市,,,9423.0,0,0,9423.0,,,,
3321,同泰,上市,,,9004.0,0,0,9004.0,,,,
4133,亞諾法,上市,,,9000.0,0,0,9000.0,,,,
2616,山隆,上市,,,9000.0,0,0,9000.0,,,,
2910,統領,上市,,,9000.0,0,0,9000.0,,,,
2008,高興昌,上市,,,9000.0,0,0,9000.0,,,,
6934,心誠鎂,上市,,,9000.0,0,0,9000.0,,,,
8463,潤泰材,上市,,,11000.0,0,-2000.0,9000.0,,,,
9902,台火,上市,,,9000.0,0,0,9000.0,,,,
9942,茂順,上市,,,9000.0,0,0,9000.0,,,,
9944,新麗,上市,,,9000.0,0,0,9000.0,,,,
9937,全國,上市,,,10000.0,0,-1000.0,9000.0,,,,
1323,永裕,上市,,,9000.0,0,0,9000.0,,,,
2472,立隆電,上市,,,-1813.0,0,10201.0,8388.0,,,,
7765,中華資安,上市,,,13249.0,0,-5000.0,8249.0,,,,
00681R,元大美債20反1,上市,,,-152000.0,0,160168.0,8168.0,,,,
3032,偉訓,上市,,,8090.0,0,0,8090.0,,,,
8499,鼎炫-KY,上市,,,8000.0,5.0,0,8005.0,,,,
6796,晉弘,上市,,,8000.0,0,0,8000.0,,,,
3501,維熹,上市,,,8000.0,0,0,8000.0,,,,
2887H,台新新光庚特二,上市,,,8000.0,0,0,8000.0,,,,
2013,中鋼構,上市,,,7000.0,0,1000.0,8000.0,,,,
1626,艾美特-KY,上市,,,9000.0,0,-1000.0,8000.0,,,,
1419,新紡,上市,,,9000.0,0,-1000.0,8000.0,,,,
1423,利華,上市,,,8000.0,0,0,8000.0,,,,
1339,昭輝,上市,,,12000.0,0,-4000.0,8000.0,,,,
4106,雃博,上市,,,7000.0,0,1000.0,8000.0,,,,
1443,立益物流,上市,,,8000.0,0,0,8000.0,,,,
2702,華園,上市,,,8000.0,0,0,8000.0,,,,
6581,鋼聯,上市,,,7000.0,0,0,7000.0,,,,
1454,台富,上市,,,7000.0,0,0,7000.0,,,,
1735,日勝化,上市,,,9000.0,0,-2000.0,7000.0,,,,
1752,南光,上市,,,7000.0,0,0,7000.0,,,,
2373,震旦行,上市,,,10000.0,0,-3000.0,7000.0,,,,
2712,遠雄來,上市,,,7000.0,0,0,7000.0,,,,
2731,雄獅,上市,,,9000.0,0,-2000.0,7000.0,,,,
4438,廣越,上市,,,7000.0,0,0,7000.0,,,,
6183,關貿,上市,,,8000.0,0,-1000.0,7000.0,,,,
6184,大豐電,上市,,,7000.0,0,0,7000.0,,,,
6464,台數科,上市,,,7000.0,0,0,7000.0,,,,
2059,川湖,上市,,,-23401.0,6000.0,24063.0,6662.0,,,,
6477,安集,上市,,,9268.0,0,-3000.0,6268.0,,,,
6216,居易,上市,,,5000.0,0,1000.0,6000.0,,,,
6201,亞弘電,上市,,,8000.0,0,-2000.0,6000.0,,,,
9912,偉聯,上市,,,7000.0,0,-1000.0,6000.0,,,,
9926,新海,上市,,,6000.0,0,0,6000.0,,,,
7821,神數,上市,,,6000.0,0,0,6000.0,,,,
1456,怡華,上市,,,9000.0,0,-3000.0,6000.0,,,,
1438,三地開發,上市,,,7000.0,0,-1000.0,6000.0,,,,
5283,禾聯碩,上市,,,-1000.0,0,7000.0,6000.0,,,,
2115,六暉-KY,上市,,,5599.0,0,0,5599.0,,,,
006203,元大MSCI台灣,上市,,,0,0,5236.0,5236.0,,,,
2414,精技,上市,,,-12849.0,-1986.0,20000.0,5165.0,,,,
1235,興泰,上市,,,3000.0,0,2000.0,5000.0,,,,
1583,程泰,上市,,,5000.0,0,0,5000.0,,,,
1725,元禎,上市,,,7000.0,0,-2000.0,5000.0,,,,
1726,永記,上市,,,5000.0,0,0,5000.0,,,,
1474,弘裕,上市,,,5000.0,0,0,5000.0,,,,
1539,巨庭,上市,,,5000.0,0,0,5000.0,,,,
3164,景岳,上市,,,5000.0,0,0,5000.0,,,,
6792,詠業,上市,,,6000.0,0,-1000.0,5000.0,,,,
6534,正瀚-創,上市,,,5000.0,0,0,5000.0,,,,
6128,上福,上市,,,10000.0,0,-5000.0,5000.0,,,,
7835,永悅健康-創,上市,,,8000.0,0,-3000.0,5000.0,,,,
9931,欣高,上市,,,5000.0,0,0,5000.0,,,,
6582,申豐,上市,,,5000.0,0,0,5000.0,,,,
6605,帝寶,上市,,,4353.0,0,-182.0,4171.0,,,,
1604,聲寶,上市,,,2069.0,0,2000.0,4069.0,,,,
1435,中福,上市,,,4000.0,0,0,4000.0,,,,
2024,志聯,上市,,,4000.0,0,0,4000.0,,,,
1906,寶隆,上市,,,4000.0,0,0,4000.0,,,,
2882B,國泰金乙特,上市,,,0,0,4000.0,4000.0,,,,
2887Z1,台新新光己特,上市,,,4000.0,0,0,4000.0,,,,
6722,輝創,上市,,,4000.0,0,0,4000.0,,,,
4572,駐龍,上市,,,6000.0,0,-2000.0,4000.0,,,,
9918,欣天然,上市,,,4000.0,0,0,4000.0,,,,
9906,欣巴巴,上市,,,3000.0,0,1000.0,4000.0,,,,
020020,元大台股領航N,上市,,,0,0,4000.0,4000.0,,,,
8482,商億-KY,上市,,,4000.0,0,0,4000.0,,,,
9929,秋雨,上市,,,4000.0,0,0,4000.0,,,,
6807,峰源-KY,上市,,,4000.0,0,0,4000.0,,,,
00647L,元大S&P500正2,上市,,,-1000.0,0,4746.0,3746.0,,,,
6446,藥華藥,上市,,,2030.0,-4000.0,5493.0,3523.0,,,,
2433,互盛電,上市,,,2000.0,7.0,1000.0,3007.0,,,,
3679,新至陞,上市,,,2000.0,5.0,1000.0,3005.0,,,,
0057,富邦摩台,上市,,,1.0,0,3000.0,3001.0,,,,
2380,虹光,上市,,,3000.0,0,0,3000.0,,,,
1417,嘉裕,上市,,,3000.0,0,0,3000.0,,,,
1615,大山,上市,,,11000.0,0,-8000.0,3000.0,,,,
1521,大億,上市,,,4000.0,0,-1000.0,3000.0,,,,
6504,南六,上市,,,2000.0,0,1000.0,3000.0,,,,
6794,向榮生技,上市,,,3000.0,0,0,3000.0,,,,
6666,羅麗芬-KY,上市,,,3000.0,0,0,3000.0,,,,
8443,阿瘦,上市,,,3000.0,0,0,3000.0,,,,
020032,元大綠能N,上市,,,0,0,3000.0,3000.0,,,,
7721,微程式,上市,,,3000.0,0,0,3000.0,,,,
4999,鑫禾,上市,,,1955.0,0,1000.0,2955.0,,,,
2211,長榮鋼,上市,,,10071.0,-1612.0,-5535.0,2924.0,,,,
00982T,平衡兆豐台美動能,上市,,,0,0,2871.0,2871.0,,,,
6230,尼得科超眾,上市,,,2288.0,0,0,2288.0,,,,
1315,達新,上市,,,2100.0,0,0,2100.0,,,,
4441,振大環球,上市,,,2080.0,0,0,2080.0,,,,
2397,友通,上市,,,-6996.0,0,9000.0,2004.0,,,,
5906,台南-KY,上市,,,2000.0,0,0,2000.0,,,,
1341,富林-KY,上市,,,2000.0,0,0,2000.0,,,,
8045,達運光電,上市,,,2000.0,0,0,2000.0,,,,
3168,眾福科,上市,,,2000.0,0,0,2000.0,,,,
2891B,中信金乙特,上市,,,0,0,2000.0,2000.0,,,,
2881B,富邦金乙特,上市,,,0,0,2000.0,2000.0,,,,
1541,錩泰,上市,,,2000.0,0,0,2000.0,,,,
1445,大宇,上市,,,2000.0,0,0,2000.0,,,,
1451,年興,上市,,,2000.0,0,0,2000.0,,,,
5546,永固-KY,上市,,,2000.0,0,0,2000.0,,,,
6641,基士德-KY,上市,,,3000.0,0,-1000.0,2000.0,,,,
6655,科定,上市,,,2000.0,0,0,2000.0,,,,
00682U,期元大美元指數,上市,,,0,0,2000.0,2000.0,,,,
6908,宏碁遊戲-創,上市,,,2000.0,0,0,2000.0,,,,
020029,元大ESG高股息N,上市,,,0,0,2000.0,2000.0,,,,
910322,康師傅-DR,上市,,,2000.0,0,0,2000.0,,,,
7736,虎山,上市,,,2000.0,0,0,2000.0,,,,
1256,鮮活果汁-KY,上市,,,2308.0,0,-1000.0,1308.0,,,,
3504,揚明光,上市,,,4330.0,10.0,-3038.0,1302.0,,,,
6416,瑞祺電通,上市,,,31.0,0,1190.0,1221.0,,,,
00636K,國泰中國A50+U,上市,,,0,0,1100.0,1100.0,,,,
6645,金萬林-創,上市,,,1003.0,0,0,1003.0,,,,
6671,三能-KY,上市,,,1000.0,0,0,1000.0,,,,
8940,新天地,上市,,,2000.0,0,-1000.0,1000.0,,,,
8487,愛爾達-創,上市,,,1000.0,0,0,1000.0,,,,
8466,美吉吉-KY,上市,,,1000.0,0,0,1000.0,,,,
8467,波力-KY,上市,,,1000.0,0,0,1000.0,,,,
6931,青松健康,上市,,,3000.0,0,-2000.0,1000.0,,,,
7732,金興精密,上市,,,1000.0,0,0,1000.0,,,,
00851,台新全球AI,上市,,,0,0,1000.0,1000.0,,,,
3432,台端,上市,,,1000.0,0,0,1000.0,,,,
4190,佐登-KY,上市,,,1000.0,0,0,1000.0,,,,
4148,全宇生技-KY,上市,,,1000.0,0,0,1000.0,,,,
3150,鈺寶-創,上市,,,4000.0,0,-3000.0,1000.0,,,,
2939,永邑-KY,上市,,,1000.0,0,0,1000.0,,,,
2496,卓越,上市,,,1000.0,0,0,1000.0,,,,
1527,鑽全,上市,,,1000.0,0,0,1000.0,,,,
2248,華勝-KY,上市,,,1000.0,0,0,1000.0,,,,
2062,橋椿,上市,,,0,0,1000.0,1000.0,,,,
2106,建大,上市,,,33000.0,0,-32000.0,1000.0,,,,
6952,大武山,上市,,,1000.0,0,0,1000.0,,,,
911868,同方友友-DR,上市,,,1000.0,0,0,1000.0,,,,
1516,川飛,上市,,,1000.0,0,0,1000.0,,,,
1452,宏益,上市,,,999.0,0,0,999.0,,,,
00709,富邦歐洲,上市,,,0,0,983.0,983.0,,,,
1453,大將,上市,,,940.0,0,0,940.0,,,,
006204,永豐臺灣加權,上市,,,0,0,620.0,620.0,,,,
3229,晟鈦,上市,,,1588.0,0,-1000.0,588.0,,,,
2387,精元,上市,,,-10992.0,0,11000.0,8.0,,,,
006207,復華滬深,上市,,,-1000.0,0,1002.0,2.0,,,,
00775B,台新投等債15+,上市,,,0,0,1.0,1.0,,,,
00736,國泰新興市場,上市,,,0,0,0,0,,,,
6936,永鴻生技,上市,,,0,0,0,0,,,,
8481,政伸,上市,,,0,0,0,0,,,,
8367,建新國際,上市,,,0,0,0,0,,,,
7791,皇家可口,上市,,,0,0,0,0,,,,
00657K,國泰日經225+U,上市,,,0,0,0,0,,,,
00689R,國泰20年美債反1,上市,,,0,0,0,0,,,,
00668K,國泰美國道瓊+U,上市,,,0,0,0,0,,,,
6754,匯僑設計,上市,,,0,0,0,0,,,,
4581,光隆精密-KY,上市,,,0,0,0,0,,,,
4557,永新-KY,上市,,,0,0,0,0,,,,
2424,隴華,上市,,,0,0,0,0,,,,
1783,和康生,上市,,,-1000.0,0,1000.0,0,,,,
1439,雋揚,上市,,,0,0,0,0,,,,
1324,地球,上市,,,0,0,0,0,,,,
2945,三商家購,上市,,,0,0,0,0,,,,
1463,強盛新,上市,,,0,0,0,0,,,,
3057,喬鼎,上市,,,1000.0,0,-1000.0,0,,,,
9943,好樂迪,上市,,,0,0,0,0,,,,
020030,統一智慧電動車N,上市,,,0,0,0,0,,,,
2314,台揚,上市,,,-526.0,0,0,-526.0,,,,
00783,富邦中証500,上市,,,0,0,-682.0,-682.0,,,,
8462,柏文,上市,,,20.0,0,-1000.0,-980.0,,,,
911608,明輝-DR,上市,,,-1000.0,0,0,-1000.0,,,,
020031,統一IC設計臺灣N,上市,,,0,0,-1000.0,-1000.0,,,,
7705,三商餐飲,上市,,,-1000.0,0,0,-1000.0,,,,
6887,寶綠特-KY,上市,,,-1000.0,0,0,-1000.0,,,,
4569,六方科-KY,上市,,,-1000.0,0,0,-1000.0,,,,
5215,科嘉-KY,上市,,,-1000.0,0,0,-1000.0,,,,
6281,全國電,上市,,,-1000.0,0,0,-1000.0,,,,
00660,元大歐洲50,上市,,,0,0,-1000.0,-1000.0,,,,
2114,鑫永銓,上市,,,-1000.0,0,0,-1000.0,,,,
1525,江申,上市,,,-1000.0,0,0,-1000.0,,,,
2904,匯僑,上市,,,-1000.0,0,0,-1000.0,,,,
4439,冠星-KY,上市,,,0,0,-1000.0,-1000.0,,,,
3494,誠研,上市,,,-1000.0,0,0,-1000.0,,,,
7823,奧義賽博-KY創,上市,,,-1000.0,0,0,-1000.0,,,,
2528,皇普,上市,,,52000.0,0,-53000.0,-1000.0,,,,
2432,倚天酷碁-創,上市,,,-1000.0,0,0,-1000.0,,,,
6753,龍德造船,上市,,,-2400.0,0,1326.0,-1074.0,,,,
1213,大飲,上市,,,-1100.0,0,0,-1100.0,,,,
6117,迎廣,上市,,,30177.0,12.0,-31417.0,-1228.0,,,,
6658,聯策,上市,,,1004.0,7.0,-2248.0,-1237.0,,,,
4994,傳奇,上市,,,-2411.0,0,1000.0,-1411.0,,,,
6957,裕慶-KY,上市,,,-6000.0,0,4353.0,-1647.0,,,,
7722,LINEPAY,上市,,,332.0,0,-2000.0,-1668.0,,,,
6955,邦睿生技-創,上市,,,1000.0,0,-3000.0,-2000.0,,,,
6918,愛派司,上市,,,-2000.0,0,0,-2000.0,,,,
8488,吉源-KY,上市,,,-2000.0,0,0,-2000.0,,,,
6431,光麗-KY,上市,,,-1000.0,0,-1000.0,-2000.0,,,,
6835,圓裕,上市,,,-2000.0,0,0,-2000.0,,,,
00638R,元大滬深300反1,上市,,,-1000.0,0,-1000.0,-2000.0,,,,
00666R,富邦恒生國企反1,上市,,,0,0,-2000.0,-2000.0,,,,
1236,宏亞,上市,,,-2000.0,0,0,-2000.0,,,,
1475,業旺,上市,,,-2000.0,0,0,-2000.0,,,,
2836A,高雄銀甲特,上市,,,-2000.0,0,0,-2000.0,,,,
1470,大統新創,上市,,,-2000.0,0,0,-2000.0,,,,
00703,台新MSCI中國,上市,,,0,0,-2084.0,-2084.0,,,,
3006,晶豪科,上市,,,149329.0,-5000.0,-146777.0,-2448.0,,,,
0053,元大電子,上市,,,-1000.0,0,-1768.0,-2768.0,,,,
6862,三集瑞-KY,上市,,,-3000.0,8.0,219.0,-2773.0,,,,
2383,台光電,上市,,,-161913.0,163000.0,-3895.0,-2808.0,,,,
1472,三洋實業,上市,,,9000.0,0,-12000.0,-3000.0,,,,
1465,偉全,上市,,,-3000.0,0,0,-3000.0,,,,
1104,環泥,上市,,,0,0,-3000.0,-3000.0,,,,
2887G,台新新光庚特一,上市,,,-3000.0,0,0,-3000.0,,,,
6614,資拓宏宇,上市,,,-3000.0,0,0,-3000.0,,,,
4737,華廣,上市,,,-3000.0,0,0,-3000.0,,,,
020034,元大IC設計N,上市,,,0,0,-3000.0,-3000.0,,,,
3043,科風,上市,,,-3000.0,0,0,-3000.0,,,,
1730,花仙子,上市,,,-3000.0,0,0,-3000.0,,,,
6951,青新-創,上市,,,-3000.0,0,0,-3000.0,,,,
4930,燦星網,上市,,,-3000.0,0,0,-3000.0,,,,
1817,凱撒衛,上市,,,0,0,-3003.0,-3003.0,,,,
4720,德淵,上市,,,-3000.0,0,-13.0,-3013.0,,,,
6863,永道-KY,上市,,,-3060.0,13.0,0,-3047.0,,,,
00656R,國泰中國A50反1,上市,,,0,0,-3099.0,-3099.0,,,,
0061,元大寶滬深,上市,,,-20000.0,0,16625.0,-3375.0,,,,
1723,中碳,上市,,,5000.0,-3000.0,-5608.0,-3608.0,,,,
00714,群益道瓊美國地產,上市,,,714000.0,0,-717908.0,-3908.0,,,,
8442,威宏-KY,上市,,,1000.0,0,-5000.0,-4000.0,,,,
1530,亞崴,上市,,,-4000.0,0,0,-4000.0,,,,
1233,天仁,上市,,,-3000.0,0,-1000.0,-4000.0,,,,
2739,寒舍,上市,,,-4000.0,0,0,-4000.0,,,,
4555,氣立,上市,,,-4000.0,0,0,-4000.0,,,,
2488,漢平,上市,,,-4000.0,0,0,-4000.0,,,,
00885,富邦越南,上市,,,240000.0,0,-244080.0,-4080.0,,,,
8261,富鼎,上市,,,-25943.0,19000.0,2678.0,-4265.0,,,,
2546,根基,上市,,,-5381.0,0,1000.0,-4381.0,,,,
6768,志強-KY,上市,,,-1000.0,-1982.0,-2000.0,-4982.0,,,,
8072,陞泰,上市,,,-5000.0,0,0,-5000.0,,,,
6921,嘉雨思-創,上市,,,-7000.0,0,2000.0,-5000.0,,,,
1410,南染,上市,,,-5000.0,0,0,-5000.0,,,,
2228,劍麟,上市,,,-5000.0,0,0,-5000.0,,,,
6771,平和環保-創,上市,,,-1000.0,0,-4000.0,-5000.0,,,,
2762,世界健身-KY,上市,,,-5230.0,0,0,-5230.0,,,,
00735,國泰臺韓科技,上市,,,57002.0,0,-62503.0,-5501.0,,,,
00690,兆豐藍籌30,上市,,,-1000.0,0,-4570.0,-5570.0,,,,
6719,力智,上市,,,-31225.0,30000.0,-4497.0,-5722.0,,,,
6916,華凌,上市,,,-6000.0,0,0,-6000.0,,,,
1776,展宇,上市,,,-3000.0,0,-3000.0,-6000.0,,,,
1441,大東,上市,,,-6000.0,0,0,-6000.0,,,,
2891C,中信金丙特,上市,,,-6000.0,0,0,-6000.0,,,,
2415,錩新,上市,,,-4000.0,-2000.0,0,-6000.0,,,,
1531,高林股,上市,,,-6000.0,0,0,-6000.0,,,,
2430,燦坤,上市,,,-8154.0,0,2000.0,-6154.0,,,,
4766,南寶,上市,,,-5532.0,0,-1000.0,-6532.0,,,,
00668,國泰美國道瓊,上市,,,0,0,-6622.0,-6622.0,,,,
6924,榮惠-KY創,上市,,,-6811.0,0,0,-6811.0,,,,
2901,欣欣,上市,,,-6000.0,0,-1000.0,-7000.0,,,,
4440,宜新實業,上市,,,1000.0,0,-8000.0,-7000.0,,,,
2438,翔耀,上市,,,-7000.0,0,0,-7000.0,,,,
00731,復華富時高息低波,上市,,,48000.0,0,-55009.0,-7009.0,,,,
3588,通嘉,上市,,,-9348.0,0,2000.0,-7348.0,,,,
4722,國精化,上市,,,15087.0,0,-22507.0,-7420.0,,,,
9933,中鼎,上市,,,23095.0,-15800.0,-15000.0,-7705.0,,,,
2233,宇隆,上市,,,-5831.0,0,-2053.0,-7884.0,,,,
1623,大東電,上市,,,-8380.0,0,0,-8380.0,,,,
4137,麗豐-KY,上市,,,-5399.0,0,-3000.0,-8399.0,,,,
4585,達明,上市,,,-8000.0,0,-565.0,-8565.0,,,,
2816,旺旺保,上市,,,-8918.0,0,0,-8918.0,,,,
1808,潤隆,上市,,,33059.0,0,-42000.0,-8941.0,,,,
6923,中台,上市,,,-5000.0,0,-4000.0,-9000.0,,,,
2537,聯上發,上市,,,-9004.0,0,0,-9004.0,,,,
6790,永豐實,上市,,,-9000.0,0,-50.0,-9050.0,,,,
1416,廣豐,上市,,,-9108.0,0,0,-9108.0,,,,
2707,晶華,上市,,,-10813.0,0,1477.0,-9336.0,,,,
5288,豐祥-KY,上市,,,-1310.0,-20000.0,11886.0,-9424.0,,,,
1720,生達,上市,,,-10737.0,0,1000.0,-9737.0,,,,
3138,耀登,上市,,,-11915.0,0,1920.0,-9995.0,,,,
1526,日馳,上市,,,-10000.0,0,0,-10000.0,,,,
1512,瑞利,上市,,,-10000.0,0,0,-10000.0,,,,
7768,頌勝科技,上市,,,-10000.0,0,0,-10000.0,,,,
1413,宏洲,上市,,,-10000.0,0,0,-10000.0,,,,
4588,玖鼎電力,上市,,,-8000.0,0,-2000.0,-10000.0,,,,
5306,桂盟,上市,,,-5381.0,0,-5000.0,-10381.0,,,,
6965,中傑-KY,上市,,,-13000.0,0,2000.0,-11000.0,,,,
1537,廣隆,上市,,,-11000.0,0,0,-11000.0,,,,
4155,訊映,上市,,,-11000.0,0,0,-11000.0,,,,
1737,臺鹽,上市,,,-11001.0,0,0,-11001.0,,,,
2535,達欣工,上市,,,-13175.0,0,1582.0,-11593.0,,,,
00711B,復華彭博新興債,上市,,,0,0,-11752.0,-11752.0,,,,
6776,展碁國際,上市,,,-12000.0,0,0,-12000.0,,,,
3669,圓展,上市,,,-15000.0,0,3000.0,-12000.0,,,,
2364,倫飛,上市,,,-11698.0,0,-1000.0,-12698.0,,,,
00907,永豐優息存股,上市,,,13000.0,0,-25989.0,-12989.0,,,,
1232,大統益,上市,,,-14207.0,0,1000.0,-13207.0,,,,
2480,敦陽科,上市,,,-14110.0,-1161.0,1864.0,-13407.0,,,,
00702,國泰標普低波高息,上市,,,50.0,0,-13467.0,-13417.0,,,,
6515,穎崴,上市,,,-14303.0,-9600.0,10302.0,-13601.0,,,,
2461,光群雷,上市,,,-7907.0,0,-6000.0,-13907.0,,,,
9905,大華,上市,,,-14000.0,0,0,-14000.0,,,,
6625,必應,上市,,,-14000.0,0,0,-14000.0,,,,
2444,兆勁,上市,,,-14619.0,0,103.0,-14516.0,,,,
2413,環科,上市,,,-15575.0,31.0,1000.0,-14544.0,,,,
2072,世紀風電,上市,,,-16701.0,0,2000.0,-14701.0,,,,
4583,台灣精銳,上市,,,-13997.0,0,-782.0,-14779.0,,,,
1558,伸興,上市,,,-15073.0,0,0,-15073.0,,,,
3416,融程電,上市,,,-6894.0,7.0,-8326.0,-15213.0,,,,
1734,杏輝,上市,,,-15394.0,0,0,-15394.0,,,,
00737,國泰AI機器人,上市,,,0,0,-15838.0,-15838.0,,,,
1201,味全,上市,,,2000.0,0,-18000.0,-16000.0,,,,
2505,國揚,上市,,,-16505.0,0,0,-16505.0,,,,
4952,凌通,上市,,,-24970.0,18.0,8000.0,-16952.0,,,,
6969,成信實業*-創,上市,,,-17000.0,0,0,-17000.0,,,,
6205,詮欣,上市,,,-18792.0,18.0,1682.0,-17092.0,,,,
4560,強信-KY,上市,,,-18000.0,0,0,-18000.0,,,,
6277,宏正,上市,,,-24971.0,0,6846.0,-18125.0,,,,
2851,中再保,上市,,,450.0,-2000.0,-17231.0,-18781.0,,,,
020000,富邦特選蘋果N,上市,,,0,0,-19000.0,-19000.0,,,,
2476,鉅祥,上市,,,-30424.0,0,10768.0,-19656.0,,,,
3002,歐格,上市,,,-18934.0,0,-1000.0,-19934.0,,,,
1805,寶徠,上市,,,-20000.0,0,0,-20000.0,,,,
1733,五鼎,上市,,,-20130.0,0,0,-20130.0,,,,
6919,康霈*,上市,,,-23123.0,0,2487.0,-20636.0,,,,
00643,群益深証中小,上市,,,-3000.0,0,-17982.0,-20982.0,,,,
2204,中華,上市,,,-22000.0,-2928.0,3721.0,-21207.0,,,,
8105,凌巨,上市,,,-26816.0,0,5508.0,-21308.0,,,,
6024,群益期,上市,,,-21485.0,0,0,-21485.0,,,,
6591,動力-KY,上市,,,-21710.0,0,0,-21710.0,,,,
00771,元大US高息特別股,上市,,,0,0,-22006.0,-22006.0,,,,
9940,信義,上市,,,-7000.0,0,-15045.0,-22045.0,,,,
2617,台航,上市,,,-24160.0,0,1881.0,-22279.0,,,,
1467,南緯,上市,,,-21000.0,0,-2000.0,-23000.0,,,,
1109,信大,上市,,,-26411.0,0,2000.0,-24411.0,,,,
3028,增你強,上市,,,-33898.0,17325.0,-7999.0,-24572.0,,,,
2206,三陽工業,上市,,,-27716.0,0,3000.0,-24716.0,,,,
2832,台產,上市,,,-16290.0,0,-8476.0,-24766.0,,,,
7855,和運租車,上市,,,-25000.0,0,0,-25000.0,,,,
2887E,台新新光戊特一,上市,,,-25000.0,0,0,-25000.0,,,,
1712,興農,上市,,,-38000.0,0,12938.0,-25062.0,,,,
00728,第一金工業30,上市,,,-19000.0,0,-6476.0,-25476.0,,,,
5203,訊連,上市,,,-28955.0,0,3000.0,-25955.0,,,,
6192,巨路,上市,,,-28000.0,8.0,1999.0,-25993.0,,,,
3130,一零四,上市,,,-26000.0,0,0,-26000.0,,,,
6994,富威電力,上市,,,-26873.0,0,217.0,-26656.0,,,,
2348,海悅,上市,,,-32000.0,0,2937.0,-29063.0,,,,
6449,鈺邦,上市,,,-33147.0,0,3963.0,-29184.0,,,,
2428,興勤,上市,,,-30497.0,0,1000.0,-29497.0,,,,
3356,奇偶,上市,,,-43590.0,0,14000.0,-29590.0,,,,
2237,華德動能-創,上市,,,-30000.0,0,0,-30000.0,,,,
3056,富華新,上市,,,-33000.0,0,1600.0,-31400.0,,,,
3437,榮創,上市,,,-32425.0,0,0,-32425.0,,,,
1795,美時,上市,,,-43129.0,0,9786.0,-33343.0,,,,
6902,GOGOLOOK,上市,,,-33731.0,0,-1000.0,-34731.0,,,,
9910,豐泰,上市,,,-86829.0,48000.0,4060.0,-34769.0,,,,
6214,精誠,上市,,,-8226.0,0,-26649.0,-34875.0,,,,
8464,億豐,上市,,,-84720.0,47000.0,1889.0,-35831.0,,,,
1540,喬福,上市,,,-36000.0,0,0,-36000.0,,,,
3031,佰鴻,上市,,,-37036.0,0,1000.0,-36036.0,,,,
3406,玉晶光,上市,,,-3495.0,11000.0,-44400.0,-36895.0,,,,
2107,厚生,上市,,,-34281.0,0,-3000.0,-37281.0,,,,
6271,同欣電,上市,,,-55438.0,0,17781.0,-37657.0,,,,
1563,巧新,上市,,,-41160.0,0,1916.0,-39244.0,,,,
1231,聯華食,上市,,,-50710.0,0,11340.0,-39370.0,,,,
00960,野村全球航運龍頭,上市,,,-918.0,0,-39243.0,-40161.0,,,,
4942,嘉彰,上市,,,-42000.0,0,1000.0,-41000.0,,,,
2459,敦吉,上市,,,-42000.0,0,0,-42000.0,,,,
8271,宇瞻,上市,,,-49648.0,0,7614.0,-42034.0,,,,
2820,華票,上市,,,-72000.0,0,28000.0,-44000.0,,,,
1437,勤益控,上市,,,-46459.0,0,1000.0,-45459.0,,,,
6272,驊陞,上市,,,-45000.0,0,-1000.0,-46000.0,,,,
3708,上緯投控,上市,,,-43918.0,-3000.0,901.0,-46017.0,,,,
3046,建碁,上市,,,-48040.0,0,2000.0,-46040.0,,,,
00652,富邦印度,上市,,,81040.0,0,-127379.0,-46339.0,,,,
1590,亞德客-KY,上市,,,-17200.0,-29000.0,-151.0,-46351.0,,,,
8016,矽創,上市,,,-76143.0,29202.0,0,-46941.0,,,,
2423,固緯,上市,,,-50000.0,15.0,1000.0,-48985.0,,,,
1473,台南,上市,,,-49000.0,0,0,-49000.0,,,,
9927,泰銘,上市,,,-48000.0,0,-1000.0,-49000.0,,,,
5284,jpp-KY,上市,,,-47402.0,0,-2051.0,-49453.0,,,,
3712,永崴投控,上市,,,-50689.0,0,1000.0,-49689.0,,,,
1506,正道,上市,,,-52000.0,0,0,-52000.0,,,,
1342,八貫,上市,,,-51919.0,-1000.0,0,-52919.0,,,,
1519,華城,上市,,,-63424.0,0,9718.0,-53706.0,,,,
1436,華友聯,上市,,,-54000.0,0,0,-54000.0,,,,
6177,達麗,上市,,,-62000.0,0,8000.0,-54000.0,,,,
2049,上銀,上市,,,8092.0,0,-62917.0,-54825.0,,,,
7750,新代,上市,,,-27297.0,-26000.0,-1574.0,-54871.0,,,,
2852,第一保,上市,,,-56000.0,0,0,-56000.0,,,,
3090,日電貿,上市,,,-29249.0,-3000.0,-24373.0,-56622.0,,,,
9917,中保科,上市,,,-57928.0,0,0,-57928.0,,,,
9911,櫻花,上市,,,-49549.0,0,-11000.0,-60549.0,,,,
5515,建國,上市,,,-74220.0,0,12879.0,-61341.0,,,,
009803,玉山市值動能50,上市,,,-258000.0,0,195277.0,-62723.0,,,,
6670,復盛應用,上市,,,-63532.0,-610.0,956.0,-63186.0,,,,
6830,汎銓,上市,,,-62824.0,0,-1134.0,-63958.0,,,,
00763U,期街口道瓊銅,上市,,,-4000.0,0,-60912.0,-64912.0,,,,
1732,毛寶,上市,,,-65000.0,0,0,-65000.0,,,,
3010,華立,上市,,,-72371.0,0,7000.0,-65371.0,,,,
00651R,復華香港反1,上市,,,0,0,-65800.0,-65800.0,,,,
8114,振樺電,上市,,,-70000.0,0,3642.0,-66358.0,,,,
6598,ABC-KY,上市,,,-65000.0,0,-2000.0,-67000.0,,,,
00938,凱基優選30,上市,,,107000.0,0,-175637.0,-68637.0,,,,
00852L,國泰美國道瓊正2,上市,,,0,0,-68985.0,-68985.0,,,,
7769,鴻勁,上市,,,-1797.0,-67300.0,-218.0,-69315.0,,,,
2511,太子,上市,,,-79000.0,0,9000.0,-70000.0,,,,
7795,長廣,上市,,,-71000.0,0,943.0,-70057.0,,,,
00710B,復華彭博非投等債,上市,,,-10000.0,0,-60167.0,-70167.0,,,,
00655L,國泰中國A50正2,上市,,,-31000.0,0,-42607.0,-73607.0,,,,
912000,晨訊科-DR,上市,,,-74000.0,0,0,-74000.0,,,,
9802,鈺齊-KY,上市,,,-20612.0,-60000.0,4000.0,-76612.0,,,,
1464,得力,上市,,,-81000.0,0,0,-81000.0,,,,
3035,智原,上市,,,60342.0,-10000.0,-133035.0,-82693.0,,,,
2538,基泰,上市,,,13220.0,0,-98000.0,-84780.0,,,,
2069,運錩,上市,,,-87312.0,0,0,-87312.0,,,,
2362,藍天,上市,,,-97634.0,0,10000.0,-87634.0,,,,
2359,所羅門,上市,,,-86046.0,0,-3129.0,-89175.0,,,,
6405,悅城,上市,,,-91000.0,0,997.0,-90003.0,,,,
1568,倉佑,上市,,,-85090.0,0,-5000.0,-90090.0,,,,
5471,松翰,上市,,,-85987.0,0,-4469.0,-90456.0,,,,
3545,敦泰,上市,,,-127807.0,30000.0,2997.0,-94810.0,,,,
00635U,期元大S&P黃金,上市,,,134663.0,0,-229997.0,-95334.0,,,,
00401A,主動摩根台灣鑫收,上市,,,-22000.0,0,-73703.0,-95703.0,,,,
5269,祥碩,上市,,,-99196.0,0,-1272.0,-100468.0,,,,
6141,柏承,上市,,,-102160.0,0,0,-102160.0,,,,
9914,美利達,上市,,,-116850.0,0,12685.0,-104165.0,,,,
1227,佳格,上市,,,-113046.0,0,5000.0,-108046.0,,,,
4739,康普,上市,,,-206149.0,0,94300.0,-111849.0,,,,
6668,中揚光,上市,,,-46950.0,0,-65000.0,-111950.0,,,,
6988,威力暘-創,上市,,,-101000.0,0,-12000.0,-113000.0,,,,
7711,永擎,上市,,,-122297.0,0,8764.0,-113533.0,,,,
6426,統新,上市,,,-111977.0,14.0,-3318.0,-115281.0,,,,
4195,基米-創,上市,,,-32000.0,0,-94000.0,-126000.0,,,,
9934,成霖,上市,,,-127100.0,0,0,-127100.0,,,,
2881,富邦金,上市,,,296934.0,-595000.0,168377.0,-129689.0,,,,
1707,葡萄王,上市,,,-129668.0,0,-915.0,-130583.0,,,,
00701,國泰股利精選30,上市,,,11000.0,0,-143492.0,-132492.0,,,,
00653L,富邦印度正2,上市,,,-6000.0,0,-126743.0,-132743.0,,,,
6831,邁科,上市,,,19754.0,-182000.0,27056.0,-135190.0,,,,
5531,鄉林,上市,,,-123000.0,0,-15000.0,-138000.0,,,,
2542,興富發,上市,,,-165796.0,221000.0,-193735.0,-138531.0,,,,
1711,永光,上市,,,-190399.0,0,44841.0,-145558.0,,,,
2006,東和鋼鐵,上市,,,-544532.0,390742.0,7877.0,-145913.0,,,,
7610,聯友金屬-創,上市,,,-151109.0,0,4793.0,-146316.0,,,,
6698,旭暉應材,上市,,,-150000.0,0,0,-150000.0,,,,
6706,惠特,上市,,,47560.0,0,-198258.0,-150698.0,,,,
00639,富邦深100,上市,,,39000.0,0,-190928.0,-151928.0,,,,
2474,可成,上市,,,-148502.0,-14000.0,9985.0,-152517.0,,,,
8411,福貞-KY,上市,,,-5000.0,0,-149000.0,-154000.0,,,,
00646,元大S&P500,上市,,,14181.0,8000.0,-178000.0,-155819.0,,,,
6715,嘉基,上市,,,-167000.0,0,10370.0,-156630.0,,,,
1215,卜蜂,上市,,,-154897.0,0,-2998.0,-157895.0,,,,
00982D,主動富邦動態入息,上市,,,11000.0,0,-169959.0,-158959.0,,,,
00875,國泰網路資安,上市,,,5.0,0,-163403.0,-163398.0,,,,
3653,健策,上市,,,-214000.0,44000.0,5236.0,-164764.0,,,,
2020,美亞,上市,,,-179000.0,0,11526.0,-167474.0,,,,
4532,瑞智,上市,,,-167278.0,-6561.0,2000.0,-171839.0,,,,
8110,華東,上市,,,-180000.0,0,7817.0,-172183.0,,,,
2887I,台新新光辛特,上市,,,-174000.0,0,0,-174000.0,,,,
3583,辛耘,上市,,,-172549.0,0,-2577.0,-175126.0,,,,
6224,聚鼎,上市,,,-174162.0,5.0,-2000.0,-176157.0,,,,
2395,研華,上市,,,-269789.0,147000.0,-54304.0,-177093.0,,,,
00641R,富邦日本反1,上市,,,0,0,-181261.0,-181261.0,,,,
3209,全科,上市,,,-201000.0,32.0,18000.0,-182968.0,,,,
2536,宏普,上市,,,-184000.0,0,0,-184000.0,,,,
1210,大成,上市,,,-180667.0,-1000.0,-9231.0,-190898.0,,,,
3592,瑞鼎,上市,,,-246319.0,29301.0,22921.0,-194097.0,,,,
00633L,富邦上証正2,上市,,,43000.0,0,-245376.0,-202376.0,,,,
1809,中釉,上市,,,-281468.0,0,78356.0,-203112.0,,,,
5285,界霖,上市,,,-206122.0,0,2700.0,-203422.0,,,,
3013,晟銘電,上市,,,-254814.0,0,49814.0,-205000.0,,,,
4770,上品,上市,,,-196191.0,0,-9572.0,-205763.0,,,,
1477,聚陽,上市,,,-532160.0,328254.0,-7856.0,-211762.0,,,,
6155,鈞寶,上市,,,-196845.0,-1000.0,-18999.0,-216844.0,,,,
9921,巨大,上市,,,-222316.0,0,2359.0,-219957.0,,,,
2486,一詮,上市,,,-226844.0,0,5452.0,-221392.0,,,,
5434,崇越,上市,,,-219245.0,-3000.0,-2595.0,-224840.0,,,,
2208,台船,上市,,,-235751.0,0,10000.0,-225751.0,,,,
5469,瀚宇博,上市,,,-194822.0,-45000.0,3155.0,-236667.0,,,,
6531,愛普*,上市,,,-221321.0,-4000.0,-11413.0,-236734.0,,,,
6592,和潤企業,上市,,,-254000.0,0,14452.0,-239548.0,,,,
2027,大成鋼,上市,,,-302673.0,0,60518.0,-242155.0,,,,
9941,裕融,上市,,,-201409.0,-55383.0,10883.0,-245909.0,,,,
00983D,主動富邦複合收益,上市,,,116000.0,0,-364600.0,-248600.0,,,,
2836,高雄銀,上市,,,-268023.0,0,2000.0,-266023.0,,,,
6202,盛群,上市,,,-295000.0,20000.0,6620.0,-268380.0,,,,
00991B,貝萊德A級公司債,上市,,,2000.0,0,-271685.0,-269685.0,,,,
3014,聯陽,上市,,,-316814.0,35449.0,2415.0,-278950.0,,,,
4915,致伸,上市,,,-292050.0,-2184.0,8697.0,-285537.0,,,,
6933,AMAX-KY,上市,,,-301025.0,11.0,9842.0,-291172.0,,,,
3005,神基,上市,,,-334571.0,5368.0,37043.0,-292160.0,,,,
8081,致新,上市,,,-186049.0,24200.0,-133952.0,-295801.0,,,,
3703,欣陸,上市,,,-283000.0,0,-15000.0,-298000.0,,,,
3419,譁裕,上市,,,-302000.0,0,974.0,-301026.0,,,,
5534,長虹,上市,,,-300000.0,0,-2303.0,-302303.0,,,,
2377,微星,上市,,,-641406.0,374000.0,-36692.0,-304098.0,,,,
3596,智易,上市,,,-316000.0,0,2210.0,-313790.0,,,,
2465,麗臺,上市,,,-316882.0,8.0,0,-316874.0,,,,
6415,矽力*-KY,上市,,,-352850.0,23000.0,9392.0,-320458.0,,,,
3008,大立光,上市,,,-80007.0,-275100.0,18378.0,-336729.0,,,,
4764,雙鍵,上市,,,-277770.0,-79000.0,14162.0,-342608.0,,,,
3702,大聯大,上市,,,-938350.0,540000.0,50421.0,-347929.0,,,,
6442,光聖,上市,,,18107.0,-372000.0,-926.0,-354819.0,,,,
00909,國泰數位支付服務,上市,,,-494000.0,0,135282.0,-358718.0,,,,
2520,冠德,上市,,,-387950.0,0,15521.0,-372429.0,,,,
00964,中信亞太高股息,上市,,,-9000.0,0,-374009.0,-383009.0,,,,
2467,志聖,上市,,,-357358.0,0,-28134.0,-385492.0,,,,
4961,天鈺,上市,,,-401365.0,29000.0,-13370.0,-385735.0,,,,
2882,國泰金,上市,,,-408763.0,-10000.0,32714.0,-386049.0,,,,
00917,中信特選金融,上市,,,101094.0,0,-499885.0,-398791.0,,,,
2399,映泰,上市,,,-379000.0,20.0,-30692.0,-409672.0,,,,
6206,飛捷,上市,,,-300457.0,-1576.0,-108548.0,-410581.0,,,,
3021,鴻名,上市,,,-411440.0,0,-10705.0,-422145.0,,,,
3022,威強電,上市,,,-420930.0,0,-3986.0,-424916.0,,,,
4576,大銀微系統,上市,,,-382517.0,0,-42856.0,-425373.0,,,,
2360,致茂,上市,,,69119.0,-552000.0,42000.0,-440881.0,,,,
6166,凌華,上市,,,-425121.0,0,-19432.0,-444553.0,,,,
2885,元大金,上市,,,-668853.0,-125720.0,337729.0,-456844.0,,,,
6834,天二科技,上市,,,-421688.0,-972.0,-46747.0,-469407.0,,,,
2646,星宇航空,上市,,,-238354.0,0,-246000.0,-484354.0,,,,
00650L,復華香港正2,上市,,,113000.0,0,-597811.0,-484811.0,,,,
3055,蔚華科,上市,,,-509359.0,0,14518.0,-494841.0,,,,
2504,國產,上市,,,-461000.0,-9000.0,-26000.0,-496000.0,,,,
5234,達興材料,上市,,,-457319.0,-52000.0,-7216.0,-516535.0,,,,
2201,裕隆,上市,,,-557821.0,0,33200.0,-524621.0,,,,
6414,樺漢,上市,,,-581017.0,-1000.0,16184.0,-565833.0,,,,
2376,技嘉,上市,,,-336970.0,-209000.0,-34980.0,-580950.0,,,,
1597,直得,上市,,,-511061.0,0,-71440.0,-582501.0,,,,
6213,聯茂,上市,,,-937601.0,367000.0,-18047.0,-588648.0,,,,
8996,高力,上市,,,-786085.0,136000.0,53383.0,-596702.0,,,,
009826,貝萊德世界股票,上市,,,888999.0,0,-1499712.0,-610713.0,,,,
5880,合庫金,上市,,,-814630.0,100000.0,96000.0,-618630.0,,,,
3376,新日興,上市,,,-642155.0,0,23310.0,-618845.0,,,,
6669,緯穎,上市,,,-588968.0,-9331.0,-24364.0,-622663.0,,,,
6226,光鼎,上市,,,-638470.0,-2000.0,0,-640470.0,,,,
2838,聯邦銀,上市,,,-650364.0,0,-2000.0,-652364.0,,,,
6533,晶心科,上市,,,-708797.0,-5000.0,44827.0,-668970.0,,,,
2327,國巨*,上市,,,-104269.0,-555020.0,-22718.0,-682007.0,,,,
2030,彰源,上市,,,-670000.0,0,-36333.0,-706333.0,,,,
00642U,期元大S&P石油,上市,,,3277.0,0,-715113.0,-711836.0,,,,
2439,美律,上市,,,-730407.0,0,-8627.0,-739034.0,,,,
3167,大量,上市,,,-734723.0,0,-6781.0,-741504.0,,,,
2548,華固,上市,,,-749857.0,9300.0,-23324.0,-763881.0,,,,
2454,聯發科,上市,,,-986171.0,154300.0,65113.0,-766758.0,,,,
6901,鑽石投資,上市,,,-768000.0,0,-4000.0,-772000.0,,,,
00981T,平衡凱基雙核收息,上市,,,9000.0,0,-790661.0,-781661.0,,,,
00662,富邦NASDAQ,上市,,,191008.0,96000.0,-1118420.0,-831412.0,,,,
5388,中磊,上市,,,-858000.0,0,-7383.0,-865383.0,,,,
00963,中信全球高股息,上市,,,249000.0,0,-1142292.0,-893292.0,,,,
6443,元晶,上市,,,-901000.0,0,-2702.0,-903702.0,,,,
3094,聯傑,上市,,,-950988.0,0,20999.0,-929989.0,,,,
00891,中信關鍵半導體,上市,,,-205798.0,0,-728755.0,-934553.0,,,,
3450,聯鈞,上市,,,-1383320.0,387000.0,14141.0,-982179.0,,,,
00738U,期元大道瓊白銀,上市,,,14150.0,0,-1023290.0,-1009140.0,,,,
00962,台新AI優息動能,上市,,,-17000.0,0,-999383.0,-1016383.0,,,,
2345,智邦,上市,,,1075039.0,-2183000.0,87075.0,-1020886.0,,,,
2351,順德,上市,,,-473791.0,-520000.0,-35993.0,-1029784.0,,,,
2501,國建,上市,,,-1021000.0,0,-16069.0,-1037069.0,,,,
2886,兆豐金,上市,,,-2200235.0,492000.0,650672.0,-1057563.0,,,,
2883,凱基金,上市,,,-1942755.0,269000.0,615127.0,-1058628.0,,,,
2834,臺企銀,上市,,,-962290.0,0,-116000.0,-1078290.0,,,,
3532,台勝科,上市,,,-940314.0,0,-163200.0,-1103514.0,,,,
6282,康舒,上市,,,-975447.0,-32000.0,-108402.0,-1115849.0,,,,
2305,全友,上市,,,-1130980.0,-2000.0,-2000.0,-1134980.0,,,,
6209,今國光,上市,,,-1014480.0,15.0,-135788.0,-1150253.0,,,,
3026,禾伸堂,上市,,,-1187687.0,35000.0,325.0,-1152362.0,,,,
2484,希華,上市,,,-1223014.0,-2983.0,27293.0,-1198704.0,,,,
00715L,期街口布蘭特正2,上市,,,-53000.0,0,-1164518.0,-1217518.0,,,,
4551,智伸科,上市,,,-1242551.0,-1000.0,-32315.0,-1275866.0,,,,
6133,金橋,上市,,,-1300186.0,0,-4255.0,-1304441.0,,,,
2436,偉詮電,上市,,,-946529.0,-10000.0,-366304.0,-1322833.0,,,,
3380,明泰,上市,,,-1242740.0,0,-100659.0,-1343399.0,,,,
00865B,國泰US短期公債,上市,,,-521000.0,0,-834569.0,-1355569.0,,,,
2897,王道銀行,上市,,,-1420607.0,0,10000.0,-1410607.0,,,,
00922,國泰台灣領袖50,上市,,,-542896.0,0,-940365.0,-1483261.0,,,,
8112,至上,上市,,,-1453761.0,-7000.0,-52993.0,-1513754.0,,,,
2605,新興,上市,,,-1385296.0,0,-152852.0,-1538148.0,,,,
2498,宏達電,上市,,,-1682839.0,0,123067.0,-1559772.0,,,,
9904,寶成,上市,,,-1869002.0,129259.0,139385.0,-1600358.0,,,,
3231,緯創,上市,,,-1846787.0,146000.0,93649.0,-1607138.0,,,,
00665L,富邦恒生國企正2,上市,,,-59000.0,0,-1644519.0,-1703519.0,,,,
2884,玉山金,上市,,,-6294665.0,4082000.0,495877.0,-1716788.0,,,,
9105,泰金寶-DR,上市,,,-2240001.0,0,404625.0,-1835376.0,,,,
3550,聯穎,上市,,,-1902989.0,-1000.0,-81.0,-1904070.0,,,,
2356,英業達,上市,,,-2032414.0,-190000.0,188461.0,-2033953.0,,,,
3717,聯嘉投控,上市,,,-2080321.0,0,-135561.0,-2215882.0,,,,
00753L,中信中國50正2,上市,,,-1241000.0,0,-982479.0,-2223479.0,,,,
00676R,富邦臺灣加權反1,上市,,,0,0,-2252756.0,-2252756.0,,,,
8210,勤誠,上市,,,-2453207.0,-13000.0,1305.0,-2464902.0,,,,
2845,遠東銀,上市,,,-2087012.0,0,-445000.0,-2532012.0,,,,
2368,金像電,上市,,,-3601260.0,960000.0,-79568.0,-2720828.0,,,,
2489,瑞軒,上市,,,-2844520.0,39400.0,38649.0,-2766471.0,,,,
5871,中租-KY,上市,,,-2877842.0,-7490.0,39637.0,-2845695.0,,,,
3016,嘉晶,上市,,,-2789339.0,0,-286036.0,-3075375.0,,,,
3036,文曄,上市,,,-3077049.0,-15000.0,-185828.0,-3277877.0,,,,
4956,光鋐,上市,,,-3303053.0,0,-203.0,-3303256.0,,,,
00680L,元大美債20正2,上市,,,-366000.0,0,-2975432.0,-3341432.0,,,,
2382,廣達,上市,,,-3672906.0,48000.0,215535.0,-3409371.0,,,,
2449,京元電子,上市,,,-2574961.0,6000.0,-901906.0,-3470867.0,,,,
8028,昇陽半導體,上市,,,-3240964.0,0,-236827.0,-3477791.0,,,,
00686R,群益臺灣加權反1,上市,,,0,0,-3673136.0,-3673136.0,,,,
3673,TPK-KY,上市,,,-3787835.0,0,99061.0,-3688774.0,,,,
00400A,主動國泰動能高息,上市,,,-2708424.0,0,-1058756.0,-3767180.0,,,,
2812,台中銀,上市,,,-3836012.0,-11000.0,42000.0,-3805012.0,,,,
2891,中信金,上市,,,-5214958.0,1025770.0,344173.0,-3845015.0,,,,
009829,大華韓國KOSPI50,上市,,,1164900.0,0,-5083382.0,-3918482.0,,,,
3149,正達,上市,,,-4098360.0,0,158479.0,-3939881.0,,,,
2301,光寶科,上市,,,-4039594.0,-13000.0,61506.0,-3991088.0,,,,
4938,和碩,上市,,,-3738925.0,-52061.0,-267324.0,-4058310.0,,,,
2481,強茂,上市,,,-3563196.0,0,-644506.0,-4207702.0,,,,
2492,華新科,上市,,,-3929955.0,-1006000.0,-229310.0,-5165265.0,,,,
0050,元大台灣50,上市,,,-5338468.0,5000000.0,-5377630.0,-5716098.0,,,,
00713,元大台灣高息低波,上市,,,-369629.0,0,-5962590.0,-6332219.0,,,,
00961,FT臺灣永續高息,上市,,,324000.0,0,-8969395.0,-8645395.0,,,,
009821,野村稀土關鍵資源,上市,,,20000.0,0,-8698830.0,-8678830.0,,,,
00985B,群益ESG投等債0-5,上市,,,-2251000.0,0,-6471000.0,-8722000.0,,,,
1727,中華化,上市,,,-8650558.0,0,-120664.0,-8771222.0,,,,
00878,國泰永續高股息,上市,,,-149545.0,0,-8984100.0,-9133645.0,,,,
00632R,元大台灣50反1,上市,,,-3600000.0,0,-8027398.0,-11627398.0,,,,
0056,元大高股息,上市,,,3705162.0,0,-15725563.0,-12020401.0,,,,
00984D,主動聯博全球非投,上市,,,23000.0,0,-14467101.0,-14444101.0,,,,
00918,大華優利高填息30,上市,,,1302924.0,0,-17089995.0,-15787071.0,,,,
00953B,群益優選非投等債,上市,,,-3674690.0,0,-18306137.0,-21980827.0,,,,
00919,群益台灣精選高息,上市,,,539975.0,0,-24899680.0,-24359705.0,,,,
00712,復華富時不動產,上市,,,15790625.0,0,-45615949.0,-29825324.0,,,,
009816,凱基台灣TOP50,上市,,,384855.0,2500000.0,-37721336.0,-34836481.0,,,,
00406A,主動中信台灣收益,上市,,,11628702.0,0,-259199947.0,-247571245.0,,,,
00411A,主動統一前沿科技,上櫃,10.56,2.2265246853823815,542000.0,0,7333953.0,7875953.0,5723520.0,0.0,77446543.68,83170063.68
006201,元大富櫃50,上櫃,46.5,1.0869565217391304,-3600.0,0,18940.0,15340.0,-167400.0,0.0,880710.0,713310.0
00679B,元大美債20年,上櫃,24.77,0.20226537216828483,363150.0,0,-688260.0,-325110.0,8995225.5,0.0,-17048200.2,-8052974.7
00687B,國泰20年美債,上櫃,25.72,0.1947798987144527,-403650.0,0,818210.0,414560.0,-10381878.0,0.0,21044361.2,10662483.2
00687C,國泰20年美債+櫃U,上櫃,8.71,0.11494252873563218,0,0,0,0,0.0,0.0,0.0,0.0
00694B,富邦美債1-3,上櫃,41.65,0.16835016835016836,-91000.0,3000.0,76681.0,-11319.0,-3790150.0,124950.0,3193763.65,-471436.35
00695B,富邦美債7-10,上櫃,33.7,0.20814748736247396,-63000.0,0,51001.0,-11999.0,-2123100.0,0.0,1718733.7000000002,-404366.30000000005
00696B,富邦美債20年,上櫃,26.99,0.2600297176820208,-318000.0,0,422504.0,104504.0,-8582820.0,0.0,11403382.959999999,2820562.96
00697B,元大美債7-10,上櫃,34.01,0.3540867512540572,6000.0,0,-97086.0,-91086.0,204060.0,0.0,-3301894.86,-3097834.86
00719B,元大美債1-3,上櫃,31.01,0.32351989647363316,-243000.0,0,-691000.0,-934000.0,-7535430.0,0.0,-21427910.0,-28963340.0
00720B,元大投資級公司債,上櫃,30.85,-0.16181229773462785,113000.0,0,-2267446.0,-2154446.0,3486050.0,0.0,-69950709.10000001,-66464659.1
00722B,群益投資級電信債,上櫃,33.13,-0.060331825037707384,-154000.0,0,-421528.0,-575528.0,-5102020.0,0.0,-13965222.64,-19067242.64
00723B,群益投資級科技債,上櫃,28.37,0.03526093088857546,0,0,-1143.0,-1143.0,0.0,0.0,-32426.91,-32426.91
00724B,群益投資級金融債,上櫃,31.6,0.12674271229404308,-203000.0,0,157587.0,-45413.0,-6414800.0,0.0,4979749.2,-1435050.8
00725B,國泰投資級公司債,上櫃,32.9,-0.09110233829334953,-837000.0,0,-804836.0,-1641836.0,-27537300.0,0.0,-26479104.4,-54016404.4
00726B,國泰新興投等債,上櫃,31.2,-0.06406149903907753,-1000.0,0,-31057.0,-32057.0,-31200.0,0.0,-968978.4,-1000178.4
00727B,國泰優選非投等債,上櫃,38.89,-0.15404364569961487,-6000.0,0,-10029.0,-16029.0,-233340.0,0.0,-390027.81,-623367.81
00734B,台新JPM新興債,上櫃,14.88,-0.53475935828877,96000.0,0,-95327.0,673.0,1428480.0,0.0,-1418465.76,10014.24
00740B,富邦全球投等債,上櫃,35.92,-0.08344923504867871,12000.0,0,-223277.0,-211277.0,431040.0,0.0,-8020109.840000001,-7589069.840000001
00741B,富邦全球非投等債,上櫃,36.73,-0.4607046070460705,1000.0,0,-13233.0,-12233.0,36730.0,0.0,-486048.08999999997,-449318.08999999997
00746B,富邦A級公司債,上櫃,33.3,0.12026458208057728,1000.0,0,-6000.0,-5000.0,33300.0,0.0,-199799.99999999997,-166500.0
00749B,凱基新興債10+,上櫃,29.66,-0.6697923643670463,0,0,0,0,0.0,0.0,0.0,0.0
00750B,凱基科技債10+,上櫃,30.68,0.261437908496732,0,0,0,0,0.0,0.0,0.0,0.0
00751B,元大AAA至A公司債,上櫃,28.91,-0.03457814661134163,20000.0,0,-1822373.0,-1802373.0,578200.0,0.0,-52684803.43,-52106603.43
00754B,群益AAA-AA公司債,上櫃,30.36,0.13192612137203166,0,0,-16078.0,-16078.0,0.0,0.0,-488128.08,-488128.08
00755B,群益投資級公用債,上櫃,30.5,-0.13097576948264572,1000.0,0,-998.0,2.0,30500.0,0.0,-30439.0,61.0
00756B,群益投等新興公債,上櫃,29.09,-0.17158544955387783,-8000.0,0,-18000.0,-26000.0,-232720.0,0.0,-523620.0,-756340.0
00758B,復華能源債,上櫃,48.45,-0.18541409147095175,0,0,-239.0,-239.0,0.0,0.0,-11579.550000000001,-11579.550000000001
00759B,復華製藥債,上櫃,50.9,0.19685039370078744,0,0,-110.0,-110.0,0.0,0.0,-5599.0,-5599.0
00760B,復華新興企業債,上櫃,50.6,0.19801980198019803,0,0,-2482.0,-2482.0,0.0,0.0,-125589.2,-125589.2
00761B,國泰A級公司債,上櫃,31.89,0.09416195856873823,-17000.0,0,-26786.0,-43786.0,-542130.0,0.0,-854205.54,-1396335.54
00764B,群益25年美債,上櫃,25.68,0.19508388607101054,-1758000.0,0,1869327.0,111327.0,-45145440.0,0.0,48004317.36,2858877.36
00768B,復華20年美債,上櫃,46.08,0.1956947162426615,-125000.0,0,99344.0,-25656.0,-5760000.0,0.0,4577771.52,-1182228.48
00772B,中信高評級公司債,上櫃,31.2,0.0962463907603465,-660000.0,0,816864.0,156864.0,-20592000.0,0.0,25486156.8,4894156.8
00773B,中信優先金融債,上櫃,33.38,0.21014710297208045,-827000.0,0,693037.0,-133963.0,-27605260.000000004,0.0,23133575.060000002,-4471684.94
00777B,凱基AAA至A公司債,上櫃,30.08,-0.033233632436025264,0,0,0,0,0.0,0.0,0.0,0.0
00778B,凱基金融債20+,上櫃,31.79,-0.21971123666038925,0,0,0,0,0.0,0.0,0.0,0.0
00779B,凱基美債25+,上櫃,25.9,0.15467904098994587,-14000.0,0,11000.0,-3000.0,-362600.0,0.0,284900.0,-77700.0
00780B,國泰A級金融債,上櫃,35.34,0.08496176720475784,0,0,1950.0,1950.0,0.0,0.0,68913.0,68913.0
00781B,國泰A級科技債,上櫃,25.77,0.0,0,0,-32507.0,-32507.0,0.0,0.0,-837705.39,-837705.39
00782B,國泰A級公用債,上櫃,28.37,-0.17593244194229415,0,0,-117706.0,-117706.0,0.0,0.0,-3339319.22,-3339319.22
00785B,富邦金融投等債,上櫃,32.75,0.21419828641370872,20000.0,0,-21000.0,-1000.0,655000.0,0.0,-687750.0,-32750.0
00786B,元大10年IG銀行債,上櫃,30.67,-0.09771986970684038,0,0,8837.0,8837.0,0.0,0.0,271030.79000000004,271030.79000000004
00787B,元大10年IG醫療債,上櫃,30.29,0.06607201850016518,0,0,-16.0,-16.0,0.0,0.0,-484.64,-484.64
00788B,元大10年IG電能債,上櫃,28.13,0.10676156583629894,-17000.0,0,-3921.0,-20921.0,-478210.0,0.0,-110297.73,-588507.73
00789B,復華公司債A3,上櫃,44.46,0.11258725512272011,0,0,1740.0,1740.0,0.0,0.0,77360.40000000001,77360.40000000001
00791B,復華信用債1-5,上櫃,56.25,0.4464285714285714,-6000.0,0,5110.0,-890.0,-337500.0,0.0,287437.5,-50062.5
00792B,群益A級公司債,上櫃,29.14,-0.06858710562414266,0,0,55.0,55.0,0.0,0.0,1602.7,1602.7
00795B,中信美國公債20年,上櫃,24.89,0.24164317358034634,-2732000.0,0,2841000.0,109000.0,-67999480.0,0.0,70712490.0,2713010.0
00799B,國泰A級醫療債,上櫃,27.53,-0.07259528130671505,2000.0,0,-115950.0,-113950.0,55060.0,0.0,-3192103.5,-3137043.5
00834B,第一金金融債10+,上櫃,32.07,0.4070131496556042,-6000.0,0,5000.0,-1000.0,-192420.0,0.0,160350.0,-32070.0
00836B,永豐10年A公司債,上櫃,26.49,0.22701475595913734,0,0,-1000.0,-1000.0,0.0,0.0,-26490.0,-26490.0
00840B,凱基IG精選15+,上櫃,27.65,-0.1083815028901734,0,0,0,0,0.0,0.0,0.0,0.0
00841B,凱基AAA-AA公司債,上櫃,26.42,-0.03783579265985622,5000.0,0,-5000.0,0,132100.0,0.0,-132100.0,0.0
00842B,台新美元銀行債,上櫃,28.27,-0.31734837799717913,2000.0,0,-218996.0,-216996.0,56540.0,0.0,-6191016.92,-6134476.92
00844B,台新15年IG金融債,上櫃,29.35,-0.13610071452875128,0,0,-14.0,-14.0,0.0,0.0,-410.90000000000003,-410.90000000000003
00845B,富邦新興投等債,上櫃,31.53,-0.12670256572695598,14000.0,0,-14032.0,-32.0,441420.0,0.0,-442428.96,-1008.96
00846B,富邦歐洲銀行債,上櫃,34.1,0.0880540064572938,0,0,2408.0,2408.0,0.0,0.0,82112.8,82112.8
00847B,中信美國市政債,上櫃,23.45,-0.29761904761904767,-5000.0,0,50408.0,45408.0,-117250.0,0.0,1182067.5999999999,1064817.5999999999
00848B,中信新興亞洲債,上櫃,32.44,0.030835646006783846,0,0,-20.0,-20.0,0.0,0.0,-648.8,-648.8
00849B,中信EM主權債0-5,上櫃,37.23,0.29633620689655177,-8000.0,0,2090.0,-5910.0,-297840.0,0.0,77810.7,-220029.3
00853B,統一美債10年Aa-A,上櫃,25.52,-0.03916960438699569,0,0,-51039.0,-51039.0,0.0,0.0,-1302515.28,-1302515.28
00856B,永豐1-3年美公債,上櫃,37.01,0.02702702702702703,2000.0,0,1000.0,3000.0,74020.0,0.0,37010.0,111030.0
00857B,永豐20年美公債,上櫃,21.39,0.09358914365933552,-676000.0,0,800488.0,124488.0,-14459640.0,0.0,17122438.32,2662798.3200000003
00858,永豐美國500大,上櫃,36.12,0.3333333333333333,-2000.0,0,203077.0,201077.0,-72240.0,0.0,7335141.239999999,7262901.239999999
00859B,群益0-1年美債,上櫃,40.69,0.19699581383895592,-162000.0,0,223777.0,61777.0,-6591780.0,0.0,9105486.129999999,2513706.13
00860B,群益1-5Y投資級債,上櫃,37.74,0.21242697822623471,0,0,-1000.0,-1000.0,0.0,0.0,-37740.0,-37740.0
00862B,中信投資級公司債,上櫃,29.19,-0.20512820512820512,-6000.0,0,1884.0,-4116.0,-175140.0,0.0,54993.96,-120146.04000000001
00863B,中信全球電信債,上櫃,29.41,0.10211027910142954,55000.0,0,-56235.0,-1235.0,1617550.0,0.0,-1653871.35,-36321.35
00864B,中信美國公債0-1,上櫃,46.22,0.1516793066088841,-126000.0,0,117000.0,-9000.0,-5823720.0,0.0,5407740.0,-415980.0
00867B,台新A-BBB電信債,上櫃,28.34,0.3541076487252125,60000.0,0,-60210.0,-210.0,1700400.0,0.0,-1706351.4,-5951.4
00870B,元大15年EM主權債,上櫃,26.2,-0.07627765064836003,81000.0,0,-78055.0,2945.0,2122200.0,0.0,-2045041.0,77159.0
00877,復華中國5G,上櫃,35.28,-0.08496176720475784,-53000.0,0,-1202681.0,-1255681.0,-1869840.0,0.0,-42430585.68,-44300425.68
00884B,中信低碳新興債,上櫃,27.54,-0.28964518464880523,0,0,-2014.0,-2014.0,0.0,0.0,-55465.56,-55465.56
00886,永豐美國科技,上櫃,49.55,0.14147130153597418,0,0,-1.0,-1.0,0.0,0.0,-49.55,-49.55
00887,永豐中國科技50大,上櫃,15.22,-0.522875816993464,104000.0,0,-391042.0,-287042.0,1582880.0,0.0,-5951659.24,-4368779.24
00888,永豐台灣ESG,上櫃,36.16,0.8647140864714088,-73900.0,0,-772270.0,-846170.0,-2672223.9999999995,0.0,-27925283.199999996,-30597507.199999996
00890B,凱基ESG BBB債15+,上櫃,30.01,0.23380093520374082,0,0,-5000.0,-5000.0,0.0,0.0,-150050.0,-150050.0
00928,中信上櫃ESG 30,上櫃,33.48,1.1480362537764353,-3000.0,0,107156.0,104156.0,-100439.99999999999,0.0,3587582.88,3487142.88
00931B,統一美債20年,上櫃,12.53,0.15987210231814547,-530975.0,0,897609.0,366634.0,-6653116.75,0.0,11247040.77,4593924.02
00933B,國泰10Y+金融債,上櫃,14.98,0.0668002672010688,-1493000.0,0,-1273000.0,-2766000.0,-22365140.0,0.0,-19069540.0,-41434680.0
00937B,群益ESG投等債20+,上櫃,13.78,-0.1449275362318841,-17244900.0,0,-15306966.0,-32551866.0,-237634722.0,0.0,-210929991.48,-448564713.47999996
00942B,台新美A公司債20+,上櫃,13.19,-0.15140045420136264,-6000.0,0,461561.0,455561.0,-79140.0,0.0,6087989.59,6008849.59
00948B,中信優息投資級債,上櫃,8.8,-0.11350737797956867,-263000.0,0,-264082.0,-527082.0,-2314400.0,0.0,-2323921.6,-4638321.600000001
00950B,凱基A級公司債,上櫃,13.17,0.228310502283105,-4000.0,0,-945200.0,-949200.0,-52680.0,0.0,-12448284.0,-12500964.0
00955,中信日本商社,上櫃,16.09,2.029169308814204,38000.0,0,713463.0,751463.0,611420.0,0.0,11479619.67,12091039.67
00957B,兆豐US優選投等債,上櫃,12.48,-0.16,-19000.0,0,-82754.0,-101754.0,-237120.0,0.0,-1032769.92,-1269889.9200000002
00958B,永豐ESG銀行債15+,上櫃,8.64,-0.11560693641618498,-20000.0,0,-18170.0,-38170.0,-172800.0,0.0,-156988.80000000002,-329788.80000000005
00959B,大華投等美債15Y+,上櫃,8.77,-0.22753128555176338,40000.0,0,-337041.0,-297041.0,350800.0,0.0,-2955849.57,-2605049.57
00966B,統一ESG投等債15+,上櫃,13.01,-0.07680491551459294,-91000.0,0,45691.0,-45309.0,-1183910.0,0.0,594439.91,-589470.09
00967B,元大優息美債,上櫃,8.53,0.11737089201877934,1000.0,0,35964.0,36964.0,8530.0,0.0,306772.92,315302.92
00968B,元大優息投等債,上櫃,8.66,0.0,5000.0,0,-197900.0,-192900.0,43300.0,0.0,-1713814.0,-1670514.0
00969B,元大零息超長美債,上櫃,7.5,-0.2659574468085107,-94000.0,0,-687019.0,-781019.0,-705000.0,0.0,-5152642.5,-5857642.5
00970B,台新BBB投等債20+,上櫃,8.71,-0.34324942791762014,-10000.0,0,-357289.0,-367289.0,-87100.00000000001,0.0,-3111987.1900000004,-3199087.1900000004
009806,台新標普500,上櫃,13.77,0.5843681519357196,0,0,11744.0,11744.0,0.0,0.0,161714.88,161714.88
009807,台新標普科技精選,上櫃,17.8,0.7927519818799548,0,0,23422.0,23422.0,0.0,0.0,416911.60000000003,416911.60000000003
00980B,台新特選IG債10+,上櫃,8.85,-0.11286681715575622,7000.0,0,-182338.0,-175338.0,61950.0,0.0,-1613691.3,-1551741.3
00980D,主動聯博投等入息,上櫃,19.48,0.0,0,0,360000.0,360000.0,0.0,0.0,7012800.0,7012800.0
00980T,平衡凱基美國TOP,上櫃,12.02,0.0,-1000.0,0,38187.0,37187.0,-12020.0,0.0,459007.74,446987.74
009814,富邦標普500,上櫃,11.42,0.35149384885764495,47000.0,25000.0,-200905.0,-128905.0,536740.0,285500.0,-2294335.1,-1472095.1
009815,大華美國MAG7+,上櫃,11.93,0.33641715727502103,24000.0,0,278256.0,302256.0,286320.0,0.0,3319594.08,3605914.08
00981B,第一金優選非投債,上櫃,8.97,0.11160714285714285,-538000.0,0,-1576750.0,-2114750.0,-4825860.0,0.0,-14143447.500000002,-18969307.5
00981D,主動中信非投等債,上櫃,10.09,0.19860973187686196,1256000.0,0,-154076.0,1101924.0,12673040.0,0.0,-1554626.84,11118413.16
009822,華南永昌未來金融,上櫃,9.46,0.0,-4000.0,0,-215461.0,-219461.0,-37840.0,0.0,-2038261.0600000003,-2076101.0600000003
009823,群益S&P500,上櫃,10.47,0.38350910834132307,1000.0,0,-98624.0,-97624.0,10470.0,0.0,-1032593.28,-1022123.28
009825,聯邦美國金融創新,上櫃,9.78,-0.20408163265306123,-48000.0,0,-26797.0,-74797.0,-469439.99999999994,0.0,-262074.65999999997,-731514.6599999999
00982B,FT投資級債20+,上櫃,9.09,-0.7641921397379913,-32000.0,0,19993.0,-12007.0,-290880.0,0.0,181736.37,-109143.63
00983B,大華優利美公債20,上櫃,14.52,0.20703933747412007,-45000.0,0,-2965.0,-47965.0,-653400.0,0.0,-43051.799999999996,-696451.7999999999
00984B,大華優利美A債15,上櫃,15.22,-0.19672131147540983,19000.0,0,-184250.0,-165250.0,289180.0,0.0,-2804285.0,-2515105.0
00985D,主動貝萊德優投等,上櫃,9.49,0.21119324181626187,-77000.0,0,-407483.0,-484483.0,-730730.0,0.0,-3867013.67,-4597743.67
00986B,FT金融債10+,上櫃,9.26,0.0,0,0,-13669.0,-13669.0,0.0,0.0,-126574.94,-126574.94
00986D,主動復華金融債息,上櫃,13.88,-0.07199424046076314,92000.0,0,59405.0,151405.0,1276960.0,0.0,824541.4,2101501.4
00987B,野村10+澳洲公債,上櫃,15.29,-0.19582245430809403,16000.0,0,-631570.0,-615570.0,244640.0,0.0,-9656705.299999999,-9412065.299999999
00987D,主動統一美債量化,上櫃,9.5,-0.2100840336134454,2000.0,0,64690.0,66690.0,19000.0,0.0,614555.0,633555.0
00988B,玉山嚴選非投債,上櫃,19.1,-0.4171011470281543,-1000.0,0,119896.0,118896.0,-19100.0,0.0,2290013.6,2270913.6
00989B,台新美國非投等債,上櫃,9.85,-0.2026342451874367,-91000.0,0,-802153.0,-893153.0,-896350.0,0.0,-7901207.05,-8797557.049999999
00990B,國泰收益非投等債,上櫃,9.82,-0.3045685279187817,1000.0,0,-1618543.0,-1617543.0,9820.0,0.0,-15894092.26,-15884272.26
00998A,主動復華金融股息,上櫃,16.76,0.6606606606606606,16200.0,0,-1619000.0,-1602800.0,271512.0,0.0,-27134440.000000004,-26862928.000000004
020025,統一亞洲半導體N,上櫃,40.23,1.360544217687075,0,0,87000.0,87000.0,0.0,0.0,3500009.9999999995,3500009.9999999995
020033,統一恒生科期N,上櫃,3.37,-2.0348837209302326,0,0,-14000.0,-14000.0,0.0,0.0,-47180.0,-47180.0
020041,兆豐半導體氣候N,上櫃,21.21,1.8731988472622478,0,0,50000.0,50000.0,0.0,0.0,1060500.0,1060500.0
1240,茂生農經,上櫃,54.3,0.929368029739777,0,0,-726.0,-726.0,0.0,0.0,-39421.799999999996,-39421.799999999996
1259,安心,上櫃,68.1,0.14705882352941177,-1000.0,0,3000.0,2000.0,-68100.0,0.0,204299.99999999997,136200.0
1264,德麥,上櫃,245.0,0.4098360655737705,10139.0,0,0,10139.0,2484055.0,0.0,0.0,2484055.0
1268,漢來美食,上櫃,175.0,-0.2849002849002849,3507.0,0,0,3507.0,613725.0,0.0,0.0,613725.0
1294,漢田生技,上櫃,50.4,0.3984063745019921,1000.0,0,0,1000.0,50400.0,0.0,0.0,50400.0
1295,生合,上櫃,47.4,0.5302226935312832,4000.0,0,0,4000.0,189600.0,0.0,0.0,189600.0
1336,台翰,上櫃,17.35,3.273809523809524,159000.0,0,83000.0,242000.0,2758650.0,0.0,1440050.0000000002,4198700.0
1565,精華,上櫃,96.5,0.6256517205422314,25000.0,0,-1969.0,23031.0,2412500.0,0.0,-190008.5,2222491.5
1569,濱川,上櫃,62.6,-3.692307692307692,-77570.0,0,-2767.0,-80337.0,-4855882.0,0.0,-173214.2,-5029096.2
1570,力肯,上櫃,33.2,0.6060606060606061,7000.0,0,0,7000.0,232400.00000000003,0.0,0.0,232400.00000000003
1580,新麥,上櫃,97.1,0.0,-14386.0,0,0,-14386.0,-1396880.5999999999,0.0,0.0,-1396880.5999999999
1584,精剛,上櫃,18.85,4.43213296398892,311526.0,0,12000.0,323526.0,5872265.100000001,0.0,226200.00000000003,6098465.100000001
1586,和勤,上櫃,17.9,-0.5555555555555556,230000.0,0,0,230000.0,4116999.9999999995,0.0,0.0,4116999.9999999995
1591,駿吉-KY,上櫃,42.75,4.014598540145985,142429.0,0,0,142429.0,6088839.75,0.0,0.0,6088839.75
1593,祺驊,上櫃,31.7,0.15797788309636654,-1000.0,0,0,-1000.0,-31700.0,0.0,0.0,-31700.0
1595,川寶,上櫃,85.3,9.922680412371134,127001.0,0,14301.0,141302.0,10833185.299999999,0.0,1219875.3,12053060.6
1599,宏佳騰,上櫃,23.05,0.21739130434782608,0,0,0,0,0.0,0.0,0.0,0.0
1742,台蠟,上櫃,17.6,-0.5649717514124293,0,0,0,0,0.0,0.0,0.0,0.0
1777,生泰,上櫃,73.9,-0.13513513513513514,1000.0,0,0,1000.0,73900.0,0.0,0.0,73900.0
1780,立弘,上櫃,25.3,0.3968253968253969,2000.0,0,0,2000.0,50600.0,0.0,0.0,50600.0
1781,合世,上櫃,9.99,0.0,2999.0,0,0,2999.0,29960.010000000002,0.0,0.0,29960.010000000002
1784,訊聯,上櫃,61.2,-0.1631321370309951,-400.0,0,-725.0,-1125.0,-24480.0,0.0,-44370.0,-68850.0
1785,光洋科,上櫃,100.5,2.5510204081632653,-1202271.0,0,-3138.0,-1205409.0,-120828235.5,0.0,-315369.0,-121143604.5
1796,金穎生技,上櫃,29.15,1.215277777777778,-2000.0,0,0,-2000.0,-58300.0,0.0,0.0,-58300.0
1799,易威,上櫃,29.0,2.112676056338028,21000.0,0,0,21000.0,609000.0,0.0,0.0,609000.0
1813,寶利徠,上櫃,11.3,0.0,0,0,0,0,0.0,0.0,0.0,0.0
1815,富喬,上櫃,116.0,0.0,-3171495.0,-46000.0,-195640.0,-3413135.0,-367893420.0,-5336000.0,-22694240.0,-395923660.0
2061,風青,上櫃,59.8,0.6734006734006734,-321304.0,0,-12685.0,-333989.0,-19213979.2,0.0,-758563.0,-19972542.2
2063,世鎧,上櫃,23.5,0.21321961620469088,-9000.0,0,4000.0,-5000.0,-211500.0,0.0,94000.0,-117500.0
2065,世豐,上櫃,35.55,1.1379800853485065,24000.0,0,0,24000.0,853199.9999999999,0.0,0.0,853199.9999999999
2066,世德,上櫃,52.2,-0.9487666034155597,0,0,0,0,0.0,0.0,0.0,0.0
2070,精湛,上櫃,63.3,0.7961783439490446,15000.0,0,0,15000.0,949500.0,0.0,0.0,949500.0
2221,大甲,上櫃,197.5,9.722222222222223,-280596.0,0,-85719.0,-366315.0,-55417710.0,0.0,-16929502.5,-72347212.5
2230,泰茂,上櫃,21.8,0.22988505747126436,-10173.0,0,-80.0,-10253.0,-221771.4,0.0,-1744.0,-223515.4
2596,綠意,上櫃,35.1,-0.425531914893617,-1000.0,0,0,-1000.0,-35100.0,0.0,0.0,-35100.0
2640,大車隊,上櫃,157.0,-0.9463722397476341,-2940.0,0,0,-2940.0,-461580.0,0.0,0.0,-461580.0
2641,正德,上櫃,17.5,1.1560693641618496,285440.0,0,0,285440.0,4995200.0,0.0,0.0,4995200.0
2643,捷迅,上櫃,62.6,-0.1594896331738437,-3000.0,0,0,-3000.0,-187800.0,0.0,0.0,-187800.0
2718,全心投控,上櫃,40.45,-0.49200492004920043,-1000.0,0,2000.0,1000.0,-40450.0,0.0,80900.0,40450.0
2729,瓦城,上櫃,156.0,-1.2658227848101267,1627.0,0,0,1627.0,253812.0,0.0,0.0,253812.0
2732,六角,上櫃,63.1,-2.018633540372671,2000.0,0,0,2000.0,126200.0,0.0,0.0,126200.0
2734,易飛網,上櫃,14.45,0.34722222222222227,0,0,0,0,0.0,0.0,0.0,0.0
2736,富野,上櫃,11.35,0.0,-1000.0,0,0,-1000.0,-11350.0,0.0,0.0,-11350.0
2743,山富,上櫃,53.3,0.0,-4000.0,0,-4000.0,-8000.0,-213200.0,0.0,-213200.0,-426400.0
2745,五福,上櫃,84.9,1.0714285714285714,11000.0,0,-418.0,10582.0,933900.0000000001,0.0,-35488.200000000004,898411.8
2751,王座,上櫃,52.7,0.19011406844106463,2000.0,0,0,2000.0,105400.0,0.0,0.0,105400.0
2752,豆府,上櫃,177.0,-0.28169014084507044,-1000.0,0,0,-1000.0,-177000.0,0.0,0.0,-177000.0
2754,亞洲藏壽司,上櫃,68.0,0.0,3000.0,0,0,3000.0,204000.0,0.0,0.0,204000.0
2755,揚秦,上櫃,98.9,-0.10101010101010101,-4000.0,0,-299.0,-4299.0,-395600.0,0.0,-29571.100000000002,-425171.10000000003
2916,滿心,上櫃,40.55,0.0,2000.0,0,0,2000.0,81100.0,0.0,0.0,81100.0
2924,宏太-KY,上櫃,18.3,-0.8130081300813009,1000.0,0,0,1000.0,18300.0,0.0,0.0,18300.0
2926,誠品生活,上櫃,30.2,2.199661590524535,1000.0,0,0,1000.0,30200.0,0.0,0.0,30200.0
2938,床的世界,上櫃,18.6,0.2695417789757413,-1000.0,0,0,-1000.0,-18600.0,0.0,0.0,-18600.0
2947,振宇五金,上櫃,60.5,0.0,1000.0,0,0,1000.0,60500.0,0.0,0.0,60500.0
2949,欣新網,上櫃,68.9,7.656250000000001,0,0,-2000.0,-2000.0,0.0,0.0,-137800.0,-137800.0
3066,李洲,上櫃,29.2,-1.0169491525423728,-278789.0,0,0,-278789.0,-8140638.8,0.0,0.0,-8140638.8
3071,協禧,上櫃,23.05,0.6550218340611352,19000.0,0,19.0,19019.0,437950.0,0.0,437.95,438387.95
3073,天方能源,上櫃,20.6,0.0,1000.0,0,0,1000.0,20600.0,0.0,0.0,20600.0
3078,僑威,上櫃,46.15,1.095290251916758,180110.0,0,-1500.0,178610.0,8312076.5,0.0,-69225.0,8242851.5
3081,聯亞,上櫃,2695.0,1.6981132075471699,-88702.0,37700.0,-23567.0,-74569.0,-239051890.0,101601500.0,-63513065.0,-200963455.0
3083,網龍,上櫃,22.6,-0.44052863436123346,-11000.0,0,0,-11000.0,-248600.00000000003,0.0,0.0,-248600.00000000003
3086,華義*,上櫃,27.4,-1.083032490974729,12000.0,0,-171.0,11829.0,328800.0,0.0,-4685.4,324114.6
3088,艾訊,上櫃,133.5,-1.8382352941176472,-186258.0,0,-9535.0,-195793.0,-24865443.0,0.0,-1272922.5,-26138365.5
3093,港建*,上櫃,44.7,1.8223234624145785,93090.0,0,-83.0,93007.0,4161123.0000000005,0.0,-3710.1000000000004,4157412.9000000004
3095,及成,上櫃,33.5,-1.4705882352941175,1000.0,0,0,1000.0,33500.0,0.0,0.0,33500.0
3105,穩懋,上櫃,542.0,9.939148073022313,12766342.0,279000.0,1016406.0,14061748.0,6919357364.0,151218000.0,550892052.0,7621467416.0
3114,好德,上櫃,34.6,-1.1428571428571428,-164000.0,0,0,-164000.0,-5674400.0,0.0,0.0,-5674400.0
3115,富榮綱,上櫃,8.5,-1.1627906976744187,-1000.0,0,0,-1000.0,-8500.0,0.0,0.0,-8500.0
3118,進階,上櫃,31.3,-0.1594896331738437,-4000.0,0,0,-4000.0,-125200.0,0.0,0.0,-125200.0
3122,笙泉,上櫃,24.2,2.978723404255319,1000.0,0,0,1000.0,24200.0,0.0,0.0,24200.0
3128,昇銳,上櫃,20.35,0.0,10680.0,0,0,10680.0,217338.00000000003,0.0,0.0,217338.00000000003
3131,弘塑,上櫃,2525.0,2.0202020202020203,63806.0,-13100.0,2320.0,53026.0,161110150.0,-33077500.0,5858000.0,133890650.0
3141,晶宏,上櫃,85.3,0.11737089201877934,-94188.0,0,-17026.0,-111214.0,-8034236.399999999,0.0,-1452317.8,-9486554.2
3147,大綜,上櫃,243.5,0.205761316872428,68981.0,0,27302.0,96283.0,16796873.5,0.0,6648037.0,23444910.5
3152,璟德,上櫃,231.0,2.2123893805309733,517.0,0,-1564.0,-1047.0,119427.0,0.0,-361284.0,-241857.0
3162,精確,上櫃,85.4,5.562422744128553,1040364.0,0,24590.0,1064954.0,88847085.60000001,0.0,2099986.0,90947071.60000001
3163,波若威,上櫃,643.0,-0.46439628482972134,-113249.0,-8000.0,3911.0,-117338.0,-72819107.0,-5144000.0,2514773.0,-75448334.0
3169,亞信,上櫃,115.0,-0.4329004329004329,40769.0,0,-1250.0,39519.0,4688435.0,0.0,-143750.0,4544685.0
3171,炎洲流通,上櫃,58.8,0.8576329331046313,1000.0,0,-2000.0,-1000.0,58800.0,0.0,-117600.0,-58800.0
3176,基亞,上櫃,37.7,0.9370816599732261,94021.0,0,0,94021.0,3544591.7,0.0,0.0,3544591.7
3178,公準,上櫃,69.4,0.0,25000.0,0,-1691.0,23309.0,1735000.0000000002,0.0,-117355.40000000001,1617644.6
3188,鑫龍騰,上櫃,23.3,-0.6396588486140725,0,0,0,0,0.0,0.0,0.0,0.0
3205,佰研,上櫃,46.8,0.10695187165775401,3000.0,0,8.0,3008.0,140400.0,0.0,374.4,140774.4
3206,志豐,上櫃,34.95,1.1577424023154848,1000.0,0,-1000.0,0,34950.0,0.0,-34950.0,0.0
3207,耀勝,上櫃,38.8,1.4379084967320261,97000.0,0,-2803.0,94197.0,3763599.9999999995,0.0,-108756.4,3654843.5999999996
3211,順達,上櫃,398.5,3.2383419689119166,472484.0,-2000.0,161947.0,632431.0,188284874.0,-797000.0,64535879.5,252023753.5
3213,茂訊,上櫃,124.5,-0.796812749003984,3484.0,0,24.0,3508.0,433758.0,0.0,2988.0,436746.0
3217,優群,上櫃,130.0,0.0,102000.0,0,-15928.0,86072.0,13260000.0,0.0,-2070640.0,11189360.0
3218,大學光,上櫃,135.0,1.1235955056179776,-4502.0,-1241.0,688.0,-5055.0,-607770.0,-167535.0,92880.0,-682425.0
3219,倚強科,上櫃,131.5,4.780876494023905,189925.0,0,152790.0,342715.0,24975137.5,0.0,20091885.0,45067022.5
3221,台嘉碩,上櫃,51.2,0.7874015748031495,-205137.0,0,-8310.0,-213447.0,-10503014.4,0.0,-425472.0,-10928486.4
3224,三顧,上櫃,31.45,1.4516129032258065,3000.0,0,0,3000.0,94350.0,0.0,0.0,94350.0
3226,龍鋒,上櫃,60.4,0.49916805324459235,2000.0,0,0,2000.0,120800.0,0.0,0.0,120800.0
3227,原相,上櫃,185.0,-0.2695417789757413,-346597.0,-81000.0,-3883.0,-431480.0,-64120445.0,-14985000.0,-718355.0,-79823800.0
3228,金麗科,上櫃,182.0,1.1111111111111112,-84820.0,30000.0,-6501.0,-61321.0,-15437240.0,5460000.0,-1183182.0,-11160422.0
3230,錦明,上櫃,41.4,-0.7194244604316548,65005.0,0,0,65005.0,2691207.0,0.0,0.0,2691207.0
3232,昱捷,上櫃,20.9,0.4807692307692309,-6000.0,0,0,-6000.0,-125399.99999999999,0.0,0.0,-125399.99999999999
3234,光環,上櫃,173.0,-0.8595988538681949,-164357.0,0,-331.0,-164688.0,-28433761.0,0.0,-57263.0,-28491024.0
3236,千如,上櫃,44.15,0.11337868480725624,15755.0,0,16944.0,32699.0,695583.25,0.0,748077.6,1443660.8499999999
3252,海灣,上櫃,15.3,-0.9708737864077669,-3000.0,0,0,-3000.0,-45900.0,0.0,0.0,-45900.0
3259,鑫創,上櫃,10.65,9.68074150360453,4000.0,0,0,4000.0,42600.0,0.0,0.0,42600.0
3260,威剛,上櫃,377.5,0.1326259946949602,-748527.0,17100.0,19534.0,-711893.0,-282568942.5,6455250.0,7374085.0,-268739607.5
3264,欣銓,上櫃,243.5,0.8281573498964804,-6730972.0,-53000.0,-7453.0,-6791425.0,-1638991682.0,-12905500.0,-1814805.5,-1653711987.5
3265,台星科,上櫃,186.0,3.0470914127423825,731726.0,0,-43787.0,687939.0,136101036.0,0.0,-8144382.0,127956654.0
3268,海德威,上櫃,21.75,1.1627906976744187,17000.0,0,0,17000.0,369750.0,0.0,0.0,369750.0
3272,東碩,上櫃,13.95,1.8248175182481754,4000.0,0,0,4000.0,55800.0,0.0,0.0,55800.0
3276,宇環,上櫃,14.05,1.4440433212996389,16000.0,0,0,16000.0,224800.0,0.0,0.0,224800.0
3284,太普高,上櫃,19.9,2.577319587628866,98000.0,0,522.0,98522.0,1950199.9999999998,0.0,10387.8,1960587.7999999998
3285,微端,上櫃,41.5,-0.2403846153846154,-2000.0,0,0,-2000.0,-83000.0,0.0,0.0,-83000.0
3287,廣寰科,上櫃,42.15,2.3058252427184467,-14983.0,0,4000.0,-10983.0,-631533.45,0.0,168600.0,-462933.45
3288,點晶,上櫃,21.2,1.4354066985645932,1000.0,0,0,1000.0,21200.0,0.0,0.0,21200.0
3289,宜特,上櫃,139.5,0.0,-15894.0,0,8515.0,-7379.0,-2217213.0,0.0,1187842.5,-1029370.5
3290,東浦,上櫃,52.2,9.205020920502092,-455596.0,0,74844.0,-380752.0,-23782111.200000003,0.0,3906856.8000000003,-19875254.400000002
3293,鈊象,上櫃,788.0,1.1553273427471118,1063974.0,48000.0,1475.0,1113449.0,838411512.0,37824000.0,1162300.0,877397812.0
3294,英濟,上櫃,32.45,-1.3677811550151975,65920.0,0,0,65920.0,2139104.0,0.0,0.0,2139104.0
3297,杭特,上櫃,32.6,-0.76103500761035,-10000.0,0,0,-10000.0,-326000.0,0.0,0.0,-326000.0
3303,岱稜,上櫃,48.65,0.6204756980351602,52010.0,0,-8.0,52002.0,2530286.5,0.0,-389.2,2529897.3
3306,鼎天,上櫃,48.05,0.9453781512605043,-27000.0,0,0,-27000.0,-1297350.0,0.0,0.0,-1297350.0
3310,佳穎,上櫃,68.8,-0.1451378809869376,-1000.0,0,0,-1000.0,-68800.0,0.0,0.0,-68800.0
3313,斐成,上櫃,10.45,-0.4761904761904762,-5000.0,0,0,-5000.0,-52250.0,0.0,0.0,-52250.0
3317,尼克森,上櫃,65.2,-0.3058103975535168,-560707.0,0,-37607.0,-598314.0,-36558096.4,0.0,-2451976.4,-39010072.800000004
3322,建舜電,上櫃,11.3,1.8018018018018018,72000.0,0,0,72000.0,813600.0,0.0,0.0,813600.0
3323,加百裕,上櫃,29.7,1.192504258943782,133408.0,0,-2689.0,130719.0,3962217.6,0.0,-79863.3,3882354.3
3324,雙鴻,上櫃,1530.0,-6.134969325153374,-805231.0,-500.0,-202770.0,-1008501.0,-1232003430.0,-765000.0,-310238100.0,-1543006530.0
3325,旭品,上櫃,11.9,1.7094017094017093,-4000.0,0,0,-4000.0,-47600.0,0.0,0.0,-47600.0
3332,幸康,上櫃,63.7,4.597701149425286,-1000.0,0,0,-1000.0,-63700.0,0.0,0.0,-63700.0
3339,泰谷,上櫃,45.65,-1.1904761904761907,-136340.0,0,-385.0,-136725.0,-6223921.0,0.0,-17575.25,-6241496.25
3349,寶德,上櫃,19.95,0.0,-3000.0,0,0,-3000.0,-59850.0,0.0,0.0,-59850.0
3354,律勝,上櫃,32.15,9.914529914529915,397000.0,0,7265.0,404265.0,12763550.0,0.0,233569.75,12997119.75
3357,臺慶科,上櫃,204.5,0.7389162561576355,100710.0,-1000.0,-11466.0,88244.0,20595195.0,-204500.0,-2344797.0,18045898.0
3360,尚立,上櫃,15.35,1.6556291390728477,169449.0,0,0,169449.0,2601042.15,0.0,0.0,2601042.15
3362,先進光,上櫃,171.0,0.0,90573.0,0,-323.0,90250.0,15487983.0,0.0,-55233.0,15432750.0
3363,上詮,上櫃,649.0,-0.4601226993865031,-67522.0,0,-2719.0,-70241.0,-43821778.0,0.0,-1764631.0,-45586409.0
3372,典範,上櫃,16.55,1.5337423312883436,171353.0,0,1000.0,172353.0,2835892.15,0.0,16550.0,2852442.15
3373,熱映,上櫃,16.0,-0.3115264797507788,4000.0,0,0,4000.0,64000.0,0.0,0.0,64000.0
3374,精材,上櫃,454.5,-0.10989010989010989,78020.0,-18000.0,11098.0,71118.0,35460090.0,-8181000.0,5044041.0,32323131.0
3379,彬台,上櫃,27.7,1.465201465201465,18000.0,0,0,18000.0,498600.0,0.0,0.0,498600.0
3388,崇越電,上櫃,85.3,4.534313725490197,144162.0,0,-1808.0,142354.0,12297018.6,0.0,-154222.4,12142796.2
3390,旭軟,上櫃,22.6,1.3452914798206277,-38000.0,0,0,-38000.0,-858800.0,0.0,0.0,-858800.0
3402,漢科,上櫃,136.0,3.816793893129771,386357.0,0,12970.0,399327.0,52544552.0,0.0,1763920.0,54308472.0
3430,奇鈦科,上櫃,111.5,-0.8888888888888888,502.0,0,-1784.0,-1282.0,55973.0,0.0,-198916.0,-142943.0
3434,哲固,上櫃,31.4,-0.4754358161648178,-6157.0,0,0,-6157.0,-193329.8,0.0,0.0,-193329.8
3438,類比科,上櫃,61.9,0.9787928221859707,23000.0,0,575.0,23575.0,1423700.0,0.0,35592.5,1459292.5
3441,聯一光,上櫃,184.5,-0.2702702702702703,-66991.0,0,-29234.0,-96225.0,-12359839.5,0.0,-5393673.0,-17753512.5
3444,利機,上櫃,81.3,0.8684863523573202,-33998.0,0,1100.0,-32898.0,-2764037.4,0.0,89430.0,-2674607.4
3455,由田,上櫃,267.0,0.0,-400821.0,0,-13033.0,-413854.0,-107019207.0,0.0,-3479811.0,-110499018.0
3465,進泰電子,上櫃,29.7,0.16863406408094436,2000.0,0,0,2000.0,59400.0,0.0,0.0,59400.0
3466,德晉,上櫃,23.9,0.20964360587002098,-10000.0,0,0,-10000.0,-239000.0,0.0,0.0,-239000.0
3467,台灣精材,上櫃,73.7,-1.2064343163538873,-75080.0,0,1000.0,-74080.0,-5533396.0,0.0,73700.0,-5459696.0
3479,安勤,上櫃,136.0,-1.8050541516245486,-30803.0,0,-1678.0,-32481.0,-4189208.0,0.0,-228208.0,-4417416.0
3483,力致,上櫃,79.1,2.064516129032258,143202.0,0,3055.0,146257.0,11327278.2,0.0,241650.49999999997,11568928.7
3484,崧騰,上櫃,46.55,-0.42780748663101603,-31223.0,0,9.0,-31214.0,-1453430.65,0.0,418.95,-1453011.7
3485,敘豐,上櫃,209.0,3.9800995024875623,17334.0,0,905.0,18239.0,3622806.0,0.0,189145.0,3811951.0
3489,森寶,上櫃,23.35,0.43010752688172044,33000.0,0,0,33000.0,770550.0,0.0,0.0,770550.0
3490,單井,上櫃,44.35,-1.662971175166297,-395000.0,0,0,-395000.0,-17518250.0,0.0,0.0,-17518250.0
3491,昇達科,上櫃,1500.0,-0.6622516556291391,-130756.0,17500.0,-21269.0,-134525.0,-196134000.0,26250000.0,-31903500.0,-201787500.0
3492,長盛,上櫃,19.15,0.5249343832020998,1000.0,0,0,1000.0,19150.0,0.0,0.0,19150.0
3498,陽程,上櫃,229.0,-2.553191489361702,-773340.0,0,8651.0,-764689.0,-177094860.0,0.0,1981079.0,-175113781.0
3499,環天科,上櫃,13.8,0.7299270072992701,-6000.0,0,0,-6000.0,-82800.0,0.0,0.0,-82800.0
3508,位速,上櫃,25.9,-0.19267822736030832,108725.0,0,0,108725.0,2815977.5,0.0,0.0,2815977.5
3511,矽瑪,上櫃,19.75,1.5424164524421593,36000.0,0,0,36000.0,711000.0,0.0,0.0,711000.0
3512,皇龍,上櫃,19.2,0.0,-3000.0,0,0,-3000.0,-57600.0,0.0,0.0,-57600.0
3516,亞帝歐,上櫃,25.4,1.6,1000.0,0,0,1000.0,25400.0,0.0,0.0,25400.0
3520,華盈,上櫃,17.35,1.461988304093567,-2000.0,0,0,-2000.0,-34700.0,0.0,0.0,-34700.0
3521,台鋼建設,上櫃,11.85,0.851063829787234,-3000.0,0,0,-3000.0,-35550.0,0.0,0.0,-35550.0
3522,御嵿,上櫃,12.5,-0.398406374501992,11000.0,0,0,11000.0,137500.0,0.0,0.0,137500.0
3523,迎輝,上櫃,15.0,0.3344481605351171,1000.0,0,0,1000.0,15000.0,0.0,0.0,15000.0
3526,凡甲,上櫃,272.0,0.5545286506469501,-30040.0,2449.0,-204.0,-27795.0,-8170880.0,666128.0,-55488.0,-7560240.0
3527,聚積,上櫃,53.1,2.9069767441860463,-5000.0,0,-2000.0,-7000.0,-265500.0,0.0,-106200.0,-371700.0
3529,力旺,上櫃,3305.0,0.0,-202049.0,121800.0,-4935.0,-85184.0,-667771945.0,402549000.0,-16310175.0,-281533120.0
3537,堡達,上櫃,53.3,1.3307984790874525,47091.0,0,0,47091.0,2509950.3,0.0,0.0,2509950.3
3540,曜越,上櫃,23.05,1.5418502202643172,50749.0,0,0,50749.0,1169764.45,0.0,0.0,1169764.45
3541,西柏,上櫃,24.4,-0.2044989775051125,4391.0,0,0,4391.0,107140.4,0.0,0.0,107140.4
3546,宇峻,上櫃,72.6,-0.13755158184319122,-21217.0,0,0,-21217.0,-1540354.2,0.0,0.0,-1540354.2
3548,兆利,上櫃,77.3,0.2594033722438392,21951.0,0,320.0,22271.0,1696812.3,0.0,24736.0,1721548.3
3551,世禾,上櫃,187.5,0.5361930294906166,-49462.0,0,-935.0,-50397.0,-9274125.0,0.0,-175312.5,-9449437.5
3552,同致,上櫃,44.1,1.4959723820483315,-59000.0,0,-1000.0,-60000.0,-2601900.0,0.0,-44100.0,-2646000.0
3555,博士旺,上櫃,168.5,0.2976190476190476,10070.0,0,-3069.0,7001.0,1696795.0,0.0,-517126.5,1179668.5
3556,禾瑞亞,上櫃,58.1,0.34542314335060453,5202.0,0,0,5202.0,302236.2,0.0,0.0,302236.2
3558,神準,上櫃,125.0,0.4016064257028112,17185.0,0,-552.0,16633.0,2148125.0,0.0,-69000.0,2079125.0
3564,其陽,上櫃,50.6,0.3968253968253969,64640.0,0,-35000.0,29640.0,3270784.0,0.0,-1771000.0,1499784.0
3567,逸昌,上櫃,26.2,1.550387596899225,7000.0,0,0,7000.0,183400.0,0.0,0.0,183400.0
3570,大塚,上櫃,167.0,0.0,-3000.0,0,0,-3000.0,-501000.0,0.0,0.0,-501000.0
3577,泓格,上櫃,117.5,-3.6885245901639343,-171955.0,0,-9510.0,-181465.0,-20204712.5,0.0,-1117425.0,-21322137.5
3580,友威科,上櫃,110.5,-0.45045045045045046,-444585.0,0,379.0,-444206.0,-49126642.5,0.0,41879.5,-49084763.0
3581,博磊,上櫃,117.0,9.859154929577464,139327.0,0,3955.0,143282.0,16301259.0,0.0,462735.0,16763994.0
3587,閎康,上櫃,238.5,-0.41753653444676403,-45000.0,0,628.0,-44372.0,-10732500.0,0.0,149778.0,-10582722.0
3594,磐儀,上櫃,47.9,1.4830508474576272,1910.0,0,-440.0,1470.0,91489.0,0.0,-21076.0,70413.0
3597,映興,上櫃,28.1,0.8976660682226212,6000.0,0,0,6000.0,168600.0,0.0,0.0,168600.0
3609,三一東林,上櫃,23.0,-2.127659574468085,-14000.0,0,0,-14000.0,-322000.0,0.0,0.0,-322000.0
3611,鼎翰,上櫃,183.0,0.0,-2000.0,0,0,-2000.0,-366000.0,0.0,0.0,-366000.0
3615,安可,上櫃,45.8,9.963985594237696,-339000.0,0,23285.0,-315715.0,-15526199.999999998,0.0,1066453.0,-14459747.0
3623,富晶通,上櫃,29.8,2.2298456260720414,66000.0,0,0,66000.0,1966800.0,0.0,0.0,1966800.0
3624,光頡,上櫃,137.5,-1.7857142857142856,-1214938.0,-369000.0,-138473.0,-1722411.0,-167053975.0,-50737500.0,-19040037.5,-236831512.5
3625,西勝,上櫃,11.15,-0.4464285714285714,1000.0,0,0,1000.0,11150.0,0.0,0.0,11150.0
3628,盈正,上櫃,72.7,-0.2743484224965706,11040.0,0,142.0,11182.0,802608.0,0.0,10323.4,812931.4
3630,新鉅科,上櫃,26.95,1.125703564727955,48920.0,0,-420.0,48500.0,1318394.0,0.0,-11319.0,1307075.0
3631,晟楠,上櫃,40.5,1.376720901126408,67000.0,0,0,67000.0,2713500.0,0.0,0.0,2713500.0
3663,鑫科,上櫃,67.8,8.653846153846155,-101445.0,0,27218.0,-74227.0,-6877971.0,0.0,1845380.4,-5032590.6
3666,光耀,上櫃,25.3,0.0,4000.0,0,0,4000.0,101200.0,0.0,0.0,101200.0
3672,康聯訊,上櫃,12.35,-1.2,-3000.0,0,0,-3000.0,-37050.0,0.0,0.0,-37050.0
3675,德微,上櫃,330.0,-1.1976047904191618,-41841.0,70000.0,26913.0,55072.0,-13807530.0,23100000.0,8881290.0,18173760.0
3680,家登,上櫃,555.0,1.2773722627737227,187770.0,0,-25230.0,162540.0,104212350.0,0.0,-14002650.0,90209700.0
3684,榮昌,上櫃,52.9,-0.9363295880149813,-10000.0,0,0,-10000.0,-529000.0,0.0,0.0,-529000.0
3685,元創精密,上櫃,35.0,-0.5681818181818182,-34208.0,0,0,-34208.0,-1197280.0,0.0,0.0,-1197280.0
3687,歐買尬,上櫃,60.3,0.0,4000.0,0,-6.0,3994.0,241200.0,0.0,-361.79999999999995,240838.19999999998
3689,湧德,上櫃,110.5,0.45454545454545453,105790.0,0,0,105790.0,11689795.0,0.0,0.0,11689795.0
3691,碩禾,上櫃,119.5,0.8438818565400843,-70914.0,0,-16273.0,-87187.0,-8474223.0,0.0,-1944623.5,-10418846.5
3693,營邦,上櫃,687.0,-2.1367521367521367,-36926.0,0,-17173.0,-54099.0,-25368162.0,0.0,-11797851.0,-37166013.0
3707,漢磊,上櫃,75.7,3.8408779149519887,2304674.0,0,113833.0,2418507.0,174463821.8,0.0,8617158.1,183080979.9
3709,鑫聯大投控,上櫃,65.2,1.875,29000.0,0,3000.0,32000.0,1890800.0,0.0,195600.0,2086400.0
3710,連展投控,上櫃,8.32,-2.347417840375587,-34000.0,0,0,-34000.0,-282880.0,0.0,0.0,-282880.0
3713,新晶投控,上櫃,13.9,0.0,-3000.0,0,0,-3000.0,-41700.0,0.0,0.0,-41700.0
3718,中光電投控,上櫃,65.5,1.3931888544891642,373963.0,0,7003.0,380966.0,24494576.5,0.0,458696.5,24953273.0
4102,永日,上櫃,18.45,0.5449591280653951,4000.0,0,0,4000.0,73800.0,0.0,0.0,73800.0
4105,東洋,上櫃,78.5,-0.3807106598984772,-18701.0,0,-9000.0,-27701.0,-1468028.5,0.0,-706500.0,-2174528.5
4107,邦特,上櫃,110.5,0.0,-3000.0,0,0,-3000.0,-331500.0,0.0,0.0,-331500.0
4109,加捷生醫,上櫃,11.05,0.0,7000.0,0,0,7000.0,77350.0,0.0,0.0,77350.0
4111,濟生,上櫃,28.9,0.34722222222222227,-6000.0,0,0,-6000.0,-173400.0,0.0,0.0,-173400.0
4113,聯上,上櫃,15.55,0.0,-36000.0,0,0,-36000.0,-559800.0,0.0,0.0,-559800.0
4114,健喬,上櫃,29.55,0.8532423208191127,220961.0,0,0,220961.0,6529397.55,0.0,0.0,6529397.55
4116,明基醫,上櫃,39.8,1.0152284263959392,-2000.0,0,0,-2000.0,-79600.0,0.0,0.0,-79600.0
4120,友華,上櫃,45.9,-0.43383947939262474,0,0,0,0,0.0,0.0,0.0,0.0
4121,優盛,上櫃,12.75,0.0,2000.0,0,0,2000.0,25500.0,0.0,0.0,25500.0
4123,晟德,上櫃,31.25,0.8064516129032258,567000.0,0,-166757.0,400243.0,17718750.0,0.0,-5211156.25,12507593.75
4126,太醫,上櫃,78.1,0.2567394094993582,-9000.0,0,0,-9000.0,-702900.0,0.0,0.0,-702900.0
4127,天良,上櫃,45.6,-4.0,47000.0,0,-889.0,46111.0,2143200.0,0.0,-40538.4,2102661.6
4128,中天,上櫃,15.35,2.333333333333333,956820.0,0,2096.0,958916.0,14687187.0,0.0,32173.6,14719360.6
4129,聯合,上櫃,83.4,0.6031363088057901,6000.0,0,0,6000.0,500400.00000000006,0.0,0.0,500400.00000000006
4131,浩泰,上櫃,30.65,-4.068857589984351,0,0,0,0,0.0,0.0,0.0,0.0
4138,曜亞,上櫃,54.3,-1.4519056261343015,-3000.0,0,0,-3000.0,-162900.0,0.0,0.0,-162900.0
4139,馬光-KY,上櫃,41.8,0.36014405762304924,-8000.0,0,0,-8000.0,-334400.0,0.0,0.0,-334400.0
4147,中裕,上櫃,63.7,1.111111111111111,238051.0,0,7088.0,245139.0,15163848.700000001,0.0,451505.60000000003,15615354.3
4157,太景*-KY,上櫃,8.89,2.4193548387096775,400730.0,0,44.0,400774.0,3562489.7,0.0,391.16,3562880.8600000003
4160,訊聯基因,上櫃,39.1,0.12804097311139565,14000.0,0,0,14000.0,547400.0,0.0,0.0,547400.0
4161,聿新科,上櫃,21.75,-1.3605442176870748,0,0,0,0,0.0,0.0,0.0,0.0
4162,智擎,上櫃,55.6,0.36101083032490977,56000.0,0,281.0,56281.0,3113600.0,0.0,15623.6,3129223.6
4163,鐿鈦,上櫃,136.0,0.7407407407407408,4000.0,0,-1.0,3999.0,544000.0,0.0,-136.0,543864.0
4166,友霖,上櫃,24.1,1.0482180293501047,4000.0,0,0,4000.0,96400.0,0.0,0.0,96400.0
4167,松瑞藥,上櫃,19.85,1.5345268542199486,305038.0,0,16299.0,321337.0,6055004.300000001,0.0,323535.15,6378539.45
4168,醣聯,上櫃,22.35,2.995391705069124,12000.0,0,0,12000.0,268200.0,0.0,0.0,268200.0
4171,瑞基,上櫃,16.45,-0.30303030303030304,3000.0,0,0,3000.0,49350.0,0.0,0.0,49350.0
4173,久裕,上櫃,17.3,1.1695906432748537,-4000.0,0,0,-4000.0,-69200.0,0.0,0.0,-69200.0
4174,浩鼎,上櫃,39.2,9.957924263674613,264000.0,0,-10437.0,253563.0,10348800.0,0.0,-409130.4,9939669.600000001
4175,杏一,上櫃,51.0,0.9900990099009901,5000.0,0,0,5000.0,255000.0,0.0,0.0,255000.0
4188,安克,上櫃,14.25,2.517985611510791,14000.0,0,0,14000.0,199500.0,0.0,0.0,199500.0
4205,中華食,上櫃,68.5,0.0,10000.0,0,0,10000.0,685000.0,0.0,0.0,685000.0
4207,環泰,上櫃,19.35,-0.5141388174807198,-2000.0,0,0,-2000.0,-38700.0,0.0,0.0,-38700.0
4303,信立,上櫃,33.45,0.1497005988023952,64100.0,0,198.0,64298.0,2144145.0,0.0,6623.1,2150768.1
4304,勝昱,上櫃,17.3,-2.259887005649718,-6000.0,0,-237.0,-6237.0,-103800.0,0.0,-4100.1,-107900.1
4401,東隆興,上櫃,13.9,0.36101083032490977,-2000.0,0,0,-2000.0,-27800.0,0.0,0.0,-27800.0
4402,郡都開發,上櫃,13.8,-2.4734982332155475,1000.0,0,2000.0,3000.0,13800.0,0.0,27600.0,41400.0
4406,新昕纖,上櫃,10.3,0.4878048780487805,-1000.0,0,0,-1000.0,-10300.0,0.0,0.0,-10300.0
4413,飛寶企業,上櫃,20.3,-0.975609756097561,-1000.0,0,0,-1000.0,-20300.0,0.0,0.0,-20300.0
4416,三圓,上櫃,13.35,-2.909090909090909,37280.0,0,0,37280.0,497688.0,0.0,0.0,497688.0
4417,金洲,上櫃,49.55,-0.2014098690835851,-2000.0,0,0,-2000.0,-99100.0,0.0,0.0,-99100.0
4419,皇家美食,上櫃,50.2,2.4489795918367347,-3000.0,0,0,-3000.0,-150600.0,0.0,0.0,-150600.0
4420,光明,上櫃,36.05,0.6983240223463688,10000.0,0,0,10000.0,360500.0,0.0,0.0,360500.0
4430,耀億,上櫃,17.75,-0.2808988764044944,-1000.0,0,0,-1000.0,-17750.0,0.0,0.0,-17750.0
4432,銘旺實,上櫃,15.4,0.0,-1000.0,0,0,-1000.0,-15400.0,0.0,0.0,-15400.0
4433,興采,上櫃,18.05,0.0,-8000.0,0,0,-8000.0,-144400.0,0.0,0.0,-144400.0
4442,竣邦-KY,上櫃,54.1,1.6917293233082706,-1000.0,0,0,-1000.0,-54100.0,0.0,0.0,-54100.0
4502,健信,上櫃,15.9,1.2738853503184715,1000.0,0,0,1000.0,15900.0,0.0,0.0,15900.0
4503,金雨,上櫃,24.15,0.625,51000.0,0,413.0,51413.0,1231650.0,0.0,9973.949999999999,1241623.95
4506,崇友,上櫃,118.0,0.0,-12380.0,0,0,-12380.0,-1460840.0,0.0,0.0,-1460840.0
4510,高鋒,上櫃,44.0,2.2067363530778166,211000.0,0,-374.0,210626.0,9284000.0,0.0,-16456.0,9267544.0
4513,福裕,上櫃,16.2,-0.6134969325153374,23000.0,0,6000.0,29000.0,372600.0,0.0,97200.0,469800.0
4523,永彰,上櫃,23.9,0.20964360587002098,9000.0,0,0,9000.0,215100.0,0.0,0.0,215100.0
4528,江興鍛,上櫃,14.95,0.6734006734006734,-1000.0,0,0,-1000.0,-14950.0,0.0,0.0,-14950.0
4530,天意能創,上櫃,24.75,2.272727272727273,-1000.0,0,0,-1000.0,-24750.0,0.0,0.0,-24750.0
4533,協易機,上櫃,25.65,0.5882352941176471,207300.0,0,2000.0,209300.0,5317245.0,0.0,51300.0,5368545.0
4534,慶騰,上櫃,30.95,-1.1182108626198082,246214.0,0,0,246214.0,7620323.3,0.0,0.0,7620323.3
4535,至興,上櫃,27.0,0.7462686567164178,5000.0,0,0,5000.0,135000.0,0.0,0.0,135000.0
4538,大詠城,上櫃,17.35,-1.1396011396011396,-1000.0,0,0,-1000.0,-17350.0,0.0,0.0,-17350.0
4541,晟田,上櫃,61.6,3.8785834738617195,569271.0,0,-84031.0,485240.0,35067093.6,0.0,-5176309.600000001,29890784.0
4542,科嶠,上櫃,344.0,1.4749262536873156,14000.0,0,-583.0,13417.0,4816000.0,0.0,-200552.0,4615448.0
4543,萬在,上櫃,29.45,3.3333333333333335,14650.0,0,0,14650.0,431442.5,0.0,0.0,431442.5
4549,桓達,上櫃,97.1,0.9355509355509356,27000.0,0,990.0,27990.0,2621700.0,0.0,96129.0,2717829.0
4550,長佳,上櫃,24.45,1.2422360248447206,-2000.0,0,0,-2000.0,-48900.0,0.0,0.0,-48900.0
4554,橙的,上櫃,28.25,0.7130124777183601,6250.0,0,0,6250.0,176562.5,0.0,0.0,176562.5
4556,旭然,上櫃,101.5,9.848484848484848,56926.0,0,6387.0,63313.0,5777989.0,0.0,648280.5,6426269.5
4558,寶緯,上櫃,16.95,0.2958579881656805,-1000.0,0,0,-1000.0,-16950.0,0.0,0.0,-16950.0
4561,健椿,上櫃,43.2,3.102625298329355,69000.0,0,-4000.0,65000.0,2980800.0,0.0,-172800.0,2808000.0
4563,百德,上櫃,51.7,0.5836575875486381,13000.0,0,0,13000.0,672100.0,0.0,0.0,672100.0
4568,科際精密,上櫃,39.45,1.0243277848911652,1000.0,0,0,1000.0,39450.0,0.0,0.0,39450.0
4577,達航科技,上櫃,92.4,10.0,250820.0,0,11310.0,262130.0,23175768.0,0.0,1045044.0000000001,24220812.0
4580,捷流閥業,上櫃,81.8,0.9876543209876543,-7074.0,0,0,-7074.0,-578653.2,0.0,0.0,-578653.2
4702,中美實,上櫃,9.31,-0.1072961373390558,2000.0,0,0,2000.0,18620.0,0.0,0.0,18620.0
4706,大恭,上櫃,33.85,0.0,1000.0,0,0,1000.0,33850.0,0.0,0.0,33850.0
4707,磐亞,上櫃,30.35,2.3608768971332204,549238.0,0,38280.0,587518.0,16669373.3,0.0,1161798.0,17831171.3
4711,永純,上櫃,16.35,0.9259259259259257,-9000.0,0,0,-9000.0,-147150.0,0.0,0.0,-147150.0
4714,永捷,上櫃,12.05,2.11864406779661,287003.0,0,0,287003.0,3458386.1500000004,0.0,0.0,3458386.1500000004
4716,大立,上櫃,16.85,-0.2958579881656805,72787.0,0,0,72787.0,1226460.9500000002,0.0,0.0,1226460.9500000002
4721,美琪瑪,上櫃,82.5,3.3834586466165417,165678.0,0,12576.0,178254.0,13668435.0,0.0,1037520.0,14705955.0
4726,永昕,上櫃,22.95,1.3245033112582782,19000.0,0,0,19000.0,436050.0,0.0,0.0,436050.0
4728,雙美,上櫃,399.0,-0.1251564455569462,-1000.0,0,0,-1000.0,-399000.0,0.0,0.0,-399000.0
4729,熒茂,上櫃,20.65,9.840425531914896,158000.0,0,116.0,158116.0,3262700.0,0.0,2395.3999999999996,3265095.4
4735,豪展,上櫃,36.1,-0.2762430939226519,-4000.0,0,0,-4000.0,-144400.0,0.0,0.0,-144400.0
4741,泓瀚,上櫃,40.8,1.8726591760299627,-50000.0,0,-30000.0,-80000.0,-2039999.9999999998,0.0,-1224000.0,-3264000.0
4743,合一,上櫃,47.15,3.1728665207877462,1065347.0,0,6000.0,1071347.0,50231111.05,0.0,282900.0,50514011.05
4744,皇將,上櫃,29.2,1.9197207678883075,32000.0,0,0,32000.0,934400.0,0.0,0.0,934400.0
4745,合富-KY,上櫃,12.2,0.8264462809917356,-3000.0,0,0,-3000.0,-36600.0,0.0,0.0,-36600.0
4747,強生*,上櫃,23.6,0.0,-5000.0,0,0,-5000.0,-118000.0,0.0,0.0,-118000.0
4749,新應材,上櫃,766.0,0.2617801047120419,-41920.0,-1000.0,-14218.0,-57138.0,-32110720.0,-766000.0,-10890988.0,-43767708.0
4754,國碳科,上櫃,37.9,0.5305039787798409,15000.0,0,0,15000.0,568500.0,0.0,0.0,568500.0
4760,勤凱,上櫃,262.5,0.9615384615384616,16501.0,0,-907.0,15594.0,4331512.5,0.0,-238087.5,4093425.0
4767,誠泰科技,上櫃,28.2,-0.35335689045936397,-2000.0,0,0,-2000.0,-56400.0,0.0,0.0,-56400.0
4768,晶呈科技,上櫃,380.0,6.293706293706294,-443402.0,0,79081.0,-364321.0,-168492760.0,0.0,30050780.0,-138441980.0
4772,台特化,上櫃,269.0,-0.7380073800738007,-201517.0,0,-19610.0,-221127.0,-54208073.0,0.0,-5275090.0,-59483163.0
4903,聯光通,上櫃,42.9,0.23364485981308414,90790.0,0,0,90790.0,3894891.0,0.0,0.0,3894891.0
4905,台聯電,上櫃,76.5,-0.2607561929595828,-1000.0,0,0,-1000.0,-76500.0,0.0,0.0,-76500.0
4907,富宇,上櫃,45.0,-0.5524861878453038,-8000.0,0,0,-8000.0,-360000.0,0.0,0.0,-360000.0
4908,前鼎,上櫃,207.0,0.7299270072992701,-159534.0,0,-11879.0,-171413.0,-33023538.0,0.0,-2458953.0,-35482491.0
4909,新復興,上櫃,36.4,1.675977653631285,121992.0,0,5.0,121997.0,4440508.8,0.0,182.0,4440690.8
4923,力士,上櫃,61.4,0.3267973856209151,39000.0,0,0,39000.0,2394600.0,0.0,0.0,2394600.0
4924,欣厚-KY,上櫃,16.5,10.0,67000.0,0,669.0,67669.0,1105500.0,0.0,11038.5,1116538.5
4931,新盛力,上櫃,252.0,2.4390243902439024,182664.0,0,193581.0,376245.0,46031328.0,0.0,48782412.0,94813740.0
4933,友輝,上櫃,54.4,1.8726591760299627,16000.0,0,0,16000.0,870400.0,0.0,0.0,870400.0
4939,亞電,上櫃,82.8,9.9601593625498,314016.0,0,69120.0,383136.0,26000524.8,0.0,5723136.0,31723660.8
4946,辣椒,上櫃,101.5,-0.49019607843137253,-4000.0,0,0,-4000.0,-406000.0,0.0,0.0,-406000.0
4950,金耘國際,上櫃,15.65,0.6430868167202572,4000.0,0,0,4000.0,62600.0,0.0,0.0,62600.0
4951,精拓科,上櫃,91.5,1.441241685144124,87306.0,0,-1052.0,86254.0,7988499.0,0.0,-96258.0,7892241.0
4953,緯致,上櫃,117.0,0.4291845493562232,-20528.0,0,-2433.0,-22961.0,-2401776.0,0.0,-284661.0,-2686437.0
4966,譜瑞-KY,上櫃,571.0,0.35149384885764495,-34487.0,0,79.0,-34408.0,-19692077.0,0.0,45109.0,-19646968.0
4971,IET-KY,上櫃,539.0,-0.1851851851851852,-157687.0,0,22.0,-157665.0,-84993293.0,0.0,11858.0,-84981435.0
4972,湯石照明,上櫃,16.3,-0.3058103975535168,2000.0,0,0,2000.0,32600.0,0.0,0.0,32600.0
4973,廣穎,上櫃,138.0,2.2222222222222223,12504.0,0,6861.0,19365.0,1725552.0,0.0,946818.0,2672370.0
4974,亞泰,上櫃,71.0,0.5665722379603401,-9000.0,0,384.0,-8616.0,-639000.0,0.0,27264.0,-611736.0
4979,華星光,上櫃,569.0,0.3527336860670194,-69010.0,0,60206.0,-8804.0,-39266690.0,0.0,34257214.0,-5009476.0
4991,環宇-KY,上櫃,488.0,2.845100105374078,39990.0,107500.0,17737.0,165227.0,19515120.0,52460000.0,8655656.0,80630776.0
4995,晶達,上櫃,50.5,0.7984031936127746,-17000.0,0,3000.0,-14000.0,-858500.0,0.0,151500.0,-707000.0
5009,榮剛,上櫃,33.1,1.5337423312883436,-888573.0,0,-116687.0,-1005260.0,-29411766.3,0.0,-3862339.7,-33274106.0
5011,久陽,上櫃,18.8,0.2666666666666667,3000.0,0,0,3000.0,56400.0,0.0,0.0,56400.0
5013,強新,上櫃,38.75,9.929078014184398,20000.0,0,-4000.0,16000.0,775000.0,0.0,-155000.0,620000.0
5014,建錩,上櫃,10.25,0.49019607843137264,17000.0,0,0,17000.0,174250.0,0.0,0.0,174250.0
5015,華祺,上櫃,21.9,2.5761124121779866,12000.0,0,0,12000.0,262800.0,0.0,0.0,262800.0
5016,松和,上櫃,25.55,3.0241935483870965,-13000.0,0,0,-13000.0,-332150.0,0.0,0.0,-332150.0
5201,凱衛,上櫃,29.95,1.3536379018612523,-3000.0,0,0,-3000.0,-89850.0,0.0,0.0,-89850.0
5202,力新,上櫃,14.15,-0.7017543859649122,26001.0,0,0,26001.0,367914.15,0.0,0.0,367914.15
5206,坤悅,上櫃,22.7,-0.21978021978021978,-4000.0,0,0,-4000.0,-90800.0,0.0,0.0,-90800.0
5209,新鼎,上櫃,167.5,0.6006006006006006,-10816.0,0,0,-10816.0,-1811680.0,0.0,0.0,-1811680.0
5210,寶碩,上櫃,30.6,1.1570247933884297,-11037.0,0,0,-11037.0,-337732.2,0.0,0.0,-337732.2
5212,凌網,上櫃,48.9,0.0,1000.0,0,0,1000.0,48900.0,0.0,0.0,48900.0
5213,亞昕,上櫃,20.9,0.4807692307692309,-3000.0,0,0,-3000.0,-62699.99999999999,0.0,0.0,-62699.99999999999
5220,萬達光電,上櫃,24.2,10.0,14000.0,0,1702.0,15702.0,338800.0,0.0,41188.4,379988.39999999997
5227,立凱-KY,上櫃,31.5,2.7732463295269167,219349.0,0,0,219349.0,6909493.5,0.0,0.0,6909493.5
5228,鈺鎧,上櫃,39.75,1.0165184243964422,14176.0,0,0,14176.0,563496.0,0.0,0.0,563496.0
5230,雷笛克光學,上櫃,23.35,5.417607223476297,296461.0,0,0,296461.0,6922364.350000001,0.0,0.0,6922364.350000001
5245,智晶,上櫃,20.85,1.2135922330097086,40000.0,0,-70000.0,-30000.0,834000.0,0.0,-1459500.0,-625500.0
5251,天鉞電,上櫃,30.0,0.0,9558.0,0,0,9558.0,286740.0,0.0,0.0,286740.0
5263,智崴,上櫃,89.1,-0.5580357142857143,69000.0,0,57.0,69057.0,6147900.0,0.0,5078.7,6152978.699999999
5272,笙科,上櫃,18.0,4.956268221574344,41000.0,0,0,41000.0,738000.0,0.0,0.0,738000.0
5274,信驊,上櫃,18750.0,-3.3255993812838365,-5617.0,-33120.0,-1964.0,-40701.0,-105318750.0,-621000000.0,-36825000.0,-763143750.0
5278,尚凡*,上櫃,23.95,0.2092050209205021,23000.0,0,134.0,23134.0,550850.0,0.0,3209.2999999999997,554059.2999999999
5287,數字,上櫃,137.5,0.0,-4764.0,0,1000.0,-3764.0,-655050.0,0.0,137500.0,-517550.0
5289,宜鼎,上櫃,1290.0,0.78125,-25882.0,500.0,-7179.0,-32561.0,-33387780.0,645000.0,-9260910.0,-42003690.0
5291,邑昇,上櫃,61.6,4.761904761904761,85191.0,0,-8914.0,76277.0,5247765.600000001,0.0,-549102.4,4698663.2
5299,杰力,上櫃,102.5,2.5,48547.0,0,1148.0,49695.0,4976067.5,0.0,117670.0,5093737.5
5302,太欣,上櫃,9.81,0.9259259259259258,25000.0,0,0,25000.0,245250.0,0.0,0.0,245250.0
5309,系統電,上櫃,62.7,6.091370558375635,-837699.0,-5000.0,184236.0,-658463.0,-52523727.300000004,-313500.0,11551597.200000001,-41285630.1
5310,天剛,上櫃,27.6,-4.827586206896552,1900.0,0,0,1900.0,52440.0,0.0,0.0,52440.0
5312,寶島科,上櫃,89.9,0.0,-4000.0,0,0,-4000.0,-359600.0,0.0,0.0,-359600.0
5314,世紀*,上櫃,28.85,5.100182149362476,219705.0,0,79131.0,298836.0,6338489.25,0.0,2282929.35,8621418.6
5315,光聯,上櫃,18.75,0.26737967914438504,-16000.0,0,0,-16000.0,-300000.0,0.0,0.0,-300000.0
5321,美而快,上櫃,67.7,0.29629629629629634,13080.0,0,0,13080.0,885516.0,0.0,0.0,885516.0
5324,士開,上櫃,12.45,0.403225806451613,-3000.0,0,0,-3000.0,-37350.0,0.0,0.0,-37350.0
5328,華容,上櫃,53.1,1.5296367112810707,488016.0,0,-1292.0,486724.0,25913649.6,0.0,-68605.2,25845044.400000002
5340,建榮,上櫃,81.0,0.6211180124223602,14000.0,0,786.0,14786.0,1134000.0,0.0,63666.0,1197666.0
5344,立衛,上櫃,13.85,3.7453183520599254,28000.0,0,0,28000.0,387800.0,0.0,0.0,387800.0
5345,馥鴻,上櫃,21.5,-2.272727272727273,1000.0,0,0,1000.0,21500.0,0.0,0.0,21500.0
5347,世界,上櫃,181.0,1.400560224089636,-3153597.0,1817035.0,-295311.0,-1631873.0,-570801057.0,328883335.0,-53451291.0,-295369013.0
5351,鈺創,上櫃,110.5,0.91324200913242,683890.0,-10000.0,-21766.0,652124.0,75569845.0,-1105000.0,-2405143.0,72059702.0
5353,台林,上櫃,28.45,0.0,-2000.0,0,0,-2000.0,-56900.0,0.0,0.0,-56900.0
5355,佳總,上櫃,7.05,0.7142857142857143,-1000.0,0,0,-1000.0,-7050.0,0.0,0.0,-7050.0
5356,協益,上櫃,25.7,0.7843137254901961,3000.0,0,0,3000.0,77100.0,0.0,0.0,77100.0
5364,力麗店,上櫃,8.39,0.47904191616766456,0,0,0,0,0.0,0.0,0.0,0.0
5381,光譜,上櫃,23.65,1.9396551724137931,128540.0,0,0,128540.0,3039971.0,0.0,0.0,3039971.0
5386,青雲,上櫃,290.0,1.7543859649122806,19408.0,0,1823.0,21231.0,5628320.0,0.0,528670.0,6156990.0
5392,能率,上櫃,40.1,1.7766497461928936,-42000.0,0,2655.0,-39345.0,-1684200.0,0.0,106465.5,-1577734.5
5398,慕康生醫,上櫃,13.85,-0.3597122302158274,-4000.0,0,0,-4000.0,-55400.0,0.0,0.0,-55400.0
5403,中菲,上櫃,92.8,-0.10764262648008613,6000.0,0,0,6000.0,556800.0,0.0,0.0,556800.0
5410,國眾,上櫃,32.95,-0.753012048192771,-17000.0,0,0,-17000.0,-560150.0,0.0,0.0,-560150.0
5425,台半,上櫃,96.0,0.20876826722338207,563678.0,0,-57329.0,506349.0,54113088.0,0.0,-5503584.0,48609504.0
5426,振發,上櫃,28.45,2.338129496402878,145000.0,0,157.0,145157.0,4125250.0,0.0,4466.65,4129716.65
5432,新門,上櫃,160.0,-0.3115264797507788,-6989.0,0,1025.0,-5964.0,-1118240.0,0.0,164000.0,-954240.0
5438,東友,上櫃,17.35,2.0588235294117645,-40000.0,0,0,-40000.0,-694000.0,0.0,0.0,-694000.0
5439,高技,上櫃,254.0,0.3952569169960474,-489781.0,0,-7089.0,-496870.0,-124404374.0,0.0,-1800606.0,-126204980.0
5443,均豪,上櫃,113.0,3.1963470319634704,-1843642.0,0,26758.0,-1816884.0,-208331546.0,0.0,3023654.0,-205307892.0
5450,南良,上櫃,14.8,0.33898305084745767,6000.0,0,0,6000.0,88800.0,0.0,0.0,88800.0
5452,佶優,上櫃,27.4,0.9208103130755065,111000.0,0,-2000.0,109000.0,3041400.0,0.0,-54800.0,2986600.0
5457,宣德,上櫃,24.35,3.6170212765957444,85125.0,0,-6104.0,79021.0,2072793.7500000002,0.0,-148632.4,1924161.35
5460,同協,上櫃,17.15,1.4792899408284024,2000.0,0,0,2000.0,34300.0,0.0,0.0,34300.0
5464,霖宏,上櫃,88.2,-2.0,-229727.0,0,5737.0,-223990.0,-20261921.400000002,0.0,506003.4,-19755918.0
5465,富驊,上櫃,33.05,-4.755043227665706,34900.0,0,-7000.0,27900.0,1153445.0,0.0,-231349.99999999997,922094.9999999999
5468,凱鈺,上櫃,25.85,1.1741682974559686,-11000.0,0,0,-11000.0,-284350.0,0.0,0.0,-284350.0
5474,聰泰,上櫃,164.0,3.79746835443038,19050.0,0,2934.0,21984.0,3124200.0,0.0,481176.0,3605376.0
5475,德宏,上櫃,179.5,-0.554016620498615,49856.0,0,874.0,50730.0,8949152.0,0.0,156883.0,9106035.0
5478,智冠,上櫃,97.1,0.10309278350515465,-7237.0,0,0,-7237.0,-702712.7,0.0,0.0,-702712.7
5481,新華,上櫃,21.8,-0.9090909090909092,2000.0,0,0,2000.0,43600.0,0.0,0.0,43600.0
5483,中美晶,上櫃,207.5,9.788359788359788,11145901.0,-6000.0,477090.0,11616991.0,2312774457.5,-1245000.0,98996175.0,2410525632.5
5487,通泰,上櫃,28.6,0.3508771929824561,3000.0,0,0,3000.0,85800.0,0.0,0.0,85800.0
5488,松普,上櫃,12.1,2.978723404255319,23000.0,0,0,23000.0,278300.0,0.0,0.0,278300.0
5489,彩富,上櫃,42.55,0.8293838862559242,-11000.0,0,0,-11000.0,-468049.99999999994,0.0,0.0,-468049.99999999994
5490,同亨,上櫃,25.65,0.7858546168958744,-15072.0,0,0,-15072.0,-386596.8,0.0,0.0,-386596.8
5493,三聯,上櫃,90.6,0.0,5000.0,0,11000.0,16000.0,453000.0,0.0,996599.9999999999,1449600.0
5498,凱崴,上櫃,51.2,2.7081243731193583,478905.0,0,208.0,479113.0,24519936.0,0.0,10649.6,24530585.6
5508,永信建,上櫃,53.1,0.18867924528301888,-3000.0,0,-304.0,-3304.0,-159300.0,0.0,-16142.4,-175442.4
5511,德昌,上櫃,69.6,-0.1434720229555237,40997.0,0,0,40997.0,2853391.1999999997,0.0,0.0,2853391.1999999997
5512,力麒,上櫃,7.71,0.12987012987012986,-102865.0,0,-400.0,-103265.0,-793089.15,0.0,-3084.0,-796173.15
5514,三豐,上櫃,15.05,-0.33112582781456956,0,0,-1000.0,-1000.0,0.0,0.0,-15050.0,-15050.0
5529,鉅陞,上櫃,26.45,-0.18867924528301888,28000.0,0,0,28000.0,740600.0,0.0,0.0,740600.0
5530,龍巖,上櫃,48.85,0.20512820512820512,-26660.0,0,0,-26660.0,-1302341.0,0.0,0.0,-1302341.0
5536,聖暉*,上櫃,919.0,1.8847006651884701,-255359.0,390000.0,2354.0,136995.0,-234674921.0,358410000.0,2163326.0,125898405.0
5543,桓鼎-KY,上櫃,26.7,-0.927643784786642,1000.0,0,0,1000.0,26700.0,0.0,0.0,26700.0
5547,久舜,上櫃,20.15,0.75,5000.0,0,0,5000.0,100750.0,0.0,0.0,100750.0
5548,安倉,上櫃,20.15,-0.24752475247524752,9000.0,0,0,9000.0,181350.0,0.0,0.0,181350.0
5603,陸海,上櫃,13.35,-0.3731343283582089,-4000.0,0,0,-4000.0,-53400.0,0.0,0.0,-53400.0
5604,中連,上櫃,31.2,0.8077544426494345,-1000.0,0,0,-1000.0,-31200.0,0.0,0.0,-31200.0
5609,中菲行,上櫃,78.1,-0.12787723785166244,-39670.0,0,63.0,-39607.0,-3098227.0,0.0,4920.299999999999,-3093306.6999999997
5701,劍湖山,上櫃,4.06,-0.24570024570024573,-2000.0,0,0,-2000.0,-8119.999999999999,0.0,0.0,-8119.999999999999
5704,老爺知,上櫃,22.65,0.6666666666666666,-1000.0,0,0,-1000.0,-22650.0,0.0,0.0,-22650.0
5864,致和證,上櫃,39.2,6.233062330623305,2066944.0,0,0,2066944.0,81024204.80000001,0.0,0.0,81024204.80000001
5902,德記,上櫃,34.5,0.8771929824561403,-2000.0,0,0,-2000.0,-69000.0,0.0,0.0,-69000.0
5903,全家,上櫃,186.0,-0.2680965147453083,1118.0,0,1000.0,2118.0,207948.0,0.0,186000.0,393948.0
5904,寶雅*,上櫃,69.7,1.308139534883721,1255703.0,-858000.0,34277.0,431980.0,87522499.10000001,-59802600.0,2389106.9,30109006.0
5905,南仁湖,上櫃,7.32,-1.081081081081081,-43000.0,0,0,-43000.0,-314760.0,0.0,0.0,-314760.0
6015,宏遠證,上櫃,17.95,3.1609195402298855,749427.0,0,0,749427.0,13452214.65,0.0,0.0,13452214.65
6016,康和證,上櫃,24.3,3.404255319148936,2589510.0,0,0,2589510.0,62925093.0,0.0,0.0,62925093.0
6020,大展證,上櫃,20.75,1.2195121951219512,-3000.0,0,0,-3000.0,-62250.0,0.0,0.0,-62250.0
6021,美好證,上櫃,41.8,1.70316301703163,-7800.0,0,0,-7800.0,-326040.0,0.0,0.0,-326040.0
6023,元大期,上櫃,85.0,-1.1627906976744187,42690.0,0,-35000.0,7690.0,3628650.0,0.0,-2975000.0,653650.0
6026,福邦證,上櫃,16.1,1.2578616352201257,405200.0,-6000.0,0,399200.0,6523720.000000001,-96600.00000000001,0.0,6427120.000000001
6101,寬魚國際,上櫃,37.4,0.40268456375838924,50180.0,0,0,50180.0,1876732.0,0.0,0.0,1876732.0
6103,合邦,上櫃,38.3,-8.373205741626794,8000.0,0,0,8000.0,306400.0,0.0,0.0,306400.0
6104,創惟,上櫃,91.5,0.5494505494505495,63001.0,30000.0,-4017.0,88984.0,5764591.5,2745000.0,-367555.5,8142036.0
6109,亞元,上櫃,10.55,1.932367149758454,13000.0,0,0,13000.0,137150.0,0.0,0.0,137150.0
6111,光聚晶電,上櫃,38.65,2.248677248677249,5552.0,0,21.0,5573.0,214584.8,0.0,811.65,215396.44999999998
6113,亞矽,上櫃,22.65,2.2573363431151243,18000.0,0,0,18000.0,407700.0,0.0,0.0,407700.0
6114,久威,上櫃,23.45,0.8602150537634409,-6000.0,0,0,-6000.0,-140700.0,0.0,0.0,-140700.0
6118,建達,上櫃,16.05,0.6269592476489028,42000.0,0,0,42000.0,674100.0,0.0,0.0,674100.0
6121,新普,上櫃,377.0,-0.6587615283267457,-95215.0,5042.0,-1421.0,-91594.0,-35896055.0,1900834.0,-535717.0,-34530938.0
6122,擎邦,上櫃,60.5,1.340033500837521,803894.0,0,15875.0,819769.0,48635587.0,0.0,960437.5,49596024.5
6123,上奇,上櫃,43.05,-0.34722222222222227,0,0,0,0,0.0,0.0,0.0,0.0
6124,業強,上櫃,27.2,-0.9107468123861567,0,0,0,0,0.0,0.0,0.0,0.0
6125,廣運,上櫃,49.9,1.3197969543147208,95448.0,0,0,95448.0,4762855.2,0.0,0.0,4762855.2
6126,信音,上櫃,30.9,0.32467532467532473,13998.0,0,0,13998.0,432538.19999999995,0.0,0.0,432538.19999999995
6127,九豪,上櫃,51.7,1.3725490196078431,-117894.0,0,-25391.0,-143285.0,-6095119.800000001,0.0,-1312714.7000000002,-7407834.5
6129,普誠,上櫃,14.9,1.7064846416382253,115675.0,0,0,115675.0,1723557.5,0.0,0.0,1723557.5
6130,上亞科技,上櫃,23.75,-0.21008403361344538,5000.0,0,0,5000.0,118750.0,0.0,0.0,118750.0
6134,萬旭,上櫃,29.2,-0.17094017094017094,19900.0,0,1634.0,21534.0,581080.0,0.0,47712.799999999996,628792.7999999999
6138,茂達,上櫃,276.0,-0.8976660682226212,-29996.0,20000.0,-64744.0,-74740.0,-8278896.0,5520000.0,-17869344.0,-20628240.0
6140,訊達,上櫃,20.2,-2.6506024096385543,-34360.0,0,0,-34360.0,-694072.0,0.0,0.0,-694072.0
6143,振曜,上櫃,81.0,0.0,19438.0,0,-2.0,19436.0,1574478.0,0.0,-162.0,1574316.0
6146,耕興,上櫃,181.5,0.8333333333333334,57600.0,0,-1000.0,56600.0,10454400.0,0.0,-181500.0,10272900.0
6147,頎邦,上櫃,209.5,0.4796163069544364,-1206096.0,-35000.0,13867.0,-1227229.0,-252677112.0,-7332500.0,2905136.5,-257104475.5
6148,驊宏資,上櫃,38.1,-1.0389610389610389,-59000.0,0,0,-59000.0,-2247900.0,0.0,0.0,-2247900.0
6150,撼訊,上櫃,63.6,2.4154589371980677,70493.0,0,67203.0,137696.0,4483354.8,0.0,4274110.8,8757465.6
6151,晉倫,上櫃,34.75,0.0,17000.0,0,0,17000.0,590750.0,0.0,0.0,590750.0
6154,順發,上櫃,14.2,0.35335689045936397,1000.0,0,0,1000.0,14200.0,0.0,0.0,14200.0
6156,松上,上櫃,21.85,0.9237875288683602,-8418.0,0,-419.0,-8837.0,-183933.30000000002,0.0,-9155.150000000001,-193088.45
6158,禾昌,上櫃,17.2,-0.2898550724637681,13000.0,0,0,13000.0,223600.0,0.0,0.0,223600.0
6160,欣技,上櫃,13.9,0.0,-14000.0,0,0,-14000.0,-194600.0,0.0,0.0,-194600.0
6161,捷波,上櫃,51.5,5.1020408163265305,7000.0,0,-3000.0,4000.0,360500.0,0.0,-154500.0,206000.0
6163,華電網,上櫃,41.7,0.48192771084337355,417000.0,0,34.0,417034.0,17388900.0,0.0,1417.8000000000002,17390317.8
6167,久正,上櫃,10.3,0.9803921568627451,33002.0,0,0,33002.0,339920.60000000003,0.0,0.0,339920.60000000003
6170,統振,上櫃,48.65,-0.3073770491803279,-55000.0,0,0,-55000.0,-2675750.0,0.0,0.0,-2675750.0
6171,大城地產,上櫃,26.75,0.5639097744360901,-11000.0,0,0,-11000.0,-294250.0,0.0,0.0,-294250.0
6173,信昌電,上櫃,288.5,-3.0252100840336134,-591551.0,0,-31059.0,-622610.0,-170662463.5,0.0,-8960521.5,-179622985.0
6174,安碁,上櫃,45.5,0.9988901220865706,34085.0,0,3000.0,37085.0,1550867.5,0.0,136500.0,1687367.5
6175,立敦,上櫃,70.4,1.7341040462427744,256375.0,0,3000.0,259375.0,18048800.0,0.0,211200.00000000003,18260000.0
6179,亞通,上櫃,36.3,-3.0707610146862483,-2129432.0,0,-124803.0,-2254235.0,-77298381.6,0.0,-4530348.899999999,-81828730.5
6180,橘子,上櫃,41.4,0.7299270072992701,47003.0,0,0,47003.0,1945924.2,0.0,0.0,1945924.2
6182,合晶,上櫃,133.0,9.917355371900827,770046.0,-2000.0,903303.0,1671349.0,102416118.0,-266000.0,120139299.0,222289417.0
6185,幃翔,上櫃,12.5,1.214574898785425,27000.0,0,0,27000.0,337500.0,0.0,0.0,337500.0
6186,新潤,上櫃,29.15,0.5172413793103449,128000.0,0,1.0,128001.0,3731200.0,0.0,29.15,3731229.15
6187,萬潤,上櫃,1310.0,0.0,-976349.0,183750.0,6159.0,-786440.0,-1279017190.0,240712500.0,8068290.0,-1030236400.0
6188,廣明,上櫃,62.1,0.8116883116883116,287106.0,0,17261.0,304367.0,17829282.6,0.0,1071908.1,18901190.7
6190,萬泰科,上櫃,70.4,1.5873015873015872,800086.0,0,23289.0,823375.0,56326054.400000006,0.0,1639545.6,57965600.00000001
6194,育富,上櫃,29.85,0.8445945945945945,6000.0,0,0,6000.0,179100.0,0.0,0.0,179100.0
6195,詩肯,上櫃,28.25,-0.17667844522968199,-1000.0,0,0,-1000.0,-28250.0,0.0,0.0,-28250.0
6199,天品,上櫃,127.5,1.1904761904761905,-11092.0,0,-12346.0,-23438.0,-1414230.0,0.0,-1574115.0,-2988345.0
6203,海韻電,上櫃,60.0,0.1669449081803005,44000.0,0,-756.0,43244.0,2640000.0,0.0,-45360.0,2594640.0
6204,艾華,上櫃,103.0,0.0,-55151.0,0,-722.0,-55873.0,-5680553.0,0.0,-74366.0,-5754919.0
6207,雷科,上櫃,151.0,9.818181818181818,-1752550.0,0,84598.0,-1667952.0,-264635050.0,0.0,12774298.0,-251860752.0
6208,日揚,上櫃,76.0,1.876675603217158,34000.0,0,203.0,34203.0,2584000.0,0.0,15428.0,2599428.0
6217,中探針,上櫃,176.5,2.023121387283237,629978.0,0,1242.0,631220.0,111191117.0,0.0,219213.0,111410330.0
6218,豪勉,上櫃,61.9,-2.056962025316456,-341000.0,0,-162.0,-341162.0,-21107900.0,0.0,-10027.8,-21117927.8
6219,富旺,上櫃,12.2,0.411522633744856,0,0,0,0,0.0,0.0,0.0,0.0
6220,岳豐,上櫃,25.2,-0.19801980198019803,9000.0,0,-478.0,8522.0,226800.0,0.0,-12045.6,214754.4
6221,晉泰,上櫃,31.0,-5.6316590563165905,185000.0,0,3000.0,188000.0,5735000.0,0.0,93000.0,5828000.0
6223,旺矽,上櫃,5125.0,-1.1571841851494697,263140.0,-480400.0,15758.0,-201502.0,1348592500.0,-2462050000.0,80759750.0,-1032697750.0
6227,茂綸,上櫃,132.0,-2.941176470588235,-235900.0,0,-43837.0,-279737.0,-31138800.0,0.0,-5786484.0,-36925284.0
6228,全譜,上櫃,18.8,-5.05050505050505,-5000.0,0,0,-5000.0,-94000.0,0.0,0.0,-94000.0
6229,研通,上櫃,24.2,0.8333333333333334,-10000.0,0,0,-10000.0,-242000.0,0.0,0.0,-242000.0
6231,系微,上櫃,235.0,-2.4896265560165975,-21822.0,0,-23372.0,-45194.0,-5128170.0,0.0,-5492420.0,-10620590.0
6233,旺玖,上櫃,22.8,4.587155963302751,97000.0,0,0,97000.0,2211600.0,0.0,0.0,2211600.0
6234,高僑,上櫃,39.75,2.185089974293059,286745.0,0,85721.0,372466.0,11398113.75,0.0,3407409.75,14805523.5
6237,驊訊,上櫃,36.5,0.8287292817679558,21050.0,0,0,21050.0,768325.0,0.0,0.0,768325.0
6240,松崗,上櫃,25.55,0.19607843137254902,4000.0,0,0,4000.0,102200.0,0.0,0.0,102200.0
6241,鑫永洋,上櫃,16.3,4.823151125401929,23000.0,0,1000.0,24000.0,374900.0,0.0,16300.0,391200.0
6244,茂迪,上櫃,25.05,6.595744680851063,985916.0,0,115857.0,1101773.0,24697195.8,0.0,2902217.85,27599413.650000002
6245,立端,上櫃,87.8,-1.0146561443066515,-178273.0,0,-28562.0,-206835.0,-15652369.4,0.0,-2507743.6,-18160113.0
6246,臺龍,上櫃,12.85,-0.3875968992248062,-3000.0,0,0,-3000.0,-38550.0,0.0,0.0,-38550.0
6248,沛波,上櫃,17.15,1.7804154302670623,25000.0,0,0,25000.0,428749.99999999994,0.0,0.0,428749.99999999994
6259,百徽,上櫃,30.25,3.242320819112628,-9000.0,0,-4000.0,-13000.0,-272250.0,0.0,-121000.0,-393250.0
6261,久元,上櫃,79.1,0.892857142857143,36900.0,0,-1614.0,35286.0,2918790.0,0.0,-127667.4,2791122.5999999996
6263,普萊德,上櫃,158.5,1.929260450160772,37120.0,0,0,37120.0,5883520.0,0.0,0.0,5883520.0
6265,方土昶,上櫃,48.65,1.778242677824268,-75000.0,0,18082.0,-56918.0,-3648750.0,0.0,879689.2999999999,-2769060.6999999997
6266,泰詠,上櫃,25.0,0.6036217303822937,36000.0,0,379.0,36379.0,900000.0,0.0,9475.0,909475.0
6270,倍微,上櫃,30.0,-0.8264462809917356,3990.0,0,-688.0,3302.0,119700.0,0.0,-20640.0,99060.0
6274,台燿,上櫃,1520.0,2.356902356902357,658817.0,-59000.0,30624.0,630441.0,1001401840.0,-89680000.0,46548480.0,958270320.0
6275,元山,上櫃,47.15,1.288936627282492,86191.0,0,1515.0,87706.0,4063905.65,0.0,71432.25,4135337.9
6276,安鈦克,上櫃,19.3,-0.7712082262210797,-2000.0,0,0,-2000.0,-38600.0,0.0,0.0,-38600.0
6279,胡連,上櫃,112.5,0.8968609865470852,119567.0,-1553.0,356.0,118370.0,13451287.5,-174712.5,40050.0,13316625.0
6284,佳邦,上櫃,75.6,-1.8181818181818181,-660101.0,0,-5087.0,-665188.0,-49903635.599999994,0.0,-384577.19999999995,-50288212.8
6290,良維,上櫃,280.0,3.896103896103896,-173126.0,0,140116.0,-33010.0,-48475280.0,0.0,39232480.0,-9242800.0
6291,沛亨,上櫃,500.0,0.2004008016032064,-43179.0,20000.0,14500.0,-8679.0,-21589500.0,10000000.0,7250000.0,-4339500.0
6292,迅德,上櫃,66.6,-0.29940119760479045,18202.0,0,0,18202.0,1212253.2,0.0,0.0,1212253.2
6294,智基,上櫃,28.25,0.0,0,0,0,0,0.0,0.0,0.0,0.0
6411,晶焱,上櫃,77.6,0.12903225806451613,-1000.0,0,-1632.0,-2632.0,-77600.0,0.0,-126643.2,-204243.19999999998
6417,韋僑,上櫃,102.0,0.0,6000.0,0,-256.0,5744.0,612000.0,0.0,-26112.0,585888.0
6418,詠昇,上櫃,34.65,0.1445086705202312,8000.0,0,0,8000.0,277200.0,0.0,0.0,277200.0
6419,京晨科,上櫃,156.0,2.631578947368421,75051.0,0,175.0,75226.0,11707956.0,0.0,27300.0,11735256.0
6423,億而得,上櫃,85.9,0.0,3000.0,0,2000.0,5000.0,257700.00000000003,0.0,171800.0,429500.0
6425,易發,上櫃,79.0,6.756756756756757,209326.0,0,-80317.0,129009.0,16536754.0,0.0,-6345043.0,10191711.0
6432,今展科,上櫃,63.5,6.722689075630252,250051.0,0,97.0,250148.0,15878238.5,0.0,6159.5,15884398.0
6435,大中,上櫃,252.0,-0.19801980198019803,-18880.0,0,-344.0,-19224.0,-4757760.0,0.0,-86688.0,-4844448.0
6441,廣錠,上櫃,24.7,-0.20202020202020202,-16185.0,0,0,-16185.0,-399769.5,0.0,0.0,-399769.5
6461,益得,上櫃,24.45,0.6172839506172839,12000.0,0,0,12000.0,293400.0,0.0,0.0,293400.0
6462,神盾,上櫃,106.0,2.912621359223301,169056.0,30000.0,-6463.0,192593.0,17919936.0,3180000.0,-685078.0,20414858.0
6465,威潤,上櫃,41.75,0.7237635705669481,23000.0,0,-475.0,22525.0,960250.0,0.0,-19831.25,940418.75
6469,大樹,上櫃,64.4,-0.15503875968992248,-15000.0,0,381.0,-14619.0,-966000.0000000001,0.0,24536.4,-941463.6000000001
6470,宇智,上櫃,42.7,0.0,5000.0,0,0,5000.0,213500.0,0.0,0.0,213500.0
6474,華豫寧,上櫃,35.7,0.5633802816901409,1000.0,0,0,1000.0,35700.0,0.0,0.0,35700.0
6485,點序,上櫃,77.0,10.0,-164850.0,0,28257.0,-136593.0,-12693450.0,0.0,2175789.0,-10517661.0
6486,互動,上櫃,80.6,0.0,-324.0,0,1.0,-323.0,-26114.399999999998,0.0,80.6,-26033.8
6488,環球晶,上櫃,1035.0,9.523809523809524,3775551.0,-112200.0,89552.0,3752903.0,3907695285.0,-116127000.0,92686320.0,3884254605.0
6492,生華科,上櫃,34.35,0.5856515373352855,134900.0,0,0,134900.0,4633815.0,0.0,0.0,4633815.0
6494,九齊,上櫃,51.8,1.968503937007874,30000.0,0,0,30000.0,1554000.0,0.0,0.0,1554000.0
6496,科懋,上櫃,23.65,1.0683760683760684,10000.0,0,0,10000.0,236500.0,0.0,0.0,236500.0
6498,久禾光,上櫃,66.8,-1.037037037037037,-17000.0,0,0,-17000.0,-1135600.0,0.0,0.0,-1135600.0
6499,益安,上櫃,77.7,4.29530201342282,182104.0,0,0,182104.0,14149480.8,0.0,0.0,14149480.8
6506,雙邦,上櫃,18.6,0.5405405405405406,13000.0,0,0,13000.0,241800.00000000003,0.0,0.0,241800.00000000003
6508,惠光,上櫃,26.95,-0.1851851851851852,-3000.0,0,0,-3000.0,-80850.0,0.0,0.0,-80850.0
6509,聚和,上櫃,49.1,1.9730010384215992,407794.0,-7000.0,-15002.0,385792.0,20022685.400000002,-343700.0,-736598.2000000001,18942387.2
6510,精測,上櫃,3065.0,-2.388535031847134,101427.0,-228250.0,22646.0,-104177.0,310873755.0,-699586250.0,69409990.0,-319302505.0
6516,勤崴國際,上櫃,56.5,0.5338078291814946,-4000.0,0,0,-4000.0,-226000.0,0.0,0.0,-226000.0
6517,保勝光學,上櫃,63.6,1.2738853503184715,-589.0,0,0,-589.0,-37460.4,0.0,0.0,-37460.4
6523,達爾膚,上櫃,91.0,0.663716814159292,20000.0,0,0,20000.0,1820000.0,0.0,0.0,1820000.0
6527,明達醫,上櫃,75.0,0.0,-1000.0,0,0,-1000.0,-75000.0,0.0,0.0,-75000.0
6530,創威,上櫃,104.5,5.025125628140704,16852.0,0,-282.0,16570.0,1761034.0,0.0,-29469.0,1731565.0
6532,瑞耘,上櫃,118.5,9.722222222222223,276440.0,0,22983.0,299423.0,32758140.0,0.0,2723485.5,35481625.5
6535,順藥,上櫃,82.2,1.858736059479554,83927.0,-40000.0,731.0,44658.0,6898799.4,-3288000.0,60088.200000000004,3670887.6
6538,倉和,上櫃,356.0,-0.697350069735007,-141987.0,0,-11855.0,-153842.0,-50547372.0,0.0,-4220380.0,-54767752.0
6546,正基,上櫃,59.4,1.3651877133105803,43000.0,0,740.0,43740.0,2554200.0,0.0,43956.0,2598156.0
6547,高端疫苗,上櫃,62.4,2.4630541871921183,1691705.0,0,-82000.0,1609705.0,105562392.0,0.0,-5116800.0,100445592.0
6548,長科*,上櫃,72.2,0.5571030640668525,65116.0,-3000.0,19000.0,81116.0,4701375.2,-216600.0,1371800.0,5856575.2
6556,勝品,上櫃,62.1,0.32310177705977383,0,0,0,0,0.0,0.0,0.0,0.0
6560,欣普羅,上櫃,32.2,-0.6172839506172839,-7000.0,0,0,-7000.0,-225400.00000000003,0.0,0.0,-225400.00000000003
6561,是方,上櫃,307.0,-0.48622366288492713,-46134.0,0,6739.0,-39395.0,-14163138.0,0.0,2068873.0,-12094265.0
6568,宏觀,上櫃,142.5,-1.0416666666666665,-81917.0,0,1156.0,-80761.0,-11673172.5,0.0,164730.0,-11508442.5
6569,醫揚,上櫃,92.2,0.21739130434782608,-1000.0,0,0,-1000.0,-92200.0,0.0,0.0,-92200.0
6570,維田,上櫃,47.55,-0.41884816753926707,-7000.0,0,0,-7000.0,-332850.0,0.0,0.0,-332850.0
6574,霈方,上櫃,118.5,-0.8368200836820083,8000.0,0,0,8000.0,948000.0,0.0,0.0,948000.0
6576,逸達,上櫃,79.5,-0.25094102885821834,-5589.0,0,0,-5589.0,-444325.5,0.0,0.0,-444325.5
6577,勁豐,上櫃,80.0,0.7556675062972291,-1000.0,0,-1000.0,-2000.0,-80000.0,0.0,-80000.0,-160000.0
6578,達邦蛋白,上櫃,16.45,-0.6042296072507553,11000.0,0,0,11000.0,180950.0,0.0,0.0,180950.0
6584,南俊國際,上櫃,540.0,-0.5524861878453038,-25000.0,-500.0,-830.0,-26330.0,-13500000.0,-270000.0,-448200.0,-14218200.0
6588,東典光電,上櫃,108.0,0.46511627906976744,-11972.0,0,1057.0,-10915.0,-1292976.0,0.0,114156.0,-1178820.0
6590,普鴻,上櫃,65.9,-0.4531722054380664,-2200.0,0,0,-2200.0,-144980.0,0.0,0.0,-144980.0
6593,台灣銘板,上櫃,32.25,0.0,1000.0,0,0,1000.0,32250.0,0.0,0.0,32250.0
6596,寬宏藝術,上櫃,97.3,0.412796697626419,44200.0,0,0,44200.0,4300660.0,0.0,0.0,4300660.0
6603,富強鑫,上櫃,28.8,-1.5384615384615385,-158623.0,0,-41859.0,-200482.0,-4568342.4,0.0,-1205539.2,-5773881.600000001
6609,瀧澤科,上櫃,39.95,0.8838383838383838,3000.0,0,0,3000.0,119850.00000000001,0.0,0.0,119850.00000000001
6612,奈米醫材,上櫃,72.5,0.9749303621169917,13000.0,0,3000.0,16000.0,942500.0,0.0,217500.0,1160000.0
6613,朋億*,上櫃,274.0,1.4814814814814816,34851.0,0,1000.0,35851.0,9549174.0,0.0,274000.0,9823174.0
6615,慧智,上櫃,33.5,0.29940119760479045,1000.0,0,0,1000.0,33500.0,0.0,0.0,33500.0
6616,特昇-KY,上櫃,8.18,-0.6075334143377886,0,0,0,0,0.0,0.0,0.0,0.0
6617,共信-KY,上櫃,138.5,4.135338345864661,38540.0,0,0,38540.0,5337790.0,0.0,0.0,5337790.0
6620,漢達,上櫃,141.0,3.6764705882352944,-898758.0,0,105189.0,-793569.0,-126724878.0,0.0,14831649.0,-111893229.0
6624,萬年清,上櫃,38.25,-2.4234693877551017,-2000.0,0,0,-2000.0,-76500.0,0.0,0.0,-76500.0
6637,醫影,上櫃,53.8,-0.5545286506469502,0,0,0,0,0.0,0.0,0.0,0.0
6640,均華,上櫃,1040.0,0.0,-61306.0,0,-8354.0,-69660.0,-63758240.0,0.0,-8688160.0,-72446400.0
6642,富致,上櫃,81.7,1.2391573729863692,20032.0,0,-460.0,19572.0,1636614.4000000001,0.0,-37582.0,1599032.4000000001
6643,M31,上櫃,555.0,9.900990099009901,60631.0,0,154485.0,215116.0,33650205.0,0.0,85739175.0,119389380.0
6649,台生材,上櫃,36.5,-0.8152173913043478,-1000.0,0,0,-1000.0,-36500.0,0.0,0.0,-36500.0
6651,全宇昕,上櫃,146.0,-2.990033222591362,3100.0,0,655.0,3755.0,452600.0,0.0,95630.0,548230.0
6654,天正國際,上櫃,216.0,8.0,7000.0,0,-1521.0,5479.0,1512000.0,0.0,-328536.0,1183464.0
6664,群翊,上櫃,376.0,1.6216216216216217,114682.0,0,4197.0,118879.0,43120432.0,0.0,1578072.0,44698504.0
6667,信紘科,上櫃,262.0,1.1583011583011582,5704.0,0,-246.0,5458.0,1494448.0,0.0,-64452.0,1429996.0
6679,鈺太,上櫃,206.0,0.0,-77000.0,30000.0,-2061.0,-49061.0,-15862000.0,6180000.0,-424566.0,-10106566.0
6680,鑫創電子,上櫃,51.9,1.1695906432748537,0,0,0,0,0.0,0.0,0.0,0.0
6683,雍智科技,上櫃,1590.0,7.796610169491526,-296757.0,-100.0,2280.0,-294577.0,-471843630.0,-159000.0,3625200.0,-468377430.0
6684,安格,上櫃,50.2,-1.3752455795677796,-31992.0,0,0,-31992.0,-1605998.4000000001,0.0,0.0,-1605998.4000000001
6690,安碁資訊,上櫃,177.0,-0.28169014084507044,74000.0,0,0,74000.0,13098000.0,0.0,0.0,13098000.0
6693,廣閎科,上櫃,211.5,-2.981651376146789,-211259.0,0,-182940.0,-394199.0,-44681278.5,0.0,-38691810.0,-83373088.5
6697,東捷資訊,上櫃,41.3,0.4866180048661801,-1000.0,0,0,-1000.0,-41300.0,0.0,0.0,-41300.0
6703,軒郁,上櫃,100.5,0.5,-18600.0,0,0,-18600.0,-1869300.0,0.0,0.0,-1869300.0
6708,天擎,上櫃,51.7,9.883103081827842,0,0,-92067.0,-92067.0,0.0,0.0,-4759863.9,-4759863.9
6712,長聖,上櫃,162.0,0.30959752321981426,71035.0,0,0,71035.0,11507670.0,0.0,0.0,11507670.0
6716,應廣,上櫃,114.0,-0.43668122270742354,27788.0,0,0,27788.0,3167832.0,0.0,0.0,3167832.0
6720,久昌,上櫃,127.5,0.0,-3000.0,0,-230.0,-3230.0,-382500.0,0.0,-29325.0,-411825.0
6725,矽科宏晟,上櫃,218.0,0.22988505747126436,4000.0,0,-551.0,3449.0,872000.0,0.0,-120118.0,751882.0
6727,亞泰金屬,上櫃,485.0,0.4140786749482402,-71718.0,0,4342.0,-67376.0,-34783230.0,0.0,2105870.0,-32677360.0
6728,上洋,上櫃,109.0,0.9259259259259258,1000.0,0,0,1000.0,109000.0,0.0,0.0,109000.0
6732,昇佳電子,上櫃,151.5,0.33112582781456956,10110.0,0,560.0,10670.0,1531665.0,0.0,84840.0,1616505.0
6733,博晟生醫,上櫃,24.95,-0.5976095617529881,-25000.0,0,0,-25000.0,-623750.0,0.0,0.0,-623750.0
6735,美達科技,上櫃,67.3,3.697996918335902,36000.0,0,800.0,36800.0,2422800.0,0.0,53840.0,2476640.0
6739,竹陞科技,上櫃,1135.0,0.8888888888888888,-17921.0,0,-9624.0,-27545.0,-20340335.0,0.0,-10923240.0,-31263575.0
6741,91APP*-KY,上櫃,55.1,-0.5415162454873645,-215940.0,0,-1002.0,-216942.0,-11898294.0,0.0,-55210.200000000004,-11953504.200000001
6751,智聯服務,上櫃,44.5,-1.0011123470522802,-1000.0,0,0,-1000.0,-44500.0,0.0,0.0,-44500.0
6752,叡揚,上櫃,96.0,0.10427528675703858,-1000.0,0,1000.0,0,-96000.0,0.0,96000.0,0.0
6761,穩得,上櫃,165.0,0.9174311926605505,-6000.0,0,314.0,-5686.0,-990000.0,0.0,51810.0,-938190.0
6763,綠界科技*,上櫃,41.3,0.3645200486026731,49000.0,0,-494.0,48506.0,2023699.9999999998,0.0,-20402.199999999997,2003297.7999999998
6785,昱展新藥,上櫃,95.1,-1.1434511434511436,-13000.0,0,-50.0,-13050.0,-1236300.0,0.0,-4755.0,-1241055.0
6788,華景電,上櫃,349.0,1.3062409288824384,65306.0,0,-4318.0,60988.0,22791794.0,0.0,-1506982.0,21284812.0
6791,虎門科技,上櫃,99.5,0.4036326942482341,2000.0,0,0,2000.0,199000.0,0.0,0.0,199000.0
6803,崑鼎,上櫃,267.0,0.18761726078799248,-9000.0,0,0,-9000.0,-2403000.0,0.0,0.0,-2403000.0
6804,明係,上櫃,18.35,1.3812154696132597,30000.0,0,0,30000.0,550500.0,0.0,0.0,550500.0
6811,宏碁資訊,上櫃,240.5,0.41753653444676403,-108622.0,0,266.0,-108356.0,-26123591.0,0.0,63973.0,-26059618.0
6821,聯寶,上櫃,42.8,4.5177045177045185,84000.0,0,-1000.0,83000.0,3595199.9999999995,0.0,-42800.0,3552399.9999999995
6823,濾能,上櫃,60.8,-3.492063492063492,-22000.0,0,404.0,-21596.0,-1337600.0,0.0,24563.199999999997,-1313036.8
6829,千附精密,上櫃,208.5,0.0,-84900.0,0,-3163.0,-88063.0,-17701650.0,0.0,-659485.5,-18361135.5
6840,東研信超,上櫃,98.9,-0.6030150753768844,-51408.0,0,13000.0,-38408.0,-5084251.2,0.0,1285700.0,-3798551.2
6841,長佳智能,上櫃,58.8,6.329113924050633,74000.0,0,8200.0,82200.0,4351200.0,0.0,482160.0,4833360.0
6843,進典,上櫃,38.55,0.5215123859191656,1000.0,0,0,1000.0,38550.0,0.0,0.0,38550.0
6846,綠茵,上櫃,58.5,0.5154639175257731,1000.0,0,0,1000.0,58500.0,0.0,0.0,58500.0
6859,伯特光,上櫃,120.5,0.4166666666666667,1084.0,0,0,1084.0,130622.0,0.0,0.0,130622.0
6865,偉康科技,上櫃,29.15,4.107142857142857,-2000.0,0,0,-2000.0,-58300.0,0.0,0.0,-58300.0
6870,騰雲,上櫃,323.5,-2.118003025718608,-38918.0,0,-2210.0,-41128.0,-12589973.0,0.0,-714935.0,-13304908.0
6872,浩宇生醫,上櫃,24.05,0.20833333333333334,-26000.0,0,0,-26000.0,-625300.0,0.0,0.0,-625300.0
6874,倍力,上櫃,69.8,-0.5698005698005698,0,0,0,0,0.0,0.0,0.0,0.0
6875,國邑*,上櫃,31.35,0.0,-132000.0,0,0,-132000.0,-4138200.0,0.0,0.0,-4138200.0
6877,鏵友益,上櫃,126.0,-1.5625,-8860.0,0,-1091.0,-9951.0,-1116360.0,0.0,-137466.0,-1253826.0
6884,海柏特,上櫃,30.55,-1.7684887459807075,-1000.0,0,0,-1000.0,-30550.0,0.0,0.0,-30550.0
6894,衛司特,上櫃,361.0,-0.2762430939226519,3000.0,0,555.0,3555.0,1083000.0,0.0,200355.0,1283355.0
6895,宏碩系統,上櫃,151.5,4.482758620689655,6000.0,0,-503.0,5497.0,909000.0,0.0,-76204.5,832795.5
6899,創為精密,上櫃,49.8,0.6060606060606061,0,0,0,0,0.0,0.0,0.0,0.0
6903,巨漢,上櫃,315.5,3.6124794745484397,128495.0,0,14320.0,142815.0,40540172.5,0.0,4517960.0,45058132.5
6907,雅特力-KY,上櫃,188.0,4.1551246537396125,72971.0,30000.0,-8705.0,94266.0,13718548.0,5640000.0,-1636540.0,17722008.0
6910,德鴻,上櫃,26.95,1.6981132075471699,2000.0,0,0,2000.0,53900.0,0.0,0.0,53900.0
6913,鴻呈,上櫃,128.5,1.1811023622047243,-13684.0,0,-251.0,-13935.0,-1758394.0,0.0,-32253.5,-1790647.5
6922,宸曜,上櫃,221.0,-1.7777777777777777,15716.0,0,629.0,16345.0,3473236.0,0.0,139009.0,3612245.0
6925,意藍,上櫃,73.8,-1.6,26210.0,0,-2182.0,24028.0,1934298.0,0.0,-161031.6,1773266.4
6945,圓祥生技,上櫃,148.5,6.071428571428571,15900.0,0,0,15900.0,2361150.0,0.0,0.0,2361150.0
6953,家碩,上櫃,245.0,1.6597510373443984,7000.0,0,13303.0,20303.0,1715000.0,0.0,3259235.0,4974235.0
6961,旅天下,上櫃,48.1,0.944386149003148,2000.0,0,0,2000.0,96200.0,0.0,0.0,96200.0
6967,汎瑋材料,上櫃,70.2,4.464285714285714,9950.0,0,0,9950.0,698490.0,0.0,0.0,698490.0
6968,萬達寵物,上櫃,41.45,-0.24067388688327318,-1000.0,0,0,-1000.0,-41450.0,0.0,0.0,-41450.0
6971,惠民實業,上櫃,23.5,-0.8438818565400845,2000.0,0,0,2000.0,47000.0,0.0,0.0,47000.0
6982,大井泵浦,上櫃,44.1,1.3793103448275863,-1000.0,0,0,-1000.0,-44100.0,0.0,0.0,-44100.0
6983,華洋精機,上櫃,348.0,0.5780346820809248,14000.0,0,0,14000.0,4872000.0,0.0,0.0,4872000.0
6986,和迅,上櫃,44.05,0.11363636363636365,-2000.0,0,0,-2000.0,-88100.0,0.0,0.0,-88100.0
6996,力領科技,上櫃,169.5,0.5934718100890208,-1315.0,0,0,-1315.0,-222892.5,0.0,0.0,-222892.5
7402,邑錡,上櫃,101.0,1.917255297679112,6150.0,0,1612.0,7762.0,621150.0,0.0,162812.0,783962.0
7547,碩網,上櫃,64.8,-0.7656967840735069,-6000.0,0,0,-6000.0,-388800.0,0.0,0.0,-388800.0
7556,意德士,上櫃,264.5,-1.1214953271028036,-5000.0,0,1138.0,-3862.0,-1322500.0,0.0,301001.0,-1021499.0
7642,昶瑞機電,上櫃,68.5,0.0,2000.0,0,0,2000.0,137000.0,0.0,0.0,137000.0
7703,銳澤,上櫃,201.5,1.0025062656641603,14920.0,0,0,14920.0,3006380.0,0.0,0.0,3006380.0
7704,明遠精密,上櫃,61.4,0.1631321370309951,-14000.0,0,0,-14000.0,-859600.0,0.0,0.0,-859600.0
7709,榮田,上櫃,86.3,-0.23121387283236997,21100.0,0,269.0,21369.0,1820930.0,0.0,23214.7,1844144.7
7712,博盛半導體,上櫃,161.0,0.0,39073.0,0,-52.0,39021.0,6290753.0,0.0,-8372.0,6282381.0
7713,威力德生醫,上櫃,74.3,0.26990553306342785,1000.0,0,0,1000.0,74300.0,0.0,0.0,74300.0
7714,創泓科技,上櫃,172.0,6.172839506172839,31891.0,0,3154.0,35045.0,5485252.0,0.0,542488.0,6027740.0
7715,裕山,上櫃,28.4,2.8985507246376816,-34000.0,0,0,-34000.0,-965600.0,0.0,0.0,-965600.0
7717,萊德光電-KY,上櫃,604.0,2.027027027027027,2040.0,0,6649.0,8689.0,1232160.0,0.0,4015996.0,5248156.0
7718,友鋮,上櫃,45.8,-1.9271948608137048,0,0,0,0,0.0,0.0,0.0,0.0
7723,築間,上櫃,18.4,0.546448087431694,0,0,0,0,0.0,0.0,0.0,0.0
7728,光焱科技,上櫃,667.0,9.884678747940692,45000.0,0,1604.0,46604.0,30015000.0,0.0,1069868.0,31084868.0
7734,印能科技,上櫃,2665.0,-0.5597014925373134,-7048.0,-17100.0,406.0,-23742.0,-18782920.0,-45571500.0,1081990.0,-63272430.0
7738,東聯互動,上櫃,155.5,-0.3205128205128205,0,0,0,0,0.0,0.0,0.0,0.0
7743,金利食安,上櫃,25.0,2.8806584362139915,-1000.0,0,0,-1000.0,-25000.0,0.0,0.0,-25000.0
7744,崴寶,上櫃,523.0,0.0,7020.0,0,-400.0,6620.0,3671460.0,0.0,-209200.0,3462260.0
7751,竑騰,上櫃,1625.0,4.501607717041801,-39050.0,58000.0,11818.0,30768.0,-63456250.0,94250000.0,19204250.0,49998000.0
7753,星亞,上櫃,35.6,0.0,0,0,0,0,0.0,0.0,0.0,0.0
7757,金色三麥,上櫃,90.2,-0.3314917127071823,-3000.0,0,0,-3000.0,-270600.0,0.0,0.0,-270600.0
7770,君曜,上櫃,42.6,-0.8149010477299184,7000.0,0,-8000.0,-1000.0,298200.0,0.0,-340800.0,-42600.0
7772,耀穎,上櫃,176.0,0.0,-2000.0,0,1000.0,-1000.0,-352000.0,0.0,176000.0,-176000.0
7777,能率亞洲,上櫃,38.0,6.741573033707865,678197.0,0,73526.0,751723.0,25771486.0,0.0,2793988.0,28565474.0
7792,安葆,上櫃,424.0,1.9230769230769231,-37097.0,0,8242.0,-28855.0,-15729128.0,0.0,3494608.0,-12234520.0
7794,宏碁智新,上櫃,30.6,1.1570247933884297,1000.0,0,0,1000.0,30600.0,0.0,0.0,30600.0
7805,威聯通,上櫃,494.0,1.0224948875255624,-5000.0,0,0,-5000.0,-2470000.0,0.0,0.0,-2470000.0
7810,捷創科技,上櫃,235.0,3.296703296703297,89830.0,0,17985.0,107815.0,21110050.0,0.0,4226475.0,25336525.0
7814,海昌生技,上櫃,28.25,-0.528169014084507,4000.0,0,-2000.0,2000.0,113000.0,0.0,-56500.0,56500.0
7819,精誠金融,上櫃,33.7,-1.7492711370262388,5000.0,0,0,5000.0,168500.0,0.0,0.0,168500.0
7820,立盈,上櫃,110.5,1.8433179723502304,4000.0,0,0,4000.0,442000.0,0.0,0.0,442000.0
7825,和亞智慧,上櫃,84.4,0.9569377990430622,49000.0,0,0,49000.0,4135600.0000000005,0.0,0.0,4135600.0000000005
7828,創新服務,上櫃,1885.0,-0.7894736842105263,-76005.0,0,258.0,-75747.0,-143269425.0,0.0,486330.0,-142783095.0
7839,達人網,上櫃,43.2,-0.23094688221709006,2000.0,0,0,2000.0,86400.0,0.0,0.0,86400.0
7842,天能綠電,上櫃,98.3,-0.3042596348884381,-2000.0,0,0,-2000.0,-196600.0,0.0,0.0,-196600.0
7856,漢測,上櫃,4250.0,-1.5063731170336037,-39171.0,43850.0,4000.0,8679.0,-166476750.0,186362500.0,17000000.0,36885750.0
8024,佑華,上櫃,12.55,0.0,12000.0,0,2000.0,14000.0,150600.0,0.0,25100.0,175700.0
8027,鈦昇,上櫃,222.0,9.900990099009901,-93518.0,0,7336.0,-86182.0,-20760996.0,0.0,1628592.0,-19132404.0
8032,光菱,上櫃,36.2,1.1173184357541899,17000.0,0,0,17000.0,615400.0,0.0,0.0,615400.0
8034,榮群,上櫃,20.35,-0.7317073170731707,4000.0,0,0,4000.0,81400.0,0.0,0.0,81400.0
8038,長園科,上櫃,34.6,6.625577812018489,187000.0,0,0,187000.0,6470200.0,0.0,0.0,6470200.0
8040,九暘,上櫃,98.5,-1.5,-199440.0,0,-42153.0,-241593.0,-19644840.0,0.0,-4152070.5,-23796910.5
8042,金山電,上櫃,111.5,0.0,-18795.0,0,-27027.0,-45822.0,-2095642.5,0.0,-3013510.5,-5109153.0
8043,蜜望實,上櫃,130.5,-0.7604562737642585,53720.0,0,-36473.0,17247.0,7010460.0,0.0,-4759726.5,2250733.5
8044,網家,上櫃,24.3,0.8298755186721992,47032.0,0,-2000.0,45032.0,1142877.6,0.0,-48600.0,1094277.6
8047,星雲,上櫃,50.8,-0.39215686274509803,-47000.0,0,0,-47000.0,-2387600.0,0.0,0.0,-2387600.0
8048,德勝,上櫃,50.6,0.3968253968253969,-8000.0,0,99.0,-7901.0,-404800.0,0.0,5009.400000000001,-399790.60000000003
8049,晶采,上櫃,24.6,0.40816326530612246,-4000.0,0,0,-4000.0,-98400.0,0.0,0.0,-98400.0
8050,廣積,上櫃,63.6,-3.1963470319634704,-1268376.0,0,-22537.0,-1290913.0,-80668713.60000001,0.0,-1433353.2,-82102066.8
8054,安國,上櫃,88.6,1.6055045871559634,90825.0,30000.0,-560.0,120265.0,8047094.999999999,2658000.0,-49616.0,10655479.0
8059,凱碩,上櫃,17.15,-0.8670520231213874,-739.0,0,0,-739.0,-12673.849999999999,0.0,0.0,-12673.849999999999
8064,東捷,上櫃,145.5,2.8268551236749118,27973.0,0,-63440.0,-35467.0,4070071.5,0.0,-9230520.0,-5160448.5
8066,來思達,上櫃,15.15,1.0,2000.0,0,0,2000.0,30300.0,0.0,0.0,30300.0
8068,全達,上櫃,17.75,0.8522727272727272,5000.0,0,0,5000.0,88750.0,0.0,0.0,88750.0
8069,元太,上櫃,144.0,1.0526315789473684,-26699.0,-4000.0,-8488.0,-39187.0,-3844656.0,-576000.0,-1222272.0,-5642928.0
8071,能率網通,上櫃,22.05,0.9153318077803204,145157.0,0,0,145157.0,3200711.85,0.0,0.0,3200711.85
8074,鉅橡,上櫃,51.6,1.574803149606299,100110.0,0,-8372.0,91738.0,5165676.0,0.0,-431995.2,4733680.8
8076,伍豐,上櫃,21.8,1.3953488372093024,136662.0,0,0,136662.0,2979231.6,0.0,0.0,2979231.6
8083,瑞穎,上櫃,156.0,0.3215434083601286,-3000.0,0,0,-3000.0,-468000.0,0.0,0.0,-468000.0
8084,巨虹,上櫃,26.85,-9.899328859060404,198000.0,0,0,198000.0,5316300.0,0.0,0.0,5316300.0
8085,福華,上櫃,14.4,1.0526315789473684,13996.0,0,0,13996.0,201542.4,0.0,0.0,201542.4
8086,宏捷科,上櫃,114.5,4.090909090909091,-360180.0,-24437.0,21162.0,-363455.0,-41240610.0,-2798036.5,2423049.0,-41615597.5
8087,麗升能源,上櫃,22.8,-0.8695652173913043,-1000.0,0,0,-1000.0,-22800.0,0.0,0.0,-22800.0
8088,品安,上櫃,44.4,5.0887573964497035,89008.0,0,-51.0,88957.0,3951955.1999999997,0.0,-2264.4,3949690.8
8089,康全電訊,上櫃,19.5,1.8276762402088773,44000.0,0,0,44000.0,858000.0,0.0,0.0,858000.0
8091,翔名,上櫃,217.0,-1.3636363636363635,-30466.0,0,-2964.0,-33430.0,-6611122.0,0.0,-643188.0,-7254310.0
8092,建暐,上櫃,12.6,0.3984063745019921,-5000.0,0,0,-5000.0,-63000.0,0.0,0.0,-63000.0
8093,保銳,上櫃,23.65,-0.8385744234800839,-2000.0,0,-89.0,-2089.0,-47300.0,0.0,-2104.85,-49404.85
8096,擎亞,上櫃,88.3,-0.4509582863585118,-707784.0,0,15739.0,-692045.0,-62497327.199999996,0.0,1389753.7,-61107573.5
8097,常珵,上櫃,48.5,0.7268951194184838,16000.0,0,-4.0,15996.0,776000.0,0.0,-194.0,775806.0
8099,大世科,上櫃,59.6,-0.33444816053511706,-11000.0,0,-51.0,-11051.0,-655600.0,0.0,-3039.6,-658639.6
8102,傑霖科技,上櫃,59.9,0.6722689075630253,0,0,0,0,0.0,0.0,0.0,0.0
8107,大億金茂,上櫃,12.0,-0.4149377593360996,-1000.0,0,0,-1000.0,-12000.0,0.0,0.0,-12000.0
8109,博大,上櫃,135.0,0.37174721189591076,72110.0,-3000.0,16096.0,85206.0,9734850.0,-405000.0,2172960.0,11502810.0
8111,立碁,上櫃,79.3,-0.5018820577164367,-145090.0,0,-30957.0,-176047.0,-11505637.0,0.0,-2454890.1,-13960527.1
8121,越峰,上櫃,31.5,-1.2539184952978057,-193646.0,0,-989.0,-194635.0,-6099849.0,0.0,-31153.5,-6131002.5
8147,正淩,上櫃,158.5,7.094594594594595,-151762.0,0,26396.0,-125366.0,-24054277.0,0.0,4183766.0,-19870511.0
8155,博智,上櫃,316.0,3.2679738562091507,-21400.0,0,-32369.0,-53769.0,-6762400.0,0.0,-10228604.0,-16991004.0
8171,天宇,上櫃,20.8,0.9708737864077669,80000.0,0,0,80000.0,1664000.0,0.0,0.0,1664000.0
8176,智捷,上櫃,9.76,-0.2044989775051125,0,0,0,0,0.0,0.0,0.0,0.0
8182,加高,上櫃,41.4,0.48543689320388356,186340.0,0,677.0,187017.0,7714476.0,0.0,28027.8,7742503.8
8227,巨有科技,上櫃,370.5,9.940652818991099,16990.0,0,-20784.0,-3794.0,6294795.0,0.0,-7700472.0,-1405677.0
8234,新漢,上櫃,62.6,0.8051529790660225,68400.0,0,-10.0,68390.0,4281840.0,0.0,-626.0,4281214.0
8240,華宏,上櫃,57.3,5.137614678899082,363802.0,0,126172.0,489974.0,20845854.599999998,0.0,7229655.6,28075510.2
8255,朋程,上櫃,147.0,1.3793103448275863,284886.0,0,-6010.0,278876.0,41878242.0,0.0,-883470.0,40994772.0
8277,商丞,上櫃,15.5,-0.6410256410256411,-4000.0,0,0,-4000.0,-62000.0,0.0,0.0,-62000.0
8279,生展,上櫃,78.0,-0.8894536213468869,0,0,0,0,0.0,0.0,0.0,0.0
8284,三竹,上櫃,68.0,0.0,5000.0,0,4000.0,9000.0,340000.0,0.0,272000.0,612000.0
8289,泰藝,上櫃,46.4,0.760043431053203,39472.0,0,117.0,39589.0,1831500.8,0.0,5428.8,1836929.5999999999
8291,尚茂,上櫃,28.55,-1.2110726643598615,15000.0,0,0,15000.0,428250.0,0.0,0.0,428250.0
8299,群聯,上櫃,2150.0,1.6548463356973995,325972.0,3900.0,16681.0,346553.0,700839800.0,8385000.0,35864150.0,745088950.0
8349,恒耀,上櫃,40.4,2.0202020202020203,55000.0,0,0,55000.0,2222000.0,0.0,0.0,2222000.0
8354,冠好,上櫃,16.9,0.0,0,0,0,0,0.0,0.0,0.0,0.0
8358,金居,上櫃,495.0,-0.6024096385542169,-849050.0,-57000.0,-250325.0,-1156375.0,-420279750.0,-28215000.0,-123910875.0,-572405625.0
8383,千附,上櫃,68.4,1.183431952662722,207460.0,0,3755.0,211215.0,14190264.000000002,0.0,256842.00000000003,14447106.000000002
8390,金益鼎,上櫃,90.4,1.1185682326621922,-9000.0,0,-2873.0,-11873.0,-813600.0,0.0,-259719.2,-1073319.2
8403,盛弘,上櫃,18.95,-0.5249343832020997,36000.0,0,0,36000.0,682200.0,0.0,0.0,682200.0
8410,森田,上櫃,27.8,-0.7142857142857143,-1000.0,0,-523.0,-1523.0,-27800.0,0.0,-14539.4,-42339.4
8415,大國鋼,上櫃,35.2,0.14224751066856328,-8119.0,0,-557.0,-8676.0,-285788.80000000005,0.0,-19606.4,-305395.2
8421,旭源,上櫃,12.95,0.7782101167315176,9000.0,0,0,9000.0,116550.0,0.0,0.0,116550.0
8423,保綠-KY,上櫃,18.2,0.8310249307479223,1000.0,0,0,1000.0,18200.0,0.0,0.0,18200.0
8424,惠普,上櫃,70.7,1.0,-1000.0,0,0,-1000.0,-70700.0,0.0,0.0,-70700.0
8426,紅木-KY,上櫃,20.65,0.0,13000.0,0,0,13000.0,268450.0,0.0,0.0,268450.0
8431,匯鑽科,上櫃,66.8,0.7541478129713424,-53284.0,0,0,-53284.0,-3559371.1999999997,0.0,0.0,-3559371.1999999997
8432,東生華,上櫃,50.7,0.1976284584980237,14000.0,0,0,14000.0,709800.0,0.0,0.0,709800.0
8433,弘帆,上櫃,52.8,-0.37735849056603776,-1000.0,0,0,-1000.0,-52800.0,0.0,0.0,-52800.0
8435,鉅邁,上櫃,53.4,0.7547169811320755,11000.0,0,0,11000.0,587400.0,0.0,0.0,587400.0
8436,大江,上櫃,106.5,0.9478672985781991,13000.0,-1323.0,-25.0,11652.0,1384500.0,-140899.5,-2662.5,1240938.0
8437,大地-KY,上櫃,10.2,0.9900990099009901,1000.0,0,0,1000.0,10200.0,0.0,0.0,10200.0
8440,綠電,上櫃,20.35,,8000.0,0,0,8000.0,162800.0,0.0,0.0,162800.0
8446,華研,上櫃,84.8,0.47393364928909953,31000.0,0,0,31000.0,2628800.0,0.0,0.0,2628800.0
8450,霹靂,上櫃,14.3,-0.6944444444444445,1000.0,0,0,1000.0,14300.0,0.0,0.0,14300.0
8472,納維康,上櫃,69.5,-4.924760601915185,-1000.0,0,0,-1000.0,-69500.0,0.0,0.0,-69500.0
8489,三貝德,上櫃,22.45,0.8988764044943821,7000.0,0,179.0,7179.0,157150.0,0.0,4018.5499999999997,161168.55
8906,花王,上櫃,28.6,-0.6944444444444445,-2000.0,0,0,-2000.0,-57200.0,0.0,0.0,-57200.0
8908,欣雄,上櫃,40.35,0.2484472049689441,5000.0,0,0,5000.0,201750.0,0.0,0.0,201750.0
8916,光隆,上櫃,41.05,-0.12165450121654503,4000.0,0,0,4000.0,164200.0,0.0,0.0,164200.0
8917,欣泰,上櫃,53.7,-1.4678899082568808,-1000.0,0,1000.0,0,-53700.0,0.0,53700.0,0.0
8924,大田,上櫃,49.45,0.10121457489878542,5000.0,0,0,5000.0,247250.0,0.0,0.0,247250.0
8927,北基,上櫃,18.75,-0.26595744680851063,19000.0,0,0,19000.0,356250.0,0.0,0.0,356250.0
8928,鉅明,上櫃,22.95,0.21834061135371183,-1000.0,0,0,-1000.0,-22950.0,0.0,0.0,-22950.0
8929,富堡,上櫃,13.2,2.3255813953488373,-2000.0,0,0,-2000.0,-26400.0,0.0,0.0,-26400.0
8930,青鋼,上櫃,28.75,0.17421602787456447,1000.0,0,0,1000.0,28750.0,0.0,0.0,28750.0
8931,大汽電,上櫃,43.25,0.23174971031286215,-16000.0,0,0,-16000.0,-692000.0,0.0,0.0,-692000.0
8932,智通*,上櫃,92.6,-0.8565310492505354,-56810.0,0,-38945.0,-95755.0,-5260606.0,0.0,-3606307.0,-8866913.0
8933,愛地雅,上櫃,4.5,-1.7467248908296942,9000.0,0,0,9000.0,40500.0,0.0,0.0,40500.0
8935,邦泰,上櫃,19.65,1.8134715025906738,-63000.0,0,0,-63000.0,-1237950.0,0.0,0.0,-1237950.0
8936,國統,上櫃,52.6,1.348747591522158,531998.0,-3208.0,1000.0,529790.0,27983094.8,-168740.80000000002,52600.0,27866954.0
8937,合騏*,上櫃,26.2,4.382470119521913,66000.0,0,0,66000.0,1729200.0,0.0,0.0,1729200.0
8938,明安,上櫃,52.6,-0.18975332068311196,13000.0,0,-27.0,12973.0,683800.0,0.0,-1420.2,682379.8
8941,關中,上櫃,43.8,-0.4545454545454546,-1000.0,0,0,-1000.0,-43800.0,0.0,0.0,-43800.0
8942,森鉅,上櫃,40.2,0.0,-44000.0,0,-130.0,-44130.0,-1768800.0000000002,0.0,-5226.0,-1774026.0000000002
9949,琉園,上櫃,24.3,0.2061855670103093,964.0,0,0,964.0,23425.2,0.0,0.0,23425.2
9950,萬國通,上櫃,10.2,-0.4878048780487805,-2000.0,0,0,-2000.0,-20400.0,0.0,0.0,-20400.0
9951,皇田,上櫃,47.0,-0.21231422505307856,0,0,-54000.0,-54000.0,0.0,0.0,-2538000.0,-2538000.0
9960,邁達康,上櫃,41.5,0.7281553398058251,-13000.0,0,0,-13000.0,-539500.0,0.0,0.0,-539500.0
9962,有益,上櫃,10.35,1.9704433497536946,9000.0,0,0,9000.0,93150.0,0.0,0.0,93150.0
