code,name,mkt,close,chg,foreign,trust,dealer,total,foreign_amt,trust_amt,dealer_amt,total_amt
00403A,主動統一升級50,上市,,,74269491.0,0,79164856.0,153434347.0,,,,
00981A,主動統一台股增長,上市,,,29611775.0,0,24630198.0,54241973.0,,,,
00409A,主動復華全球50,上市,,,25514098.0,0,20227329.0,45741427.0,,,,
00991A,主動復華未來50,上市,,,21544755.0,0,22404298.0,43949053.0,,,,
3231,緯創,上市,,,29330374.0,554000.0,750145.0,30634519.0,,,,
2303,聯電,上市,,,25460901.0,2495000.0,1767691.0,29723592.0,,,,
00402A,主動安聯美國科技,上市,,,12983000.0,0,13688114.0,26671114.0,,,,
2327,國巨*,上市,,,23393752.0,1400000.0,1524271.0,26318023.0,,,,
009820,元大納斯達克精選,上市,,,5488950.0,0,12940280.0,18429230.0,,,,
2492,華新科,上市,,,16492161.0,0,1279329.0,17771490.0,,,,
2344,華邦電,上市,,,16788887.0,-463000.0,1204299.0,17530186.0,,,,
00632R,元大台灣50反1,上市,,,51000.0,0,16216565.0,16267565.0,,,,
00407A,主動凱基台灣,上市,,,-607004.0,0,14748086.0,14141082.0,,,,
2340,台亞,上市,,,13333025.0,0,519211.0,13852236.0,,,,
2886,兆豐金,上市,,,14469895.0,-1895000.0,1078907.0,13653802.0,,,,
00988A,主動統一全球創新,上市,,,5117777.0,0,5675000.0,10792777.0,,,,
2481,強茂,上市,,,9543522.0,73000.0,672479.0,10289001.0,,,,
00405A,主動富邦台灣龍耀,上市,,,1524099.0,0,8297429.0,9821528.0,,,,
00965,元大航太防衛科技,上市,,,765038.0,0,8472702.0,9237740.0,,,,
00990A,主動元大AI新經濟,上市,,,-263220.0,0,8994657.0,8731437.0,,,,
0052,富邦科技,上市,,,1179245.0,0,7456899.0,8636144.0,,,,
00997A,主動群益美國增長,上市,,,4118000.0,0,3948323.0,8066323.0,,,,
3702,大聯大,上市,,,4888663.0,504000.0,376335.0,5768998.0,,,,
2317,鴻海,上市,,,5092135.0,203752.0,357166.0,5653053.0,,,,
009824,群益美國科技巨頭,上市,,,1327000.0,0,4320511.0,5647511.0,,,,
00940,元大台灣價值高息,上市,,,-566989.0,0,6126677.0,5559688.0,,,,
00830,國泰費城半導體,上市,,,5706463.0,0,-160065.0,5546398.0,,,,
1709,和益,上市,,,5264596.0,0,155174.0,5419770.0,,,,
2884,玉山金,上市,,,-3630293.0,8005000.0,706629.0,5081336.0,,,,
3706,神達,上市,,,4372052.0,50000.0,601681.0,5023733.0,,,,
2484,希華,上市,,,4762890.0,0,254644.0,5017534.0,,,,
00631L,元大台灣50正2,上市,,,-5147000.0,0,10025555.0,4878555.0,,,,
2330,台積電,上市,,,3090730.0,596450.0,602528.0,4289708.0,,,,
2801,彰銀,上市,,,2006588.0,2218000.0,-10079.0,4214509.0,,,,
2347,聯強,上市,,,3259389.0,800000.0,127915.0,4187304.0,,,,
00994A,主動第一金台股優,上市,,,793100.0,0,3281886.0,4074986.0,,,,
3042,晶技,上市,,,1424291.0,1290000.0,894290.0,3608581.0,,,,
2412,中華電,上市,,,3507823.0,420000.0,-361000.0,3566823.0,,,,
2892,第一金,上市,,,-386415.0,3965000.0,-41303.0,3537282.0,,,,
009828,中信台日韓PCB,上市,,,5531200.0,0,-2004838.0,3526362.0,,,,
00673R,期元大S&P原油反1,上市,,,-229000.0,0,3724447.0,3495447.0,,,,
8046,南電,上市,,,1503057.0,1912000.0,-64743.0,3350314.0,,,,
00993A,主動安聯台灣,上市,,,978000.0,0,2345354.0,3323354.0,,,,
6672,騰輝電子-KY,上市,,,3269059.0,0,-15747.0,3253312.0,,,,
00982A,主動群益台灣強棒,上市,,,1552050.0,0,1666970.0,3219020.0,,,,
3189,景碩,上市,,,1517834.0,1519000.0,128379.0,3165213.0,,,,
00951,台新日本半導體,上市,,,243800.0,0,2729858.0,2973658.0,,,,
00881,國泰台灣科技龍頭,上市,,,-344686.0,0,2956638.0,2611952.0,,,,
2353,宏碁,上市,,,2227526.0,111000.0,260184.0,2598710.0,,,,
00954,中信日本半導體,上市,,,-855000.0,0,3364858.0,2509858.0,,,,
6533,晶心科,上市,,,2486873.0,10000.0,-1199.0,2495674.0,,,,
2030,彰源,上市,,,2363985.0,0,34799.0,2398784.0,,,,
00685L,群益臺灣加權正2,上市,,,-351735.0,0,2698921.0,2347186.0,,,,
00900,富邦特選高股息30,上市,,,706000.0,0,1431030.0,2137030.0,,,,
3167,大量,上市,,,1966437.0,118000.0,20540.0,2104977.0,,,,
00929,復華台灣科技優息,上市,,,2438500.0,0,-382745.0,2055755.0,,,,
1727,中華化,上市,,,1705625.0,0,247919.0,1953544.0,,,,
3094,聯傑,上市,,,1831961.0,0,81673.0,1913634.0,,,,
2302,麗正,上市,,,1896169.0,0,6468.0,1902637.0,,,,
8150,南茂,上市,,,2192731.0,40000.0,-356599.0,1876132.0,,,,
009827,玉山未來全球算力,上市,,,2000.0,0,1815000.0,1817000.0,,,,
3311,閎暉,上市,,,1780544.0,0,1000.0,1781544.0,,,,
3026,禾伸堂,上市,,,1445859.0,197000.0,49434.0,1692293.0,,,,
3045,台灣大,上市,,,2259929.0,-852000.0,201419.0,1609348.0,,,,
6213,聯茂,上市,,,1126140.0,373000.0,35634.0,1534774.0,,,,
6168,宏齊,上市,,,1514821.0,0,4000.0,1518821.0,,,,
3036,文曄,上市,,,787766.0,-38000.0,713112.0,1462878.0,,,,
00999A,主動野村臺灣高息,上市,,,277840.0,0,1159792.0,1437632.0,,,,
3035,智原,上市,,,1354325.0,0,25683.0,1380008.0,,,,
2363,矽統,上市,,,761390.0,0,601479.0,1362869.0,,,,
1617,榮星,上市,,,1339004.0,0,-7782.0,1331222.0,,,,
00896,中信綠能及電動車,上市,,,510271.0,0,802308.0,1312579.0,,,,
2634,漢翔,上市,,,883818.0,368000.0,-13746.0,1238072.0,,,,
2379,瑞昱,上市,,,739632.0,375000.0,99238.0,1213870.0,,,,
4956,光鋐,上市,,,1211448.0,56.0,1164.0,1212668.0,,,,
2301,光寶科,上市,,,999047.0,-169000.0,365713.0,1195760.0,,,,
3016,嘉晶,上市,,,1281700.0,0,-101271.0,1180429.0,,,,
009813,貝萊德標普卓越50,上市,,,2727248.0,0,-1559000.0,1168248.0,,,,
2377,微星,上市,,,902765.0,139000.0,104691.0,1146456.0,,,,
2408,南亞科,上市,,,1001379.0,5000.0,115702.0,1122081.0,,,,
5876,上海商銀,上市,,,4589365.0,-3898000.0,415481.0,1106846.0,,,,
6209,今國光,上市,,,1111132.0,0,-9359.0,1101773.0,,,,
00995A,主動中信台灣卓越,上市,,,221000.0,0,862388.0,1083388.0,,,,
009819,中信數據及電力,上市,,,381000.0,0,682521.0,1063521.0,,,,
3037,欣興,上市,,,344183.0,626900.0,69036.0,1040119.0,,,,
00980A,主動野村臺灣優選,上市,,,1483030.0,-6046000.0,5582922.0,1019952.0,,,,
4904,遠傳,上市,,,154780.0,511000.0,318520.0,984300.0,,,,
2376,技嘉,上市,,,724777.0,60000.0,181076.0,965853.0,,,,
00946,群益科技高息成長,上市,,,-11000.0,0,955809.0,944809.0,,,,
3090,日電貿,上市,,,815311.0,0,120739.0,936050.0,,,,
2385,群光,上市,,,891469.0,-24000.0,55037.0,922506.0,,,,
009803,玉山市值動能50,上市,,,97000.0,0,807237.0,904237.0,,,,
3518,柏騰,上市,,,911876.0,24.0,-33286.0,878614.0,,,,
00753L,中信中國50正2,上市,,,1799000.0,0,-969188.0,829812.0,,,,
00952,凱基台灣AI50,上市,,,-18947.0,0,840782.0,821835.0,,,,
6706,惠特,上市,,,843869.0,0,-24736.0,819133.0,,,,
00923,群益台ESG低碳50,上市,,,65000.0,0,754125.0,819125.0,,,,
00410A,主動永豐科技趨勢,上市,,,4000.0,0,802293.0,806293.0,,,,
3031,佰鴻,上市,,,792496.0,79.0,0,792575.0,,,,
00408A,主動第一金優股息,上市,,,85000.0,0,690922.0,775922.0,,,,
00941,中信上游半導體,上市,,,1577568.0,0,-814690.0,762878.0,,,,
4566,時碩工業,上市,,,761885.0,0,815.0,762700.0,,,,
00930,永豐ESG低碳高息,上市,,,12000.0,0,747753.0,759753.0,,,,
4961,天鈺,上市,,,734198.0,0,16362.0,750560.0,,,,
3711,日月光投控,上市,,,457672.0,227400.0,56918.0,741990.0,,,,
4938,和碩,上市,,,-879452.0,1412000.0,208350.0,740898.0,,,,
8261,富鼎,上市,,,652114.0,0,73867.0,725981.0,,,,
00945B,凱基美國非投等債,上市,,,428098.0,0,270468.0,698566.0,,,,
2034,允強,上市,,,842072.0,0,-146540.0,695532.0,,,,
2883B,凱基金乙特,上市,,,1311000.0,0,-618000.0,693000.0,,,,
6155,鈞寶,上市,,,696334.0,0,-3604.0,692730.0,,,,
2464,盟立,上市,,,700633.0,79000.0,-105722.0,673911.0,,,,
6271,同欣電,上市,,,583164.0,0,89398.0,672562.0,,,,
009829,大華韓國KOSPI50,上市,,,146030.0,0,499190.0,645220.0,,,,
4919,新唐,上市,,,373394.0,0,269404.0,642798.0,,,,
3717,聯嘉投控,上市,,,648383.0,0,-7509.0,640874.0,,,,
3701,大眾控,上市,,,616031.0,0,20174.0,636205.0,,,,
1319,東陽,上市,,,396197.0,220000.0,15720.0,631917.0,,,,
009811,統一美國50,上市,,,-1000.0,0,629414.0,628414.0,,,,
1710,東聯,上市,,,407108.0,0,211058.0,618166.0,,,,
2357,華碩,上市,,,572480.0,-9000.0,53666.0,617146.0,,,,
00893,國泰智能電動車,上市,,,2444000.0,0,-1839874.0,604126.0,,,,
3034,聯詠,上市,,,470145.0,118000.0,15215.0,603360.0,,,,
6414,樺漢,上市,,,494329.0,58000.0,34143.0,586472.0,,,,
00897,富邦基因免疫生技,上市,,,-220000.0,0,793977.0,573977.0,,,,
2420,新巨,上市,,,563208.0,0,1879.0,565087.0,,,,
00911,兆豐洲際半導體,上市,,,-6033.0,0,561278.0,555245.0,,,,
6278,台表科,上市,,,558673.0,-18000.0,-1303.0,539370.0,,,,
6196,帆宣,上市,,,530218.0,0,1480.0,531698.0,,,,
9933,中鼎,上市,,,1406987.0,-835000.0,-41210.0,530777.0,,,,
2404,漢唐,上市,,,62677.0,442000.0,14289.0,518966.0,,,,
9910,豐泰,上市,,,303565.0,212000.0,1457.0,517022.0,,,,
8021,尖點,上市,,,538545.0,0,-25995.0,512550.0,,,,
00693U,期街口S&P黃豆,上市,,,0,0,506523.0,506523.0,,,,
00653L,富邦印度正2,上市,,,4000.0,0,501965.0,505965.0,,,,
2395,研華,上市,,,351911.0,170000.0,-31909.0,490002.0,,,,
6962,奕力-KY,上市,,,485705.0,0,287.0,485992.0,,,,
2436,偉詮電,上市,,,594249.0,0,-118214.0,476035.0,,,,
7795,長廣,上市,,,443765.0,0,31838.0,475603.0,,,,
1102,亞泥,上市,,,4906071.0,-4754000.0,323235.0,475306.0,,,,
2421,建準,上市,,,452118.0,-10000.0,27940.0,470058.0,,,,
006208,富邦台50,上市,,,52761.0,0,414189.0,466950.0,,,,
3019,亞光,上市,,,457114.0,0,2877.0,459991.0,,,,
00735,國泰臺韓科技,上市,,,195066.0,0,259196.0,454262.0,,,,
00989A,主動摩根美國科技,上市,,,200000.0,0,245000.0,445000.0,,,,
3014,聯陽,上市,,,409346.0,3004.0,19800.0,432150.0,,,,
6743,安普新,上市,,,424749.0,1134.0,0,425883.0,,,,
2614,東森,上市,,,426297.0,0,-580.0,425717.0,,,,
009805,台新美國電力基建,上市,,,1021000.0,0,-602645.0,418355.0,,,,
00981T,平衡凱基雙核收息,上市,,,0,0,417619.0,417619.0,,,,
00916,國泰全球品牌50,上市,,,41000.0,0,366624.0,407624.0,,,,
2023,燁輝,上市,,,401579.0,0,927.0,402506.0,,,,
009804,聯邦台精彩50,上市,,,108000.0,0,292835.0,400835.0,,,,
6224,聚鼎,上市,,,394207.0,0,1000.0,395207.0,,,,
00987A,主動台新優勢成長,上市,,,85000.0,0,307748.0,392748.0,,,,
6191,精成科,上市,,,399250.0,-5000.0,-2220.0,392030.0,,,,
6834,天二科技,上市,,,322349.0,0,66415.0,388764.0,,,,
00891,中信關鍵半導體,上市,,,-254000.0,0,634773.0,380773.0,,,,
2388,威盛,上市,,,360333.0,0,12502.0,372835.0,,,,
00715L,期街口布蘭特正2,上市,,,183000.0,0,186425.0,369425.0,,,,
00924,復華S&P500成長,上市,,,597043.0,0,-231000.0,366043.0,,,,
009818,華南永昌NASDAQxT,上市,,,-3000.0,0,365827.0,362827.0,,,,
00983A,主動中信ARK創新,上市,,,-4000.0,0,364347.0,360347.0,,,,
1560,中砂,上市,,,234209.0,70000.0,49064.0,353273.0,,,,
00986A,主動台新龍頭成長,上市,,,421000.0,0,-73016.0,347984.0,,,,
1229,聯華,上市,,,1103681.0,-771500.0,15000.0,347181.0,,,,
00733,富邦臺灣中小,上市,,,43099.0,0,303264.0,346363.0,,,,
3605,宏致,上市,,,-5886.0,309000.0,39915.0,343029.0,,,,
2342,茂矽,上市,,,345342.0,0,-3577.0,341765.0,,,,
00664R,國泰臺灣加權反1,上市,,,0,0,332000.0,332000.0,,,,
3013,晟銘電,上市,,,126400.0,0,203665.0,330065.0,,,,
6214,精誠,上市,,,322054.0,0,66.0,322120.0,,,,
00902,中信電池及儲能,上市,,,141000.0,0,179249.0,320249.0,,,,
3437,榮創,上市,,,319540.0,0,0,319540.0,,,,
00670L,富邦NASDAQ正2,上市,,,28000.0,0,289931.0,317931.0,,,,
3005,神基,上市,,,257913.0,1239.0,58565.0,317717.0,,,,
00898,國泰基因免疫革命,上市,,,281000.0,0,35812.0,316812.0,,,,
1313,聯成,上市,,,325533.0,0,-8939.0,316594.0,,,,
6141,柏承,上市,,,316181.0,0,0,316181.0,,,,
00770,國泰北美科技,上市,,,83015.0,0,232121.0,315136.0,,,,
4912,聯德控股-KY,上市,,,312180.0,0,34.0,312214.0,,,,
00663L,國泰臺灣加權正2,上市,,,-31000.0,0,340446.0,309446.0,,,,
2458,義隆,上市,,,40159.0,250000.0,18217.0,308376.0,,,,
3022,威強電,上市,,,299999.0,0,6362.0,306361.0,,,,
2753,八方雲集,上市,,,304640.0,617.0,520.0,305777.0,,,,
3591,艾笛森,上市,,,282736.0,5.0,15000.0,297741.0,,,,
6695,芯鼎,上市,,,296294.0,0,0,296294.0,,,,
1597,直得,上市,,,263053.0,0,33025.0,296078.0,,,,
00895,富邦未來車,上市,,,76000.0,0,218746.0,294746.0,,,,
00915,凱基優選高股息30,上市,,,-28000.0,0,315651.0,287651.0,,,,
00932,兆豐永續高息等權,上市,,,17000.0,0,268000.0,285000.0,,,,
6994,富威電力,上市,,,282403.0,0,1872.0,284275.0,,,,
00876,元大全球5G,上市,,,6000.0,0,277314.0,283314.0,,,,
00934,中信成長高股息,上市,,,-63906.0,0,335597.0,271691.0,,,,
2912,統一超,上市,,,279615.0,-9000.0,1000.0,271615.0,,,,
6691,洋基工程,上市,,,201694.0,68000.0,-10071.0,259623.0,,,,
00983D,主動富邦複合收益,上市,,,52000.0,0,192650.0,244650.0,,,,
5285,界霖,上市,,,235440.0,0,1530.0,236970.0,,,,
2258,鴻華先進-創,上市,,,235035.0,0,10.0,235045.0,,,,
00910,第一金太空衛星,上市,,,-4000.0,0,237092.0,233092.0,,,,
3030,德律,上市,,,105246.0,0,123065.0,228311.0,,,,
4915,致伸,上市,,,-345671.0,605000.0,-32212.0,227117.0,,,,
2615,萬海,上市,,,246465.0,189000.0,-208423.0,227042.0,,,,
3023,信邦,上市,,,231415.0,-26000.0,20242.0,225657.0,,,,
2331,精英,上市,,,203007.0,0,21000.0,224007.0,,,,
00404A,主動聯博動能50,上市,,,-1001000.0,0,1224345.0,223345.0,,,,
00949,復華日本龍頭,上市,,,1089.0,0,219891.0,220980.0,,,,
6944,兆聯實業,上市,,,201504.0,0,18348.0,219852.0,,,,
2428,興勤,上市,,,199455.0,0,19981.0,219436.0,,,,
00633L,富邦上証正2,上市,,,-33000.0,0,245026.0,212026.0,,,,
6205,詮欣,上市,,,211203.0,0,805.0,212008.0,,,,
2476,鉅祥,上市,,,-23356.0,0,234801.0,211445.0,,,,
8215,明基材,上市,,,213371.0,0,-2222.0,211149.0,,,,
6152,百一,上市,,,204995.0,12.0,2000.0,207007.0,,,,
3543,州巧,上市,,,136821.0,0,70000.0,206821.0,,,,
3029,零壹,上市,,,183865.0,0,15958.0,199823.0,,,,
00971,野村美國研發龍頭,上市,,,-2000.0,0,201635.0,199635.0,,,,
2474,可成,上市,,,225588.0,-17000.0,-11500.0,197088.0,,,,
2328,廣宇,上市,,,211174.0,0,-15889.0,195285.0,,,,
2206,三陽工業,上市,,,188383.0,0,4001.0,192384.0,,,,
1504,東元,上市,,,140504.0,10000.0,41000.0,191504.0,,,,
5608,四維航,上市,,,99825.0,0,88000.0,187825.0,,,,
6197,佳必琪,上市,,,43128.0,151000.0,-6632.0,187496.0,,,,
2915,潤泰全,上市,,,176042.0,0,9135.0,185177.0,,,,
8081,致新,上市,,,213308.0,-30000.0,-8.0,183300.0,,,,
00671R,富邦NASDAQ反1,上市,,,0,0,181097.0,181097.0,,,,
5288,豐祥-KY,上市,,,197780.0,-10000.0,-7830.0,179950.0,,,,
5434,崇越,上市,,,124876.0,43000.0,12031.0,179907.0,,,,
00651R,復華香港反1,上市,,,4000.0,0,175300.0,179300.0,,,,
2393,億光,上市,,,198688.0,-22920.0,2000.0,177768.0,,,,
4977,眾達-KY,上市,,,199823.0,0,-23581.0,176242.0,,,,
3715,定穎投控,上市,,,185906.0,0,-13033.0,172873.0,,,,
8016,矽創,上市,,,138808.0,24000.0,8385.0,171193.0,,,,
3550,聯穎,上市,,,168293.0,38.0,-23.0,168308.0,,,,
3515,華擎,上市,,,164385.0,0,2328.0,166713.0,,,,
9938,百和,上市,,,161352.0,3850.0,95.0,165297.0,,,,
8070,長華*,上市,,,79000.0,0,84000.0,163000.0,,,,
00935,野村臺灣新科技50,上市,,,401115.0,486000.0,-727396.0,159719.0,,,,
3533,嘉澤,上市,,,113812.0,0,45861.0,159673.0,,,,
00637L,元大滬深300正2,上市,,,-45000.0,0,203217.0,158217.0,,,,
9945,潤泰新,上市,,,-585725.0,693000.0,47437.0,154712.0,,,,
00905,FT臺灣Smart,上市,,,70973.0,0,82058.0,153031.0,,,,
6449,鈺邦,上市,,,97276.0,0,55658.0,152934.0,,,,
00926,凱基全球菁英55,上市,,,-89000.0,0,241590.0,152590.0,,,,
2254,巨鎧精密-創,上市,,,151000.0,0,-4.0,150996.0,,,,
020039,元大加權N,上市,,,0,0,148000.0,148000.0,,,,
6438,迅得,上市,,,169443.0,0,-25349.0,144094.0,,,,
00645,富邦日本,上市,,,-6000.0,0,149030.0,143030.0,,,,
00692,富邦公司治理,上市,,,-20088.0,0,162361.0,142273.0,,,,
00861,元大全球未來通訊,上市,,,-1000.0,0,140582.0,139582.0,,,,
8033,雷虎,上市,,,131401.0,0,876.0,132277.0,,,,
2520,冠德,上市,,,614799.0,-488000.0,4959.0,131758.0,,,,
00882,中信中國高股息,上市,,,65000.0,0,65872.0,130872.0,,,,
00762,元大全球AI,上市,,,-1000.0,0,127179.0,126179.0,,,,
6491,晶碩,上市,,,121662.0,0,2493.0,124155.0,,,,
6112,邁達特,上市,,,121030.0,0,2528.0,123558.0,,,,
00752,中信中國50,上市,,,4444.0,0,118468.0,122912.0,,,,
009801,中信美國創新科技,上市,,,857000.0,0,-737220.0,119780.0,,,,
2025,千興,上市,,,111929.0,0,3845.0,115774.0,,,,
6799,來頡,上市,,,114997.0,10.0,-34.0,114973.0,,,,
009812,野村日本東證,上市,,,15000.0,0,97548.0,112548.0,,,,
00757,統一FANG+,上市,,,-91844.0,0,204274.0,112430.0,,,,
3032,偉訓,上市,,,110128.0,0,0,110128.0,,,,
2645,長榮航太,上市,,,76099.0,-6000.0,38396.0,108495.0,,,,
7812,稜研科技*-創,上市,,,108000.0,0,0,108000.0,,,,
3504,揚明光,上市,,,107000.0,0,-931.0,106069.0,,,,
00903,富邦元宇宙,上市,,,5000.0,0,98613.0,103613.0,,,,
1104,環泥,上市,,,102504.0,0,0,102504.0,,,,
2102,泰豐,上市,,,121829.0,0,-20000.0,101829.0,,,,
00661,元大日經225,上市,,,-1000.0,0,102275.0,101275.0,,,,
6235,華孚,上市,,,99200.0,0,-857.0,98343.0,,,,
1464,得力,上市,,,98000.0,0,0,98000.0,,,,
3015,全漢,上市,,,93816.0,0,4000.0,97816.0,,,,
3025,星通,上市,,,93790.0,0,0,93790.0,,,,
4532,瑞智,上市,,,89690.0,3453.0,45.0,93188.0,,,,
6715,嘉基,上市,,,87750.0,0,4845.0,92595.0,,,,
1231,聯華食,上市,,,90060.0,0,2000.0,92060.0,,,,
2460,建通,上市,,,87850.0,0,3000.0,90850.0,,,,
2338,光罩,上市,,,95769.0,0,-6494.0,89275.0,,,,
00850,元大臺灣ESG永續,上市,,,6156.0,15000.0,66227.0,87383.0,,,,
8045,達運光電,上市,,,85000.0,12.0,401.0,85413.0,,,,
2425,承啟,上市,,,85114.0,10.0,0,85124.0,,,,
2365,昆盈,上市,,,85000.0,0,0,85000.0,,,,
6605,帝寶,上市,,,84985.0,0,-124.0,84861.0,,,,
2748,雲品,上市,,,84000.0,0,0,84000.0,,,,
3257,虹冠電,上市,,,83000.0,14.0,0,83014.0,,,,
3052,夆典,上市,,,83000.0,0,0,83000.0,,,,
8404,百和興業-KY,上市,,,80295.0,0,1000.0,81295.0,,,,
00657,國泰日經225,上市,,,-2000.0,0,83057.0,81057.0,,,,
00717,富邦美國特別股,上市,,,133000.0,0,-52000.0,81000.0,,,,
4178,永笙-KY,上市,,,79000.0,0,2000.0,81000.0,,,,
00710B,復華彭博非投等債,上市,,,3000.0,0,77609.0,80609.0,,,,
6225,天瀚,上市,,,20000.0,0,59000.0,79000.0,,,,
00944,野村趨勢動能高息,上市,,,7000.0,0,71906.0,78906.0,,,,
00669R,國泰美國道瓊反1,上市,,,0,0,78281.0,78281.0,,,,
2468,華經,上市,,,78000.0,17.0,0,78017.0,,,,
6108,競國,上市,,,75782.0,27.0,2000.0,77809.0,,,,
00665L,富邦恒生國企正2,上市,,,11000.0,0,66000.0,77000.0,,,,
1477,聚陽,上市,,,-231392.0,311379.0,-5291.0,74696.0,,,,
6550,北極星藥業-KY,上市,,,74523.0,0,0,74523.0,,,,
4770,上品,上市,,,97591.0,0,-23830.0,73761.0,,,,
3010,華立,上市,,,63080.0,0,10388.0,73468.0,,,,
00634R,富邦上証反1,上市,,,0,0,73000.0,73000.0,,,,
00936,台新永續高息中小,上市,,,2000.0,0,69333.0,71333.0,,,,
4952,凌通,上市,,,66030.0,0,4149.0,70179.0,,,,
3058,立德,上市,,,68000.0,0,0,68000.0,,,,
2607,榮運,上市,,,61177.0,0,5636.0,66813.0,,,,
2534,宏盛,上市,,,66788.0,0,0,66788.0,,,,
5469,瀚宇博,上市,,,59344.0,0,7039.0,66383.0,,,,
3338,泰碩,上市,,,61998.0,0,3589.0,65587.0,,,,
00714,群益道瓊美國地產,上市,,,250.0,0,64859.0,65109.0,,,,
3060,銘異,上市,,,60542.0,24.0,2887.0,63453.0,,,,
1108,幸福,上市,,,68000.0,0,-5000.0,63000.0,,,,
5243,乙盛-KY,上市,,,713.0,0,62230.0,62943.0,,,,
3712,永崴投控,上市,,,62459.0,0,0,62459.0,,,,
1789,神隆,上市,,,62161.0,0,0,62161.0,,,,
6558,興能高,上市,,,62000.0,0,0,62000.0,,,,
2539,櫻花建,上市,,,58830.0,0,1000.0,59830.0,,,,
6189,豐藝,上市,,,55481.0,0,3960.0,59441.0,,,,
6142,友勁,上市,,,54000.0,0,4000.0,58000.0,,,,
1806,冠軍,上市,,,57000.0,0,0,57000.0,,,,
2913,農林,上市,,,56000.0,0,490.0,56490.0,,,,
6243,迅杰,上市,,,57000.0,0,-665.0,56335.0,,,,
8996,高力,上市,,,-75825.0,101000.0,30167.0,55342.0,,,,
3055,蔚華科,上市,,,48000.0,0,7055.0,55055.0,,,,
6526,達發,上市,,,65746.0,19000.0,-30029.0,54717.0,,,,
00901,永豐智能車供應鏈,上市,,,2000.0,0,50394.0,52394.0,,,,
1702,南僑,上市,,,49199.0,0,2968.0,52167.0,,,,
2007,燁興,上市,,,52000.0,0,0,52000.0,,,,
009810,玉山全球藍籌100,上市,,,0,0,49676.0,49676.0,,,,
2049,上銀,上市,,,68100.0,0,-18748.0,49352.0,,,,
2540,愛山林,上市,,,49073.0,0,0,49073.0,,,,
9136,巨騰-DR,上市,,,48000.0,0,700.0,48700.0,,,,
00899,FT潔淨能源,上市,,,0,0,47956.0,47956.0,,,,
00639,富邦深100,上市,,,60000.0,0,-12580.0,47420.0,,,,
6768,志強-KY,上市,,,47173.0,0,0,47173.0,,,,
009808,華南永昌優選50,上市,,,0,0,46953.0,46953.0,,,,
1558,伸興,上市,,,45200.0,0,1157.0,46357.0,,,,
1218,泰山,上市,,,46186.0,0,0,46186.0,,,,
00737,國泰AI機器人,上市,,,-54000.0,0,99860.0,45860.0,,,,
00894,中信小資高價30,上市,,,-154000.0,0,199424.0,45424.0,,,,
4562,穎漢,上市,,,45000.0,0,300.0,45300.0,,,,
6869,雲豹能源,上市,,,47475.0,0,-3185.0,44290.0,,,,
02001L,富邦蘋果正二N,上市,,,0,0,44000.0,44000.0,,,,
00920,富邦ESG綠色電力,上市,,,311000.0,0,-267125.0,43875.0,,,,
4755,三福化,上市,,,31315.0,0,12000.0,43315.0,,,,
2516,新建,上市,,,36050.0,0,7002.0,43052.0,,,,
6277,宏正,上市,,,42930.0,0,0,42930.0,,,,
5269,祥碩,上市,,,25287.0,0,17580.0,42867.0,,,,
00640L,富邦日本正2,上市,,,0,0,42008.0,42008.0,,,,
9917,中保科,上市,,,35874.0,0,6000.0,41874.0,,,,
2345,智邦,上市,,,486725.0,-488000.0,42839.0,41564.0,,,,
5222,全訊,上市,,,42109.0,-1000.0,0,41109.0,,,,
6136,富爾特,上市,,,41000.0,10.0,2.0,41012.0,,,,
3002,歐格,上市,,,40000.0,42.0,-198.0,39844.0,,,,
2491,吉祥全,上市,,,38200.0,5.0,1000.0,39205.0,,,,
2908,特力,上市,,,38240.0,0,0,38240.0,,,,
00675L,富邦臺灣加權正2,上市,,,-7950.0,0,45522.0,37572.0,,,,
1219,福壽,上市,,,37006.0,0,0,37006.0,,,,
3040,遠見,上市,,,37000.0,0,0,37000.0,,,,
4536,拓凱,上市,,,36378.0,0,597.0,36975.0,,,,
3346,麗清,上市,,,32100.0,0,4001.0,36101.0,,,,
6573,虹揚-KY,上市,,,36000.0,0,0,36000.0,,,,
3588,通嘉,上市,,,33550.0,0,1233.0,34783.0,,,,
3008,大立光,上市,,,116498.0,-139000.0,56591.0,34089.0,,,,
00982D,主動富邦動態入息,上市,,,0,0,34039.0,34039.0,,,,
4564,元翎,上市,,,34000.0,0,0,34000.0,,,,
7827,漢康-KY創,上市,,,32931.0,0,218.0,33149.0,,,,
7786,東方風能,上市,,,33000.0,0,0,33000.0,,,,
3652,精聯,上市,,,31000.0,6.0,1499.0,32505.0,,,,
1210,大成,上市,,,-173337.0,200000.0,5194.0,31857.0,,,,
1503,士電,上市,,,-12788.0,10000.0,34468.0,31680.0,,,,
00636,國泰中國A50,上市,,,4000.0,0,27588.0,31588.0,,,,
3027,盛達,上市,,,31000.0,0,4.0,31004.0,,,,
9914,美利達,上市,,,23014.0,0,7828.0,30842.0,,,,
8011,台通,上市,,,30000.0,29.0,0,30029.0,,,,
00700,富邦恒生國企,上市,,,1000.0,0,28774.0,29774.0,,,,
2228,劍麟,上市,,,29182.0,0,509.0,29691.0,,,,
00678,群益那斯達克生技,上市,,,-180000.0,0,209546.0,29546.0,,,,
6658,聯策,上市,,,29319.0,0,113.0,29432.0,,,,
3044,健鼎,上市,,,218222.0,-250000.0,61065.0,29287.0,,,,
7768,頌勝科技,上市,,,28720.0,0,0,28720.0,,,,
009809,富邦淨零ESG50,上市,,,-1000.0,0,29581.0,28581.0,,,,
4155,訊映,上市,,,21999.0,0,6000.0,27999.0,,,,
00728,第一金工業30,上市,,,11000.0,0,16902.0,27902.0,,,,
6805,富世達,上市,,,578811.0,-552000.0,-355.0,26456.0,,,,
7689,大鵬科CLMX,上市,,,26350.0,0,0,26350.0,,,,
3705,永信,上市,,,13200.0,0,13000.0,26200.0,,,,
4720,德淵,上市,,,26090.0,0,0,26090.0,,,,
4585,達明,上市,,,24873.0,0,809.0,25682.0,,,,
2207,和泰車,上市,,,-711.0,26000.0,-159.0,25130.0,,,,
6405,悅城,上市,,,26000.0,17.0,-1000.0,25017.0,,,,
3051,力特,上市,,,18950.0,50.0,6016.0,25016.0,,,,
00638R,元大滬深300反1,上市,,,0,0,25000.0,25000.0,,,,
2493,揚博,上市,,,35542.0,0,-10550.0,24992.0,,,,
6906,現觀科,上市,,,24000.0,0,423.0,24423.0,,,,
4766,南寶,上市,,,23076.0,0,1000.0,24076.0,,,,
8478,東哥遊艇,上市,,,24065.0,0,0,24065.0,,,,
3305,昇貿,上市,,,37901.0,0,-14188.0,23713.0,,,,
7818,溢泰實業,上市,,,23000.0,0,0,23000.0,,,,
4195,基米-創,上市,,,24000.0,0,-1342.0,22658.0,,,,
00650L,復華香港正2,上市,,,-3000.0,0,25429.0,22429.0,,,,
2415,錩新,上市,,,22333.0,5.0,0,22338.0,,,,
6909,創控,上市,,,22000.0,5.0,0,22005.0,,,,
020000,富邦特選蘋果N,上市,,,0,0,22000.0,22000.0,,,,
6854,錼創科技-KY創,上市,,,23000.0,0,-1006.0,21994.0,,,,
6579,研揚,上市,,,5378.0,0,16088.0,21466.0,,,,
6164,華興,上市,,,21305.0,33.0,0,21338.0,,,,
00702,國泰標普低波高息,上市,,,47.0,0,21270.0,21317.0,,,,
1783,和康生,上市,,,21000.0,0,88.0,21088.0,,,,
7610,聯友金屬-創,上市,,,27199.0,0,-6126.0,21073.0,,,,
2462,良得電,上市,,,21000.0,26.0,0,21026.0,,,,
4545,銘鈺,上市,,,-66020.0,13.0,86482.0,20475.0,,,,
2606,裕民,上市,,,17421.0,-3000.0,5767.0,20188.0,,,,
1533,車王電,上市,,,20000.0,0,0,20000.0,,,,
3653,健策,上市,,,-25026.0,42000.0,2685.0,19659.0,,,,
3545,敦泰,上市,,,35469.0,0,-15915.0,19554.0,,,,
4949,有成精密,上市,,,19422.0,0,0,19422.0,,,,
3296,勝德,上市,,,13484.0,17.0,5690.0,19191.0,,,,
1603,華電,上市,,,7363.0,0,11000.0,18363.0,,,,
4968,立積,上市,,,-21825.0,0,40081.0,18256.0,,,,
6908,宏碁遊戲-創,上市,,,16000.0,0,2000.0,18000.0,,,,
1340,勝悅-KY,上市,,,18000.0,0,0,18000.0,,,,
9925,新保,上市,,,1000.0,0,16644.0,17644.0,,,,
00682U,期元大美元指數,上市,,,0,0,17000.0,17000.0,,,,
2465,麗臺,上市,,,16400.0,0,0,16400.0,,,,
1598,岱宇,上市,,,16000.0,0,0,16000.0,,,,
4414,如興,上市,,,16000.0,0,0,16000.0,,,,
4108,懷特,上市,,,16000.0,0,0,16000.0,,,,
6689,伊雲谷,上市,,,12480.0,0,3014.0,15494.0,,,,
4736,泰博,上市,,,11366.0,0,4000.0,15366.0,,,,
9921,巨大,上市,,,15443.0,0,-226.0,15217.0,,,,
9907,統一實,上市,,,5179.0,9923.0,0,15102.0,,,,
3528,安馳,上市,,,13029.0,0,2000.0,15029.0,,,,
3557,嘉威,上市,,,15000.0,0,0,15000.0,,,,
1467,南緯,上市,,,10000.0,0,5000.0,15000.0,,,,
7765,中華資安,上市,,,18000.0,0,-3000.0,15000.0,,,,
00875,國泰網路資安,上市,,,-9000.0,0,23761.0,14761.0,,,,
6947,台鎔科技,上市,,,14100.0,0,0,14100.0,,,,
6965,中傑-KY,上市,,,14000.0,0,0,14000.0,,,,
1235,興泰,上市,,,10000.0,0,4000.0,14000.0,,,,
9919,康那香,上市,,,15000.0,0,-1000.0,14000.0,,,,
1321,大洋,上市,,,8000.0,0,6000.0,14000.0,,,,
2911,麗嬰房,上市,,,13320.0,0,0,13320.0,,,,
4104,佳醫,上市,,,7207.0,0,6000.0,13207.0,,,,
2707,晶華,上市,,,13131.0,0,0,13131.0,,,,
00683L,期元大美元指正2,上市,,,15000.0,0,-1998.0,13002.0,,,,
7835,永悅健康-創,上市,,,15000.0,0,-2000.0,13000.0,,,,
6928,攸泰科技,上市,,,13000.0,0,0,13000.0,,,,
6115,鎰勝,上市,,,8000.0,0,5000.0,13000.0,,,,
00647L,元大S&P500正2,上市,,,-1000.0,0,13817.0,12817.0,,,,
5225,東科-KY,上市,,,12371.0,14.0,346.0,12731.0,,,,
2072,世紀風電,上市,,,6938.0,0,5706.0,12644.0,,,,
6957,裕慶-KY,上市,,,49750.0,0,-37401.0,12349.0,,,,
8249,菱光,上市,,,12110.0,0,0,12110.0,,,,
3530,晶相光,上市,,,12000.0,13.0,0,12013.0,,,,
6776,展碁國際,上市,,,14000.0,6.0,-2000.0,12006.0,,,,
4807,日成-KY,上市,,,12000.0,0,0,12000.0,,,,
1416,廣豐,上市,,,12944.0,0,-1000.0,11944.0,,,,
2612,中航,上市,,,9859.0,0,1848.0,11707.0,,,,
3413,京鼎,上市,,,12887.0,0,-1249.0,11638.0,,,,
2427,三商電,上市,,,8598.0,5.0,3000.0,11603.0,,,,
006206,元大上證50,上市,,,0,0,11525.0,11525.0,,,,
2364,倫飛,上市,,,6049.0,10.0,5039.0,11098.0,,,,
1225,福懋油,上市,,,12000.0,0,-1000.0,11000.0,,,,
020028,元大特選電動車N,上市,,,0,0,11000.0,11000.0,,,,
006205,富邦上証,上市,,,0,0,10409.0,10409.0,,,,
6862,三集瑞-KY,上市,,,10109.0,0,61.0,10170.0,,,,
1220,台榮,上市,,,9283.0,0,753.0,10036.0,,,,
3054,立萬利,上市,,,10000.0,14.0,0,10014.0,,,,
020032,元大綠能N,上市,,,0,0,10000.0,10000.0,,,,
2739,寒舍,上市,,,10000.0,0,0,10000.0,,,,
5706,鳳凰,上市,,,10000.0,0,0,10000.0,,,,
8454,富邦媒,上市,,,9381.0,0,504.0,9885.0,,,,
2397,友通,上市,,,8882.0,0,1000.0,9882.0,,,,
9924,福興,上市,,,9800.0,0,0,9800.0,,,,
6890,來億-KY,上市,,,-31426.0,40000.0,1094.0,9668.0,,,,
9937,全國,上市,,,6000.0,0,3100.0,9100.0,,,,
8072,陞泰,上市,,,9000.0,5.0,0,9005.0,,,,
7760,享溫馨,上市,,,9000.0,0,0,9000.0,,,,
1459,聯發,上市,,,9000.0,0,0,9000.0,,,,
00921,兆豐龍頭等權重,上市,,,-4000.0,0,12966.0,8966.0,,,,
2477,美隆電,上市,,,7000.0,1071.0,0,8071.0,,,,
00654R,富邦印度反1,上市,,,0,0,8000.0,8000.0,,,,
1217,愛之味,上市,,,-16000.0,0,24000.0,8000.0,,,,
1527,鑽全,上市,,,8000.0,0,0,8000.0,,,,
2237,華德動能-創,上市,,,8000.0,0,0,8000.0,,,,
1903,士紙,上市,,,8000.0,0,0,8000.0,,,,
2929,淘帝-KY,上市,,,8000.0,0,0,8000.0,,,,
2015,豐興,上市,,,-549.0,0,8000.0,7451.0,,,,
1103,嘉泥,上市,,,7000.0,0,0,7000.0,,,,
1438,三地開發,上市,,,1000.0,0,6000.0,7000.0,,,,
2923,鼎固-KY,上市,,,18000.0,0,-11000.0,7000.0,,,,
2616,山隆,上市,,,7000.0,0,0,7000.0,,,,
8463,潤泰材,上市,,,5000.0,0,2000.0,7000.0,,,,
7721,微程式,上市,,,7000.0,0,0,7000.0,,,,
6230,尼得科超眾,上市,,,7000.0,0,0,7000.0,,,,
4426,利勤,上市,,,7000.0,0,0,7000.0,,,,
6958,日盛台駿,上市,,,7000.0,0,0,7000.0,,,,
2702,華園,上市,,,7000.0,0,0,7000.0,,,,
2482,連宇,上市,,,7000.0,0,0,7000.0,,,,
00943,兆豐電子高息等權,上市,,,-17000.0,0,23567.0,6567.0,,,,
3308,聯德,上市,,,7000.0,0,-450.0,6550.0,,,,
6525,捷敏-KY,上市,,,5114.0,0,1324.0,6438.0,,,,
1731,美吾華,上市,,,6200.0,0,0,6200.0,,,,
9946,三發地產,上市,,,6000.0,0,0,6000.0,,,,
5907,大洋-KY,上市,,,6000.0,0,0,6000.0,,,,
00851,台新全球AI,上市,,,2000.0,0,4000.0,6000.0,,,,
2901,欣欣,上市,,,6000.0,0,0,6000.0,,,,
2642,宅配通,上市,,,6000.0,0,0,6000.0,,,,
1468,昶和,上市,,,3000.0,0,3000.0,6000.0,,,,
2012,春雨,上市,,,6000.0,0,0,6000.0,,,,
00711B,復華彭博新興債,上市,,,0,0,5910.0,5910.0,,,,
1736,喬山,上市,,,4093.0,0,1766.0,5859.0,,,,
1735,日勝化,上市,,,5000.0,0,0,5000.0,,,,
1339,昭輝,上市,,,-3000.0,0,8000.0,5000.0,,,,
1906,寶隆,上市,,,4000.0,0,1000.0,5000.0,,,,
2509,全坤建,上市,,,5000.0,0,0,5000.0,,,,
2706,第一店,上市,,,5000.0,0,0,5000.0,,,,
3164,景岳,上市,,,5000.0,0,0,5000.0,,,,
8466,美吉吉-KY,上市,,,4000.0,0,1000.0,5000.0,,,,
5007,三星,上市,,,4000.0,0,1000.0,5000.0,,,,
6955,邦睿生技-創,上市,,,0,0,5000.0,5000.0,,,,
6934,心誠鎂,上市,,,5000.0,0,0,5000.0,,,,
1413,宏洲,上市,,,5000.0,0,0,5000.0,,,,
2380,虹光,上市,,,5000.0,0,0,5000.0,,,,
3266,昇陽,上市,,,5000.0,0,0,5000.0,,,,
2438,翔耀,上市,,,4000.0,0,1.0,4001.0,,,,
7823,奧義賽博-KY創,上市,,,7000.0,0,-3000.0,4000.0,,,,
1418,東華,上市,,,4000.0,0,0,4000.0,,,,
6863,永道-KY,上市,,,4000.0,0,0,4000.0,,,,
5244,弘凱,上市,,,4000.0,0,0,4000.0,,,,
8499,鼎炫-KY,上市,,,4000.0,0,0,4000.0,,,,
9902,台火,上市,,,3000.0,0,1000.0,4000.0,,,,
2701,萬企,上市,,,4000.0,0,0,4000.0,,,,
2450,神腦,上市,,,4000.0,0,0,4000.0,,,,
2373,震旦行,上市,,,2000.0,0,2000.0,4000.0,,,,
2440,太空梭,上市,,,4000.0,0,0,4000.0,,,,
1417,嘉裕,上市,,,4000.0,0,0,4000.0,,,,
1626,艾美特-KY,上市,,,4000.0,0,0,4000.0,,,,
8487,愛爾達-創,上市,,,0,0,3785.0,3785.0,,,,
9940,信義,上市,,,-24000.0,0,27582.0,3582.0,,,,
5471,松翰,上市,,,304.0,0,3000.0,3304.0,,,,
2392,正崴,上市,,,10071.0,0,-6930.0,3141.0,,,,
6582,申豐,上市,,,3010.0,0,0,3010.0,,,,
4582,聚恆-創,上市,,,0,0,3000.0,3000.0,,,,
1443,立益物流,上市,,,3000.0,0,0,3000.0,,,,
1463,強盛新,上市,,,3000.0,0,0,3000.0,,,,
6581,鋼聯,上市,,,3000.0,0,0,3000.0,,,,
1474,弘裕,上市,,,3000.0,0,0,3000.0,,,,
6835,圓裕,上市,,,3000.0,0,0,3000.0,,,,
6921,嘉雨思-創,上市,,,0,0,3000.0,3000.0,,,,
6924,榮惠-KY創,上市,,,6000.0,0,-3000.0,3000.0,,,,
9926,新海,上市,,,3000.0,0,0,3000.0,,,,
2227,裕日車,上市,,,2970.0,0,0,2970.0,,,,
00655L,國泰中國A50正2,上市,,,-1000.0,0,3834.0,2834.0,,,,
1805,寶徠,上市,,,2158.0,0,0,2158.0,,,,
1325,恆大,上市,,,2140.0,0,0,2140.0,,,,
1786,科妍,上市,,,2137.0,0,0,2137.0,,,,
8462,柏文,上市,,,-901.0,0,3000.0,2099.0,,,,
7821,神數,上市,,,2085.0,0,0,2085.0,,,,
006203,元大MSCI台灣,上市,,,0,0,2082.0,2082.0,,,,
8442,威宏-KY,上市,,,647.0,364.0,1000.0,2011.0,,,,
2488,漢平,上市,,,2000.0,9.0,0,2009.0,,,,
020030,統一智慧電動車N,上市,,,0,0,2000.0,2000.0,,,,
1457,宜進,上市,,,2000.0,0,0,2000.0,,,,
6771,平和環保-創,上市,,,-1000.0,0,3000.0,2000.0,,,,
2891C,中信金丙特,上市,,,0,0,2000.0,2000.0,,,,
8367,建新國際,上市,,,2000.0,0,0,2000.0,,,,
8467,波力-KY,上市,,,2000.0,0,0,2000.0,,,,
9931,欣高,上市,,,2000.0,0,0,2000.0,,,,
0051,元大中型100,上市,,,0,0,2000.0,2000.0,,,,
7791,皇家可口,上市,,,2000.0,0,0,2000.0,,,,
6887,寶綠特-KY,上市,,,1000.0,0,1000.0,2000.0,,,,
6794,向榮生技,上市,,,2000.0,0,0,2000.0,,,,
6464,台數科,上市,,,2000.0,0,0,2000.0,,,,
6552,易華電,上市,,,2000.0,0,0,2000.0,,,,
6183,關貿,上市,,,0,0,2000.0,2000.0,,,,
4438,廣越,上市,,,2000.0,0,0,2000.0,,,,
2008,高興昌,上市,,,2000.0,0,0,2000.0,,,,
2239,英利-KY,上市,,,2000.0,0,0,2000.0,,,,
1454,台富,上市,,,2000.0,0,0,2000.0,,,,
1466,聚隆,上市,,,-4000.0,0,6000.0,2000.0,,,,
1512,瑞利,上市,,,2000.0,0,0,2000.0,,,,
1535,中宇,上市,,,4000.0,0,-2000.0,2000.0,,,,
2722,夏都,上市,,,2000.0,0,0,2000.0,,,,
3494,誠研,上市,,,2000.0,0,0,2000.0,,,,
020036,元大金融配息N,上市,,,0,0,2000.0,2000.0,,,,
020031,統一IC設計臺灣N,上市,,,0,0,2000.0,2000.0,,,,
01009T,王道圓滿R1,上市,,,2000.0,0,0,2000.0,,,,
1583,程泰,上市,,,1910.0,0,0,1910.0,,,,
3056,富華新,上市,,,3016.0,0,-1245.0,1771.0,,,,
00731,復華富時高息低波,上市,,,6000.0,0,-4402.0,1598.0,,,,
4571,鈞興-KY,上市,,,1432.0,0,0,1432.0,,,,
6722,輝創,上市,,,1000.0,8.0,0,1008.0,,,,
3168,眾福科,上市,,,1000.0,5.0,0,1005.0,,,,
2471,資通,上市,,,-10000.0,5.0,11000.0,1005.0,,,,
4588,玖鼎電力,上市,,,1000.0,0,0,1000.0,,,,
1315,達新,上市,,,1000.0,0,0,1000.0,,,,
9929,秋雨,上市,,,1000.0,0,0,1000.0,,,,
4930,燦星網,上市,,,1000.0,0,0,1000.0,,,,
3321,同泰,上市,,,1000.0,0,0,1000.0,,,,
020012,富邦行動通訊N,上市,,,0,0,1000.0,1000.0,,,,
020038,元大ESG配息N,上市,,,0,0,1000.0,1000.0,,,,
2910,統領,上市,,,1000.0,0,0,1000.0,,,,
2939,永邑-KY,上市,,,1000.0,0,0,1000.0,,,,
2712,遠雄來,上市,,,1000.0,0,0,1000.0,,,,
2882B,國泰金乙特,上市,,,0,0,1000.0,1000.0,,,,
2881B,富邦金乙特,上市,,,0,0,1000.0,1000.0,,,,
2524,京城,上市,,,1000.0,0,0,1000.0,,,,
1521,大億,上市,,,1000.0,0,0,1000.0,,,,
1445,大宇,上市,,,1000.0,0,0,1000.0,,,,
1453,大將,上市,,,1000.0,0,0,1000.0,,,,
1410,南染,上市,,,1000.0,0,0,1000.0,,,,
1419,新紡,上市,,,-2000.0,0,3000.0,1000.0,,,,
1435,中福,上市,,,1000.0,0,0,1000.0,,,,
1203,味王,上市,,,1000.0,0,0,1000.0,,,,
1233,天仁,上市,,,1000.0,0,0,1000.0,,,,
2114,鑫永銓,上市,,,0,0,1000.0,1000.0,,,,
2024,志聯,上市,,,1000.0,0,0,1000.0,,,,
1776,展宇,上市,,,-1000.0,0,2000.0,1000.0,,,,
6614,資拓宏宇,上市,,,1000.0,0,0,1000.0,,,,
7705,三商餐飲,上市,,,1000.0,0,0,1000.0,,,,
6936,永鴻生技,上市,,,1000.0,0,0,1000.0,,,,
4581,光隆精密-KY,上市,,,1000.0,0,0,1000.0,,,,
4557,永新-KY,上市,,,1000.0,0,0,1000.0,,,,
006204,永豐臺灣加權,上市,,,1000.0,0,0,1000.0,,,,
8940,新天地,上市,,,1000.0,0,0,1000.0,,,,
7855,和運租車,上市,,,1000.0,0,0,1000.0,,,,
6674,鋐寶科技,上市,,,1000.0,0,-1.0,999.0,,,,
1726,永記,上市,,,-1002.0,0,2000.0,998.0,,,,
2013,中鋼構,上市,,,1000.0,0,-14.0,986.0,,,,
2906,高林,上市,,,1000.0,0,-73.0,927.0,,,,
7803,雲象科技-創,上市,,,1000.0,0,-80.0,920.0,,,,
5515,建國,上市,,,-1780.0,0,2618.0,838.0,,,,
6591,動力-KY,上市,,,1000.0,0,-508.0,492.0,,,,
1538,正峰,上市,,,0,0,441.0,441.0,,,,
1525,江申,上市,,,0,0,432.0,432.0,,,,
6166,凌華,上市,,,1828.0,0,-1492.0,336.0,,,,
6645,金萬林-創,上市,,,0,0,274.0,274.0,,,,
8101,華冠,上市,,,0,0,225.0,225.0,,,,
4572,駐龍,上市,,,83.0,0,0,83.0,,,,
3011,今皓,上市,,,61.0,0,0,61.0,,,,
6792,詠業,上市,,,0,5.0,0,5.0,,,,
6641,基士德-KY,上市,,,-2000.0,0,2000.0,0,,,,
6671,三能-KY,上市,,,0,0,0,0,,,,
6504,南六,上市,,,0,0,0,0,,,,
4439,冠星-KY,上市,,,-1000.0,0,1000.0,0,,,,
6165,浪凡,上市,,,-3000.0,0,3000.0,0,,,,
8482,商億-KY,上市,,,0,0,0,0,,,,
8476,台境*,上市,,,0,0,0,0,,,,
8443,阿瘦,上市,,,-1000.0,0,1000.0,0,,,,
00636K,國泰中國A50+U,上市,,,0,0,0,0,,,,
00668K,國泰美國道瓊+U,上市,,,0,0,0,0,,,,
00657K,國泰日經225+U,上市,,,0,0,0,0,,,,
9918,欣天然,上市,,,0,0,0,0,,,,
00736,國泰新興市場,上市,,,0,0,0,0,,,,
00684R,期元大美元指反1,上市,,,0,0,0,0,,,,
2762,世界健身-KY,上市,,,3000.0,0,-3000.0,0,,,,
1475,業旺,上市,,,0,0,0,0,,,,
1324,地球,上市,,,0,0,0,0,,,,
1423,利華,上市,,,0,0,0,0,,,,
2062,橋椿,上市,,,0,0,0,0,,,,
6952,大武山,上市,,,0,0,0,0,,,,
1323,永裕,上市,,,0,0,0,0,,,,
0057,富邦摩台,上市,,,0,0,-11.0,-11.0,,,,
6534,正瀚-創,上市,,,0,0,-18.0,-18.0,,,,
3041,揚智,上市,,,-132.0,0,4.0,-128.0,,,,
00739,元大MSCI A股,上市,,,0,0,-193.0,-193.0,,,,
1817,凱撒衛,上市,,,-1000.0,0,591.0,-409.0,,,,
9930,中聯資源,上市,,,-1000.0,0,590.0,-410.0,,,,
2387,精元,上市,,,-3000.0,2394.0,175.0,-431.0,,,,
2247,汎德永業,上市,,,-765.0,299.0,0,-466.0,,,,
2431,聯昌,上市,,,-1000.0,0,464.0,-536.0,,,,
6415,矽力*-KY,上市,,,16808.0,-28000.0,10646.0,-546.0,,,,
2545,皇翔,上市,,,-5569.0,0,5000.0,-569.0,,,,
1256,鮮活果汁-KY,上市,,,-1828.0,0,1000.0,-828.0,,,,
3416,融程電,上市,,,-8836.0,0,8004.0,-832.0,,,,
8438,昶昕,上市,,,-874.0,0,0,-874.0,,,,
1532,勤美,上市,,,14077.0,0,-15000.0,-923.0,,,,
1110,東泥,上市,,,-22953.0,0,22000.0,-953.0,,,,
8222,寶一,上市,,,-961.0,0,0,-961.0,,,,
4994,傳奇,上市,,,-1000.0,0,3.0,-997.0,,,,
1541,錩泰,上市,,,-1000.0,0,1.0,-999.0,,,,
1530,亞崴,上市,,,-1000.0,0,0,-1000.0,,,,
2115,六暉-KY,上市,,,-1000.0,0,0,-1000.0,,,,
2904,匯僑,上市,,,-1000.0,0,0,-1000.0,,,,
2459,敦吉,上市,,,-1000.0,0,0,-1000.0,,,,
2496,卓越,上市,,,-1000.0,0,0,-1000.0,,,,
2887Z1,台新新光己特,上市,,,-1000.0,0,0,-1000.0,,,,
4999,鑫禾,上市,,,-1000.0,0,0,-1000.0,,,,
4190,佐登-KY,上市,,,-1000.0,0,0,-1000.0,,,,
4737,華廣,上市,,,-1000.0,0,0,-1000.0,,,,
6756,威鋒電子,上市,,,-1000.0,0,0,-1000.0,,,,
8481,政伸,上市,,,-1000.0,0,0,-1000.0,,,,
9906,欣巴巴,上市,,,-1000.0,0,0,-1000.0,,,,
9944,新麗,上市,,,-1000.0,0,0,-1000.0,,,,
1446,宏和,上市,,,-1000.0,0,0,-1000.0,,,,
1470,大統新創,上市,,,-1000.0,0,0,-1000.0,,,,
1614,三洋電,上市,,,-1000.0,0,0,-1000.0,,,,
911868,同方友友-DR,上市,,,-1000.0,0,0,-1000.0,,,,
3018,隆銘綠能,上市,,,-1000.0,0,0,-1000.0,,,,
9912,偉聯,上市,,,-1000.0,0,-502.0,-1502.0,,,,
6951,青新-創,上市,,,-1521.0,0,0,-1521.0,,,,
2109,華豐,上市,,,-1967.0,0,0,-1967.0,,,,
4569,六方科-KY,上市,,,-2985.0,0,1000.0,-1985.0,,,,
6916,華凌,上市,,,-2000.0,0,0,-2000.0,,,,
7732,金興精密,上市,,,-2000.0,0,0,-2000.0,,,,
7736,虎山,上市,,,-2000.0,0,0,-2000.0,,,,
8429,金麗-KY,上市,,,-2000.0,0,0,-2000.0,,,,
2248,華勝-KY,上市,,,-2000.0,0,0,-2000.0,,,,
1752,南光,上市,,,-2000.0,0,0,-2000.0,,,,
1236,宏亞,上市,,,-2000.0,0,0,-2000.0,,,,
2849,安泰銀,上市,,,2000.0,0,-4000.0,-2000.0,,,,
020029,元大ESG高股息N,上市,,,0,0,-2000.0,-2000.0,,,,
9943,好樂迪,上市,,,-2000.0,0,0,-2000.0,,,,
4119,旭富,上市,,,-1775.0,0,-259.0,-2034.0,,,,
00783,富邦中証500,上市,,,0,0,-2166.0,-2166.0,,,,
4106,雃博,上市,,,-3000.0,0,466.0,-2534.0,,,,
00771,元大US高息特別股,上市,,,0,0,-2624.0,-2624.0,,,,
4441,振大環球,上市,,,-2960.0,0,0,-2960.0,,,,
2430,燦坤,上市,,,-3000.0,6.0,0,-2994.0,,,,
01007T,兆豐國泰R2,上市,,,-3000.0,0,0,-3000.0,,,,
2945,三商家購,上市,,,-3000.0,0,0,-3000.0,,,,
1539,巨庭,上市,,,-3000.0,0,0,-3000.0,,,,
2424,隴華,上市,,,-3000.0,0,0,-3000.0,,,,
4440,宜新實業,上市,,,-2000.0,0,-1000.0,-3000.0,,,,
4169,泰宗,上市,,,-3000.0,0,0,-3000.0,,,,
6128,上福,上市,,,-4000.0,0,1000.0,-3000.0,,,,
6918,愛派司,上市,,,-4000.0,0,1000.0,-3000.0,,,,
6431,光麗-KY,上市,,,-3000.0,0,0,-3000.0,,,,
2887E,台新新光戊特一,上市,,,-3000.0,0,0,-3000.0,,,,
6807,峰源-KY,上市,,,-3000.0,0,0,-3000.0,,,,
1516,川飛,上市,,,-3000.0,0,0,-3000.0,,,,
6914,阜爾運通,上市,,,-3001.0,0,0,-3001.0,,,,
1338,廣華-KY,上市,,,-7067.0,0,4000.0,-3067.0,,,,
7722,LINEPAY,上市,,,-2152.0,0,-1000.0,-3152.0,,,,
00775B,台新投等債15+,上市,,,0,0,-3397.0,-3397.0,,,,
006207,復華滬深,上市,,,150.0,0,-3566.0,-3416.0,,,,
2348,海悅,上市,,,-3400.0,0,-19.0,-3419.0,,,,
5258,虹堡,上市,,,-4864.0,5.0,1000.0,-3859.0,,,,
5546,永固-KY,上市,,,-4000.0,0,0,-4000.0,,,,
6184,大豐電,上市,,,-4000.0,0,0,-4000.0,,,,
4148,全宇生技-KY,上市,,,-4000.0,0,0,-4000.0,,,,
6754,匯僑設計,上市,,,-4000.0,0,0,-4000.0,,,,
1506,正道,上市,,,-4000.0,0,0,-4000.0,,,,
1725,元禎,上市,,,-4000.0,0,0,-4000.0,,,,
3043,科風,上市,,,-4000.0,0,0,-4000.0,,,,
1432,大魯閣,上市,,,-4445.0,0,0,-4445.0,,,,
3138,耀登,上市,,,-1946.0,16.0,-2753.0,-4683.0,,,,
6781,AES-KY,上市,,,-13202.0,0,8292.0,-4910.0,,,,
6796,晉弘,上市,,,-5000.0,0,0,-5000.0,,,,
9905,大華,上市,,,-5000.0,0,0,-5000.0,,,,
9942,茂順,上市,,,-5000.0,0,0,-5000.0,,,,
1732,毛寶,上市,,,-5000.0,0,0,-5000.0,,,,
1526,日馳,上市,,,-5000.0,0,0,-5000.0,,,,
1531,高林股,上市,,,-5000.0,0,0,-5000.0,,,,
00972,野村日本動能高息,上市,,,-1000.0,0,-4455.0,-5455.0,,,,
2546,根基,上市,,,14879.0,-19560.0,-1000.0,-5681.0,,,,
00652,富邦印度,上市,,,-4000.0,0,-1728.0,-5728.0,,,,
2059,川湖,上市,,,23223.0,-29000.0,39.0,-5738.0,,,,
1471,首利,上市,,,-6000.0,27.0,0,-5973.0,,,,
1540,喬福,上市,,,-6000.0,0,0,-6000.0,,,,
3447,展達,上市,,,-6000.0,0,0,-6000.0,,,,
2704,國賓,上市,,,-6000.0,0,0,-6000.0,,,,
00660,元大歐洲50,上市,,,-1000.0,0,-5000.0,-6000.0,,,,
5519,隆大,上市,,,-6000.0,0,0,-6000.0,,,,
5525,順天,上市,,,-6000.0,0,0,-6000.0,,,,
5283,禾聯碩,上市,,,-7000.0,0,1000.0,-6000.0,,,,
3057,喬鼎,上市,,,-5000.0,0,-1000.0,-6000.0,,,,
8488,吉源-KY,上市,,,-6000.0,0,-395.0,-6395.0,,,,
00703,台新MSCI中國,上市,,,0,0,-6400.0,-6400.0,,,,
8201,無敵,上市,,,8000.0,0,-14502.0,-6502.0,,,,
3617,碩天,上市,,,-5305.0,0,-1277.0,-6582.0,,,,
3679,新至陞,上市,,,-7000.0,292.0,0,-6708.0,,,,
2433,互盛電,上市,,,-13000.0,0,6000.0,-7000.0,,,,
6657,華安,上市,,,-8000.0,0,1000.0,-7000.0,,,,
1524,耿鼎,上市,,,-7000.0,0,0,-7000.0,,,,
6625,必應,上市,,,-8427.0,0,1000.0,-7427.0,,,,
1234,黑松,上市,,,-8000.0,0,430.0,-7570.0,,,,
5284,jpp-KY,上市,,,-6000.0,0,-1615.0,-7615.0,,,,
9911,櫻花,上市,,,-15765.0,0,8000.0,-7765.0,,,,
1730,花仙子,上市,,,-11000.0,0,3006.0,-7994.0,,,,
2514,龍邦,上市,,,-8000.0,0,0,-8000.0,,,,
4133,亞諾法,上市,,,-8000.0,0,0,-8000.0,,,,
2887H,台新新光庚特二,上市,,,-8000.0,0,0,-8000.0,,,,
2608,嘉里大榮,上市,,,-30000.0,0,21987.0,-8013.0,,,,
7822,倍利科,上市,,,-11000.0,1000.0,1166.0,-8834.0,,,,
00701,國泰股利精選30,上市,,,57000.0,0,-65916.0,-8916.0,,,,
00709,富邦歐洲,上市,,,0,0,-9000.0,-9000.0,,,,
3432,台端,上市,,,-9000.0,0,0,-9000.0,,,,
1604,聲寶,上市,,,-15000.0,0,6000.0,-9000.0,,,,
1762,中化生,上市,,,-9000.0,0,0,-9000.0,,,,
1623,大東電,上市,,,-9000.0,0,0,-9000.0,,,,
3003,健和興,上市,,,-9426.0,0,-22.0,-9448.0,,,,
5538,東明-KY,上市,,,-10000.0,0,0,-10000.0,,,,
6931,青松健康,上市,,,-10000.0,0,0,-10000.0,,,,
020037,元大金融高股息N,上市,,,0,0,-10000.0,-10000.0,,,,
2480,敦陽科,上市,,,-10581.0,0,-59.0,-10640.0,,,,
5215,科嘉-KY,上市,,,-11000.0,5.0,197.0,-10798.0,,,,
1437,勤益控,上市,,,-10825.0,0,0,-10825.0,,,,
6201,亞弘電,上市,,,-12000.0,5.0,1000.0,-10995.0,,,,
00689R,國泰20年美債反1,上市,,,-3000.0,0,-8000.0,-11000.0,,,,
00656R,國泰中國A50反1,上市,,,-100000.0,0,89000.0,-11000.0,,,,
020034,元大IC設計N,上市,,,0,0,-11000.0,-11000.0,,,,
2887G,台新新光庚特一,上市,,,-11000.0,0,0,-11000.0,,,,
1456,怡華,上市,,,-11000.0,0,0,-11000.0,,,,
1441,大東,上市,,,-11000.0,0,0,-11000.0,,,,
1452,宏益,上市,,,-11004.0,0,0,-11004.0,,,,
1720,生達,上市,,,-11500.0,0,0,-11500.0,,,,
1615,大山,上市,,,-12000.0,0,0,-12000.0,,,,
00648R,元大S&P500反1,上市,,,0,0,-12000.0,-12000.0,,,,
4540,全球傳動,上市,,,-12003.0,0,0,-12003.0,,,,
0061,元大寶滬深,上市,,,-11000.0,0,-1311.0,-12311.0,,,,
4576,大銀微系統,上市,,,-28166.0,0,15764.0,-12402.0,,,,
6923,中台,上市,,,-13000.0,0,190.0,-12810.0,,,,
4555,氣立,上市,,,-13000.0,0,186.0,-12814.0,,,,
2233,宇隆,上市,,,-17760.0,0,4810.0,-12950.0,,,,
3607,谷崧,上市,,,-13000.0,5.0,0,-12995.0,,,,
1472,三洋實業,上市,,,2000.0,0,-15000.0,-13000.0,,,,
9908,大台北,上市,,,-13000.0,0,0,-13000.0,,,,
7730,暉盛-創,上市,,,66080.0,0,-79261.0,-13181.0,,,,
7749,意騰-KY,上市,,,-13900.0,0,689.0,-13211.0,,,,
2727,王品,上市,,,-16438.0,0,2863.0,-13575.0,,,,
00730,富邦臺灣優質高息,上市,,,-41000.0,0,27182.0,-13818.0,,,,
4935,茂林-KY,上市,,,-14000.0,21.0,0,-13979.0,,,,
2530,華建,上市,,,-27000.0,5013.0,8000.0,-13987.0,,,,
1465,偉全,上市,,,-14000.0,0,0,-14000.0,,,,
6830,汎銓,上市,,,-9546.0,0,-4955.0,-14501.0,,,,
0053,元大電子,上市,,,1000.0,0,-15812.0,-14812.0,,,,
5203,訊連,上市,,,-15853.0,9.0,336.0,-15508.0,,,,
1449,佳和,上市,,,-16351.0,0,418.0,-15933.0,,,,
1713,國化,上市,,,-16000.0,0,0,-16000.0,,,,
6281,全國電,上市,,,-16000.0,0,0,-16000.0,,,,
1582,信錦,上市,,,-22083.0,0,5945.0,-16138.0,,,,
6782,視陽,上市,,,5264.0,-20000.0,-1540.0,-16276.0,,,,
9935,慶豐富,上市,,,-18001.0,1285.0,0,-16716.0,,,,
1337,再生-KY,上市,,,-17000.0,0,0,-17000.0,,,,
2434,統懋,上市,,,-17000.0,0,0,-17000.0,,,,
00991B,貝萊德A級公司債,上市,,,234000.0,0,-251080.0,-17080.0,,,,
2466,冠西電,上市,,,-27623.0,0,10474.0,-17149.0,,,,
5236,凌陽創新,上市,,,-24214.0,0,6633.0,-17581.0,,,,
2505,國揚,上市,,,-8630.0,0,-9000.0,-17630.0,,,,
7631,聚賢研發-創,上市,,,0,0,-17641.0,-17641.0,,,,
3150,鈺寶-創,上市,,,-14000.0,0,-4000.0,-18000.0,,,,
9802,鈺齊-KY,上市,,,186828.0,-205000.0,-24.0,-18196.0,,,,
7750,新代,上市,,,-10103.0,-10000.0,1841.0,-18262.0,,,,
8374,羅昇,上市,,,3000.0,0,-21718.0,-18718.0,,,,
2038,海光,上市,,,-18769.0,0,0,-18769.0,,,,
2414,精技,上市,,,-20000.0,0,1000.0,-19000.0,,,,
1514,亞力,上市,,,-11817.0,0,-7652.0,-19469.0,,,,
6216,居易,上市,,,-20000.0,5.0,0,-19995.0,,,,
8163,達方,上市,,,-17588.0,0,-2681.0,-20269.0,,,,
6668,中揚光,上市,,,-20717.0,0,0,-20717.0,,,,
8104,錸寶,上市,,,-20970.0,0,0,-20970.0,,,,
8341,日友,上市,,,-28000.0,0,7000.0,-21000.0,,,,
6283,淳安,上市,,,-22000.0,0,1000.0,-21000.0,,,,
1733,五鼎,上市,,,-22000.0,0,0,-22000.0,,,,
3622,洋華,上市,,,-22000.0,0,-110.0,-22110.0,,,,
00763U,期街口道瓊銅,上市,,,-1000.0,0,-21538.0,-22538.0,,,,
00690,兆豐藍籌30,上市,,,-988.0,0,-21563.0,-22551.0,,,,
1232,大統益,上市,,,-22894.0,0,101.0,-22793.0,,,,
1760,寶齡富錦,上市,,,-22987.0,0,0,-22987.0,,,,
2250,IKKA-KY,上市,,,-23000.0,0,0,-23000.0,,,,
00674R,期元大S&P黃金反1,上市,,,1000.0,0,-24042.0,-23042.0,,,,
4771,望隼,上市,,,-25997.0,0,2000.0,-23997.0,,,,
2597,潤弘,上市,,,-117032.0,90000.0,2960.0,-24072.0,,,,
00908,富邦入息REITs+,上市,,,-15000.0,0,-9395.0,-24395.0,,,,
4746,台耀,上市,,,-24836.0,0,0,-24836.0,,,,
2243,宏旭-KY,上市,,,-24940.0,0,0,-24940.0,,,,
6606,建德工業,上市,,,-25000.0,0,0,-25000.0,,,,
1342,八貫,上市,,,-26897.0,0,1000.0,-25897.0,,,,
1734,杏輝,上市,,,-25900.0,0,0,-25900.0,,,,
3229,晟鈦,上市,,,-25000.0,5.0,-1000.0,-25995.0,,,,
2429,銘旺科,上市,,,-26089.0,0,0,-26089.0,,,,
2731,雄獅,上市,,,-26874.0,0,705.0,-26169.0,,,,
4976,佳凌,上市,,,-25900.0,0,-614.0,-26514.0,,,,
9955,佳龍,上市,,,-27000.0,0,0,-27000.0,,,,
1439,雋揚,上市,,,-27000.0,0,0,-27000.0,,,,
1414,東和,上市,,,-28914.0,0,1000.0,-27914.0,,,,
00913,兆豐台灣晶圓製造,上市,,,158000.0,0,-185965.0,-27965.0,,,,
6117,迎廣,上市,,,23960.0,0,-52280.0,-28320.0,,,,
3501,維熹,上市,,,-29000.0,8.0,0,-28992.0,,,,
2022,聚亨,上市,,,-29826.0,0,0,-29826.0,,,,
5533,皇鼎,上市,,,-30000.0,0,0,-30000.0,,,,
2204,中華,上市,,,-32950.0,3563.0,-648.0,-30035.0,,,,
00960,野村全球航運龍頭,上市,,,-1944.0,0,-28567.0,-30511.0,,,,
1587,吉茂,上市,,,-32000.0,0,1000.0,-31000.0,,,,
4583,台灣精銳,上市,,,-31082.0,0,0,-31082.0,,,,
2613,中櫃,上市,,,-31118.0,0,0,-31118.0,,,,
1563,巧新,上市,,,-31736.0,0,324.0,-31412.0,,,,
6585,鼎基,上市,,,-30900.0,0,-1000.0,-31900.0,,,,
6838,台新藥,上市,,,-32000.0,0,0,-32000.0,,,,
1616,億泰,上市,,,-32206.0,0,0,-32206.0,,,,
2723,美食-KY,上市,,,-29007.0,0,-3540.0,-32547.0,,,,
8464,億豐,上市,,,-31556.0,-1000.0,-96.0,-32652.0,,,,
2417,圓剛,上市,,,-32960.0,0,0,-32960.0,,,,
1737,臺鹽,上市,,,-38000.0,0,5000.0,-33000.0,,,,
00982T,平衡兆豐台美動能,上市,,,0,0,-33384.0,-33384.0,,,,
6753,龍德造船,上市,,,-33000.0,0,-491.0,-33491.0,,,,
3535,晶彩科,上市,,,-42000.0,0,8306.0,-33694.0,,,,
2453,凌群,上市,,,-33775.0,0,0,-33775.0,,,,
5484,慧友,上市,,,-34000.0,5.0,0,-33995.0,,,,
4552,力達-KY,上市,,,-34000.0,0,0,-34000.0,,,,
3024,憶聲,上市,,,-34590.0,32.0,0,-34558.0,,,,
020020,元大台股領航N,上市,,,0,0,-35000.0,-35000.0,,,,
2630,亞航,上市,,,-28042.0,0,-7000.0,-35042.0,,,,
00643,群益深証中小,上市,,,-9000.0,0,-26518.0,-35518.0,,,,
6937,天虹,上市,,,1715.0,0,-37261.0,-35546.0,,,,
5306,桂盟,上市,,,19169.0,-56500.0,1000.0,-36331.0,,,,
6902,GOGOLOOK,上市,,,-37711.0,0,1000.0,-36711.0,,,,
8162,微矽電子-創,上市,,,-37000.0,0,100.0,-36900.0,,,,
4137,麗豐-KY,上市,,,-37606.0,624.0,0,-36982.0,,,,
2705,六福,上市,,,-37000.0,0,0,-37000.0,,,,
6742,澤米,上市,,,-37590.0,0,-215.0,-37805.0,,,,
00668,國泰美國道瓊,上市,,,350.0,0,-38479.0,-38129.0,,,,
6790,永豐實,上市,,,-38000.0,0,-535.0,-38535.0,,,,
3312,弘憶股,上市,,,-40930.0,0,2000.0,-38930.0,,,,
1537,廣隆,上市,,,-42860.0,0,3000.0,-39860.0,,,,
2832,台產,上市,,,-42301.0,1344.0,743.0,-40214.0,,,,
6272,驊陞,上市,,,-40000.0,5.0,-1000.0,-40995.0,,,,
5292,華懋,上市,,,-49893.0,0,8561.0,-41332.0,,,,
2543,皇昌,上市,,,-41783.0,0,0,-41783.0,,,,
4927,泰鼎-KY,上市,,,8127.0,0,-50097.0,-41970.0,,,,
8103,瀚荃,上市,,,-23518.0,0,-18962.0,-42480.0,,,,
6670,復盛應用,上市,,,-62523.0,17000.0,2959.0,-42564.0,,,,
2236,百達-KY,上市,,,-43948.0,0,1000.0,-42948.0,,,,
8411,福貞-KY,上市,,,2000.0,0,-45000.0,-43000.0,,,,
1227,佳格,上市,,,-43368.0,0,0,-43368.0,,,,
3130,一零四,上市,,,-43409.0,0,0,-43409.0,,,,
2032,新鋼,上市,,,-43777.0,0,0,-43777.0,,,,
7740,熙特爾-創,上市,,,-44904.0,0,-62.0,-44966.0,,,,
3046,建碁,上市,,,-47026.0,14.0,2000.0,-45012.0,,,,
1707,葡萄王,上市,,,-45128.0,0,50.0,-45078.0,,,,
1522,堤維西,上市,,,-44980.0,0,-726.0,-45706.0,,,,
1590,亞德客-KY,上市,,,-47011.0,3000.0,-1917.0,-45928.0,,,,
1618,合機,上市,,,-47199.0,0,-239.0,-47438.0,,,,
2017,官田鋼,上市,,,-44475.0,0,-3000.0,-47475.0,,,,
3017,奇鋐,上市,,,-5336.0,-82831.0,40679.0,-47488.0,,,,
2536,宏普,上市,,,-50000.0,0,0,-50000.0,,,,
3694,海華,上市,,,-49000.0,0,-1000.0,-50000.0,,,,
6472,保瑞,上市,,,-37532.0,0,-14039.0,-51571.0,,,,
3665,貿聯-KY,上市,,,-482158.0,486000.0,-56387.0,-52545.0,,,,
1436,華友聯,上市,,,-53683.0,0,0,-53683.0,,,,
3669,圓展,上市,,,-56000.0,8.0,1000.0,-54992.0,,,,
8114,振樺電,上市,,,-55907.0,0,719.0,-55188.0,,,,
4942,嘉彰,上市,,,-58000.0,0,1000.0,-57000.0,,,,
3686,達能,上市,,,-51000.0,0,-6000.0,-57000.0,,,,
1473,台南,上市,,,-57000.0,0,0,-57000.0,,,,
3356,奇偶,上市,,,-57741.0,5.0,0,-57736.0,,,,
1476,儒鴻,上市,,,-144626.0,91000.0,-4500.0,-58126.0,,,,
1460,宏遠,上市,,,-60699.0,0,0,-60699.0,,,,
6873,泓德能源,上市,,,-63242.0,0,0,-63242.0,,,,
2231,為升,上市,,,-58837.0,0,-4542.0,-63379.0,,,,
2636,台驊控股,上市,,,-91983.0,0,28184.0,-63799.0,,,,
3038,全台,上市,,,-62000.0,5.0,-2000.0,-63995.0,,,,
4560,強信-KY,上市,,,-69000.0,0,5000.0,-64000.0,,,,
6988,威力暘-創,上市,,,-68000.0,0,3000.0,-65000.0,,,,
3135,凌航,上市,,,-51870.0,-13733.0,0,-65603.0,,,,
00984A,主動安聯台灣高息,上市,,,58127.0,0,-124158.0,-66031.0,,,,
1568,倉佑,上市,,,-69000.0,0,1984.0,-67016.0,,,,
2528,皇普,上市,,,-5215.0,3154.0,-65000.0,-67061.0,,,,
2535,達欣工,上市,,,-71567.0,0,3573.0,-67994.0,,,,
3419,譁裕,上市,,,-70359.0,0,1000.0,-69359.0,,,,
3209,全科,上市,,,-72589.0,0,2722.0,-69867.0,,,,
3047,訊舟,上市,,,-70000.0,0,0,-70000.0,,,,
6215,和椿,上市,,,-70353.0,0,-307.0,-70660.0,,,,
1215,卜蜂,上市,,,-69922.0,0,-999.0,-70921.0,,,,
1517,利奇,上市,,,-71000.0,0,0,-71000.0,,,,
8131,福懋科,上市,,,-69482.0,0,-2000.0,-71482.0,,,,
4958,臻鼎-KY,上市,,,236370.0,-500000.0,191409.0,-72221.0,,,,
6969,成信實業*-創,上市,,,-72000.0,0,-277.0,-72277.0,,,,
3716,中化控股,上市,,,-79905.0,0,7000.0,-72905.0,,,,
912000,晨訊科-DR,上市,,,-73000.0,0,0,-73000.0,,,,
6757,台灣虎航,上市,,,-67375.0,0,-6000.0,-73375.0,,,,
2390,云辰,上市,,,-74000.0,0,0,-74000.0,,,,
2423,固緯,上市,,,-75048.0,0,0,-75048.0,,,,
00956,中信日經高股息,上市,,,-34000.0,0,-43970.0,-77970.0,,,,
6589,台康生技,上市,,,-78271.0,0,-892.0,-79163.0,,,,
7799,禾榮科,上市,,,-55330.0,0,-26488.0,-81818.0,,,,
4142,國光生,上市,,,-82000.0,0,-113.0,-82113.0,,,,
2105,正新,上市,,,-1064864.0,737000.0,244746.0,-83118.0,,,,
6698,旭暉應材,上市,,,-85000.0,0,0,-85000.0,,,,
4590,富田-創,上市,,,-85000.0,0,-582.0,-85582.0,,,,
1773,勝一,上市,,,-87394.0,0,1230.0,-86164.0,,,,
6192,巨路,上市,,,-89500.0,0,2994.0,-86506.0,,,,
3708,上緯投控,上市,,,-86886.0,0,66.0,-86820.0,,,,
3004,豐達科,上市,,,-91831.0,0,3727.0,-88104.0,,,,
4722,國精化,上市,,,-134217.0,0,45483.0,-88734.0,,,,
1451,年興,上市,,,-90000.0,0,0,-90000.0,,,,
2103,台橡,上市,,,-84649.0,0,-7862.0,-92511.0,,,,
2617,台航,上市,,,-94467.0,0,1888.0,-92579.0,,,,
2611,志信,上市,,,-93000.0,0,0,-93000.0,,,,
6409,旭隼,上市,,,-91583.0,9000.0,-11732.0,-94315.0,,,,
2069,運錩,上市,,,-102625.0,0,6000.0,-96625.0,,,,
4989,榮科,上市,,,-76772.0,0,-20108.0,-96880.0,,,,
5531,鄉林,上市,,,-97631.0,0,0,-97631.0,,,,
6176,瑞儀,上市,,,-102970.0,0,5251.0,-97719.0,,,,
2497,怡利電,上市,,,-93900.0,0,-5847.0,-99747.0,,,,
2106,建大,上市,,,-137876.0,0,38000.0,-99876.0,,,,
3703,欣陸,上市,,,-112000.0,0,10000.0,-102000.0,,,,
6206,飛捷,上市,,,-100062.0,0,-4043.0,-104105.0,,,,
8926,台汽電,上市,,,-97111.0,0,-7874.0,-104985.0,,,,
5522,遠雄,上市,,,-108849.0,2310.0,0,-106539.0,,,,
2374,佳能,上市,,,-104702.0,0,-2176.0,-106878.0,,,,
2369,菱生,上市,,,-94050.0,0,-13575.0,-107625.0,,,,
2511,太子,上市,,,-107633.0,0,1.0,-107632.0,,,,
6239,力成,上市,,,-439418.0,72000.0,259448.0,-107970.0,,,,
4164,承業醫,上市,,,-89695.0,0,-19779.0,-109474.0,,,,
7711,永擎,上市,,,-161194.0,0,50607.0,-110587.0,,,,
3048,益登,上市,,,-126081.0,0,14000.0,-112081.0,,,,
2646,星宇航空,上市,,,-76919.0,0,-37000.0,-113919.0,,,,
3443,創意,上市,,,11209.0,-138000.0,12293.0,-114498.0,,,,
3704,合勤控,上市,,,-122658.0,0,3925.0,-118733.0,,,,
1109,信大,上市,,,-119350.0,0,0,-119350.0,,,,
1528,恩德,上市,,,-121781.0,0,-139.0,-121920.0,,,,
2033,佳大,上市,,,-122000.0,0,0,-122000.0,,,,
5521,工信,上市,,,-106000.0,0,-16000.0,-122000.0,,,,
6598,ABC-KY,上市,,,-125000.0,0,1000.0,-124000.0,,,,
6477,安集,上市,,,-124046.0,14.0,-1000.0,-125032.0,,,,
00912,中信臺灣智慧50,上市,,,-9965.0,0,-116362.0,-126327.0,,,,
2538,基泰,上市,,,-125000.0,0,-2000.0,-127000.0,,,,
6861,睿生光電,上市,,,-122499.0,20000.0,-24891.0,-127390.0,,,,
7769,鴻勁,上市,,,-122552.0,-7000.0,1563.0,-127989.0,,,,
6901,鑽石投資,上市,,,-146264.0,0,16000.0,-130264.0,,,,
2816,旺旺保,上市,,,-131030.0,0,0,-131030.0,,,,
00938,凱基優選30,上市,,,-22000.0,0,-110494.0,-132494.0,,,,
6024,群益期,上市,,,-133407.0,0,0,-133407.0,,,,
2467,志聖,上市,,,94690.0,-221000.0,-7863.0,-134173.0,,,,
2028,威致,上市,,,-142000.0,0,7000.0,-135000.0,,,,
4934,太極,上市,,,-147021.0,0,10000.0,-137021.0,,,,
2419,仲琦,上市,,,-147363.0,0,8000.0,-139363.0,,,,
1304,台聚,上市,,,-126740.0,0,-14036.0,-140776.0,,,,
6515,穎崴,上市,,,-113513.0,-22300.0,-6112.0,-141925.0,,,,
2031,新光鋼,上市,,,-150665.0,0,8532.0,-142133.0,,,,
9934,成霖,上市,,,-147000.0,0,0,-147000.0,,,,
00642U,期元大S&P石油,上市,,,-29000.0,0,-120226.0,-149226.0,,,,
2439,美律,上市,,,-141108.0,0,-9906.0,-151014.0,,,,
6719,力智,上市,,,-151816.0,0,138.0,-151678.0,,,,
6412,群電,上市,,,-133820.0,0,-18028.0,-151848.0,,,,
1455,集盛,上市,,,-152828.0,0,540.0,-152288.0,,,,
3028,增你強,上市,,,-145402.0,0,-9001.0,-154403.0,,,,
1515,力山,上市,,,-159294.0,0,366.0,-158928.0,,,,
3661,世芯-KY,上市,,,-162751.0,-1000.0,2194.0,-161557.0,,,,
2359,所羅門,上市,,,-161966.0,0,403.0,-161563.0,,,,
8473,山林水,上市,,,-164706.0,0,0,-164706.0,,,,
3092,鴻碩,上市,,,-164778.0,0,-138.0,-164916.0,,,,
6451,訊芯-KY,上市,,,-162780.0,0,-2494.0,-165274.0,,,,
1536,和大,上市,,,-159000.0,0,-6452.0,-165452.0,,,,
5607,遠雄港,上市,,,-177641.0,0,6000.0,-171641.0,,,,
6885,全福生技,上市,,,-172263.0,0,0,-172263.0,,,,
2506,太設,上市,,,-183000.0,0,0,-183000.0,,,,
2211,長榮鋼,上市,,,-285000.0,100000.0,255.0,-184745.0,,,,
6531,愛普*,上市,,,-179567.0,-7000.0,-573.0,-187140.0,,,,
2451,創見,上市,,,-241438.0,56000.0,-2485.0,-187923.0,,,,
2637,慧洋-KY,上市,,,-437219.0,251000.0,-1782.0,-188001.0,,,,
009817,國泰日本不動產,上市,,,132000.0,0,-320150.0,-188150.0,,,,
1307,三芳,上市,,,-190920.0,0,0,-190920.0,,,,
2495,普安,上市,,,-187415.0,0,-4002.0,-191417.0,,,,
9103,美德醫療-DR,上市,,,-191000.0,0,-454.0,-191454.0,,,,
2367,燿華,上市,,,-107588.0,0,-83913.0,-191501.0,,,,
6541,泰福-KY,上市,,,-192879.0,0,89.0,-192790.0,,,,
2478,大毅,上市,,,-302165.0,0,108245.0,-193920.0,,,,
3583,辛耘,上市,,,-195178.0,0,-1691.0,-196869.0,,,,
6442,光聖,上市,,,-175210.0,0,-21687.0,-196897.0,,,,
6831,邁科,上市,,,58963.0,-261000.0,4688.0,-197349.0,,,,
1529,樂事綠能,上市,,,-202066.0,0,0,-202066.0,,,,
2029,盛餘,上市,,,-203251.0,0,0,-203251.0,,,,
00708L,期元大S&P黃金正2,上市,,,-29000.0,10000.0,-185127.0,-204127.0,,,,
1305,華夏,上市,,,-204819.0,0,0,-204819.0,,,,
00885,富邦越南,上市,,,-30945.0,0,-177687.0,-208632.0,,,,
8213,志超,上市,,,-209028.0,0,289.0,-208739.0,,,,
1795,美時,上市,,,-241856.0,0,31089.0,-210767.0,,,,
2472,立隆電,上市,,,-265228.0,0,52743.0,-212485.0,,,,
2852,第一保,上市,,,-219010.0,0,0,-219010.0,,,,
1721,國慶科技,上市,,,-219431.0,0,-1000.0,-220431.0,,,,
2362,藍天,上市,,,-223880.0,0,3309.0,-220571.0,,,,
00706L,期元大S&P日圓正2,上市,,,-3000.0,0,-218286.0,-221286.0,,,,
00852L,國泰美國道瓊正2,上市,,,0,0,-223075.0,-223075.0,,,,
6416,瑞祺電通,上市,,,-228416.0,0,1999.0,-226417.0,,,,
1712,興農,上市,,,-238291.0,3378.0,6359.0,-228554.0,,,,
5234,達興材料,上市,,,-229747.0,0,869.0,-228878.0,,,,
1723,中碳,上市,,,-202765.0,0,-28840.0,-231605.0,,,,
2107,厚生,上市,,,-234792.0,0,0,-234792.0,,,,
3050,鈺德,上市,,,-223836.0,26.0,-12000.0,-235810.0,,,,
9958,世紀鋼,上市,,,-228178.0,0,-11000.0,-239178.0,,,,
2108,南帝,上市,,,-254000.0,0,10534.0,-243466.0,,,,
00917,中信特選金融,上市,,,-68822.0,0,-179822.0,-248644.0,,,,
7780,大研生醫*,上市,,,75000.0,-322500.0,-3451.0,-250951.0,,,,
009800,中信NASDAQ,上市,,,202000.0,0,-453782.0,-251782.0,,,,
1711,永光,上市,,,-236963.0,0,-16449.0,-253412.0,,,,
00738U,期元大道瓊白銀,上市,,,4200.0,0,-258829.0,-254629.0,,,,
2609,陽明,上市,,,-214636.0,13000.0,-54327.0,-255963.0,,,,
1611,中電,上市,,,-274634.0,0,18000.0,-256634.0,,,,
8112,至上,上市,,,-932944.0,700000.0,-26030.0,-258974.0,,,,
2383,台光電,上市,,,-201870.0,-66000.0,8861.0,-259009.0,,,,
9939,宏全,上市,,,-260735.0,0,-1693.0,-262428.0,,,,
2351,順德,上市,,,-317901.0,21000.0,30189.0,-266712.0,,,,
4764,雙鍵,上市,,,-189783.0,-79151.0,27.0,-268907.0,,,,
6789,采鈺,上市,,,-221698.0,2000.0,-49955.0,-269653.0,,,,
2442,新美齊,上市,,,-271000.0,0,0,-271000.0,,,,
3596,智易,上市,,,-288651.0,0,16835.0,-271816.0,,,,
2548,華固,上市,,,-162856.0,0,-109144.0,-272000.0,,,,
6933,AMAX-KY,上市,,,-276096.0,0,1727.0,-274369.0,,,,
6282,康舒,上市,,,-349991.0,0,73048.0,-276943.0,,,,
6133,金橋,上市,,,-283552.0,37.0,0,-283515.0,,,,
6669,緯穎,上市,,,-7451.0,-301000.0,20673.0,-287778.0,,,,
2027,大成鋼,上市,,,-2800166.0,2209000.0,301508.0,-289658.0,,,,
6257,矽格,上市,,,-1238745.0,682000.0,264697.0,-292048.0,,,,
9941,裕融,上市,,,66344.0,-352500.0,-9427.0,-295583.0,,,,
2547,日勝生,上市,,,-317000.0,7704.0,13000.0,-296296.0,,,,
9927,泰銘,上市,,,-150000.0,0,-149000.0,-299000.0,,,,
3592,瑞鼎,上市,,,-309089.0,0,5705.0,-303384.0,,,,
3021,鴻名,上市,,,-309841.0,7.0,0,-309834.0,,,,
6202,盛群,上市,,,-330607.0,0,19671.0,-310936.0,,,,
1442,名軒,上市,,,-317000.0,0,5000.0,-312000.0,,,,
2413,環科,上市,,,-313493.0,0,-305.0,-313798.0,,,,
5534,長虹,上市,,,-81576.0,-252500.0,15845.0,-318231.0,,,,
1316,上曜,上市,,,-320300.0,0,0,-320300.0,,,,
2887I,台新新光辛特,上市,,,-323161.0,0,0,-323161.0,,,,
1519,華城,上市,,,-320359.0,0,-5711.0,-326070.0,,,,
8271,宇瞻,上市,,,-327794.0,0,-2040.0,-329834.0,,,,
6919,康霈*,上市,,,-331178.0,0,-4875.0,-336053.0,,,,
4551,智伸科,上市,,,-335561.0,0,-1070.0,-336631.0,,,,
1612,宏泰,上市,,,-367121.0,0,29840.0,-337281.0,,,,
6443,元晶,上市,,,-341155.0,0,702.0,-340453.0,,,,
1201,味全,上市,,,-331000.0,0,-11000.0,-342000.0,,,,
1308,亞聚,上市,,,-336154.0,0,-9814.0,-345968.0,,,,
009826,貝萊德世界股票,上市,,,22198.0,0,-374078.0,-351880.0,,,,
009802,富邦旗艦50,上市,,,-12754.0,0,-340671.0,-353425.0,,,,
3406,玉晶光,上市,,,-395355.0,11000.0,29174.0,-355181.0,,,,
4916,事欣科,上市,,,-351578.0,0,-15503.0,-367081.0,,,,
2402,毅嘉,上市,,,-292009.0,0,-76978.0,-368987.0,,,,
2461,光群雷,上市,,,-396000.0,5.0,26000.0,-369995.0,,,,
00635U,期元大S&P黃金,上市,,,11969.0,0,-400405.0,-388436.0,,,,
6456,GIS-KY,上市,,,81200.0,0,-470140.0,-388940.0,,,,
8210,勤誠,上市,,,-235142.0,-163000.0,6520.0,-391622.0,,,,
4306,炎洲,上市,,,-407789.0,0,8000.0,-399789.0,,,,
3059,華晶科,上市,,,-392000.0,0,-8116.0,-400116.0,,,,
2850,新產,上市,,,-177707.0,-224000.0,59.0,-401648.0,,,,
1309,台達化,上市,,,-398845.0,0,-3765.0,-402610.0,,,,
3532,台勝科,上市,,,-125247.0,-155000.0,-128169.0,-408416.0,,,,
2457,飛宏,上市,,,-390069.0,0,-21076.0,-411145.0,,,,
2527,宏璟,上市,,,-417626.0,0,4069.0,-413557.0,,,,
00681R,元大美債20反1,上市,,,-477000.0,0,59000.0,-418000.0,,,,
2515,中工,上市,,,-480129.0,0,61760.0,-418369.0,,,,
00907,永豐優息存股,上市,,,-274000.0,0,-145744.0,-419744.0,,,,
3645,達邁,上市,,,-409290.0,0,-15448.0,-424738.0,,,,
2405,輔信,上市,,,-434000.0,0,9000.0,-425000.0,,,,
2355,敬鵬,上市,,,-432312.0,0,5132.0,-427180.0,,,,
6592,和潤企業,上市,,,-257160.0,-178500.0,6298.0,-429362.0,,,,
2455,全新,上市,,,292444.0,-1016000.0,282549.0,-441007.0,,,,
2537,聯上發,上市,,,-448000.0,0,0,-448000.0,,,,
6949,沛爾生醫*-創,上市,,,-402290.0,0,-49921.0,-452211.0,,,,
6177,達麗,上市,,,284386.0,-743760.0,5000.0,-454374.0,,,,
00964,中信亞太高股息,上市,,,-143000.0,0,-311998.0,-454998.0,,,,
2454,聯發科,上市,,,-571884.0,33171.0,74010.0,-464703.0,,,,
00662,富邦NASDAQ,上市,,,42303.0,0,-508505.0,-466202.0,,,,
2006,東和鋼鐵,上市,,,610036.0,-1098000.0,18819.0,-469145.0,,,,
2329,華泰,上市,,,-507331.0,0,32875.0,-474456.0,,,,
9904,寶成,上市,,,-715160.0,8000.0,230837.0,-476323.0,,,,
6426,統新,上市,,,-302035.0,-118000.0,-57051.0,-477086.0,,,,
2352,佳世達,上市,,,-421846.0,0,-55562.0,-477408.0,,,,
1809,中釉,上市,,,-460338.0,0,-20500.0,-480838.0,,,,
2504,國產,上市,,,-519896.0,8754.0,26000.0,-485142.0,,,,
2406,國碩,上市,,,-521224.0,0,35184.0,-486040.0,,,,
1810,和成,上市,,,-491892.0,0,5000.0,-486892.0,,,,
6226,光鼎,上市,,,-492336.0,0,-2000.0,-494336.0,,,,
3033,威健,上市,,,-464166.0,0,-37940.0,-502106.0,,,,
8110,華東,上市,,,-499383.0,0,-3525.0,-502908.0,,,,
1909,榮成,上市,,,-520000.0,0,11000.0,-509000.0,,,,
3062,建漢,上市,,,-506950.0,0,-4315.0,-511265.0,,,,
1722,台肥,上市,,,-512437.0,0,-304.0,-512741.0,,,,
1513,中興電,上市,,,-561271.0,-4000.0,49678.0,-515593.0,,,,
2905,三商,上市,,,-534007.0,0,16000.0,-518007.0,,,,
1447,力鵬,上市,,,-520526.0,0,0,-520526.0,,,,
2104,國際中橡,上市,,,-543563.0,0,21287.0,-522276.0,,,,
00892,富邦台灣半導體,上市,,,46050.0,0,-582213.0,-536163.0,,,,
1808,潤隆,上市,,,469810.0,-1033000.0,11000.0,-552190.0,,,,
1608,華榮,上市,,,-564836.0,0,10095.0,-554741.0,,,,
4739,康普,上市,,,-548548.0,0,-10144.0,-558692.0,,,,
2010,春源,上市,,,-575942.0,0,10000.0,-565942.0,,,,
2201,裕隆,上市,,,-588395.0,0,4483.0,-583912.0,,,,
00909,國泰數位支付服務,上市,,,-75795.0,0,-516310.0,-592105.0,,,,
1440,南紡,上市,,,-611216.0,0,16000.0,-595216.0,,,,
6285,啟碁,上市,,,-609411.0,2000.0,4558.0,-602853.0,,,,
00646,元大S&P500,上市,,,-14547.0,0,-599576.0,-614123.0,,,,
2444,兆勁,上市,,,-617619.0,0,897.0,-616722.0,,,,
1434,福懋,上市,,,-616898.0,0,0,-616898.0,,,,
4967,十銓,上市,,,-357304.0,-249000.0,-17534.0,-623838.0,,,,
2308,台達電,上市,,,-725958.0,117299.0,-19982.0,-628641.0,,,,
2375,凱美,上市,,,-752826.0,0,120818.0,-632008.0,,,,
1444,力麗,上市,,,-649008.0,0,0,-649008.0,,,,
2316,楠梓電,上市,,,-614315.0,0,-40377.0,-654692.0,,,,
2020,美亞,上市,,,-641000.0,0,-45244.0,-686244.0,,,,
3376,新日興,上市,,,-693467.0,0,5363.0,-688104.0,,,,
1907,永豐餘,上市,,,-121279.0,-589000.0,13271.0,-697008.0,,,,
2009,第一銅,上市,,,-689586.0,0,-9495.0,-699081.0,,,,
6269,台郡,上市,,,-679625.0,0,-21248.0,-700873.0,,,,
2485,兆赫,上市,,,-712230.0,0,7879.0,-704351.0,,,,
1708,東鹼,上市,,,-710060.0,0,-5640.0,-715700.0,,,,
00865B,國泰US短期公債,上市,,,80000.0,0,-803580.0,-723580.0,,,,
6446,藥華藥,上市,,,-692472.0,-53000.0,13089.0,-732383.0,,,,
6153,嘉聯益,上市,,,-687307.0,0,-59000.0,-746307.0,,,,
2399,映泰,上市,,,-822222.0,0,70117.0,-752105.0,,,,
2360,致茂,上市,,,307909.0,-1192000.0,76176.0,-807915.0,,,,
7788,松川精密,上市,,,-792124.0,0,-16412.0,-808536.0,,,,
2441,超豐,上市,,,-892440.0,106000.0,-36031.0,-822471.0,,,,
1216,統一,上市,,,-1294219.0,137000.0,322626.0,-834593.0,,,,
2101,南港,上市,,,-837927.0,0,-6221.0,-844148.0,,,,
2851,中再保,上市,,,11422.0,-834000.0,-28274.0,-850852.0,,,,
1310,台苯,上市,,,-854613.0,0,1000.0,-853613.0,,,,
8422,可寧衛*,上市,,,-863499.0,0,-2000.0,-865499.0,,,,
5388,中磊,上市,,,-889077.0,0,-2822.0,-891899.0,,,,
2486,一詮,上市,,,-823520.0,-40000.0,-30022.0,-893542.0,,,,
2312,金寶,上市,,,-803682.0,0,-94788.0,-898470.0,,,,
3563,牧德,上市,,,-844675.0,0,-65985.0,-910660.0,,,,
2838,聯邦銀,上市,,,-916675.0,0,5712.0,-910963.0,,,,
00641R,富邦日本反1,上市,,,0,0,-916043.0,-916043.0,,,,
2820,華票,上市,,,-959616.0,0,26000.0,-933616.0,,,,
1905,華紙,上市,,,-957448.0,0,11272.0,-946176.0,,,,
2241,艾姆勒,上市,,,-981073.0,0,2000.0,-979073.0,,,,
2603,長榮,上市,,,-1374257.0,332000.0,50590.0,-991667.0,,,,
00939,統一台灣高息動能,上市,,,-701000.0,0,-314081.0,-1015081.0,,,,
6139,亞翔,上市,,,-744663.0,-287000.0,7656.0,-1024007.0,,,,
2855,統一證,上市,,,-1640480.0,550000.0,0,-1090480.0,,,,
3714,富采,上市,,,-1849413.0,712000.0,42745.0,-1094668.0,,,,
2313,華通,上市,,,-937800.0,-115000.0,-44788.0,-1097588.0,,,,
2349,錸德,上市,,,-1121338.0,0,0,-1121338.0,,,,
2605,新興,上市,,,-1075520.0,0,-58007.0,-1133527.0,,,,
3380,明泰,上市,,,-1120900.0,0,-16505.0,-1137405.0,,,,
00713,元大台灣高息低波,上市,,,-128739.0,0,-1029943.0,-1158682.0,,,,
2880,華南金,上市,,,-5324635.0,2818000.0,1346697.0,-1159938.0,,,,
8028,昇陽半導體,上市,,,-1177735.0,0,14848.0,-1162887.0,,,,
2501,國建,上市,,,-1224238.0,0,5430.0,-1218808.0,,,,
00963,中信全球高股息,上市,,,-213000.0,0,-1015032.0,-1228032.0,,,,
2337,旺宏,上市,,,-1104217.0,6000.0,-133911.0,-1232128.0,,,,
3450,聯鈞,上市,,,-274807.0,-921000.0,-39601.0,-1235408.0,,,,
2498,宏達電,上市,,,-1164408.0,0,-75777.0,-1240185.0,,,,
2332,友訊,上市,,,-1254794.0,0,13773.0,-1241021.0,,,,
3149,正達,上市,,,-1119767.0,0,-158113.0,-1277880.0,,,,
2483,百容,上市,,,-1297559.0,26.0,-4001.0,-1301534.0,,,,
1904,正隆,上市,,,-1330220.0,0,20000.0,-1310220.0,,,,
2836,高雄銀,上市,,,-1314870.0,0,0,-1314870.0,,,,
2903,遠百,上市,,,-554741.0,-797500.0,33000.0,-1319241.0,,,,
2014,中鴻,上市,,,-1336261.0,0,0,-1336261.0,,,,
2633,台灣高鐵,上市,,,21313.0,-1385500.0,12000.0,-1352187.0,,,,
1714,和桐,上市,,,-1277878.0,0,-86126.0,-1364004.0,,,,
00904,台新臺灣半導體30,上市,,,-332000.0,0,-1059726.0,-1391726.0,,,,
4526,東台,上市,,,-1479078.0,0,59899.0,-1419179.0,,,,
2882,國泰金,上市,,,-6790827.0,5477000.0,-113163.0,-1426990.0,,,,
1609,大亞,上市,,,-1478071.0,0,35143.0,-1442928.0,,,,
2208,台船,上市,,,-1458004.0,0,5000.0,-1453004.0,,,,
4960,誠美材,上市,,,-1443852.0,0,-39192.0,-1483044.0,,,,
3049,精金,上市,,,-1514406.0,0,14544.0,-1499862.0,,,,
00676R,富邦臺灣加權反1,上市,,,-246000.0,0,-1254735.0,-1500735.0,,,,
00985B,群益ESG投等債0-5,上市,,,-1037000.0,0,-471959.0,-1508959.0,,,,
1717,長興,上市,,,-1465360.0,0,-52517.0,-1517877.0,,,,
0055,元大MSCI金融,上市,,,-88717.0,0,-1460820.0,-1549537.0,,,,
00686R,群益臺灣加權反1,上市,,,5000.0,0,-1620676.0,-1615676.0,,,,
4906,正文,上市,,,-1374168.0,0,-308030.0,-1682198.0,,,,
3673,TPK-KY,上市,,,-2051753.0,0,223116.0,-1828637.0,,,,
5871,中租-KY,上市,,,-2150821.0,256000.0,34908.0,-1859913.0,,,,
2426,鼎元,上市,,,-2038338.0,0,171061.0,-1867277.0,,,,
00996A,主動兆豐台灣豐收,上市,,,-1414000.0,0,-503914.0,-1917914.0,,,,
8105,凌巨,上市,,,-1991026.0,0,32808.0,-1958218.0,,,,
2382,廣達,上市,,,-3731227.0,1445000.0,293643.0,-1992584.0,,,,
2368,金像電,上市,,,-2265805.0,141000.0,52324.0,-2072481.0,,,,
00401A,主動摩根台灣鑫收,上市,,,55000.0,0,-2327341.0,-2272341.0,,,,
00947,台新臺灣IC設計,上市,,,-1077388.0,0,-1214202.0,-2291590.0,,,,
8039,台虹,上市,,,-2105312.0,-10000.0,-221488.0,-2336800.0,,,,
2356,英業達,上市,,,-2873938.0,169000.0,320973.0,-2383965.0,,,,
3006,晶豪科,上市,,,-2529284.0,0,137566.0,-2391718.0,,,,
2489,瑞軒,上市,,,-2191563.0,0,-205983.0,-2397546.0,,,,
2401,凌陽,上市,,,-2467119.0,0,64803.0,-2402316.0,,,,
9105,泰金寶-DR,上市,,,-2469084.0,0,-52226.0,-2521310.0,,,,
5880,合庫金,上市,,,-2868241.0,200000.0,89466.0,-2578775.0,,,,
1402,遠東新,上市,,,2104889.0,-4979000.0,179590.0,-2694521.0,,,,
00688L,國泰20年美債正2,上市,,,-1102000.0,0,-1641848.0,-2743848.0,,,,
2542,興富發,上市,,,-65613.0,-2734000.0,-25934.0,-2825547.0,,,,
2881,富邦金,上市,,,-6762517.0,3820000.0,99363.0,-2843154.0,,,,
2897,王道銀行,上市,,,-283132.0,-2785000.0,43610.0,-3024522.0,,,,
00962,台新AI優息動能,上市,,,-7803.0,0,-3152143.0,-3159946.0,,,,
1605,華新,上市,,,-3312650.0,261000.0,-112680.0,-3164330.0,,,,
2354,鴻準,上市,,,-3042084.0,0,-163995.0,-3206079.0,,,,
2305,全友,上市,,,-3216451.0,0,-23317.0,-3239768.0,,,,
2610,華航,上市,,,-6177983.0,2998000.0,-62572.0,-3242555.0,,,,
00922,國泰台灣領袖50,上市,,,-210650.0,0,-3061529.0,-3272179.0,,,,
6120,達運,上市,,,-3239235.0,0,-41960.0,-3281195.0,,,,
1312,國喬,上市,,,-2926000.0,0,-362822.0,-3288822.0,,,,
6116,彩晶,上市,,,-2737337.0,0,-772208.0,-3509545.0,,,,
2449,京元電子,上市,,,-885219.0,-2220000.0,-425836.0,-3531055.0,,,,
1718,中纖,上市,,,-4007597.0,0,-171009.0,-4178606.0,,,,
1409,新纖,上市,,,-4526162.0,-154000.0,111167.0,-4568995.0,,,,
1802,台玻,上市,,,-4832047.0,-20000.0,176565.0,-4675482.0,,,,
00961,FT臺灣永續高息,上市,,,-405400.0,0,-4401185.0,-4806585.0,,,,
3576,聯合再生,上市,,,-4697708.0,0,-124989.0,-4822697.0,,,,
2812,台中銀,上市,,,-5118053.0,0,79184.0,-5038869.0,,,,
2890,永豐金,上市,,,-9462211.0,3287000.0,965863.0,-5209348.0,,,,
2618,長榮航,上市,,,-3653555.0,-1777000.0,175181.0,-5255374.0,,,,
6005,群益證,上市,,,-5302091.0,0,0,-5302091.0,,,,
00984D,主動聯博全球非投,上市,,,117000.0,0,-5484000.0,-5367000.0,,,,
4763,材料*-KY,上市,,,-3149227.0,-1982000.0,-265707.0,-5396934.0,,,,
009821,野村稀土關鍵資源,上市,,,255000.0,0,-5845053.0,-5590053.0,,,,
00400A,主動國泰動能高息,上市,,,-1567877.0,0,-4049485.0,-5617362.0,,,,
2889,國票金,上市,,,-5901060.0,0,-542.0,-5901602.0,,,,
1301,台塑,上市,,,-5524115.0,0,-457187.0,-5981302.0,,,,
2887,台新新光金,上市,,,-26210812.0,19273000.0,532074.0,-6405738.0,,,,
6505,台塑化,上市,,,-13022309.0,6959000.0,-479769.0,-6543078.0,,,,
2845,遠東銀,上市,,,-3426217.0,-3355564.0,-164361.0,-6946142.0,,,,
2891,中信金,上市,,,-13476624.0,4756000.0,999061.0,-7721563.0,,,,
00680L,元大美債20正2,上市,,,145000.0,0,-9596391.0,-9451391.0,,,,
2885,元大金,上市,,,-11879856.0,1528640.0,589217.0,-9761999.0,,,,
1326,台化,上市,,,-10197294.0,336000.0,-710257.0,-10571551.0,,,,
1303,南亞,上市,,,-11981849.0,662000.0,236009.0,-11083840.0,,,,
2371,大同,上市,,,-10686904.0,0,-658167.0,-11345071.0,,,,
2883,凱基金,上市,,,-21895858.0,8299000.0,1269568.0,-12327290.0,,,,
00992A,主動群益科技創新,上市,,,-8905955.0,0,-4152462.0,-13058417.0,,,,
00953B,群益優選非投等債,上市,,,-31000.0,0,-13220619.0,-13251619.0,,,,
6770,力積電,上市,,,-13847496.0,12000.0,-441541.0,-14277037.0,,,,
2324,仁寶,上市,,,-15352567.0,25000.0,663389.0,-14664178.0,,,,
00918,大華優利高填息30,上市,,,-1665750.0,0,-14578361.0,-16244111.0,,,,
2834,臺企銀,上市,,,-16910296.0,0,-39023.0,-16949319.0,,,,
1314,中石化,上市,,,-17149413.0,0,7000.0,-17142413.0,,,,
0050,元大台灣50,上市,,,-25199196.0,130000.0,5622603.0,-19446593.0,,,,
2002,中鋼,上市,,,-21326721.0,0,30587.0,-21296134.0,,,,
00878,國泰永續高股息,上市,,,-3021568.0,0,-20004403.0,-23025971.0,,,,
00985A,主動野村台灣50,上市,,,-1238750.0,0,-23025574.0,-24264324.0,,,,
00927,群益半導體收益,上市,,,-11493300.0,0,-18504283.0,-29997583.0,,,,
1101,台泥,上市,,,-33232642.0,0,90330.0,-33142312.0,,,,
0056,元大高股息,上市,,,-8960687.0,180000.0,-24686838.0,-33467525.0,,,,
2409,友達,上市,,,-36216125.0,2628000.0,-5677177.0,-39265302.0,,,,
00712,復華富時不動產,上市,,,20823600.0,0,-63775470.0,-42951870.0,,,,
009816,凱基台灣TOP50,上市,,,-5891371.0,0,-39860734.0,-45752105.0,,,,
3481,群創,上市,,,-93138155.0,600000.0,-4178496.0,-96716651.0,,,,
00919,群益台灣精選高息,上市,,,-5769347.0,0,-97641514.0,-103410861.0,,,,
00406A,主動中信台灣收益,上市,,,14569613.0,0,-172536540.0,-157966927.0,,,,
00411A,主動統一前沿科技,上櫃,10.75,1.799242424242424,8500.0,0,-801951.0,-793451.0,91375.0,0.0,-8620973.25,-8529598.25
006201,元大富櫃50,上櫃,46.59,0.1935483870967742,-1000.0,0,30184.0,29184.0,-46590.0,0.0,1406272.56,1359682.56
00679B,元大美債20年,上櫃,24.64,-0.5248284214775939,-32563.0,0,-9116434.0,-9148997.0,-802352.3200000001,0.0,-224628933.76,-225431286.08
00687B,國泰20年美債,上櫃,25.6,-0.46656298600311036,-675860.0,0,-7932757.0,-8608617.0,-17302016.0,0.0,-203078579.20000002,-220380595.20000002
00687C,國泰20年美債+櫃U,上櫃,8.64,-0.8036739380022963,0,0,0,0,0.0,0.0,0.0,0.0
00694B,富邦美債1-3,上櫃,41.78,0.31212484993997597,8000.0,0,21455.0,29455.0,334240.0,0.0,896389.9,1230629.9000000001
00695B,富邦美債7-10,上櫃,33.69,-0.029673590504451043,0,0,-7528.0,-7528.0,0.0,0.0,-253618.31999999998,-253618.31999999998
00696B,富邦美債20年,上櫃,26.84,-0.5557613931085588,-110000.0,0,-281114.0,-391114.0,-2952400.0,0.0,-7545099.76,-10497499.76
00697B,元大美債7-10,上櫃,33.95,-0.17641870038224047,13000.0,0,63289.0,76289.0,441350.00000000006,0.0,2148661.5500000003,2590011.5500000003
00719B,元大美債1-3,上櫃,31.06,0.1612383102225089,74000.0,0,-819767.0,-745767.0,2298440.0,0.0,-25461963.02,-23163523.02
00720B,元大投資級公司債,上櫃,30.76,-0.2917341977309562,913100.0,0,-4385752.0,-3472652.0,28086956.0,0.0,-134905731.52,-106818775.52000001
00722B,群益投資級電信債,上櫃,33.07,-0.18110473890733472,-470000.0,0,-192498.0,-662498.0,-15542900.0,0.0,-6365908.86,-21908808.86
00723B,群益投資級科技債,上櫃,28.26,-0.38773352132534367,-1000.0,0,-2266.0,-3266.0,-28260.0,0.0,-64037.16,-92297.16
00724B,群益投資級金融債,上櫃,31.54,-0.189873417721519,-134000.0,0,22017.0,-111983.0,-4226360.0,0.0,694416.1799999999,-3531943.82
00725B,國泰投資級公司債,上櫃,32.8,-0.30395136778115506,-709000.0,0,-530346.0,-1239346.0,-23255199.999999996,0.0,-17395348.799999997,-40650548.8
00726B,國泰新興投等債,上櫃,31.08,-0.3846153846153846,24000.0,0,11862.0,35862.0,745920.0,0.0,368670.95999999996,1114590.96
00727B,國泰優選非投等債,上櫃,38.93,0.10285420416559526,3000.0,0,5366.0,8366.0,116790.0,0.0,208898.38,325688.38
00734B,台新JPM新興債,上櫃,14.81,-0.47043010752688175,-1000.0,0,0,-1000.0,-14810.0,0.0,0.0,-14810.0
00740B,富邦全球投等債,上櫃,35.85,-0.19487750556792874,-28000.0,295000.0,-555298.0,-288298.0,-1003800.0,10575750.0,-19907433.3,-10335483.3
00741B,富邦全球非投等債,上櫃,36.71,-0.05445140212360467,0,0,-1184.0,-1184.0,0.0,0.0,-43464.64,-43464.64
00746B,富邦A級公司債,上櫃,33.23,-0.21021021021021025,-13000.0,0,9952.0,-3048.0,-431989.99999999994,0.0,330704.95999999996,-101285.04
00749B,凱基新興債10+,上櫃,29.66,0.0,0,0,0,0,0.0,0.0,0.0,0.0
00750B,凱基科技債10+,上櫃,30.68,0.0,0,0,0,0,0.0,0.0,0.0,0.0
00751B,元大AAA至A公司債,上櫃,28.82,-0.3113109650639917,-89950.0,0,-3169252.0,-3259202.0,-2592359.0,0.0,-91337842.64,-93930201.64
00754B,群益AAA-AA公司債,上櫃,30.26,-0.32938076416337286,0,0,-16228.0,-16228.0,0.0,0.0,-491059.28,-491059.28
00755B,群益投資級公用債,上櫃,30.36,-0.459016393442623,0,0,-10497.0,-10497.0,0.0,0.0,-318688.92,-318688.92
00756B,群益投等新興公債,上櫃,28.89,-0.6875214850464078,-2000.0,0,-88005.0,-90005.0,-57780.0,0.0,-2542464.45,-2600244.45
00758B,復華能源債,上櫃,48.18,-0.5572755417956656,0,0,2884.0,2884.0,0.0,0.0,138951.12,138951.12
00759B,復華製藥債,上櫃,50.65,-0.4911591355599214,0,0,-99.0,-99.0,0.0,0.0,-5014.349999999999,-5014.349999999999
00760B,復華新興企業債,上櫃,50.35,-0.4940711462450593,0,0,-103.0,-103.0,0.0,0.0,-5186.05,-5186.05
00761B,國泰A級公司債,上櫃,31.84,-0.15678896205707119,-27000.0,0,-7493.0,-34493.0,-859680.0,0.0,-238577.12,-1098257.1199999999
00764B,群益25年美債,上櫃,25.53,-0.5841121495327103,-572000.0,0,458373.0,-113627.0,-14603160.0,0.0,11702262.690000001,-2900897.31
00768B,復華20年美債,上櫃,45.86,-0.4774305555555556,-27000.0,0,-126692.0,-153692.0,-1238220.0,0.0,-5810095.12,-7048315.12
00772B,中信高評級公司債,上櫃,31.11,-0.2884615384615385,-368900.0,0,-705144.0,-1074044.0,-11476479.0,0.0,-21937029.84,-33413508.84
00773B,中信優先金融債,上櫃,33.29,-0.2696225284601558,-51000.0,0,73185.0,22185.0,-1697790.0,0.0,2436328.65,738538.65
00777B,凱基AAA至A公司債,上櫃,30.05,-0.09973404255319149,-1000.0,0,-1000.0,-2000.0,-30050.0,0.0,-30050.0,-60100.0
00778B,凱基金融債20+,上櫃,31.74,-0.15728216420257943,0,0,0,0,0.0,0.0,0.0,0.0
00779B,凱基美債25+,上櫃,25.75,-0.5791505791505791,0,0,-7000.0,-7000.0,0.0,0.0,-180250.0,-180250.0
00780B,國泰A級金融債,上櫃,35.37,0.08488964346349746,0,0,2000.0,2000.0,0.0,0.0,70740.0,70740.0
00781B,國泰A級科技債,上櫃,25.68,-0.3492433061699651,0,0,-28220.0,-28220.0,0.0,0.0,-724689.6,-724689.6
00782B,國泰A級公用債,上櫃,28.27,-0.3524850193866761,4000.0,0,-120250.0,-116250.0,113080.0,0.0,-3399467.5,-3286387.5
00785B,富邦金融投等債,上櫃,32.71,-0.12213740458015268,30000.0,0,-31000.0,-1000.0,981300.0,0.0,-1014010.0,-32710.0
00786B,元大10年IG銀行債,上櫃,30.54,-0.42386697098141507,0,0,24769.0,24769.0,0.0,0.0,756445.26,756445.26
00787B,元大10年IG醫療債,上櫃,30.21,-0.2641135688345989,0,0,-2229.0,-2229.0,0.0,0.0,-67338.09,-67338.09
00788B,元大10年IG電能債,上櫃,27.98,-0.5332385353714896,2000.0,0,8835.0,10835.0,55960.0,0.0,247203.30000000002,303163.3
00789B,復華公司債A3,上櫃,44.36,-0.22492127755285649,0,0,-160.0,-160.0,0.0,0.0,-7097.6,-7097.6
00791B,復華信用債1-5,上櫃,56.4,0.26666666666666666,-2000.0,0,2000.0,0,-112800.0,0.0,112800.0,0.0
00792B,群益A級公司債,上櫃,29.06,-0.27453671928620454,0,0,22500.0,22500.0,0.0,0.0,653850.0,653850.0
00795B,中信美國公債20年,上櫃,24.74,-0.6026516673362797,1741000.0,0,-3417983.0,-1676983.0,43072340.0,0.0,-84560899.42,-41488559.419999994
00799B,國泰A級醫療債,上櫃,27.45,-0.2905920813657828,-10000.0,0,-10844.0,-20844.0,-274500.0,0.0,-297667.8,-572167.7999999999
00834B,第一金金融債10+,上櫃,31.98,-0.2806361085126286,-1000.0,0,9000.0,8000.0,-31980.0,0.0,287820.0,255840.0
00836B,永豐10年A公司債,上櫃,26.33,-0.6040015100037751,-1000.0,0,-272.0,-1272.0,-26330.0,0.0,-7161.759999999999,-33491.759999999995
00840B,凱基IG精選15+,上櫃,27.61,-0.14466546112115736,0,0,0,0,0.0,0.0,0.0,0.0
00841B,凱基AAA-AA公司債,上櫃,26.4,-0.07570022710068132,0,0,0,0,0.0,0.0,0.0,0.0
00842B,台新美元銀行債,上櫃,28.18,-0.31835868411743895,-14000.0,0,-63000.0,-77000.0,-394520.0,0.0,-1775340.0,-2169860.0
00844B,台新15年IG金融債,上櫃,29.25,-0.34071550255536626,3000.0,0,21000.0,24000.0,87750.0,0.0,614250.0,702000.0
00845B,富邦新興投等債,上櫃,31.47,-0.19029495718363465,50000.0,0,-50000.0,0,1573500.0,0.0,-1573500.0,0.0
00846B,富邦歐洲銀行債,上櫃,34.11,0.02932551319648094,0,0,-1069.0,-1069.0,0.0,0.0,-36463.59,-36463.59
00847B,中信美國市政債,上櫃,23.26,-0.810234541577825,28000.0,0,-21000.0,7000.0,651280.0,0.0,-488460.00000000006,162820.0
00848B,中信新興亞洲債,上櫃,32.4,-0.12330456226880394,-2000.0,0,1996.0,-4.0,-64800.0,0.0,64670.399999999994,-129.6
00849B,中信EM主權債0-5,上櫃,37.27,0.10744023636851999,0,0,2725.0,2725.0,0.0,0.0,101560.75000000001,101560.75000000001
00853B,統一美債10年Aa-A,上櫃,25.45,-0.27429467084639503,0,0,-8167.0,-8167.0,0.0,0.0,-207850.15,-207850.15
00856B,永豐1-3年美公債,上櫃,37.19,0.4863550391786004,-1000.0,0,10000.0,9000.0,-37190.0,0.0,371900.0,334710.0
00857B,永豐20年美公債,上櫃,21.28,-0.5142589995324919,-11000.0,0,-58336.0,-69336.0,-234080.0,0.0,-1241390.08,-1475470.08
00858,永豐美國500大,上櫃,36.28,0.4429678848283499,62000.0,0,248070.0,310070.0,2249360.0,0.0,8999979.6,11249339.6
00859B,群益0-1年美債,上櫃,40.8,0.27033669206193167,103000.0,0,-313344.0,-210344.0,4202400.0,0.0,-12784435.2,-8582035.2
00860B,群益1-5Y投資級債,上櫃,37.84,0.2649708532061473,0,0,-1089.0,-1089.0,0.0,0.0,-41207.76,-41207.76
00862B,中信投資級公司債,上櫃,29.15,-0.1370332305584104,-19000.0,0,36944.0,17944.0,-553850.0,0.0,1076917.5999999999,523067.6
00863B,中信全球電信債,上櫃,29.32,-0.3060183611016661,24000.0,0,-68035.0,-44035.0,703680.0,0.0,-1994786.2,-1291106.2
00864B,中信美國公債0-1,上櫃,46.31,0.1947209000432713,290000.0,0,155000.0,445000.0,13429900.0,0.0,7178050.0,20607950.0
00867B,台新A-BBB電信債,上櫃,28.43,0.31757233592095974,-198000.0,0,197000.0,-1000.0,-5629140.0,0.0,5600710.0,-28430.0
00870B,元大15年EM主權債,上櫃,26.01,-0.7251908396946564,89000.0,0,-92188.0,-3188.0,2314890.0,0.0,-2397809.8800000004,-82919.88
00877,復華中國5G,上櫃,35.15,-0.36848072562358275,-16000.0,0,-410698.0,-426698.0,-562400.0,0.0,-14436034.7,-14998434.7
00884B,中信低碳新興債,上櫃,27.36,-0.6535947712418301,0,0,672.0,672.0,0.0,0.0,18385.92,18385.92
00886,永豐美國科技,上櫃,49.7,0.30272452068617556,0,0,27695.0,27695.0,0.0,0.0,1376441.5,1376441.5
00887,永豐中國科技50大,上櫃,15.2,-0.1314060446780552,-55000.0,0,-337284.0,-392284.0,-836000.0,0.0,-5126716.8,-5962716.8
00888,永豐台灣ESG,上櫃,36.59,1.1891592920353982,-600826.0,0,256376.0,-344450.0,-21984223.340000004,0.0,9380797.840000002,-12603425.500000002
00890B,凱基ESG BBB債15+,上櫃,29.95,-0.19993335554815062,0,0,1000.0,1000.0,0.0,0.0,29950.0,29950.0
00928,中信上櫃ESG 30,上櫃,33.57,0.2688172043010753,-6000.0,0,85290.0,79290.0,-201420.0,0.0,2863185.3,2661765.3
00931B,統一美債20年,上櫃,12.46,-0.5586592178770949,-2000.0,0,-772583.0,-774583.0,-24920.0,0.0,-9626384.180000002,-9651304.180000002
00933B,國泰10Y+金融債,上櫃,14.95,-0.20026702269692925,56131.0,0,-3203995.0,-3147864.0,839158.45,0.0,-47899725.25,-47060566.8
00937B,群益ESG投等債20+,上櫃,13.74,-0.29027576197387517,-11485000.0,0,-9375852.0,-20860852.0,-157803900.0,0.0,-128824206.48,-286628106.48
00942B,台新美A公司債20+,上櫃,13.14,-0.37907505686125853,-25000.0,0,433782.0,408782.0,-328500.0,0.0,5699895.48,5371395.48
00948B,中信優息投資級債,上櫃,8.78,-0.2272727272727273,-33000.0,0,-633447.0,-666447.0,-289740.0,0.0,-5561664.659999999,-5851404.659999999
00950B,凱基A級公司債,上櫃,13.13,-0.30372057706909644,7000.0,0,-1112803.0,-1105803.0,91910.0,0.0,-14611103.39,-14519193.39
00955,中信日本商社,上櫃,15.97,-0.7458048477315102,-232939.0,0,-579457.0,-812396.0,-3720035.83,0.0,-9253928.290000001,-12973964.120000001
00957B,兆豐US優選投等債,上櫃,12.43,-0.4006410256410257,2000.0,0,76415.0,78415.0,24860.0,0.0,949838.45,974698.45
00958B,永豐ESG銀行債15+,上櫃,8.62,-0.2314814814814815,-32000.0,0,15591.0,-16409.0,-275840.0,0.0,134394.41999999998,-141445.58
00959B,大華投等美債15Y+,上櫃,8.75,-0.22805017103762829,-189000.0,0,-1251229.0,-1440229.0,-1653750.0,0.0,-10948253.75,-12602003.75
00966B,統一ESG投等債15+,上櫃,12.97,-0.3074558032282859,-81000.0,0,13496.0,-67504.0,-1050570.0,0.0,175043.12,-875526.88
00967B,元大優息美債,上櫃,8.51,-0.2344665885111372,-19000.0,0,-174632.0,-193632.0,-161690.0,0.0,-1486118.32,-1647808.32
00968B,元大優息投等債,上櫃,8.63,-0.3464203233256351,188000.0,0,-104153.0,83847.0,1622440.0000000002,0.0,-898840.3900000001,723599.6100000001
00969B,元大零息超長美債,上櫃,7.4,-1.3333333333333335,-11000.0,0,-458132.0,-469132.0,-81400.0,0.0,-3390176.8000000003,-3471576.8000000003
00970B,台新BBB投等債20+,上櫃,8.69,-0.22962112514351324,16000.0,0,197388.0,213388.0,139040.0,0.0,1715301.72,1854341.72
009806,台新標普500,上櫃,13.81,0.29048656499636893,0,0,-15244.0,-15244.0,0.0,0.0,-210519.64,-210519.64
009807,台新標普科技精選,上櫃,18.05,1.4044943820224718,0,0,29237.0,29237.0,0.0,0.0,527727.85,527727.85
00980B,台新特選IG債10+,上櫃,8.81,-0.4519774011299435,0,0,35320.0,35320.0,0.0,0.0,311169.2,311169.2
00980D,主動聯博投等入息,上櫃,19.47,-0.051334702258726904,5000.0,0,189099.0,194099.0,97350.0,0.0,3681757.53,3779107.53
00980T,平衡凱基美國TOP,上櫃,12.17,1.2479201331114809,1000.0,0,148949.0,149949.0,12170.0,0.0,1812709.33,1824879.33
009814,富邦標普500,上櫃,11.46,0.350262697022767,-1000.0,25000.0,989550.0,1013550.0,-11460.0,286500.0,11340243.0,11615283.0
009815,大華美國MAG7+,上櫃,12.15,1.8440905280804696,101000.0,0,2200438.0,2301438.0,1227150.0,0.0,26735321.7,27962471.7
00981B,第一金優選非投債,上櫃,8.97,0.0,0,0,270102.0,270102.0,0.0,0.0,2422814.94,2422814.94
00981D,主動中信非投等債,上櫃,10.11,0.19821605550049554,293010.0,0,102319.0,395329.0,2962331.0999999996,0.0,1034445.09,3996776.19
009822,華南永昌未來金融,上櫃,9.33,-1.3742071881606766,-8000.0,0,-181000.0,-189000.0,-74640.0,0.0,-1688730.0,-1763370.0
009823,群益S&P500,上櫃,10.52,0.4775549188156639,150000.0,0,1575330.0,1725330.0,1578000.0,0.0,16572471.6,18150471.599999998
009825,聯邦美國金融創新,上櫃,9.7,-0.81799591002045,-39000.0,0,-28569.0,-67569.0,-378300.0,0.0,-277119.3,-655419.2999999999
00982B,FT投資級債20+,上櫃,9.04,-0.5500550055005501,-4000.0,0,6514.0,2514.0,-36160.0,0.0,58886.56,22726.559999999998
00983B,大華優利美公債20,上櫃,14.42,-0.6887052341597797,0,0,28570.0,28570.0,0.0,0.0,411979.4,411979.4
00984B,大華優利美A債15,上櫃,15.15,-0.45992115637319314,-7000.0,0,-366850.0,-373850.0,-106050.0,0.0,-5557777.5,-5663827.5
00985D,主動貝萊德優投等,上櫃,9.45,-0.4214963119072709,-6000.0,0,-555252.0,-561252.0,-56699.99999999999,0.0,-5247131.399999999,-5303831.399999999
00986B,FT金融債10+,上櫃,9.15,-1.187904967602592,-72000.0,0,84959.0,12959.0,-658800.0,0.0,777374.85,118574.85
00986D,主動復華金融債息,上櫃,13.88,0.0,149000.0,0,57621.0,206621.0,2068120.0000000002,0.0,799779.4800000001,2867899.48
00987B,野村10+澳洲公債,上櫃,15.21,-0.5232177894048398,-19000.0,0,-254635.0,-273635.0,-288990.0,0.0,-3872998.35,-4161988.35
00987D,主動統一美債量化,上櫃,9.48,-0.21052631578947367,0,0,-10474.0,-10474.0,0.0,0.0,-99293.52,-99293.52
00988B,玉山嚴選非投債,上櫃,19.11,0.052356020942408384,485000.0,0,254428.0,739428.0,9268350.0,0.0,4862119.08,14130469.08
00989B,台新美國非投等債,上櫃,9.86,0.10152284263959391,34000.0,0,-904833.0,-870833.0,335240.0,0.0,-8921653.379999999,-8586413.379999999
00990B,國泰收益非投等債,上櫃,9.82,0.0,0,0,-64606.0,-64606.0,0.0,0.0,-634430.92,-634430.92
00998A,主動復華金融股息,上櫃,16.58,-1.0739856801909309,-2749700.0,0,-1943287.0,-4692987.0,-45590025.99999999,0.0,-32219698.459999997,-77809724.46
020025,統一亞洲半導體N,上櫃,41.02,1.963708675118071,0,0,134000.0,134000.0,0.0,0.0,5496680.0,5496680.0
020033,統一恒生科期N,上櫃,3.42,1.483679525222552,0,0,-1000.0,-1000.0,0.0,0.0,-3420.0,-3420.0
020041,兆豐半導體氣候N,上櫃,21.13,-0.37718057520037723,0,0,122000.0,122000.0,0.0,0.0,2577860.0,2577860.0
1240,茂生農經,上櫃,54.1,-0.3683241252302025,3000.0,0,0,3000.0,162300.0,0.0,0.0,162300.0
1259,安心,上櫃,68.0,-0.14684287812041116,0,0,0,0,0.0,0.0,0.0,0.0
1264,德麥,上櫃,245.0,0.0,974.0,0,0,974.0,238630.0,0.0,0.0,238630.0
1268,漢來美食,上櫃,177.5,1.4285714285714286,-8535.0,0,144.0,-8391.0,-1514962.5,0.0,25560.0,-1489402.5
1294,漢田生技,上櫃,50.2,-0.3968253968253968,0,0,0,0,0.0,0.0,0.0,0.0
1295,生合,上櫃,47.8,0.8438818565400845,0,0,0,0,0.0,0.0,0.0,0.0
1336,台翰,上櫃,18.3,5.47550432276657,2665.0,0,170907.0,173572.0,48769.5,0.0,3127598.1,3176367.6
1565,精華,上櫃,96.7,0.20725388601036268,32000.0,0,-294.0,31706.0,3094400.0,0.0,-28429.8,3065970.2
1569,濱川,上櫃,63.8,1.916932907348243,216631.0,0,267365.0,483996.0,13821057.799999999,0.0,17057887.0,30878944.799999997
1570,力肯,上櫃,32.25,-2.8614457831325297,1995.0,0,0,1995.0,64338.75,0.0,0.0,64338.75
1580,新麥,上櫃,97.4,0.3089598352214212,1000.0,0,0,1000.0,97400.0,0.0,0.0,97400.0
1584,精剛,上櫃,18.6,-1.326259946949602,-33029.0,0,11000.0,-22029.0,-614339.4,0.0,204600.00000000003,-409739.4
1586,和勤,上櫃,17.9,0.0,-12000.0,0,-528.0,-12528.0,-214799.99999999997,0.0,-9451.199999999999,-224251.19999999998
1591,駿吉-KY,上櫃,41.4,-3.1578947368421053,-89003.0,0,411.0,-88592.0,-3684724.1999999997,0.0,17015.399999999998,-3667708.8
1593,祺驊,上櫃,31.7,0.0,-1000.0,0,0,-1000.0,-31700.0,0.0,0.0,-31700.0
1595,川寶,上櫃,83.3,-2.3446658851113718,-640788.0,0,45585.0,-595203.0,-53377640.4,0.0,3797230.5,-49580409.9
1599,宏佳騰,上櫃,23.1,0.21691973969631237,11000.0,0,82.0,11082.0,254100.00000000003,0.0,1894.2,255994.2
1742,台蠟,上櫃,17.8,1.1363636363636365,0,0,-871.0,-871.0,0.0,0.0,-15503.800000000001,-15503.800000000001
1777,生泰,上櫃,74.3,0.5412719891745603,-1000.0,0,0,-1000.0,-74300.0,0.0,0.0,-74300.0
1780,立弘,上櫃,25.25,-0.1976284584980237,9000.0,0,0,9000.0,227250.0,0.0,0.0,227250.0
1781,合世,上櫃,9.99,0.0,-4000.0,0,0,-4000.0,-39960.0,0.0,0.0,-39960.0
1784,訊聯,上櫃,60.4,,-2000.0,0,-70.0,-2070.0,-120800.0,0.0,-4228.0,-125028.0
1785,光洋科,上櫃,101.0,0.4975124378109453,-1834592.0,-1000.0,-4308.0,-1839900.0,-185293792.0,-101000.0,-435108.0,-185829900.0
1788,杏昌,上櫃,127.5,-0.390625,0,0,0,0,0.0,0.0,0.0,0.0
1796,金穎生技,上櫃,30.3,3.945111492281303,2000.0,0,0,2000.0,60600.0,0.0,0.0,60600.0
1799,易威,上櫃,28.95,-0.1724137931034483,9637.0,0,-553.0,9084.0,278991.14999999997,0.0,-16009.35,262981.8
1813,寶利徠,上櫃,11.3,0.0,2000.0,0,0,2000.0,22600.0,0.0,0.0,22600.0
1815,富喬,上櫃,116.0,0.0,-5140924.0,-5000.0,-68519.0,-5214443.0,-596347184.0,-580000.0,-7948204.0,-604875388.0
2035,唐榮,上櫃,26.9,1.509433962264151,1000.0,0,0,1000.0,26900.0,0.0,0.0,26900.0
2061,風青,上櫃,61.7,3.177257525083612,125033.0,0,8154.0,133187.0,7714536.100000001,0.0,503101.80000000005,8217637.9
2063,世鎧,上櫃,23.6,0.425531914893617,-1000.0,0,0,-1000.0,-23600.0,0.0,0.0,-23600.0
2064,晉椿,上櫃,12.0,0.4184100418410042,11000.0,0,0,11000.0,132000.0,0.0,0.0,132000.0
2065,世豐,上櫃,35.65,0.2812939521800282,8000.0,0,130.0,8130.0,285200.0,0.0,4634.5,289834.5
2066,世德,上櫃,51.7,-0.9578544061302682,1000.0,0,0,1000.0,51700.0,0.0,0.0,51700.0
2067,嘉鋼,上櫃,4.91,0.0,-28000.0,0,-709.0,-28709.0,-137480.0,0.0,-3481.19,-140961.19
2070,精湛,上櫃,63.0,-0.47393364928909953,26103.0,0,-787.0,25316.0,1644489.0,0.0,-49581.0,1594908.0
2221,大甲,上櫃,179.0,-9.367088607594937,-66165.0,0,12233.0,-53932.0,-11843535.0,0.0,2189707.0,-9653828.0
2230,泰茂,上櫃,21.5,-1.3761467889908257,1000.0,0,-1291.0,-291.0,21500.0,0.0,-27756.5,-6256.5
2596,綠意,上櫃,34.9,-0.5698005698005698,-7000.0,0,-868.0,-7868.0,-244300.0,0.0,-30293.199999999997,-274593.2
2640,大車隊,上櫃,157.0,0.0,-8690.0,0,458.0,-8232.0,-1364330.0,0.0,71906.0,-1292424.0
2641,正德,上櫃,17.35,-0.8571428571428572,-71000.0,0,-3.0,-71003.0,-1231850.0,0.0,-52.050000000000004,-1231902.05
2643,捷迅,上櫃,62.3,-0.47923322683706077,-2000.0,0,0,-2000.0,-124600.0,0.0,0.0,-124600.0
2718,全心投控,上櫃,40.0,-1.1124845488257107,-9000.0,263.0,-694.0,-9431.0,-360000.0,10520.0,-27760.0,-377240.0
2719,燦星旅,上櫃,19.5,-1.2658227848101267,-1000.0,0,0,-1000.0,-19500.0,0.0,0.0,-19500.0
2726,雅茗-KY,上櫃,8.0,0.0,0,0,-891.0,-891.0,0.0,0.0,-7128.0,-7128.0
2729,瓦城,上櫃,157.0,0.641025641025641,2000.0,0,0,2000.0,314000.0,0.0,0.0,314000.0
2732,六角,上櫃,62.8,-0.4754358161648178,4000.0,0,0,4000.0,251200.0,0.0,0.0,251200.0
2734,易飛網,上櫃,14.35,-0.6920415224913495,0,0,303.0,303.0,0.0,0.0,4348.05,4348.05
2736,富野,上櫃,11.3,-0.44052863436123346,-1000.0,0,0,-1000.0,-11300.0,0.0,0.0,-11300.0
2743,山富,上櫃,52.3,-1.876172607879925,2000.0,0,-908.0,1092.0,104600.0,0.0,-47488.399999999994,57111.6
2745,五福,上櫃,84.6,-0.35335689045936397,1000.0,0,0,1000.0,84600.0,0.0,0.0,84600.0
2752,豆府,上櫃,176.5,-0.2824858757062147,-2000.0,0,0,-2000.0,-353000.0,0.0,0.0,-353000.0
2755,揚秦,上櫃,99.0,0.10111223458038424,-3000.0,0,646.0,-2354.0,-297000.0,0.0,63954.0,-233046.0
2756,聯發國際,上櫃,62.8,0.0,-1000.0,0,0,-1000.0,-62800.0,0.0,0.0,-62800.0
2916,滿心,上櫃,40.5,-0.12330456226880397,2000.0,0,0,2000.0,81000.0,0.0,0.0,81000.0
2926,誠品生活,上櫃,30.3,0.33112582781456956,1000.0,0,0,1000.0,30300.0,0.0,0.0,30300.0
2938,床的世界,上櫃,18.5,-0.5376344086021505,7000.0,0,0,7000.0,129500.0,0.0,0.0,129500.0
2947,振宇五金,上櫃,60.5,0.0,1000.0,0,0,1000.0,60500.0,0.0,0.0,60500.0
3066,李洲,上櫃,28.9,-1.0273972602739725,5292.0,0,31.0,5323.0,152938.8,0.0,895.9,153834.69999999998
3071,協禧,上櫃,23.05,0.0,16000.0,0,-570.0,15430.0,368800.0,0.0,-13138.5,355661.5
3073,天方能源,上櫃,20.5,-0.48543689320388345,-3000.0,0,243.0,-2757.0,-61500.0,0.0,4981.5,-56518.5
3078,僑威,上櫃,45.75,-0.8667388949079091,-146000.0,2820.0,-1963.0,-145143.0,-6679500.0,129015.0,-89807.25,-6640292.25
3081,聯亞,上櫃,2660.0,-1.2987012987012987,-80238.0,-347500.0,-1021.0,-428759.0,-213433080.0,-924350000.0,-2715860.0,-1140498940.0
3083,網龍,上櫃,23.95,5.973451327433629,-4000.0,0,178.0,-3822.0,-95800.0,0.0,4263.099999999999,-91536.9
3086,華義*,上櫃,27.35,-0.18248175182481752,22000.0,0,-4000.0,18000.0,601700.0,0.0,-109400.0,492300.0
3088,艾訊,上櫃,132.5,-0.7490636704119851,-129518.0,0,-833.0,-130351.0,-17161135.0,0.0,-110372.5,-17271507.5
3093,港建*,上櫃,45.85,2.5727069351230423,67001.0,0,1253.0,68254.0,3071995.85,0.0,57450.05,3129445.9
3095,及成,上櫃,33.2,-0.8955223880597015,1000.0,0,0,1000.0,33200.0,0.0,0.0,33200.0
3105,穩懋,上櫃,538.0,-0.7380073800738007,112604.0,1100800.0,-459505.0,753899.0,60580952.0,592230400.0,-247213690.0,405597662.0
3114,好德,上櫃,36.05,4.190751445086706,442198.0,0,969.0,443167.0,15941237.899999999,0.0,34932.45,15976170.35
3118,進階,上櫃,31.55,0.7987220447284344,-1000.0,0,-3.0,-1003.0,-31550.0,0.0,-94.65,-31644.65
3122,笙泉,上櫃,24.5,1.2396694214876034,-2000.0,0,0,-2000.0,-49000.0,0.0,0.0,-49000.0
3128,昇銳,上櫃,20.05,-1.4742014742014742,17324.0,0,-678.0,16646.0,347346.2,0.0,-13593.9,333752.3
3131,弘塑,上櫃,2380.0,-5.742574257425743,-367994.0,-2050.0,-6126.0,-376170.0,-875825720.0,-4879000.0,-14579880.0,-895284600.0
3141,晶宏,上櫃,84.5,-0.9378663540445488,-66050.0,0,-37879.0,-103929.0,-5581225.0,0.0,-3200775.5,-8782000.5
3147,大綜,上櫃,267.5,9.856262833675565,36262.0,0,65283.0,101545.0,9700085.0,0.0,17463202.5,27163287.5
3152,璟德,上櫃,232.5,0.6493506493506493,12775.0,0,-9.0,12766.0,2970187.5,0.0,-2092.5,2968095.0
3162,精確,上櫃,87.5,2.459016393442623,1160805.0,0,14089.0,1174894.0,101570437.5,0.0,1232787.5,102803225.0
3163,波若威,上櫃,651.0,1.244167962674961,-417770.0,-2500.0,-2401.0,-422671.0,-271968270.0,-1627500.0,-1563051.0,-275158821.0
3169,亞信,上櫃,117.0,1.7391304347826086,163522.0,0,1580.0,165102.0,19132074.0,0.0,184860.0,19316934.0
3171,炎洲流通,上櫃,57.3,-2.5510204081632653,-2000.0,0,766.0,-1234.0,-114600.0,0.0,43891.799999999996,-70708.2
3176,基亞,上櫃,37.5,-0.5305039787798408,-60576.0,0,-720.0,-61296.0,-2271600.0,0.0,-27000.0,-2298600.0
3178,公準,上櫃,69.4,0.0,5004.0,0,-971.0,4033.0,347277.60000000003,0.0,-67387.40000000001,279890.2
3188,鑫龍騰,上櫃,23.2,-0.4291845493562232,-2000.0,0,0,-2000.0,-46400.0,0.0,0.0,-46400.0
3205,佰研,上櫃,46.7,-0.21367521367521367,3000.0,0,22.0,3022.0,140100.0,0.0,1027.4,141127.4
3206,志豐,上櫃,34.6,-1.0014306151645205,0,0,0,0,0.0,0.0,0.0,0.0
3207,耀勝,上櫃,40.7,4.896907216494845,87000.0,0,989.0,87989.0,3540900.0000000005,0.0,40252.3,3581152.3000000003
3211,順達,上櫃,394.0,-1.1292346298619824,-447919.0,-28000.0,-80483.0,-556402.0,-176480086.0,-11032000.0,-31710302.0,-219222388.0
3213,茂訊,上櫃,124.0,-0.4016064257028112,-45000.0,0,-362.0,-45362.0,-5580000.0,0.0,-44888.0,-5624888.0
3217,優群,上櫃,129.5,-0.38461538461538464,-28950.0,0,-13.0,-28963.0,-3749025.0,0.0,-1683.5,-3750708.5
3218,大學光,上櫃,134.0,-0.7407407407407408,-31071.0,0,-9.0,-31080.0,-4163514.0,0.0,-1206.0,-4164720.0
3219,倚強科,上櫃,131.5,0.0,99000.0,0,-50931.0,48069.0,13018500.0,0.0,-6697426.5,6321073.5
3221,台嘉碩,上櫃,53.7,4.8828125,356019.0,0,90787.0,446806.0,19118220.3,0.0,4875261.9,23993482.200000003
3224,三顧,上櫃,30.9,-1.7488076311605725,5000.0,0,0,5000.0,154500.0,0.0,0.0,154500.0
3226,龍鋒,上櫃,65.0,7.6158940397351,-11000.0,0,0,-11000.0,-715000.0,0.0,0.0,-715000.0
3227,原相,上櫃,185.5,0.2702702702702703,-39270.0,-115000.0,11180.0,-143090.0,-7284585.0,-21332500.0,2073890.0,-26543195.0
3228,金麗科,上櫃,179.5,-1.3736263736263736,-18152.0,0,935.0,-17217.0,-3258284.0,0.0,167832.5,-3090451.5
3230,錦明,上櫃,42.25,2.0531400966183577,108050.0,0,-245.0,107805.0,4565112.5,0.0,-10351.25,4554761.25
3232,昱捷,上櫃,20.7,-0.9569377990430623,-3000.0,0,0,-3000.0,-62100.0,0.0,0.0,-62100.0
3234,光環,上櫃,172.0,-0.5780346820809248,-45354.0,0,-206.0,-45560.0,-7800888.0,0.0,-35432.0,-7836320.0
3236,千如,上櫃,48.55,9.966024915062288,1480567.0,0,17713.0,1498280.0,71881527.85,0.0,859966.1499999999,72741494.0
3252,海灣,上櫃,15.35,0.3267973856209151,1000.0,0,0,1000.0,15350.0,0.0,0.0,15350.0
3259,鑫創,上櫃,11.7,9.859154929577468,6000.0,0,0,6000.0,70200.0,0.0,0.0,70200.0
3260,威剛,上櫃,380.0,0.6622516556291391,45832.0,-192000.0,77289.0,-68879.0,17416160.0,-72960000.0,29369820.0,-26174020.0
3264,欣銓,上櫃,245.5,0.8213552361396305,-635385.0,-4157500.0,54147.0,-4738738.0,-155987017.5,-1020666250.0,13293088.5,-1163360179.0
3265,台星科,上櫃,185.0,-0.5376344086021506,-188121.0,0,-29168.0,-217289.0,-34802385.0,0.0,-5396080.0,-40198465.0
3268,海德威,上櫃,21.6,-0.6896551724137931,-11000.0,0,-767.0,-11767.0,-237600.00000000003,0.0,-16567.2,-254167.2
3272,東碩,上櫃,13.9,-0.35842293906810035,4000.0,0,0,4000.0,55600.0,0.0,0.0,55600.0
3276,宇環,上櫃,13.9,-1.0676156583629892,0,0,-630.0,-630.0,0.0,0.0,-8757.0,-8757.0
3284,太普高,上櫃,19.65,-1.256281407035176,-8000.0,0,0,-8000.0,-157200.0,0.0,0.0,-157200.0
3285,微端,上櫃,41.5,0.0,0,0,-780.0,-780.0,0.0,0.0,-32370.0,-32370.0
3287,廣寰科,上櫃,41.65,-1.1862396204033214,31735.0,0,2544.0,34279.0,1321762.75,0.0,105957.59999999999,1427720.3499999999
3288,點晶,上櫃,21.25,0.23584905660377362,0,0,15.0,15.0,0.0,0.0,318.75,318.75
3289,宜特,上櫃,141.5,1.4336917562724014,58854.0,0,-2410.0,56444.0,8327841.0,0.0,-341015.0,7986826.0
3290,東浦,上櫃,50.0,-4.21455938697318,-453635.0,0,-27169.0,-480804.0,-22681750.0,0.0,-1358450.0,-24040200.0
3293,鈊象,上櫃,814.0,3.2994923857868024,3639266.0,432000.0,105008.0,4176274.0,2962362524.0,351648000.0,85476512.0,3399487036.0
3294,英濟,上櫃,33.05,1.848998459167951,-275428.0,0,130.0,-275298.0,-9102895.399999999,0.0,4296.5,-9098598.899999999
3297,杭特,上櫃,31.5,-3.374233128834356,28000.0,0,0,28000.0,882000.0,0.0,0.0,882000.0
3303,岱稜,上櫃,48.7,0.10277492291880781,-10000.0,0,-163.0,-10163.0,-487000.0,0.0,-7938.1,-494938.10000000003
3306,鼎天,上櫃,47.5,-1.1446409989594175,7000.0,0,-248.0,6752.0,332500.0,0.0,-11780.0,320720.0
3310,佳穎,上櫃,68.0,-1.1627906976744187,2000.0,0,0,2000.0,136000.0,0.0,0.0,136000.0
3313,斐成,上櫃,10.55,0.9569377990430622,-3000.0,0,0,-3000.0,-31650.000000000004,0.0,0.0,-31650.000000000004
3317,尼克森,上櫃,65.2,0.0,-1884.0,0,-4432.0,-6316.0,-122836.8,0.0,-288966.4,-411803.2
3322,建舜電,上櫃,11.6,2.6548672566371683,50000.0,0,188.0,50188.0,580000.0,0.0,2180.7999999999997,582180.7999999999
3323,加百裕,上櫃,29.3,-1.3468013468013469,7050.0,0,-967.0,6083.0,206565.0,0.0,-28333.100000000002,178231.9
3324,雙鴻,上櫃,1525.0,-0.32679738562091504,-560842.0,3700.0,129780.0,-427362.0,-855284050.0,5642500.0,197914500.0,-651727050.0
3325,旭品,上櫃,11.7,-1.6806722689075633,4000.0,0,0,4000.0,46800.0,0.0,0.0,46800.0
3332,幸康,上櫃,64.9,1.8838304552590266,-6000.0,0,246.0,-5754.0,-389400.00000000006,0.0,15965.400000000001,-373434.60000000003
3339,泰谷,上櫃,45.05,-1.3143483023001095,-6020.0,0,621.0,-5399.0,-271201.0,0.0,27976.05,-243224.94999999998
3349,寶德,上櫃,19.4,-2.756892230576441,-4000.0,0,291.0,-3709.0,-77600.0,0.0,5645.4,-71954.59999999999
3354,律勝,上櫃,29.8,-7.309486780715398,-428684.0,0,-7265.0,-435949.0,-12774783.200000001,0.0,-216497.0,-12991280.200000001
3357,臺慶科,上櫃,212.5,3.9119804400977993,58536.0,0,31232.0,89768.0,12438900.0,0.0,6636800.0,19075700.0
3360,尚立,上櫃,15.25,-0.6514657980456027,15130.0,0,155.0,15285.0,230732.5,0.0,2363.75,233096.25
3362,先進光,上櫃,175.5,2.631578947368421,-133000.0,0,-3294.0,-136294.0,-23341500.0,0.0,-578097.0,-23919597.0
3363,上詮,上櫃,641.0,-1.2326656394453006,-132237.0,0,-1663.0,-133900.0,-84763917.0,0.0,-1065983.0,-85829900.0
3372,典範,上櫃,16.45,-0.6042296072507553,-7042.0,0,3056.0,-3986.0,-115840.9,0.0,50271.2,-65569.7
3373,熱映,上櫃,16.0,0.0,-2000.0,0,63.0,-1937.0,-32000.0,0.0,1008.0,-30992.0
3374,精材,上櫃,456.0,0.33003300330033003,116837.0,-500.0,-26061.0,90276.0,53277672.0,-228000.0,-11883816.0,41165856.0
3379,彬台,上櫃,27.6,-0.3610108303249097,1000.0,0,0,1000.0,27600.0,0.0,0.0,27600.0
3388,崇越電,上櫃,84.4,-1.0550996483001172,-179833.0,0,206.0,-179627.0,-15177905.200000001,0.0,17386.4,-15160518.8
3390,旭軟,上櫃,22.35,-1.1061946902654867,-10000.0,0,-298.0,-10298.0,-223500.0,0.0,-6660.3,-230160.30000000002
3402,漢科,上櫃,137.0,0.7352941176470588,99300.0,0,29.0,99329.0,13604100.0,0.0,3973.0,13608073.0
3430,奇鈦科,上櫃,111.5,0.0,-26237.0,0,4069.0,-22168.0,-2925425.5,0.0,453693.5,-2471732.0
3434,哲固,上櫃,31.4,0.0,-5950.0,0,86.0,-5864.0,-186830.0,0.0,2700.4,-184129.6
3438,類比科,上櫃,61.5,-0.6462035541195477,10000.0,0,-472.0,9528.0,615000.0,0.0,-29028.0,585972.0
3441,聯一光,上櫃,202.5,9.75609756097561,136000.0,0,102933.0,238933.0,27540000.0,0.0,20843932.5,48383932.5
3444,利機,上櫃,80.7,-0.7380073800738007,-15000.0,0,-423.0,-15423.0,-1210500.0,0.0,-34136.1,-1244636.1
3455,由田,上櫃,287.0,7.490636704119851,1510.0,0,18090.0,19600.0,433370.0,0.0,5191830.0,5625200.0
3465,進泰電子,上櫃,30.0,1.01010101010101,2000.0,0,0,2000.0,60000.0,0.0,0.0,60000.0
3466,德晉,上櫃,23.75,-0.6276150627615062,23000.0,0,0,23000.0,546250.0,0.0,0.0,546250.0
3467,台灣精材,上櫃,72.6,-1.4925373134328361,182845.0,0,-115.0,182730.0,13274546.999999998,0.0,-8349.0,13266197.999999998
3479,安勤,上櫃,136.5,0.3676470588235294,14392.0,0,678.0,15070.0,1964508.0,0.0,92547.0,2057055.0
3483,力致,上櫃,78.5,-0.7585335018963338,-23138.0,0,-71.0,-23209.0,-1816333.0,0.0,-5573.5,-1821906.5
3484,崧騰,上櫃,47.3,1.611170784103115,35055.0,0,227.0,35282.0,1658101.5,0.0,10737.099999999999,1668838.5999999999
3485,敘豐,上櫃,212.5,1.674641148325359,-645.0,0,3508.0,2863.0,-137062.5,0.0,745450.0,608387.5
3489,森寶,上櫃,23.8,1.9271948608137044,-7000.0,0,444.0,-6556.0,-166600.0,0.0,10567.2,-156032.80000000002
3490,單井,上櫃,48.75,9.921082299887262,1345000.0,0,15232.0,1360232.0,65568750.0,0.0,742560.0,66311310.0
3491,昇達科,上櫃,1490.0,-0.6666666666666667,-74705.0,0,-8515.0,-83220.0,-111310450.0,0.0,-12687350.0,-123997800.0
3492,長盛,上櫃,19.15,0.0,2000.0,0,-50.0,1950.0,38300.0,0.0,-957.4999999999999,37342.5
3498,陽程,上櫃,219.5,-4.148471615720524,44091.0,0,-25897.0,18194.0,9677974.5,0.0,-5684391.5,3993583.0
3508,位速,上櫃,26.0,0.38610038610038616,-12928.0,0,-2000.0,-14928.0,-336128.0,0.0,-52000.0,-388128.0
3511,矽瑪,上櫃,19.6,-0.7594936708860759,23000.0,0,0,23000.0,450800.00000000006,0.0,0.0,450800.00000000006
3512,皇龍,上櫃,19.2,0.0,-1000.0,0,0,-1000.0,-19200.0,0.0,0.0,-19200.0
3516,亞帝歐,上櫃,25.35,-0.19685039370078738,-4000.0,0,188.0,-3812.0,-101400.0,0.0,4765.8,-96634.20000000001
3520,華盈,上櫃,17.0,-2.0172910662824206,-4000.0,0,297.0,-3703.0,-68000.0,0.0,5049.0,-62951.0
3521,台鋼建設,上櫃,12.0,1.2658227848101267,-9000.0,0,103.0,-8897.0,-108000.0,0.0,1236.0,-106764.0
3522,御嵿,上櫃,12.5,0.0,12000.0,0,-1.0,11999.0,150000.0,0.0,-12.5,149987.5
3523,迎輝,上櫃,13.5,-10.0,-1000.0,0,2.0,-998.0,-13500.0,0.0,27.0,-13473.0
3526,凡甲,上櫃,272.0,0.0,-28713.0,0,416.0,-28297.0,-7809936.0,0.0,113152.0,-7696784.0
3527,聚積,上櫃,51.4,-3.2015065913371,-28000.0,0,0,-28000.0,-1439200.0,0.0,0.0,-1439200.0
3529,力旺,上櫃,3245.0,-1.8154311649016641,-69673.0,58000.0,-12295.0,-23968.0,-226088885.0,188210000.0,-39897275.0,-77776160.0
3537,堡達,上櫃,58.6,9.943714821763601,155680.0,0,-353.0,155327.0,9122848.0,0.0,-20685.8,9102162.200000001
3540,曜越,上櫃,23.1,0.21691973969631237,26297.0,0,-655.0,25642.0,607460.7000000001,0.0,-15130.500000000002,592330.2000000001
3541,西柏,上櫃,24.4,0.0,-1000.0,0,-695.0,-1695.0,-24400.0,0.0,-16958.0,-41358.0
3546,宇峻,上櫃,73.2,0.8264462809917353,-902.0,0,-1289.0,-2191.0,-66026.40000000001,0.0,-94354.8,-160381.2
3548,兆利,上櫃,76.5,-1.034928848641656,2000.0,0,-710.0,1290.0,153000.0,0.0,-54315.0,98685.0
3551,世禾,上櫃,193.0,2.933333333333333,294140.0,0,22514.0,316654.0,56769020.0,0.0,4345202.0,61114222.0
3552,同致,上櫃,44.3,0.453514739229025,9040.0,0,-4927.0,4113.0,400472.0,0.0,-218266.09999999998,182205.9
3555,博士旺,上櫃,167.0,-0.8902077151335311,-3000.0,0,-888.0,-3888.0,-501000.0,0.0,-148296.0,-649296.0
3556,禾瑞亞,上櫃,59.1,1.7211703958691909,54030.0,0,325.0,54355.0,3193173.0,0.0,19207.5,3212380.5
3558,神準,上櫃,129.0,3.2,39406.0,0,28731.0,68137.0,5083374.0,0.0,3706299.0,8789673.0
3564,其陽,上櫃,51.0,0.7905138339920948,101060.0,0,-53846.0,47214.0,5154060.0,0.0,-2746146.0,2407914.0
3567,逸昌,上櫃,26.15,-0.19083969465648856,-5000.0,0,0,-5000.0,-130750.0,0.0,0.0,-130750.0
3570,大塚,上櫃,170.5,2.095808383233533,-16950.0,0,0,-16950.0,-2889975.0,0.0,0.0,-2889975.0
3577,泓格,上櫃,115.5,-1.702127659574468,-38825.0,0,-865.0,-39690.0,-4484287.5,0.0,-99907.5,-4584195.0
3580,友威科,上櫃,109.0,-1.3574660633484164,45077.0,0,-6904.0,38173.0,4913393.0,0.0,-752536.0,4160857.0
3581,博磊,上櫃,117.0,0.0,-558676.0,0,-6098.0,-564774.0,-65365092.0,0.0,-713466.0,-66078558.0
3587,閎康,上櫃,241.0,1.0482180293501049,25273.0,0,3389.0,28662.0,6090793.0,0.0,816749.0,6907542.0
3594,磐儀,上櫃,47.7,-0.41753653444676403,17960.0,0,-1141.0,16819.0,856692.0,0.0,-54425.700000000004,802266.3
3597,映興,上櫃,28.1,0.0,-3000.0,0,0,-3000.0,-84300.0,0.0,0.0,-84300.0
3609,三一東林,上櫃,23.0,0.0,-25000.0,0,-4.0,-25004.0,-575000.0,0.0,-92.0,-575092.0
3611,鼎翰,上櫃,184.5,0.819672131147541,-2000.0,0,0,-2000.0,-369000.0,0.0,0.0,-369000.0
3615,安可,上櫃,43.25,-5.567685589519651,-519364.0,0,-25718.0,-545082.0,-22462493.0,0.0,-1112303.5,-23574796.5
3623,富晶通,上櫃,30.55,2.5167785234899327,51798.0,0,127.0,51925.0,1582428.9000000001,0.0,3879.85,1586308.75
3624,光頡,上櫃,151.0,9.818181818181818,795634.0,0,151701.0,947335.0,120140734.0,0.0,22906851.0,143047585.0
3625,西勝,上櫃,11.2,0.4484304932735427,12000.0,0,-961.0,11039.0,134400.0,0.0,-10763.199999999999,123636.79999999999
3628,盈正,上櫃,72.8,0.1375515818431912,-6255.0,0,-296.0,-6551.0,-455364.0,0.0,-21548.8,-476912.8
3630,新鉅科,上櫃,26.9,-0.1855287569573284,3533.0,0,-263.0,3270.0,95037.7,0.0,-7074.7,87963.0
3631,晟楠,上櫃,40.45,-0.12345679012345678,-3000.0,0,-856.0,-3856.0,-121350.00000000001,0.0,-34625.200000000004,-155975.2
3646,艾恩特,上櫃,24.85,-0.4008016032064128,5000.0,0,0,5000.0,124250.0,0.0,0.0,124250.0
3663,鑫科,上櫃,65.1,-3.9823008849557526,-306571.0,0,-2356.0,-308927.0,-19957772.099999998,0.0,-153375.59999999998,-20111147.7
3664,安瑞-KY,上櫃,8.85,-0.11286681715575622,0,0,40.0,40.0,0.0,0.0,354.0,354.0
3666,光耀,上櫃,25.3,0.0,3000.0,0,0,3000.0,75900.0,0.0,0.0,75900.0
3672,康聯訊,上櫃,12.1,-2.0242914979757085,0,0,-241.0,-241.0,0.0,0.0,-2916.1,-2916.1
3675,德微,上櫃,359.0,8.787878787878787,198104.0,102000.0,80675.0,380779.0,71119336.0,36618000.0,28962325.0,136699661.0
3680,家登,上櫃,551.0,-0.7207207207207207,22953.0,-100.0,-9603.0,13250.0,12647103.0,-55100.0,-5291253.0,7300750.0
3684,榮昌,上櫃,54.3,2.6465028355387523,-13000.0,0,245.0,-12755.0,-705900.0,0.0,13303.5,-692596.5
3685,元創精密,上櫃,34.65,-1.0,-4991.0,0,178.0,-4813.0,-172938.15,0.0,6167.7,-166770.44999999998
3687,歐買尬,上櫃,61.6,2.155887230514096,16000.0,0,553.0,16553.0,985600.0,0.0,34064.8,1019664.8
3689,湧德,上櫃,110.5,0.0,3000.0,0,8166.0,11166.0,331500.0,0.0,902343.0,1233843.0
3691,碩禾,上櫃,112.5,-5.857740585774058,103685.0,0,-224460.0,-120775.0,11664562.5,0.0,-25251750.0,-13587187.5
3693,營邦,上櫃,664.0,-3.3478893740902476,-70789.0,-32000.0,17130.0,-85659.0,-47003896.0,-21248000.0,11374320.0,-56877576.0
3707,漢磊,上櫃,77.5,2.3778071334214,2718610.0,0,-32083.0,2686527.0,210692275.0,0.0,-2486432.5,208205842.5
3709,鑫聯大投控,上櫃,65.9,1.0736196319018403,-100796.0,0,4689.0,-96107.0,-6642456.4,0.0,309005.10000000003,-6333451.300000001
3710,連展投控,上櫃,8.08,-2.8846153846153846,-34000.0,0,0,-34000.0,-274720.0,0.0,0.0,-274720.0
3713,新晶投控,上櫃,13.8,-0.7194244604316548,0,0,496.0,496.0,0.0,0.0,6844.8,6844.8
3718,中光電投控,上櫃,64.3,-1.8320610687022902,-294630.0,6000.0,-16993.0,-305623.0,-18944709.0,385800.0,-1092649.9,-19651558.9
4102,永日,上櫃,18.45,0.0,0,0,99.0,99.0,0.0,0.0,1826.55,1826.55
4105,東洋,上櫃,78.5,0.0,-8759.0,2499.0,28950.0,22690.0,-687581.5,196171.5,2272575.0,1781165.0
4107,邦特,上櫃,110.5,0.0,-1000.0,0,418.0,-582.0,-110500.0,0.0,46189.0,-64311.0
4109,加捷生醫,上櫃,10.9,-1.3574660633484161,32000.0,0,0,32000.0,348800.0,0.0,0.0,348800.0
4111,濟生,上櫃,28.85,-0.17301038062283738,-4000.0,0,348.0,-3652.0,-115400.0,0.0,10039.800000000001,-105360.20000000001
4113,聯上,上櫃,15.1,-2.893890675241158,-27000.0,0,412.0,-26588.0,-407700.0,0.0,6221.2,-401478.8
4114,健喬,上櫃,29.5,-0.16920473773265654,52601.0,0,0,52601.0,1551729.5,0.0,0.0,1551729.5
4116,明基醫,上櫃,39.8,0.0,-3000.0,0,261.0,-2739.0,-119399.99999999999,0.0,10387.8,-109012.2
4120,友華,上櫃,46.0,0.2178649237472767,-1000.0,0,221.0,-779.0,-46000.0,0.0,10166.0,-35834.0
4121,優盛,上櫃,12.75,0.0,-4000.0,0,0,-4000.0,-51000.0,0.0,0.0,-51000.0
4123,晟德,上櫃,31.3,0.16,17221.0,-30841.0,-63733.0,-77353.0,539017.3,-965323.3,-1994842.9000000001,-2421148.9
4126,太醫,上櫃,78.0,-0.12804097311139567,-11000.0,0,0,-11000.0,-858000.0,0.0,0.0,-858000.0
4127,天良,上櫃,46.7,2.412280701754386,47000.0,0,4567.0,51567.0,2194900.0,0.0,213278.90000000002,2408178.9000000004
4128,中天,上櫃,15.15,-1.3029315960912053,-420290.0,0,2388.0,-417902.0,-6367393.5,0.0,36178.200000000004,-6331215.3
4129,聯合,上櫃,82.6,-0.959232613908873,-46000.0,0,-85.0,-46085.0,-3799599.9999999995,0.0,-7020.999999999999,-3806620.9999999995
4138,曜亞,上櫃,54.3,0.0,0,0,0,0,0.0,0.0,0.0,0.0
4139,馬光-KY,上櫃,41.95,0.3588516746411483,0,0,0,0,0.0,0.0,0.0,0.0
4147,中裕,上櫃,62.0,-2.668759811616954,-507000.0,0,-1280.0,-508280.0,-31434000.0,0.0,-79360.0,-31513360.0
4153,鈺緯,上櫃,31.25,-0.6359300476947536,1000.0,0,613.0,1613.0,31250.0,0.0,19156.25,50406.25
4157,太景*-KY,上櫃,8.73,-1.7997750281214846,-133180.0,0,-657.0,-133837.0,-1162661.4000000001,0.0,-5735.610000000001,-1168397.01
4160,訊聯基因,上櫃,38.9,-0.5115089514066496,-4000.0,0,0,-4000.0,-155600.0,0.0,0.0,-155600.0
4161,聿新科,上櫃,21.75,0.0,3000.0,0,-831.0,2169.0,65250.0,0.0,-18074.25,47175.75
4162,智擎,上櫃,55.3,-0.539568345323741,-55000.0,0,-3361.0,-58361.0,-3041500.0,0.0,-185863.3,-3227363.3
4163,鐿鈦,上櫃,136.5,0.3676470588235294,-4000.0,0,-83.0,-4083.0,-546000.0,0.0,-11329.5,-557329.5
4166,友霖,上櫃,24.75,2.697095435684647,42000.0,0,0,42000.0,1039500.0,0.0,0.0,1039500.0
4167,松瑞藥,上櫃,19.6,-1.2594458438287153,-66746.0,0,3000.0,-63746.0,-1308221.6,0.0,58800.00000000001,-1249421.6
4168,醣聯,上櫃,22.15,-0.8948545861297541,-17000.0,0,-853.0,-17853.0,-376550.0,0.0,-18893.949999999997,-395443.94999999995
4171,瑞基,上櫃,16.35,-0.6079027355623099,-1000.0,0,-742.0,-1742.0,-16350.000000000002,0.0,-12131.7,-28481.7
4173,久裕,上櫃,17.25,-0.2890173410404624,-2000.0,0,0,-2000.0,-34500.0,0.0,0.0,-34500.0
4174,浩鼎,上櫃,43.1,9.948979591836734,-7000.0,0,12000.0,5000.0,-301700.0,0.0,517200.0,215500.0
4175,杏一,上櫃,50.7,-0.5882352941176471,1000.0,0,0,1000.0,50700.0,0.0,0.0,50700.0
4188,安克,上櫃,14.3,0.3508771929824561,-15000.0,0,-620.0,-15620.0,-214500.0,0.0,-8866.0,-223366.0
4205,中華食,上櫃,68.8,0.437956204379562,0,0,0,0,0.0,0.0,0.0,0.0
4207,環泰,上櫃,19.4,0.2583979328165375,-8000.0,0,364.0,-7636.0,-155200.0,0.0,7061.599999999999,-148138.4
4303,信立,上櫃,33.35,-0.29895366218236175,2466.0,0,-751.0,1715.0,82241.1,0.0,-25045.850000000002,57195.25
4304,勝昱,上櫃,17.3,0.0,-4000.0,0,0,-4000.0,-69200.0,0.0,0.0,-69200.0
4401,東隆興,上櫃,13.9,0.0,0,0,0,0,0.0,0.0,0.0,0.0
4406,新昕纖,上櫃,10.2,-0.9708737864077671,1000.0,0,0,1000.0,10200.0,0.0,0.0,10200.0
4416,三圓,上櫃,13.1,-1.8726591760299627,150000.0,0,0,150000.0,1965000.0,0.0,0.0,1965000.0
4417,金洲,上櫃,49.6,0.10090817356205853,1000.0,0,419.0,1419.0,49600.0,0.0,20782.4,70382.40000000001
4420,光明,上櫃,35.65,-1.1095700416088767,0,247.0,0,247.0,0.0,8805.55,0.0,8805.55
4430,耀億,上櫃,17.8,0.28169014084507044,-7000.0,0,85.0,-6915.0,-124600.0,0.0,1513.0,-123087.0
4432,銘旺實,上櫃,15.35,-0.3246753246753247,-2000.0,0,0,-2000.0,-30700.0,0.0,0.0,-30700.0
4433,興采,上櫃,18.05,0.0,-1000.0,0,0,-1000.0,-18050.0,0.0,0.0,-18050.0
4442,竣邦-KY,上櫃,54.0,-0.18484288354898337,-2000.0,0,585.0,-1415.0,-108000.0,0.0,31590.0,-76410.0
4502,健信,上櫃,15.8,-0.628930817610063,3000.0,0,0,3000.0,47400.0,0.0,0.0,47400.0
4503,金雨,上櫃,24.15,0.0,-8000.0,0,-59.0,-8059.0,-193200.0,0.0,-1424.85,-194624.84999999998
4506,崇友,上櫃,118.0,0.0,-10380.0,0,968.0,-9412.0,-1224840.0,0.0,114224.0,-1110616.0
4510,高鋒,上櫃,43.45,-1.25,51075.0,0,-762.0,50313.0,2219208.75,0.0,-33108.9,2186099.85
4513,福裕,上櫃,16.4,1.234567901234568,55970.0,0,12009.0,67979.0,917907.9999999999,0.0,196947.59999999998,1114855.5999999999
4523,永彰,上櫃,24.0,0.4184100418410042,4000.0,0,0,4000.0,96000.0,0.0,0.0,96000.0
4528,江興鍛,上櫃,14.85,-0.6688963210702342,-6000.0,0,0,-6000.0,-89100.0,0.0,0.0,-89100.0
4530,天意能創,上櫃,24.1,-2.6262626262626263,-1000.0,0,0,-1000.0,-24100.0,0.0,0.0,-24100.0
4533,協易機,上櫃,25.55,-0.3898635477582846,9000.0,0,-2000.0,7000.0,229950.0,0.0,-51100.0,178850.0
4534,慶騰,上櫃,30.7,-0.8077544426494345,52865.0,0,-800.0,52065.0,1622955.5,0.0,-24560.0,1598395.5
4538,大詠城,上櫃,17.45,0.5763688760806918,2000.0,0,0,2000.0,34900.0,0.0,0.0,34900.0
4541,晟田,上櫃,60.1,-2.4350649350649354,-379491.0,0,-7485.0,-386976.0,-22807409.1,0.0,-449848.5,-23257257.6
4542,科嶠,上櫃,328.0,-4.651162790697675,6015.0,0,2000.0,8015.0,1972920.0,0.0,656000.0,2628920.0
4543,萬在,上櫃,30.15,2.3769100169779285,32000.0,0,-619.0,31381.0,964800.0,0.0,-18662.85,946137.1499999999
4549,桓達,上櫃,96.9,-0.20597322348094746,24000.0,0,-594.0,23406.0,2325600.0,0.0,-57558.600000000006,2268041.4
4554,橙的,上櫃,28.15,-0.3539823008849558,4950.0,0,-878.0,4072.0,139342.5,0.0,-24715.699999999997,114626.79999999999
4556,旭然,上櫃,111.5,9.852216748768473,426473.0,0,-6216.0,420257.0,47551739.5,0.0,-693084.0,46858655.5
4558,寶緯,上櫃,16.85,-0.5899705014749261,7000.0,0,0,7000.0,117950.00000000001,0.0,0.0,117950.00000000001
4561,健椿,上櫃,42.5,-1.6203703703703702,-6000.0,0,473.0,-5527.0,-255000.0,0.0,20102.5,-234897.5
4563,百德,上櫃,53.5,3.481624758220503,109246.0,0,-704.0,108542.0,5844661.0,0.0,-37664.0,5806997.0
4568,科際精密,上櫃,39.05,-1.0139416983523448,3000.0,0,0,3000.0,117149.99999999999,0.0,0.0,117149.99999999999
4577,達航科技,上櫃,90.4,-2.1645021645021645,-156716.0,0,4882.0,-151834.0,-14167126.4,0.0,441332.80000000005,-13725793.600000001
4580,捷流閥業,上櫃,82.2,0.488997555012225,20000.0,0,-945.0,19055.0,1644000.0,0.0,-77679.0,1566321.0
4584,君帆,上櫃,37.5,1.3513513513513513,-1000.0,0,0,-1000.0,-37500.0,0.0,0.0,-37500.0
4702,中美實,上櫃,9.28,-0.322234156820623,-3000.0,0,0,-3000.0,-27839.999999999996,0.0,0.0,-27839.999999999996
4706,大恭,上櫃,34.65,2.363367799113737,-1000.0,0,-4000.0,-5000.0,-34650.0,0.0,-138600.0,-173250.0
4707,磐亞,上櫃,28.7,-5.436573311367381,-344407.0,0,7799.0,-336608.0,-9884480.9,0.0,223831.3,-9660649.6
4711,永純,上櫃,16.15,-1.2232415902140674,-20000.0,0,0,-20000.0,-323000.0,0.0,0.0,-323000.0
4714,永捷,上櫃,11.85,-1.6597510373443987,-224527.0,0,115.0,-224412.0,-2660644.9499999997,0.0,1362.75,-2659282.1999999997
4716,大立,上櫃,17.25,2.3738872403560833,59007.0,0,-412.0,58595.0,1017870.75,0.0,-7107.0,1010763.75
4721,美琪瑪,上櫃,80.6,-2.3030303030303028,-80000.0,0,-1205.0,-81205.0,-6448000.0,0.0,-97123.0,-6545123.0
4726,永昕,上櫃,23.4,1.9607843137254901,19000.0,0,0,19000.0,444600.0,0.0,0.0,444600.0
4728,雙美,上櫃,394.5,-1.1278195488721803,-1000.0,0,0,-1000.0,-394500.0,0.0,0.0,-394500.0
4729,熒茂,上櫃,20.4,-1.2106537530266346,-162000.0,0,630.0,-161370.0,-3304800.0,0.0,12852.0,-3291948.0
4735,豪展,上櫃,36.05,-0.13850415512465375,-5000.0,0,0,-5000.0,-180250.0,0.0,0.0,-180250.0
4741,泓瀚,上櫃,40.3,-1.2254901960784315,-5000.0,0,-918.0,-5918.0,-201500.0,0.0,-36995.399999999994,-238495.4
4743,合一,上櫃,45.85,-2.757158006362672,-455106.0,0,1286.0,-453820.0,-20866610.1,0.0,58963.1,-20807647.0
4744,皇將,上櫃,28.7,-1.7123287671232876,-22000.0,0,0,-22000.0,-631400.0,0.0,0.0,-631400.0
4745,合富-KY,上櫃,12.15,-0.4098360655737705,0,0,0,0,0.0,0.0,0.0,0.0
4747,強生*,上櫃,23.1,-2.11864406779661,3000.0,0,2090.0,5090.0,69300.0,0.0,48279.0,117579.0
4749,新應材,上櫃,757.0,-1.1749347258485638,-202119.0,0,-2343.0,-204462.0,-153004083.0,0.0,-1773651.0,-154777734.0
4754,國碳科,上櫃,37.85,-0.1319261213720317,-1000.0,0,0,-1000.0,-37850.0,0.0,0.0,-37850.0
4760,勤凱,上櫃,288.5,9.904761904761905,68742.0,0,-17970.0,50772.0,19832067.0,0.0,-5184345.0,14647722.0
4768,晶呈科技,上櫃,367.0,-3.421052631578948,-187160.0,0,-44652.0,-231812.0,-68687720.0,0.0,-16387284.0,-85075004.0
4772,台特化,上櫃,264.5,-1.6728624535315983,-124561.0,1000.0,-9192.0,-132753.0,-32946384.5,264500.0,-2431284.0,-35113168.5
4903,聯光通,上櫃,44.35,3.37995337995338,-498810.0,0,0,-498810.0,-22122223.5,0.0,0.0,-22122223.5
4905,台聯電,上櫃,84.1,9.934640522875817,21000.0,0,0,21000.0,1766099.9999999998,0.0,0.0,1766099.9999999998
4907,富宇,上櫃,45.05,0.1111111111111111,-3000.0,0,0,-3000.0,-135150.0,0.0,0.0,-135150.0
4908,前鼎,上櫃,204.5,-1.2077294685990339,-60882.0,0,-38781.0,-99663.0,-12450369.0,0.0,-7930714.5,-20381083.5
4909,新復興,上櫃,36.15,-0.6868131868131868,33000.0,0,61.0,33061.0,1192950.0,0.0,2205.15,1195155.15
4911,德英,上櫃,28.2,0.0,1000.0,0,0,1000.0,28200.0,0.0,0.0,28200.0
4923,力士,上櫃,65.2,6.188925081433224,-110255.0,0,647.0,-109608.0,-7188626.0,0.0,42184.4,-7146441.600000001
4924,欣厚-KY,上櫃,15.9,-3.6363636363636362,-31000.0,0,-11.0,-31011.0,-492900.0,0.0,-174.9,-493074.9
4931,新盛力,上櫃,248.5,-1.3888888888888888,-673820.0,0,-78569.0,-752389.0,-167444270.0,0.0,-19524396.5,-186968666.5
4933,友輝,上櫃,54.2,-0.3676470588235294,1000.0,0,0,1000.0,54200.0,0.0,0.0,54200.0
4939,亞電,上櫃,78.9,-4.7101449275362315,-3252703.0,0,83346.0,-3169357.0,-256638266.70000002,0.0,6575999.4,-250062267.3
4946,辣椒,上櫃,100.5,-0.9852216748768473,-2000.0,0,0,-2000.0,-201000.0,0.0,0.0,-201000.0
4950,金耘國際,上櫃,16.2,3.514376996805112,2000.0,0,-12.0,1988.0,32400.0,0.0,-194.39999999999998,32205.6
4951,精拓科,上櫃,90.3,-1.3114754098360655,-34000.0,0,-5940.0,-39940.0,-3070200.0,0.0,-536382.0,-3606582.0
4953,緯致,上櫃,117.5,0.4273504273504274,-43000.0,0,-74.0,-43074.0,-5052500.0,0.0,-8695.0,-5061195.0
4966,譜瑞-KY,上櫃,572.0,0.17513134851138354,-17441.0,2000.0,788.0,-14653.0,-9976252.0,1144000.0,450736.0,-8381516.0
4971,IET-KY,上櫃,534.0,-0.927643784786642,-11689.0,0,-634.0,-12323.0,-6241926.0,0.0,-338556.0,-6580482.0
4972,湯石照明,上櫃,16.3,0.0,1000.0,0,0,1000.0,16300.0,0.0,0.0,16300.0
4973,廣穎,上櫃,137.0,-0.7246376811594203,-77810.0,0,-16045.0,-93855.0,-10659970.0,0.0,-2198165.0,-12858135.0
4974,亞泰,上櫃,71.3,0.42253521126760557,-6000.0,0,-484.0,-6484.0,-427800.0,0.0,-34509.2,-462309.19999999995
4979,華星光,上櫃,557.0,-2.10896309314587,-161066.0,-379000.0,34200.0,-505866.0,-89713762.0,-211103000.0,19049400.0,-281767362.0
4991,環宇-KY,上櫃,485.5,-0.5122950819672131,-359542.0,439000.0,15776.0,95234.0,-174557641.0,213134500.0,7659248.0,46236107.0
4995,晶達,上櫃,50.0,-0.9900990099009901,-3000.0,0,1000.0,-2000.0,-150000.0,0.0,50000.0,-100000.0
5009,榮剛,上櫃,32.8,-0.906344410876133,-69755.0,0,-1418.0,-71173.0,-2287964.0,0.0,-46510.399999999994,-2334474.4
5011,久陽,上櫃,18.6,-1.0638297872340425,-31000.0,0,0,-31000.0,-576600.0,0.0,0.0,-576600.0
5014,建錩,上櫃,10.3,0.4878048780487805,2000.0,0,92.0,2092.0,20600.0,0.0,947.6,21547.600000000002
5015,華祺,上櫃,21.8,-0.45662100456621,0,0,0,0,0.0,0.0,0.0,0.0
5016,松和,上櫃,28.1,9.980430528375733,-5000.0,0,0,-5000.0,-140500.0,0.0,0.0,-140500.0
5201,凱衛,上櫃,29.2,-2.5041736227045077,-10000.0,0,-328.0,-10328.0,-292000.0,0.0,-9577.6,-301577.6
5202,力新,上櫃,14.15,0.0,-21850.0,0,0,-21850.0,-309177.5,0.0,0.0,-309177.5
5206,坤悅,上櫃,22.8,0.4405286343612335,11066.0,0,-501.0,10565.0,252304.80000000002,0.0,-11422.800000000001,240882.0
5209,新鼎,上櫃,171.5,2.3880597014925375,-23942.0,146.0,2004.0,-21792.0,-4106053.0,25039.0,343686.0,-3737328.0
5210,寶碩,上櫃,30.15,-1.4705882352941178,-27000.0,0,0,-27000.0,-814050.0,0.0,0.0,-814050.0
5211,蒙恬,上櫃,21.1,2.1791767554479415,0,0,0,0,0.0,0.0,0.0,0.0
5212,凌網,上櫃,48.85,-0.10224948875255625,-2000.0,0,0,-2000.0,-97700.0,0.0,0.0,-97700.0
5213,亞昕,上櫃,20.65,-1.1961722488038278,-11000.0,0,0,-11000.0,-227149.99999999997,0.0,0.0,-227149.99999999997
5220,萬達光電,上櫃,23.2,-4.132231404958678,-5000.0,0,-1702.0,-6702.0,-116000.0,0.0,-39486.4,-155486.4
5223,安力-KY,上櫃,23.4,1.2987012987012987,-2000.0,0,0,-2000.0,-46800.0,0.0,0.0,-46800.0
5227,立凱-KY,上櫃,30.95,-1.746031746031746,-19247.0,0,-341.0,-19588.0,-595694.65,0.0,-10553.949999999999,-606248.6
5228,鈺鎧,上櫃,43.7,9.937106918238994,108000.0,0,-871.0,107129.0,4719600.0,0.0,-38062.700000000004,4681537.300000001
5230,雷笛克光學,上櫃,22.65,-2.9978586723768736,-21153.0,0,-1269.0,-22422.0,-479115.44999999995,0.0,-28742.85,-507858.3
5245,智晶,上櫃,20.8,-0.2398081534772182,17000.0,0,-47849.0,-30849.0,353600.0,0.0,-995259.2000000001,-641659.2000000001
5251,天鉞電,上櫃,29.7,-1.0,4018.0,0,21.0,4039.0,119334.59999999999,0.0,623.6999999999999,119958.3
5263,智崴,上櫃,90.7,1.7957351290684622,31000.0,0,1255.0,32255.0,2811700.0,0.0,113828.5,2925528.5
5272,笙科,上櫃,18.0,0.0,-4000.0,0,117.0,-3883.0,-72000.0,0.0,2106.0,-69894.0
5274,信驊,上櫃,19040.0,1.5466666666666666,-15242.0,802.0,2579.0,-11861.0,-290207680.0,15270080.0,49104160.0,-225833440.0
5278,尚凡*,上櫃,23.5,-1.8789144050104387,13000.0,0,-48.0,12952.0,305500.0,0.0,-1128.0,304372.0
5287,數字,上櫃,137.5,0.0,-28337.0,383.0,1000.0,-26954.0,-3896337.5,52662.5,137500.0,-3706175.0
5289,宜鼎,上櫃,1290.0,0.0,-82058.0,-999.0,-10390.0,-93447.0,-105854820.0,-1288710.0,-13403100.0,-120546630.0
5291,邑昇,上櫃,61.1,-0.8116883116883116,-35323.0,0,391.0,-34932.0,-2158235.3000000003,0.0,23890.100000000002,-2134345.2
5299,杰力,上櫃,103.5,0.975609756097561,54075.0,0,-4844.0,49231.0,5596762.5,0.0,-501354.0,5095408.5
5302,太欣,上櫃,9.86,0.5096839959225281,28000.0,0,0,28000.0,276080.0,0.0,0.0,276080.0
5309,系統電,上櫃,62.8,0.15948963317384374,1462289.0,0,105419.0,1567708.0,91831749.2,0.0,6620313.199999999,98452062.39999999
5310,天剛,上櫃,27.2,-1.4492753623188408,0,0,0,0,0.0,0.0,0.0,0.0
5312,寶島科,上櫃,89.5,-0.44493882091212456,0,0,0,0,0.0,0.0,0.0,0.0
5314,世紀*,上櫃,30.6,6.065857885615251,-640596.0,0,72571.0,-568025.0,-19602237.6,0.0,2220672.6,-17381565.0
5315,光聯,上櫃,18.9,0.8,4000.0,0,1.0,4001.0,75600.0,0.0,18.9,75618.9
5321,美而快,上櫃,70.3,3.8404726735598227,189040.0,0,-562.0,188478.0,13289512.0,0.0,-39508.6,13250003.4
5324,士開,上櫃,12.45,0.0,-4000.0,0,-352.0,-4352.0,-49800.0,0.0,-4382.4,-54182.399999999994
5328,華容,上櫃,58.4,9.981167608286253,-816800.0,0,332717.0,-484083.0,-47701120.0,0.0,19430672.8,-28270447.2
5340,建榮,上櫃,80.4,-0.7407407407407407,-41000.0,0,-27349.0,-68349.0,-3296400.0000000005,0.0,-2198859.6,-5495259.600000001
5344,立衛,上櫃,13.45,-2.888086642599278,-2000.0,0,0,-2000.0,-26900.0,0.0,0.0,-26900.0
5345,馥鴻,上櫃,21.3,-0.9302325581395349,1000.0,0,0,1000.0,21300.0,0.0,0.0,21300.0
5347,世界,上櫃,184.5,1.9337016574585635,1763059.0,1047000.0,210365.0,3020424.0,325284385.5,193171500.0,38812342.5,557268228.0
5351,鈺創,上櫃,109.5,-0.904977375565611,-932596.0,0,7059.0,-925537.0,-102119262.0,0.0,772960.5,-101346301.5
5353,台林,上櫃,28.5,0.1757469244288225,8000.0,0,0,8000.0,228000.0,0.0,0.0,228000.0
5355,佳總,上櫃,7.1,0.7092198581560284,-10000.0,0,20.0,-9980.0,-71000.0,0.0,142.0,-70858.0
5356,協益,上櫃,25.9,0.7782101167315176,5000.0,0,101.0,5101.0,129500.0,0.0,2615.8999999999996,132115.9
5364,力麗店,上櫃,8.38,-0.11918951132300357,-3000.0,0,0,-3000.0,-25140.000000000004,0.0,0.0,-25140.000000000004
5381,光譜,上櫃,23.25,-1.6913319238900635,-53945.0,0,-540.0,-54485.0,-1254221.25,0.0,-12555.0,-1266776.25
5386,青雲,上櫃,288.5,-0.5172413793103449,-9293.0,0,-7000.0,-16293.0,-2681030.5,0.0,-2019500.0,-4700530.5
5392,能率,上櫃,39.9,-0.4987531172069825,-263965.0,0,-3397.0,-267362.0,-10532203.5,0.0,-135540.3,-10667743.799999999
5398,慕康生醫,上櫃,13.8,-0.3610108303249097,-9000.0,0,0,-9000.0,-124200.0,0.0,0.0,-124200.0
5403,中菲,上櫃,93.0,0.21551724137931033,1000.0,0,0,1000.0,93000.0,0.0,0.0,93000.0
5410,國眾,上櫃,32.9,-0.15174506828528075,-1000.0,0,-37.0,-1037.0,-32900.0,0.0,-1217.3,-34117.299999999996
5425,台半,上櫃,97.5,1.5625,1022679.0,0,283367.0,1306046.0,99711202.5,0.0,27628282.5,127339485.0
5426,振發,上櫃,28.6,0.5272407732864675,18000.0,0,-639.0,17361.0,514800.0,0.0,-18275.4,496524.60000000003
5432,新門,上櫃,158.5,-0.9375,19000.0,0,428.0,19428.0,3011500.0,0.0,67838.0,3079338.0
5438,東友,上櫃,17.25,-0.5763688760806917,1000.0,0,-578.0,422.0,17250.0,0.0,-9970.5,7279.5
5439,高技,上櫃,251.0,-1.1811023622047243,287138.0,0,-11094.0,276044.0,72071638.0,0.0,-2784594.0,69287044.0
5443,均豪,上櫃,112.0,-0.8849557522123894,-434974.0,0,1534.0,-433440.0,-48717088.0,0.0,171808.0,-48545280.0
5450,南良,上櫃,14.6,-1.3513513513513515,-9000.0,0,805.0,-8195.0,-131400.0,0.0,11753.0,-119647.0
5452,佶優,上櫃,27.45,0.18248175182481755,-22100.0,0,370.0,-21730.0,-606645.0,0.0,10156.5,-596488.5
5457,宣德,上櫃,23.9,-1.8480492813141687,-224480.0,0,-2184.0,-226664.0,-5365072.0,0.0,-52197.6,-5417269.6
5460,同協,上櫃,17.25,0.5830903790087464,-2000.0,0,-649.0,-2649.0,-34500.0,0.0,-11195.25,-45695.25
5464,霖宏,上櫃,92.5,4.875283446712018,50480.0,0,2782.0,53262.0,4669400.0,0.0,257335.0,4926735.0
5465,富驊,上櫃,33.85,2.420574886535552,-32000.0,0,-595.0,-32595.0,-1083200.0,0.0,-20140.75,-1103340.75
5468,凱鈺,上櫃,25.45,-1.5473887814313347,35000.0,0,0,35000.0,890750.0,0.0,0.0,890750.0
5474,聰泰,上櫃,165.0,0.6097560975609756,8260.0,0,482.0,8742.0,1362900.0,0.0,79530.0,1442430.0
5475,德宏,上櫃,178.0,-0.8356545961002786,179261.0,0,95.0,179356.0,31908458.0,0.0,16910.0,31925368.0
5478,智冠,上櫃,97.5,0.41194644696189503,-126.0,0,0,-126.0,-12285.0,0.0,0.0,-12285.0
5481,新華,上櫃,22.1,1.3761467889908257,2000.0,0,-1739.0,261.0,44200.0,0.0,-38431.9,5768.1
5483,中美晶,上櫃,211.5,1.9277108433734942,-3994899.0,2500.0,-444558.0,-4436957.0,-844921138.5,528750.0,-94024017.0,-938416405.5
5487,通泰,上櫃,28.7,0.3496503496503497,-4000.0,0,41.0,-3959.0,-114800.0,0.0,1176.7,-113623.3
5488,松普,上櫃,12.15,0.4132231404958678,-3000.0,0,-797.0,-3797.0,-36450.0,0.0,-9683.550000000001,-46133.55
5489,彩富,上櫃,42.35,-0.4700352526439483,6000.0,0,0,6000.0,254100.0,0.0,0.0,254100.0
5490,同亨,上櫃,25.6,-0.1949317738791423,-82699.0,0,140.0,-82559.0,-2117094.4,0.0,3584.0,-2113510.4
5493,三聯,上櫃,90.7,0.11037527593818984,23000.0,0,1186.0,24186.0,2086100.0,0.0,107570.2,2193670.2
5498,凱崴,上櫃,50.6,-1.1718749999999998,-100640.0,0,4465.0,-96175.0,-5092384.0,0.0,225929.0,-4866455.0
5508,永信建,上櫃,53.4,0.5649717514124294,36000.0,0,-389.0,35611.0,1922400.0,0.0,-20772.6,1901627.4
5511,德昌,上櫃,69.3,-0.43103448275862066,-98226.0,0,971.0,-97255.0,-6807061.8,0.0,67290.3,-6739771.5
5512,力麒,上櫃,7.7,-0.12970168612191957,-1030.0,0,-934.0,-1964.0,-7931.0,0.0,-7191.8,-15122.800000000001
5514,三豐,上櫃,15.1,0.3322259136212625,1000.0,0,0,1000.0,15100.0,0.0,0.0,15100.0
5516,雙喜,上櫃,12.0,0.0,0,0,-13.0,-13.0,0.0,0.0,-156.0,-156.0
5523,豐謙,上櫃,30.35,0.0,-8000.0,0,150.0,-7850.0,-242800.0,0.0,4552.5,-238247.5
5529,鉅陞,上櫃,26.05,-1.5122873345935728,-21000.0,0,-84.0,-21084.0,-547050.0,0.0,-2188.2000000000003,-549238.2000000001
5530,龍巖,上櫃,48.75,-0.2047082906857728,19040.0,0,643.0,19683.0,928200.0,0.0,31346.25,959546.25
5536,聖暉*,上櫃,959.0,4.352557127312296,-415207.0,455250.0,19807.0,59850.0,-398183513.0,436584750.0,18994913.0,57396150.0
5543,桓鼎-KY,上櫃,27.0,1.1235955056179776,-2.0,0,0,-2.0,-54.0,0.0,0.0,-54.0
5547,久舜,上櫃,20.15,0.0,-1000.0,0,0,-1000.0,-20150.0,0.0,0.0,-20150.0
5548,安倉,上櫃,20.0,-0.7444168734491315,5000.0,0,0,5000.0,100000.0,0.0,0.0,100000.0
5603,陸海,上櫃,13.5,1.1235955056179776,-2000.0,0,-777.0,-2777.0,-27000.0,0.0,-10489.5,-37489.5
5609,中菲行,上櫃,77.9,-0.2560819462227913,-38000.0,0,0,-38000.0,-2960200.0,0.0,0.0,-2960200.0
5701,劍湖山,上櫃,4.07,0.24630541871921177,-7000.0,0,1.0,-6999.0,-28490.000000000004,0.0,4.07,-28485.93
5704,老爺知,上櫃,22.6,-0.22075055187637968,-1000.0,0,0,-1000.0,-22600.0,0.0,0.0,-22600.0
5864,致和證,上櫃,38.25,-2.4234693877551017,-1842862.0,0,0,-1842862.0,-70489471.5,0.0,0.0,-70489471.5
5903,全家,上櫃,186.0,0.0,2000.0,0,294.0,2294.0,372000.0,0.0,54684.0,426684.0
5904,寶雅*,上櫃,69.1,-0.8608321377331422,-1194242.0,347000.0,-5031.0,-852273.0,-82522122.19999999,23977699.999999996,-347642.1,-58892064.3
5905,南仁湖,上櫃,7.4,1.092896174863388,-29000.0,0,0,-29000.0,-214600.0,0.0,0.0,-214600.0
6015,宏遠證,上櫃,17.6,-1.949860724233983,-2097443.0,0,0,-2097443.0,-36914996.800000004,0.0,0.0,-36914996.800000004
6016,康和證,上櫃,23.7,-2.4691358024691357,-2576708.0,0,0,-2576708.0,-61067979.6,0.0,0.0,-61067979.6
6020,大展證,上櫃,20.55,-0.9638554216867471,-1000.0,0,0,-1000.0,-20550.0,0.0,0.0,-20550.0
6021,美好證,上櫃,41.7,-0.23923444976076555,-26024.0,0,0,-26024.0,-1085200.8,0.0,0.0,-1085200.8
6023,元大期,上櫃,84.8,-0.23529411764705885,-239359.0,0,-40000.0,-279359.0,-20297643.2,0.0,-3392000.0,-23689643.2
6026,福邦證,上櫃,15.85,-1.5527950310559004,-618000.0,5008.0,0,-612992.0,-9795300.0,79376.8,0.0,-9715923.2
6101,寬魚國際,上櫃,37.75,0.9358288770053476,6033.0,0,-1640.0,4393.0,227745.75,0.0,-61910.0,165835.75
6103,合邦,上櫃,36.9,-3.6553524804177546,-2000.0,0,0,-2000.0,-73800.0,0.0,0.0,-73800.0
6104,創惟,上櫃,91.7,0.2185792349726776,23000.0,0,-988.0,22012.0,2109100.0,0.0,-90599.6,2018500.4000000001
6109,亞元,上櫃,10.45,-0.9478672985781991,-4000.0,0,0,-4000.0,-41800.0,0.0,0.0,-41800.0
6111,光聚晶電,上櫃,38.1,-1.4230271668822772,-30785.0,0,-808.0,-31593.0,-1172908.5,0.0,-30784.800000000003,-1203693.3
6113,亞矽,上櫃,24.9,9.933774834437086,109000.0,0,-747.0,108253.0,2714100.0,0.0,-18600.3,2695499.6999999997
6118,建達,上櫃,16.3,1.557632398753894,-38000.0,0,-1266.0,-39266.0,-619400.0,0.0,-20635.8,-640035.8
6121,新普,上櫃,379.5,0.6631299734748011,-30609.0,2900.0,-1151.0,-28860.0,-11616115.5,1100550.0,-436804.5,-10952370.0
6122,擎邦,上櫃,62.3,2.975206611570248,329294.0,858.0,4732.0,334884.0,20515016.2,53453.399999999994,294803.6,20863273.2
6123,上奇,上櫃,42.95,-0.23228803716608595,6000.0,0,0,6000.0,257700.00000000003,0.0,0.0,257700.00000000003
6124,業強,上櫃,27.2,0.0,1000.0,0,0,1000.0,27200.0,0.0,0.0,27200.0
6125,廣運,上櫃,49.85,-0.10020040080160322,366.0,0,-1844.0,-1478.0,18245.100000000002,0.0,-91923.40000000001,-73678.3
6126,信音,上櫃,30.8,-0.3236245954692557,21609.0,0,40.0,21649.0,665557.2000000001,0.0,1232.0,666789.2000000001
6127,九豪,上櫃,56.8,9.864603481624759,10075.0,0,34331.0,44406.0,572260.0,0.0,1950000.7999999998,2522260.8
6129,普誠,上櫃,14.7,-1.342281879194631,46634.0,0,0,46634.0,685519.7999999999,0.0,0.0,685519.7999999999
6130,上亞科技,上櫃,23.55,-0.8421052631578947,-4000.0,0,0,-4000.0,-94200.0,0.0,0.0,-94200.0
6134,萬旭,上櫃,28.95,-0.8561643835616438,-5000.0,0,9249.0,4249.0,-144750.0,0.0,267758.55,123008.55
6138,茂達,上櫃,283.5,2.717391304347826,165140.0,0,13548.0,178688.0,46817190.0,0.0,3840858.0,50658048.0
6140,訊達,上櫃,20.05,-0.7425742574257426,6330.0,0,-492.0,5838.0,126916.5,0.0,-9864.6,117051.90000000001
6143,振曜,上櫃,80.6,-0.49382716049382713,-44000.0,0,-427.0,-44427.0,-3546399.9999999995,0.0,-34416.2,-3580816.1999999997
6146,耕興,上櫃,181.5,0.0,23105.0,0,-205.0,22900.0,4193557.5,0.0,-37207.5,4156350.0
6147,頎邦,上櫃,225.5,7.637231503579953,1881655.0,1224000.0,199756.0,3305411.0,424313202.5,276012000.0,45044978.0,745370180.5
6148,驊宏資,上櫃,38.05,-0.13123359580052496,15661.0,0,-625.0,15036.0,595901.0499999999,0.0,-23781.25,572119.7999999999
6150,撼訊,上櫃,69.9,9.905660377358489,-8838.0,0,-22604.0,-31442.0,-617776.2000000001,0.0,-1580019.6,-2197795.8000000003
6151,晉倫,上櫃,34.65,-0.28776978417266186,-37985.0,0,0,-37985.0,-1316180.25,0.0,0.0,-1316180.25
6154,順發,上櫃,14.2,0.0,-3000.0,0,0,-3000.0,-42600.0,0.0,0.0,-42600.0
6156,松上,上櫃,21.75,-0.4576659038901602,4148.0,0,-1548.0,2600.0,90219.0,0.0,-33669.0,56550.0
6158,禾昌,上櫃,17.25,0.29069767441860467,2000.0,0,3.0,2003.0,34500.0,0.0,51.75,34551.75
6160,欣技,上櫃,13.9,0.0,-13000.0,0,0,-13000.0,-180700.0,0.0,0.0,-180700.0
6161,捷波,上櫃,50.3,-2.3300970873786406,-12000.0,0,1.0,-11999.0,-603600.0,0.0,50.3,-603549.7
6163,華電網,上櫃,41.4,-0.7194244604316548,-218807.0,0,16202.0,-202605.0,-9058609.799999999,0.0,670762.7999999999,-8387847.0
6167,久正,上櫃,10.25,-0.48543689320388345,-13827.0,0,-84.0,-13911.0,-141726.75,0.0,-861.0,-142587.75
6169,昱泉,上櫃,11.85,-1.25,0,0,2.0,2.0,0.0,0.0,23.7,23.7
6170,統振,上櫃,49.15,1.027749229188078,51001.0,0,413.0,51414.0,2506699.15,0.0,20298.95,2526998.1
6171,大城地產,上櫃,27.35,2.2429906542056073,3000.0,0,0,3000.0,82050.0,0.0,0.0,82050.0
6173,信昌電,上櫃,302.5,4.852686308492201,853902.0,-359000.0,-8753.0,486149.0,258305355.0,-108597500.0,-2647782.5,147060072.5
6174,安碁,上櫃,50.0,9.89010989010989,312000.0,0,2001.0,314001.0,15600000.0,0.0,100050.0,15700050.0
6175,立敦,上櫃,76.3,8.380681818181818,-1365797.0,0,73866.0,-1291931.0,-104210311.1,0.0,5635975.8,-98574335.3
6179,亞通,上櫃,35.95,-0.9641873278236913,-3466.0,0,-37144.0,-40610.0,-124602.70000000001,0.0,-1335326.8,-1459929.5
6180,橘子,上櫃,41.65,0.6038647342995169,124000.0,0,-661.0,123339.0,5164600.0,0.0,-27530.649999999998,5137069.35
6182,合晶,上櫃,130.0,-2.2556390977443606,-16712367.0,-1000.0,-470849.0,-17184216.0,-2172607710.0,-130000.0,-61210370.0,-2233948080.0
6185,幃翔,上櫃,12.6,0.8,20020.0,0,-367.0,19653.0,252252.0,0.0,-4624.2,247627.8
6186,新潤,上櫃,29.1,-0.17152658662092624,-65831.0,0,-1.0,-65832.0,-1915682.1,0.0,-29.1,-1915711.2000000002
6187,萬潤,上櫃,1275.0,-2.6717557251908395,-441308.0,-49300.0,4642.0,-485966.0,-562667700.0,-62857500.0,5918550.0,-619606650.0
6188,廣明,上櫃,62.1,0.0,-18000.0,0,-2445.0,-20445.0,-1117800.0,0.0,-151834.5,-1269634.5
6190,萬泰科,上櫃,71.2,1.1363636363636365,140440.0,0,8624.0,149064.0,9999328.0,0.0,614028.8,10613356.8
6194,育富,上櫃,30.1,0.8375209380234505,6000.0,0,19.0,6019.0,180600.0,0.0,571.9,181171.9
6195,詩肯,上櫃,28.2,-0.1769911504424779,0,0,173.0,173.0,0.0,0.0,4878.599999999999,4878.599999999999
6199,天品,上櫃,128.0,0.39215686274509803,21726.0,0,-5874.0,15852.0,2780928.0,0.0,-751872.0,2029056.0
6203,海韻電,上櫃,60.3,0.5,11000.0,0,282.0,11282.0,663300.0,0.0,17004.6,680304.6
6204,艾華,上櫃,104.5,1.4563106796116505,-12022.0,0,754.0,-11268.0,-1256299.0,0.0,78793.0,-1177506.0
6207,雷科,上櫃,145.0,-3.9735099337748347,1977605.0,0,-228881.0,1748724.0,286752725.0,0.0,-33187745.0,253564980.0
6208,日揚,上櫃,79.5,4.605263157894736,31000.0,0,-486.0,30514.0,2464500.0,0.0,-38637.0,2425863.0
6210,慶生,上櫃,17.9,0.0,4000.0,0,-849.0,3151.0,71600.0,0.0,-15197.099999999999,56402.899999999994
6217,中探針,上櫃,174.5,-1.13314447592068,-54790.0,0,689.0,-54101.0,-9560855.0,0.0,120230.5,-9440624.5
6218,豪勉,上櫃,62.8,1.4539579967689822,56050.0,0,0,56050.0,3519940.0,0.0,0.0,3519940.0
6219,富旺,上櫃,12.35,1.2295081967213115,3000.0,0,152.0,3152.0,37050.0,0.0,1877.2,38927.2
6220,岳豐,上櫃,25.3,0.3968253968253969,35000.0,0,298.0,35298.0,885500.0,0.0,7539.400000000001,893039.4
6221,晉泰,上櫃,30.95,-0.16129032258064516,-57500.0,0,2003.0,-55497.0,-1779625.0,0.0,61992.85,-1717632.15
6223,旺矽,上櫃,5030.0,-1.8536585365853657,277604.0,-557594.0,24250.0,-255740.0,1396348120.0,-2804697820.0,121977500.0,-1286372200.0
6227,茂綸,上櫃,137.0,3.787878787878788,148215.0,0,1686.0,149901.0,20305455.0,0.0,230982.0,20536437.0
6228,全譜,上櫃,18.15,-3.457446808510639,-1000.0,0,0,-1000.0,-18150.0,0.0,0.0,-18150.0
6229,研通,上櫃,24.15,-0.2066115702479339,13000.0,0,0,13000.0,313950.0,0.0,0.0,313950.0
6231,系微,上櫃,237.0,0.851063829787234,14145.0,0,2340.0,16485.0,3352365.0,0.0,554580.0,3906945.0
6233,旺玖,上櫃,23.55,3.289473684210526,-75000.0,0,-68.0,-75068.0,-1766250.0,0.0,-1601.4,-1767851.4000000001
6234,高僑,上櫃,39.55,-0.5031446540880504,-224863.0,0,-59996.0,-284859.0,-8893331.649999999,0.0,-2372841.8,-11266173.45
6237,驊訊,上櫃,36.75,0.684931506849315,-169000.0,0,0,-169000.0,-6210750.0,0.0,0.0,-6210750.0
6240,松崗,上櫃,25.3,-0.9784735812133072,0,0,85.0,85.0,0.0,0.0,2150.5,2150.5
6241,鑫永洋,上櫃,16.15,-0.9202453987730062,-16000.0,0,-632.0,-16632.0,-258399.99999999997,0.0,-10206.8,-268606.8
6244,茂迪,上櫃,23.85,-4.790419161676646,-1969935.0,0,-53775.0,-2023710.0,-46982949.75,0.0,-1282533.75,-48265483.5
6245,立端,上櫃,88.3,0.5694760820045558,-41514.0,0,3225.0,-38289.0,-3665686.1999999997,0.0,284767.5,-3380918.6999999997
6246,臺龍,上櫃,12.7,-1.1673151750972763,-4000.0,0,20.0,-3980.0,-50800.0,0.0,254.0,-50546.0
6248,沛波,上櫃,17.25,0.5830903790087464,-5000.0,0,0,-5000.0,-86250.0,0.0,0.0,-86250.0
6259,百徽,上櫃,31.8,5.12396694214876,77800.0,0,8976.0,86776.0,2474040.0,0.0,285436.8,2759476.8000000003
6261,久元,上櫃,79.1,0.0,-70000.0,0,4413.0,-65587.0,-5537000.0,0.0,349068.3,-5187931.699999999
6263,普萊德,上櫃,164.0,3.4700315457413247,6710.0,0,-961.0,5749.0,1100440.0,0.0,-157604.0,942836.0
6265,方土昶,上櫃,49.25,1.2332990750256936,-981000.0,0,-7975.0,-988975.0,-48314250.0,0.0,-392768.75,-48707018.75
6266,泰詠,上櫃,24.95,-0.2,6000.0,0,-331.0,5669.0,149700.0,0.0,-8258.449999999999,141441.55
6270,倍微,上櫃,30.55,1.8333333333333333,18000.0,0,783.0,18783.0,549900.0,0.0,23920.65,573820.65
6274,台燿,上櫃,1535.0,0.9868421052631579,-9133.0,-29000.0,-6955.0,-45088.0,-14019155.0,-44515000.0,-10675925.0,-69210080.0
6275,元山,上櫃,47.45,0.6362672322375397,90016.0,0,959.0,90975.0,4271259.2,0.0,45504.55,4316763.75
6276,安鈦克,上櫃,19.65,1.8134715025906738,-2000.0,0,0,-2000.0,-39300.0,0.0,0.0,-39300.0
6279,胡連,上櫃,113.0,0.4444444444444444,26247.0,0,618.0,26865.0,2965911.0,0.0,69834.0,3035745.0
6284,佳邦,上櫃,80.3,6.216931216931218,701458.0,0,16514.0,717972.0,56327077.4,0.0,1326074.2,57653151.6
6290,良維,上櫃,277.5,-0.8928571428571428,-532826.0,2000.0,-117554.0,-648380.0,-147859215.0,555000.0,-32621235.0,-179925450.0
6291,沛亨,上櫃,489.0,-2.1999999999999997,-39950.0,0,-24617.0,-64567.0,-19535550.0,0.0,-12037713.0,-31573263.0
6292,迅德,上櫃,67.2,0.9009009009009007,122985.0,0,718.0,123703.0,8264592.0,0.0,48249.6,8312841.600000001
6294,智基,上櫃,28.15,-0.3539823008849558,2000.0,0,0,2000.0,56300.0,0.0,0.0,56300.0
6411,晶焱,上櫃,78.4,1.0309278350515463,36943.0,0,-7.0,36936.0,2896331.2,0.0,-548.8000000000001,2895782.4000000004
6417,韋僑,上櫃,102.0,0.0,8000.0,0,-31.0,7969.0,816000.0,0.0,-3162.0,812838.0
6418,詠昇,上櫃,34.55,-0.28860028860028863,-3000.0,0,209.0,-2791.0,-103649.99999999999,0.0,7220.95,-96429.04999999999
6419,京晨科,上櫃,155.0,-0.641025641025641,-19879.0,0,1722.0,-18157.0,-3081245.0,0.0,266910.0,-2814335.0
6423,億而得,上櫃,94.4,9.89522700814901,42000.0,0,1000.0,43000.0,3964800.0000000005,0.0,94400.0,4059200.0000000005
6425,易發,上櫃,81.3,2.911392405063291,-311443.0,0,-5293.0,-316736.0,-25320315.9,0.0,-430320.89999999997,-25750636.8
6432,今展科,上櫃,69.8,9.921259842519685,-186886.0,0,10828.0,-176058.0,-13044642.799999999,0.0,755794.4,-12288848.4
6435,大中,上櫃,262.0,3.968253968253968,143754.0,0,14721.0,158475.0,37663548.0,0.0,3856902.0,41520450.0
6441,廣錠,上櫃,24.9,0.8097165991902834,-12910.0,0,37.0,-12873.0,-321459.0,0.0,921.3,-320537.69999999995
6461,益得,上櫃,24.05,-1.6359918200409,14000.0,0,-560.0,13440.0,336700.0,0.0,-13468.0,323232.0
6462,神盾,上櫃,107.0,0.9433962264150944,-340282.0,0,3301.0,-336981.0,-36410174.0,0.0,353207.0,-36056967.0
6465,威潤,上櫃,41.6,-0.3592814371257485,2000.0,0,-283.0,1717.0,83200.0,0.0,-11772.800000000001,71427.2
6469,大樹,上櫃,64.4,0.0,-20802.0,0,-624.0,-21426.0,-1339648.8,0.0,-40185.600000000006,-1379834.4000000001
6470,宇智,上櫃,42.7,0.0,2000.0,0,0,2000.0,85400.0,0.0,0.0,85400.0
6474,華豫寧,上櫃,35.45,-0.7002801120448179,25000.0,0,0,25000.0,886250.0000000001,0.0,0.0,886250.0000000001
6482,弘煜科,上櫃,23.65,0.6382978723404255,1000.0,0,0,1000.0,23650.0,0.0,0.0,23650.0
6485,點序,上櫃,84.7,10.0,58000.0,0,-25714.0,32286.0,4912600.0,0.0,-2177975.8000000003,2734624.2
6486,互動,上櫃,81.3,0.8684863523573202,16389.0,0,0,16389.0,1332425.7,0.0,0.0,1332425.7
6488,環球晶,上櫃,1085.0,4.830917874396135,-2244046.0,983090.0,98467.0,-1162489.0,-2434789910.0,1066652650.0,106836695.0,-1261300565.0
6492,生華科,上櫃,34.6,0.727802037845706,36000.0,0,-606.0,35394.0,1245600.0,0.0,-20967.600000000002,1224632.4000000001
6494,九齊,上櫃,52.4,1.1583011583011582,20000.0,0,0,20000.0,1048000.0,0.0,0.0,1048000.0
6496,科懋,上櫃,23.8,0.6342494714587736,1000.0,0,0,1000.0,23800.0,0.0,0.0,23800.0
6498,久禾光,上櫃,68.3,2.245508982035928,3000.0,0,148.0,3148.0,204900.0,0.0,10108.4,215008.4
6499,益安,上櫃,79.1,1.8018018018018018,135649.0,0,-560.0,135089.0,10729835.899999999,0.0,-44296.0,10685539.899999999
6506,雙邦,上櫃,18.55,-0.26881720430107525,6000.0,0,112.0,6112.0,111300.0,0.0,2077.6,113377.6
6508,惠光,上櫃,27.0,0.1855287569573284,-5000.0,0,-710.0,-5710.0,-135000.0,0.0,-19170.0,-154170.0
6509,聚和,上櫃,48.8,-0.6109979633401222,-193000.0,0,-599.0,-193599.0,-9418400.0,0.0,-29231.199999999997,-9447631.2
6510,精測,上櫃,3000.0,-2.1207177814029365,-39036.0,-137800.0,5766.0,-171070.0,-117108000.0,-413400000.0,17298000.0,-513210000.0
6516,勤崴國際,上櫃,56.5,0.0,-2000.0,0,0,-2000.0,-113000.0,0.0,0.0,-113000.0
6517,保勝光學,上櫃,63.5,-0.15723270440251574,5009.0,0,0,5009.0,318071.5,0.0,0.0,318071.5
6523,達爾膚,上櫃,89.5,,-7000.0,0,1000.0,-6000.0,-626500.0,0.0,89500.0,-537000.0
6527,明達醫,上櫃,75.0,0.0,-1000.0,0,0,-1000.0,-75000.0,0.0,0.0,-75000.0
6530,創威,上櫃,102.0,-2.3923444976076556,-269044.0,0,-119.0,-269163.0,-27442488.0,0.0,-12138.0,-27454626.0
6532,瑞耘,上櫃,122.5,3.375527426160337,650811.0,0,-20719.0,630092.0,79724347.5,0.0,-2538077.5,77186270.0
6535,順藥,上櫃,80.9,-1.5815085158150852,-67000.0,-66314.0,-715.0,-134029.0,-5420300.0,-5364802.600000001,-57843.50000000001,-10842946.100000001
6538,倉和,上櫃,369.5,3.7921348314606744,-197188.0,0,-11522.0,-208710.0,-72860966.0,0.0,-4257379.0,-77118345.0
6542,隆中,上櫃,39.9,-1.4814814814814814,-1000.0,0,0,-1000.0,-39900.0,0.0,0.0,-39900.0
6546,正基,上櫃,59.7,0.505050505050505,-33000.0,0,459.0,-32541.0,-1970100.0,0.0,27402.300000000003,-1942697.7000000002
6547,高端疫苗,上櫃,62.6,0.32051282051282054,-582618.0,0,137217.0,-445401.0,-36471886.800000004,0.0,8589784.200000001,-27882102.6
6548,長科*,上櫃,71.5,-0.9695290858725761,1008400.0,-1855000.0,49690.0,-796910.0,72100600.0,-132632500.0,3552835.0,-56979065.0
6556,勝品,上櫃,61.6,-0.8051529790660225,-5000.0,0,3000.0,-2000.0,-308000.0,0.0,184800.0,-123200.0
6560,欣普羅,上櫃,32.6,1.2422360248447204,-6000.0,0,-543.0,-6543.0,-195600.0,0.0,-17701.8,-213301.80000000002
6561,是方,上櫃,310.5,1.1400651465798046,7000.0,0,-126.0,6874.0,2173500.0,0.0,-39123.0,2134377.0
6568,宏觀,上櫃,140.0,-1.7543859649122806,-13000.0,0,2334.0,-10666.0,-1820000.0,0.0,326760.0,-1493240.0
6569,醫揚,上櫃,91.3,-0.9761388286334056,0,0,-270.0,-270.0,0.0,0.0,-24651.0,-24651.0
6570,維田,上櫃,47.55,0.0,14000.0,0,0,14000.0,665700.0,0.0,0.0,665700.0
6574,霈方,上櫃,118.5,0.0,-1000.0,0,1070.0,70.0,-118500.0,0.0,126795.0,8295.0
6576,逸達,上櫃,79.1,-0.5031446540880504,-65000.0,0,179.0,-64821.0,-5141500.0,0.0,14158.9,-5127341.1
6577,勁豐,上櫃,80.5,0.625,8000.0,151.0,0,8151.0,644000.0,12155.5,0.0,656155.5
6578,達邦蛋白,上櫃,16.5,0.30395136778115506,1000.0,0,0,1000.0,16500.0,0.0,0.0,16500.0
6584,南俊國際,上櫃,531.0,-1.6666666666666667,-69790.0,-62000.0,-2862.0,-134652.0,-37058490.0,-32922000.0,-1519722.0,-71500212.0
6588,東典光電,上櫃,110.0,1.8518518518518516,21993.0,0,-133.0,21860.0,2419230.0,0.0,-14630.0,2404600.0
6593,台灣銘板,上櫃,32.3,0.15503875968992248,4000.0,0,0,4000.0,129199.99999999999,0.0,0.0,129199.99999999999
6596,寬宏藝術,上櫃,97.2,-0.10277492291880781,-9000.0,0,-338.0,-9338.0,-874800.0,0.0,-32853.6,-907653.6
6597,立誠,上櫃,63.0,-8.296943231441048,1000.0,0,0,1000.0,63000.0,0.0,0.0,63000.0
6603,富強鑫,上櫃,29.8,3.4722222222222223,1768967.0,0,146217.0,1915184.0,52715216.6,0.0,4357266.600000001,57072483.2
6609,瀧澤科,上櫃,39.55,-1.0012515644555697,-28000.0,0,356.0,-27644.0,-1107400.0,0.0,14079.8,-1093320.2
6612,奈米醫材,上櫃,77.0,6.206896551724138,25000.0,0,6877.0,31877.0,1925000.0,0.0,529529.0,2454529.0
6613,朋億*,上櫃,278.5,1.6423357664233578,102501.0,0,2010.0,104511.0,28546528.5,0.0,559785.0,29106313.5
6615,慧智,上櫃,33.5,0.0,2000.0,0,-168.0,1832.0,67000.0,0.0,-5628.0,61372.0
6617,共信-KY,上櫃,132.0,-4.693140794223827,-7731.0,0,-763.0,-8494.0,-1020492.0,0.0,-100716.0,-1121208.0
6620,漢達,上櫃,144.5,2.4822695035460995,-856206.0,0,26023.0,-830183.0,-123721767.0,0.0,3760323.5,-119961443.5
6624,萬年清,上櫃,38.0,-0.6535947712418301,-2000.0,0,0,-2000.0,-76000.0,0.0,0.0,-76000.0
6637,醫影,上櫃,53.9,0.1858736059479554,0,0,438.0,438.0,0.0,0.0,23608.2,23608.2
6640,均華,上櫃,1110.0,6.730769230769231,93639.0,0,7044.0,100683.0,103939290.0,0.0,7818840.0,111758130.0
6642,富致,上櫃,83.0,1.591187270501836,91000.0,0,4481.0,95481.0,7553000.0,0.0,371923.0,7924923.0
6643,M31,上櫃,521.0,-6.126126126126126,-487933.0,0,-147020.0,-634953.0,-254213093.0,0.0,-76597420.0,-330810513.0
6649,台生材,上櫃,37.2,1.9178082191780819,-1000.0,0,1.0,-999.0,-37200.0,0.0,37.2,-37162.8
6651,全宇昕,上櫃,147.5,1.0273972602739725,29945.0,0,999.0,30944.0,4416887.5,0.0,147352.5,4564240.0
6654,天正國際,上櫃,210.0,-2.7777777777777777,6000.0,0,0,6000.0,1260000.0,0.0,0.0,1260000.0
6664,群翊,上櫃,371.5,-1.196808510638298,-4671.0,0,-3757.0,-8428.0,-1735276.5,0.0,-1395725.5,-3131002.0
6667,信紘科,上櫃,261.0,-0.38167938931297707,-1366.0,0,10423.0,9057.0,-356526.0,0.0,2720403.0,2363877.0
6679,鈺太,上櫃,204.5,-0.7281553398058253,-20426.0,0,-2109.0,-22535.0,-4177117.0,0.0,-431290.5,-4608407.5
6680,鑫創電子,上櫃,51.5,-0.7707129094412333,1000.0,0,0,1000.0,51500.0,0.0,0.0,51500.0
6683,雍智科技,上櫃,1575.0,-0.9433962264150944,-128470.0,-5000.0,34282.0,-99188.0,-202340250.0,-7875000.0,53994150.0,-156221100.0
6684,安格,上櫃,50.1,-0.199203187250996,6050.0,0,275.0,6325.0,303105.0,0.0,13777.5,316882.5
6690,安碁資訊,上櫃,177.0,0.0,709.0,0,378.0,1087.0,125493.0,0.0,66906.0,192399.0
6692,進能服,上櫃,23.05,-3.3542976939203357,1000.0,0,0,1000.0,23050.0,0.0,0.0,23050.0
6693,廣閎科,上櫃,212.5,0.4728132387706856,98038.0,0,97719.0,195757.0,20833075.0,0.0,20765287.5,41598362.5
6697,東捷資訊,上櫃,41.1,-0.4842615012106537,1000.0,0,-4.0,996.0,41100.0,0.0,-164.4,40935.6
6703,軒郁,上櫃,100.5,0.0,-6000.0,298.0,0,-5702.0,-603000.0,29949.0,0.0,-573051.0
6708,天擎,上櫃,56.8,9.864603481624759,31200.0,0,-21000.0,10200.0,1772160.0,0.0,-1192800.0,579360.0
6712,長聖,上櫃,162.0,0.0,410.0,0,-1534.0,-1124.0,66420.0,0.0,-248508.0,-182088.0
6716,應廣,上櫃,117.5,3.070175438596491,50592.0,0,478.0,51070.0,5944560.0,0.0,56165.0,6000725.0
6720,久昌,上櫃,126.5,-0.7843137254901961,3000.0,0,1.0,3001.0,379500.0,0.0,126.5,379626.5
6725,矽科宏晟,上櫃,221.0,1.3761467889908259,21145.0,0,-4000.0,17145.0,4673045.0,0.0,-884000.0,3789045.0
6727,亞泰金屬,上櫃,488.0,0.6185567010309279,-41814.0,0,435.0,-41379.0,-20405232.0,0.0,212280.0,-20192952.0
6728,上洋,上櫃,109.0,0.0,4000.0,0,0,4000.0,436000.0,0.0,0.0,436000.0
6732,昇佳電子,上櫃,152.0,0.33003300330033003,6226.0,0,-1433.0,4793.0,946352.0,0.0,-217816.0,728536.0
6733,博晟生醫,上櫃,24.95,0.0,-7000.0,0,114.0,-6886.0,-174650.0,0.0,2844.2999999999997,-171805.69999999998
6735,美達科技,上櫃,66.8,-0.7429420505200595,-19000.0,0,89.0,-18911.0,-1269200.0,0.0,5945.2,-1263254.8
6739,竹陞科技,上櫃,1105.0,-2.643171806167401,-49883.0,0,-2344.0,-52227.0,-55120715.0,0.0,-2590120.0,-57710835.0
6741,91APP*-KY,上櫃,55.6,0.9074410163339384,15490.0,0,0,15490.0,861244.0,0.0,0.0,861244.0
6751,智聯服務,上櫃,44.0,-1.1235955056179776,0,0,0,0,0.0,0.0,0.0,0.0
6752,叡揚,上櫃,96.2,0.20833333333333334,1000.0,0,0,1000.0,96200.0,0.0,0.0,96200.0
6761,穩得,上櫃,164.5,-0.30303030303030304,22000.0,0,-1561.0,20439.0,3619000.0,0.0,-256784.5,3362215.5
6762,達亞,上櫃,156.0,-1.2658227848101267,0,0,-730.0,-730.0,0.0,0.0,-113880.0,-113880.0
6763,綠界科技*,上櫃,41.2,-0.24213075060532685,-8000.0,0,-3.0,-8003.0,-329600.0,0.0,-123.60000000000001,-329723.60000000003
6785,昱展新藥,上櫃,95.3,0.21030494216614093,-4000.0,0,-221.0,-4221.0,-381200.0,0.0,-21061.3,-402261.3
6788,華景電,上櫃,346.5,-0.7163323782234957,-12008.0,0,-688.0,-12696.0,-4160772.0,0.0,-238392.0,-4399164.0
6791,虎門科技,上櫃,100.5,1.0050251256281406,1000.0,0,240.0,1240.0,100500.0,0.0,24120.0,124620.0
6803,崑鼎,上櫃,267.0,0.0,-9000.0,0,0,-9000.0,-2403000.0,0.0,0.0,-2403000.0
6804,明係,上櫃,18.35,0.0,6000.0,0,0,6000.0,110100.00000000001,0.0,0.0,110100.00000000001
6811,宏碁資訊,上櫃,243.5,1.2474012474012475,-37139.0,0,-414.0,-37553.0,-9043346.5,0.0,-100809.0,-9144155.5
6821,聯寶,上櫃,42.25,-1.2850467289719627,-25000.0,0,-27.0,-25027.0,-1056250.0,0.0,-1140.75,-1057390.75
6823,濾能,上櫃,60.7,-0.1644736842105263,-2000.0,0,0,-2000.0,-121400.0,0.0,0.0,-121400.0
6829,千附精密,上櫃,205.0,-1.6786570743405276,-81974.0,0,-26384.0,-108358.0,-16804670.0,0.0,-5408720.0,-22213390.0
6840,東研信超,上櫃,99.3,0.40444893832153694,-4000.0,0,-3733.0,-7733.0,-397200.0,0.0,-370686.89999999997,-767886.9
6841,長佳智能,上櫃,57.0,-3.0612244897959187,-72000.0,0,-3947.0,-75947.0,-4104000.0,0.0,-224979.0,-4328979.0
6844,諾貝兒,上櫃,57.4,-0.17391304347826086,-1000.0,0,0,-1000.0,-57400.0,0.0,0.0,-57400.0
6859,伯特光,上櫃,120.5,0.0,9000.0,0,669.0,9669.0,1084500.0,0.0,80614.5,1165114.5
6870,騰雲,上櫃,314.5,-2.7820710973724885,-5550.0,0,9794.0,4244.0,-1745475.0,0.0,3080213.0,1334738.0
6872,浩宇生醫,上櫃,23.0,-4.365904365904366,3000.0,0,-13.0,2987.0,69000.0,0.0,-299.0,68701.0
6874,倍力,上櫃,70.4,0.8595988538681947,-2000.0,0,0,-2000.0,-140800.0,0.0,0.0,-140800.0
6875,國邑*,上櫃,31.3,-0.1594896331738437,22000.0,0,-8.0,21992.0,688600.0,0.0,-250.4,688349.6
6877,鏵友益,上櫃,138.5,9.920634920634921,2000.0,0,3648.0,5648.0,277000.0,0.0,505248.0,782248.0
6894,衛司特,上櫃,360.0,-0.2770083102493075,2000.0,0,-11.0,1989.0,720000.0,0.0,-3960.0,716040.0
6895,宏碩系統,上櫃,151.0,-0.33003300330033003,4000.0,0,905.0,4905.0,604000.0,0.0,136655.0,740655.0
6899,創為精密,上櫃,49.5,-0.6024096385542169,-3000.0,0,0,-3000.0,-148500.0,0.0,0.0,-148500.0
6903,巨漢,上櫃,316.0,0.15847860538827258,-114211.0,0,18584.0,-95627.0,-36090676.0,0.0,5872544.0,-30218132.0
6907,雅特力-KY,上櫃,198.5,5.585106382978723,-20455.0,0,167117.0,146662.0,-4060317.5,0.0,33172724.5,29112407.0
6910,德鴻,上櫃,26.8,-0.5565862708719851,-5000.0,0,0,-5000.0,-134000.0,0.0,0.0,-134000.0
6913,鴻呈,上櫃,129.0,0.38910505836575876,-13000.0,0,-20.0,-13020.0,-1677000.0,0.0,-2580.0,-1679580.0
6922,宸曜,上櫃,221.0,0.0,-53.0,0,7434.0,7381.0,-11713.0,0.0,1642914.0,1631201.0
6925,意藍,上櫃,72.1,-2.303523035230352,-206000.0,0,0,-206000.0,-14852599.999999998,0.0,0.0,-14852599.999999998
6945,圓祥生技,上櫃,143.0,-3.7037037037037033,-16000.0,0,0,-16000.0,-2288000.0,0.0,0.0,-2288000.0
6953,家碩,上櫃,252.5,3.061224489795918,22000.0,0,19957.0,41957.0,5555000.0,0.0,5039142.5,10594142.5
6961,旅天下,上櫃,47.65,-0.9355509355509356,-57.0,0,0,-57.0,-2716.0499999999997,0.0,0.0,-2716.0499999999997
6967,汎瑋材料,上櫃,71.5,1.8518518518518516,47002.0,0,-678.0,46324.0,3360643.0,0.0,-48477.0,3312166.0
6968,萬達寵物,上櫃,41.45,0.0,-2000.0,0,269.0,-1731.0,-82900.0,0.0,11150.050000000001,-71749.95000000001
6971,惠民實業,上櫃,23.3,-0.851063829787234,-2000.0,0,0,-2000.0,-46600.0,0.0,0.0,-46600.0
6982,大井泵浦,上櫃,44.7,1.3605442176870748,0,0,0,0,0.0,0.0,0.0,0.0
6983,華洋精機,上櫃,353.0,1.4367816091954022,37000.0,0,862.0,37862.0,13061000.0,0.0,304286.0,13365286.0
6986,和迅,上櫃,44.0,-0.1135073779795687,-12000.0,0,0,-12000.0,-528000.0,0.0,0.0,-528000.0
6996,力領科技,上櫃,169.5,0.0,-4355.0,0,-42.0,-4397.0,-738172.5,0.0,-7119.0,-745291.5
7402,邑錡,上櫃,100.5,-0.49504950495049505,-20668.0,0,327.0,-20341.0,-2077134.0,0.0,32863.5,-2044270.5
7547,碩網,上櫃,64.1,-1.0802469135802468,-22000.0,0,0,-22000.0,-1410199.9999999998,0.0,0.0,-1410199.9999999998
7556,意德士,上櫃,262.5,-0.7561436672967864,-7000.0,0,0,-7000.0,-1837500.0,0.0,0.0,-1837500.0
7584,樂意,上櫃,28.6,-0.34843205574912894,-1000.0,0,0,-1000.0,-28600.0,0.0,0.0,-28600.0
7642,昶瑞機電,上櫃,68.2,-0.437956204379562,-1000.0,0,0,-1000.0,-68200.0,0.0,0.0,-68200.0
7703,銳澤,上櫃,205.0,1.7369727047146404,14573.0,0,1171.0,15744.0,2987465.0,0.0,240055.0,3227520.0
7704,明遠精密,上櫃,61.2,-0.3257328990228013,-9000.0,0,0,-9000.0,-550800.0,0.0,0.0,-550800.0
7709,榮田,上櫃,85.8,-0.5793742757821553,-9000.0,0,-732.0,-9732.0,-772200.0,0.0,-62805.6,-835005.6
7712,博盛半導體,上櫃,169.0,4.968944099378882,-6605.0,0,6846.0,241.0,-1116245.0,0.0,1156974.0,40729.0
7713,威力德生醫,上櫃,74.3,0.0,1000.0,0,0,1000.0,74300.0,0.0,0.0,74300.0
7714,創泓科技,上櫃,169.5,-1.4534883720930232,-20000.0,0,-2907.0,-22907.0,-3390000.0,0.0,-492736.5,-3882736.5
7715,裕山,上櫃,28.35,-0.17605633802816903,9000.0,0,82.0,9082.0,255150.0,0.0,2324.7000000000003,257474.7
7717,萊德光電-KY,上櫃,551.0,-8.774834437086094,12117.0,0,-7536.0,4581.0,6676467.0,0.0,-4152336.0,2524131.0
7718,友鋮,上櫃,46.0,0.43668122270742366,-1000.0,0,235.0,-765.0,-46000.0,0.0,10810.0,-35190.0
7723,築間,上櫃,18.25,-0.8152173913043478,1000.0,0,0,1000.0,18250.0,0.0,0.0,18250.0
7728,光焱科技,上櫃,649.0,-2.6986506746626686,-17000.0,0,-485.0,-17485.0,-11033000.0,0.0,-314765.0,-11347765.0
7734,印能科技,上櫃,2795.0,4.878048780487805,67541.0,-45000.0,3808.0,26349.0,188777095.0,-125775000.0,10643360.0,73645455.0
7738,東聯互動,上櫃,156.0,0.3215434083601286,2000.0,0,0,2000.0,312000.0,0.0,0.0,312000.0
7743,金利食安,上櫃,25.0,0.0,-2000.0,0,0,-2000.0,-50000.0,0.0,0.0,-50000.0
7744,崴寶,上櫃,537.0,2.676864244741874,-10075.0,0,1742.0,-8333.0,-5410275.0,0.0,935454.0,-4474821.0
7747,昕奇雲端,上櫃,111.5,0.0,0,0,-300000.0,-300000.0,0.0,0.0,-33450000.0,-33450000.0
7751,竑騰,上櫃,1630.0,0.3076923076923077,5100.0,7000.0,-291.0,11809.0,8313000.0,11410000.0,-474330.0,19248670.0
7753,星亞,上櫃,35.7,0.2808988764044944,-1000.0,0,0,-1000.0,-35700.0,0.0,0.0,-35700.0
7757,金色三麥,上櫃,89.2,-1.1086474501108647,1000.0,0,0,1000.0,89200.0,0.0,0.0,89200.0
7770,君曜,上櫃,41.45,-2.6995305164319245,5000.0,0,-1000.0,4000.0,207250.0,0.0,-41450.0,165800.0
7772,耀穎,上櫃,184.0,4.545454545454546,2000.0,0,0,2000.0,368000.0,0.0,0.0,368000.0
7777,能率亞洲,上櫃,38.25,0.6578947368421052,875905.0,0,1178.0,877083.0,33503366.25,0.0,45058.5,33548424.75
7792,安葆,上櫃,421.0,-0.7075471698113208,-10900.0,0,-767.0,-11667.0,-4588900.0,0.0,-322907.0,-4911807.0
7794,宏碁智新,上櫃,30.3,-0.9803921568627451,1000.0,0,0,1000.0,30300.0,0.0,0.0,30300.0
7805,威聯通,上櫃,490.0,-0.8097165991902834,-9600.0,0,0,-9600.0,-4704000.0,0.0,0.0,-4704000.0
7810,捷創科技,上櫃,235.0,0.0,26104.0,0,-2237.0,23867.0,6134440.0,0.0,-525695.0,5608745.0
7814,海昌生技,上櫃,28.4,0.5309734513274336,2000.0,0,-4001.0,-2001.0,56800.0,0.0,-113628.4,-56828.399999999994
7819,精誠金融,上櫃,33.7,0.0,0,0,0,0,0.0,0.0,0.0,0.0
7820,立盈,上櫃,110.0,-0.4524886877828055,1000.0,0,0,1000.0,110000.0,0.0,0.0,110000.0
7825,和亞智慧,上櫃,85.6,1.4218009478672986,72000.0,0,-512.0,71488.0,6163200.0,0.0,-43827.2,6119372.8
7828,創新服務,上櫃,1875.0,-0.5305039787798408,-12144.0,0,-334.0,-12478.0,-22770000.0,0.0,-626250.0,-23396250.0
7839,達人網,上櫃,43.0,-0.4629629629629629,0,0,-4000.0,-4000.0,0.0,0.0,-172000.0,-172000.0
7856,漢測,上櫃,4300.0,1.1764705882352942,-30314.0,102450.0,2000.0,74136.0,-130350200.0,440535000.0,8600000.0,318784800.0
8024,佑華,上櫃,12.35,-1.5936254980079685,1000.0,0,0,1000.0,12350.0,0.0,0.0,12350.0
8027,鈦昇,上櫃,209.5,-5.63063063063063,-998444.0,0,-47069.0,-1045513.0,-209174018.0,0.0,-9860955.5,-219034973.5
8032,光菱,上櫃,36.2,0.0,0,0,25.0,25.0,0.0,0.0,905.0000000000001,905.0000000000001
8034,榮群,上櫃,19.95,-1.9656019656019659,7000.0,0,0,7000.0,139650.0,0.0,0.0,139650.0
8038,長園科,上櫃,33.85,-2.167630057803468,-29069.0,0,0,-29069.0,-983985.65,0.0,0.0,-983985.65
8040,九暘,上櫃,95.4,-3.1472081218274113,-1856.0,0,-38078.0,-39934.0,-177062.40000000002,0.0,-3632641.2,-3809703.6
8042,金山電,上櫃,118.0,5.829596412556054,-284447.0,0,197446.0,-87001.0,-33564746.0,0.0,23298628.0,-10266118.0
8043,蜜望實,上櫃,138.5,6.130268199233716,90900.0,0,46147.0,137047.0,12589650.0,0.0,6391359.5,18981009.5
8044,網家,上櫃,24.2,-0.411522633744856,-8000.0,0,6250.0,-1750.0,-193600.0,0.0,151250.0,-42350.0
8047,星雲,上櫃,51.0,0.3937007874015749,-16000.0,0,-859.0,-16859.0,-816000.0,0.0,-43809.0,-859809.0
8048,德勝,上櫃,50.8,0.3952569169960475,18286.0,0,186.0,18472.0,928928.7999999999,0.0,9448.8,938377.6
8049,晶采,上櫃,24.8,0.8130081300813007,-42000.0,0,732.0,-41268.0,-1041600.0,0.0,18153.600000000002,-1023446.4
8050,廣積,上櫃,63.4,-0.3144654088050315,14457.0,0,-5864.0,8593.0,916573.7999999999,0.0,-371777.6,544796.2
8054,安國,上櫃,89.8,1.3544018058690745,-450148.0,0,9742.0,-440406.0,-40423290.4,0.0,874831.6,-39548458.8
8059,凱碩,上櫃,17.55,2.3323615160349855,16110.0,0,-875.0,15235.0,282730.5,0.0,-15356.25,267374.25
8064,東捷,上櫃,143.5,-1.3745704467353952,542456.0,0,-103290.0,439166.0,77842436.0,0.0,-14822115.0,63020321.0
8066,來思達,上櫃,14.95,-1.3201320132013203,6000.0,0,0,6000.0,89700.0,0.0,0.0,89700.0
8068,全達,上櫃,17.75,0.0,3000.0,0,-212.0,2788.0,53250.0,0.0,-3763.0,49487.0
8069,元太,上櫃,144.0,0.0,-27381.0,-3000.0,-12697.0,-43078.0,-3942864.0,-432000.0,-1828368.0,-6203232.0
8071,能率網通,上櫃,22.0,-0.22675736961451248,94080.0,0,-857.0,93223.0,2069760.0,0.0,-18854.0,2050906.0
8074,鉅橡,上櫃,51.8,0.3875968992248063,31000.0,0,-10.0,30990.0,1605800.0,0.0,-518.0,1605282.0
8076,伍豐,上櫃,21.6,-0.9174311926605505,-115607.0,0,-438.0,-116045.0,-2497111.2,0.0,-9460.800000000001,-2506572.0
8080,泰霖,上櫃,28.0,0.7194244604316548,0,0,26.0,26.0,0.0,0.0,728.0,728.0
8083,瑞穎,上櫃,156.5,0.3205128205128205,11000.0,0,0,11000.0,1721500.0,0.0,0.0,1721500.0
8084,巨虹,上櫃,24.2,-9.869646182495345,234000.0,0,0,234000.0,5662800.0,0.0,0.0,5662800.0
8085,福華,上櫃,14.6,1.388888888888889,4000.0,0,172.0,4172.0,58400.0,0.0,2511.2,60911.2
8086,宏捷科,上櫃,115.0,0.43668122270742354,749834.0,-500.0,64408.0,813742.0,86230910.0,-57500.0,7406920.0,93580330.0
8087,麗升能源,上櫃,23.6,3.508771929824561,4000.0,0,0,4000.0,94400.0,0.0,0.0,94400.0
8088,品安,上櫃,43.65,-1.6891891891891893,-215000.0,0,652.0,-214348.0,-9384750.0,0.0,28459.8,-9356290.2
8089,康全電訊,上櫃,19.6,0.5128205128205128,13000.0,0,-922.0,12078.0,254800.00000000003,0.0,-18071.2,236728.80000000002
8091,翔名,上櫃,215.5,-0.6912442396313364,-30000.0,0,498.0,-29502.0,-6465000.0,0.0,107319.0,-6357681.0
8092,建暐,上櫃,12.55,-0.3968253968253968,-1000.0,0,0,-1000.0,-12550.0,0.0,0.0,-12550.0
8093,保銳,上櫃,25.25,6.765327695560254,-2000.0,0,-3475.0,-5475.0,-50500.0,0.0,-87743.75,-138243.75
8096,擎亞,上櫃,87.5,-0.9060022650056626,-50901.0,0,-11731.0,-62632.0,-4453837.5,0.0,-1026462.5,-5480300.0
8097,常珵,上櫃,48.55,0.10309278350515465,-2000.0,0,342.0,-1658.0,-97100.0,0.0,16604.1,-80495.9
8099,大世科,上櫃,60.3,1.174496644295302,37000.0,0,-4870.0,32130.0,2231100.0,0.0,-293661.0,1937439.0
8107,大億金茂,上櫃,11.8,-1.6666666666666667,3000.0,0,251.0,3251.0,35400.0,0.0,2961.8,38361.8
8109,博大,上櫃,144.5,7.037037037037037,200810.0,0,56797.0,257607.0,29017045.0,0.0,8207166.5,37224211.5
8111,立碁,上櫃,78.0,-1.639344262295082,161972.0,0,-17020.0,144952.0,12633816.0,0.0,-1327560.0,11306256.0
8121,越峰,上櫃,34.65,10.0,-171102.0,0,46445.0,-124657.0,-5928684.3,0.0,1609319.25,-4319365.05
8147,正淩,上櫃,143.5,-9.46372239747634,-223280.0,0,-10484.0,-233764.0,-32040680.0,0.0,-1504454.0,-33545134.0
8155,博智,上櫃,313.5,-0.7911392405063291,-9302.0,0,6190.0,-3112.0,-2916177.0,0.0,1940565.0,-975612.0
8171,天宇,上櫃,20.7,-0.4807692307692308,16000.0,0,0,16000.0,331200.0,0.0,0.0,331200.0
8176,智捷,上櫃,9.71,-0.5122950819672131,-8000.0,0,45.0,-7955.0,-77680.0,0.0,436.95000000000005,-77243.05
8182,加高,上櫃,44.25,6.884057971014493,804149.0,0,1646.0,805795.0,35583593.25,0.0,72835.5,35656428.75
8227,巨有科技,上櫃,363.5,-1.8893387314439947,618172.0,0,-72069.0,546103.0,224705522.0,0.0,-26197081.5,198508440.5
8234,新漢,上櫃,63.0,0.6389776357827477,5000.0,0,0,5000.0,315000.0,0.0,0.0,315000.0
8240,華宏,上櫃,60.2,5.061082024432809,-96236.0,0,24612.0,-71624.0,-5793407.2,0.0,1481642.4000000001,-4311764.8
8255,朋程,上櫃,149.5,1.7006802721088436,151085.0,0,-983.0,150102.0,22587207.5,0.0,-146958.5,22440249.0
8277,商丞,上櫃,15.5,0.0,-1000.0,0,0,-1000.0,-15500.0,0.0,0.0,-15500.0
8279,生展,上櫃,80.8,3.5897435897435894,0,0,132.0,132.0,0.0,0.0,10665.6,10665.6
8284,三竹,上櫃,67.6,-0.5882352941176471,2000.0,0,-1322.0,678.0,135200.0,0.0,-89367.2,45832.799999999996
8289,泰藝,上櫃,51.0,9.913793103448274,456131.0,0,27755.0,483886.0,23262681.0,0.0,1415505.0,24678186.0
8291,尚茂,上櫃,28.35,-0.7005253940455342,-1000.0,0,0,-1000.0,-28350.0,0.0,0.0,-28350.0
8299,群聯,上櫃,2110.0,-1.8604651162790697,-453480.0,8000.0,-42269.0,-487749.0,-956842800.0,16880000.0,-89187590.0,-1029150390.0
8342,益張,上櫃,83.5,0.0,1000.0,0,0,1000.0,83500.0,0.0,0.0,83500.0
8349,恒耀,上櫃,40.5,0.24752475247524752,28000.0,0,360.0,28360.0,1134000.0,0.0,14580.0,1148580.0
8354,冠好,上櫃,16.75,-0.8875739644970414,1000.0,0,3630.0,4630.0,16750.0,0.0,60802.5,77552.5
8358,金居,上櫃,505.0,2.0202020202020203,1152440.0,-125500.0,-34802.0,992138.0,581982200.0,-63377500.0,-17575010.0,501029690.0
8383,千附,上櫃,67.9,-0.7309941520467835,-141063.0,0,-312.0,-141375.0,-9578177.700000001,0.0,-21184.800000000003,-9599362.5
8390,金益鼎,上櫃,90.3,-0.11061946902654869,-120000.0,0,2801.0,-117199.0,-10836000.0,0.0,252930.3,-10583069.7
8401,白紗科,上櫃,22.7,-0.21978021978021978,-1000.0,0,0,-1000.0,-22700.0,0.0,0.0,-22700.0
8403,盛弘,上櫃,18.9,-0.2638522427440634,-4000.0,0,0,-4000.0,-75600.0,0.0,0.0,-75600.0
8409,商之器,上櫃,18.0,0.0,0,0,14.0,14.0,0.0,0.0,252.0,252.0
8410,森田,上櫃,27.8,0.0,-1000.0,0,643.0,-357.0,-27800.0,0.0,17875.4,-9924.6
8415,大國鋼,上櫃,35.55,0.9943181818181818,84160.0,-125000.0,60000.0,19160.0,2991887.9999999995,-4443750.0,2133000.0,681138.0
8421,旭源,上櫃,13.0,0.38610038610038616,38000.0,0,-15932.0,22068.0,494000.0,0.0,-207116.0,286884.0
8423,保綠-KY,上櫃,18.0,-1.098901098901099,-2000.0,0,0,-2000.0,-36000.0,0.0,0.0,-36000.0
8426,紅木-KY,上櫃,20.65,0.0,3000.0,0,0,3000.0,61949.99999999999,0.0,0.0,61949.99999999999
8431,匯鑽科,上櫃,64.7,-3.1437125748503,-42707.0,0,-1291.0,-43998.0,-2763142.9,0.0,-83527.7,-2846670.6
8432,東生華,上櫃,50.7,0.0,-1000.0,0,88.0,-912.0,-50700.0,0.0,4461.6,-46238.4
8433,弘帆,上櫃,52.8,0.0,-1000.0,0,0,-1000.0,-52800.0,0.0,0.0,-52800.0
8436,大江,上櫃,105.0,-1.4084507042253522,-119000.0,0,1208.0,-117792.0,-12495000.0,0.0,126840.0,-12368160.0
8437,大地-KY,上櫃,10.6,3.921568627450981,-2000.0,0,-108.0,-2108.0,-21200.0,0.0,-1144.8,-22344.8
8440,綠電,上櫃,20.2,-0.7371007371007371,1000.0,0,248.0,1248.0,20200.0,0.0,5009.599999999999,25209.6
8446,華研,上櫃,84.9,0.1179245283018868,-2000.0,0,0,-2000.0,-169800.0,0.0,0.0,-169800.0
8472,納維康,上櫃,69.2,-0.4316546762589928,3000.0,0,0,3000.0,207600.0,0.0,0.0,207600.0
8477,創業家,上櫃,14.2,0.7092198581560284,0,0,195.0,195.0,0.0,0.0,2769.0,2769.0
8489,三貝德,上櫃,22.45,0.0,-8000.0,0,-85.0,-8085.0,-179600.0,0.0,-1908.25,-181508.25
8905,裕國,上櫃,34.5,-0.4329004329004329,-1000.0,0,0,-1000.0,-34500.0,0.0,0.0,-34500.0
8908,欣雄,上櫃,40.2,-0.37174721189591076,1000.0,0,-906.0,94.0,40200.0,0.0,-36421.200000000004,3778.8
8916,光隆,上櫃,41.0,-0.12180267965895251,3000.0,0,-67.0,2933.0,123000.0,0.0,-2747.0,120253.0
8924,大田,上櫃,49.9,0.9100101112234582,7000.0,631.0,164.0,7795.0,349300.0,31486.899999999998,8183.599999999999,388970.5
8927,北基,上櫃,19.1,1.8666666666666665,30000.0,0,-173.0,29827.0,573000.0,0.0,-3304.3,569695.7000000001
8928,鉅明,上櫃,23.0,0.2178649237472767,0,0,35.0,35.0,0.0,0.0,805.0,805.0
8929,富堡,上櫃,13.1,-0.7575757575757577,1000.0,0,0,1000.0,13100.0,0.0,0.0,13100.0
8931,大汽電,上櫃,42.65,-1.3872832369942196,-4000.0,0,1.0,-3999.0,-170600.0,0.0,42.65,-170557.35
8932,智通*,上櫃,91.8,-0.8639308855291578,-42913.0,350.0,-11144.0,-53707.0,-3939413.4,32130.0,-1023019.2,-4930302.6
8933,愛地雅,上櫃,4.6,2.2222222222222223,-5000.0,0,0,-5000.0,-23000.0,0.0,0.0,-23000.0
8935,邦泰,上櫃,19.3,-1.7811704834605595,-36000.0,0,-739.0,-36739.0,-694800.0,0.0,-14262.7,-709062.7000000001
8936,國統,上櫃,52.7,0.19011406844106463,-195980.0,0,153971.0,-42009.0,-10328146.0,0.0,8114271.7,-2213874.3000000003
8937,合騏*,上櫃,25.5,-2.6717557251908395,-22000.0,0,213.0,-21787.0,-561000.0,0.0,5431.5,-555568.5
8938,明安,上櫃,52.2,-0.7604562737642585,0,1215.0,-276.0,939.0,0.0,63423.0,-14407.2,49015.8
8941,關中,上櫃,43.95,0.34246575342465746,2000.0,0,0,2000.0,87900.0,0.0,0.0,87900.0
8942,森鉅,上櫃,40.15,-0.12437810945273634,-1000.0,0,745.0,-255.0,-40150.0,0.0,29911.75,-10238.25
9949,琉園,上櫃,24.3,0.0,0,0,0,0,0.0,0.0,0.0,0.0
9950,萬國通,上櫃,10.25,0.49019607843137264,-1000.0,0,0,-1000.0,-10250.0,0.0,0.0,-10250.0
9951,皇田,上櫃,47.0,0.0,-4000.0,0,-45000.0,-49000.0,-188000.0,0.0,-2115000.0,-2303000.0
9960,邁達康,上櫃,37.5,-9.63855421686747,-9000.0,0,-31.0,-9031.0,-337500.0,0.0,-1162.5,-338662.5
9962,有益,上櫃,10.35,0.0,2000.0,0,6.0,2006.0,20700.0,0.0,62.099999999999994,20762.1
